{
    "data": {
        "cargoes": [
            {
                "info": {
                    "color": "#31bfac",
                    "title": "КРЫШКИ 600Х600",
                    "article": "",
                    "group_id": "1akwxlezgelvwzwzgwtmtaofzmkucbju",
                    "group_title": "Группа 1"
                },
                "mass": 100.0,
                "size": {
                    "width": 800,
                    "height": 1900,
                    "length": 1400
                },
                "sort": 1,
                "type": "box",
                "count": 2,
                "margin": {
                    "width": 0,
                    "height": 0,
                    "length": 0
                },
                "cargo_id": "blyiv6tl1xmb9pq5hnv7gczxphszvy2a",
                "stacking": false,
                "turnover": false,
                "margin_width": 0,
                "margin_length": 0,
                "stacking_limit": 0
            },
            {
                "info": {
                    "color": "#d45f5f",
                    "title": "ФАНКОЙЛ 150",
                    "article": "",
                    "group_id": "1akwxlezgelvwzwzgwtmtaofzmkucbju",
                    "group_title": "Группа 1"
                },
                "mass": 150.0,
                "size": {
                    "width": 800,
                    "height": 1900,
                    "length": 800
                },
                "sort": 1,
                "type": "box",
                "count": 6,
                "margin": {
                    "width": 0,
                    "height": 0,
                    "length": 0
                },
                "cargo_id": "jqqsqig5ojklnl83qvkgwkibgekjvngh",
                "stacking": false,
                "turnover": false,
                "margin_width": 0,
                "margin_length": 0,
                "stacking_limit": 0
            },
            {
                "info": {
                    "color": "#60c11f",
                    "title": "ФАНКОИЛ 166",
                    "article": "",
                    "group_id": "1akwxlezgelvwzwzgwtmtaofzmkucbju",
                    "group_title": "Группа 1"
                },
                "mass": 300.0,
                "size": {
                    "width": 1400,
                    "height": 1700,
                    "length": 1800
                },
                "sort": 1,
                "type": "box",
                "count": 2,
                "margin": {
                    "width": 0,
                    "height": 0,
                    "length": 0
                },
                "cargo_id": "cb3lfrxi4e3vghebkmrc6rixmjtvpnhy",
                "stacking": false,
                "turnover": false,
                "margin_width": 0,
                "margin_length": 0,
                "stacking_limit": 0
            },
            {
                "info": {
                    "color": "#fffe6b",
                    "title": "ФАНКОИЛ 144.154",
                    "article": "",
                    "group_id": "1akwxlezgelvwzwzgwtmtaofzmkucbju",
                    "group_title": "Группа 1"
                },
                "mass": 200.0,
                "size": {
                    "width": 1200,
                    "height": 1900,
                    "length": 1600
                },
                "sort": 1,
                "type": "box",
                "count": 2,
                "margin": {
                    "width": 0,
                    "height": 0,
                    "length": 0
                },
                "cargo_id": "e8e7phhc3dcqez6laavuvhgblop1aggo",
                "stacking": false,
                "turnover": false,
                "margin_width": 0,
                "margin_length": 0,
                "stacking_limit": 0
            },
            {
                "info": {
                    "color": "#546cd8",
                    "title": "ФАНКОЙЛ 113.114..124.133.134",
                    "article": "",
                    "group_id": "1akwxlezgelvwzwzgwtmtaofzmkucbju",
                    "group_title": "Группа 1"
                },
                "mass": 200.0,
                "size": {
                    "width": 800,
                    "height": 1900,
                    "length": 1400
                },
                "sort": 1,
                "type": "box",
                "count": 13,
                "margin": {
                    "width": 0,
                    "height": 0,
                    "length": 0
                },
                "cargo_id": "cpu2hitqsrfpchjpyjsbsvk7yatzsx9w",
                "stacking": false,
                "turnover": false,
                "margin_width": 0,
                "margin_length": 0,
                "stacking_limit": 0
            }
        ],
        "settings": {
            "rank": false,
            "max_step": 100,
            "min_step": 50,
            "usersort": false,
            "hardlimit": 1801,
            "timelimit": 1800,
            "step_scaling": 10
        },
        "put_boxes": [],
        "initial_id": 0,
        "cargo_space": {
            "id": 491,
            "info": {
                "uid": "491_0",
                "sort": 0,
                "title": "Евро Фура"
            },
            "mass": 6500,
            "size": {
                "width": 2480,
                "height": 2860,
                "length": 13692
            },
            "type": "truck",
            "axles": [
                {
                    "title": "Ось 1",
                    "distance": 1155,
                    "max_load": 9000,
                    "default_load": 1665
                },
                {
                    "title": "Ось 2",
                    "distance": 1282,
                    "max_load": 9000,
                    "default_load": 1665
                },
                {
                    "title": "Ось 3",
                    "distance": 1300,
                    "max_load": 9000,
                    "default_load": 1670
                }
            ],
            "hitch": {
                "title": "",
                "distance": 7000,
                "max_load": 12000,
                "default_load": 1500
            },
            "title": "Евро Фура",
            "tractor": {
                "mass": 9000,
                "axles": [
                    {
                        "title": "Ось 1",
                        "distance": 1410,
                        "max_load": 8000,
                        "default_load": 6000
                    },
                    {
                        "title": "Ось 2",
                        "distance": 2827,
                        "max_load": 11000,
                        "default_load": 2300
                    },
                    {
                        "title": "Ось 3",
                        "distance": 1395,
                        "max_load": 10000,
                        "default_load": 2200
                    }
                ],
                "title": "IVECO STRALIS AT440S42",
                "length": 6140,
                "hitch_distance": 778
            },
            "indentation": {
                "width": 40,
                "height": 0,
                "length": 46,
                "height_top": 210,
                "length_end": 46,
                "width_right": 40
            },
            "loading_size": {
                "width": 2400,
                "height": 2650,
                "length": 13600
            },
            "carrying_capacity": 32500
        },
        "calculation_id": "16653"
    },
    "data_result": {
        "boxes": [
            {
                "id": 8,
                "info": {
                    "color": "#60c11f",
                    "title": "ФАНКОИЛ 166",
                    "article": "",
                    "group_id": "1akwxlezgelvwzwzgwtmtaofzmkucbju",
                    "group_title": "Группа 1"
                },
                "mass": 300.0,
                "size": {
                    "width": 1400.0,
                    "height": 1700.0,
                    "length": 1800.0
                },
                "sort": 1,
                "step": 1,
                "type": "box",
                "margin": {
                    "width": 0.0,
                    "height": 0.0,
                    "length": 0.0
                },
                "cargo_id": "cb3lfrxi4e3vghebkmrc6rixmjtvpnhy",
                "position": {
                    "x": 0.0,
                    "y": 0.0,
                    "z": 0.0
                },
                "stacking": false,
                "turnover": false,
                "rotation_state": 1,
                "stacking_limit": 0.0,
                "calculated_size": {
                    "width": 1800.0,
                    "height": 1700.0,
                    "length": 1400.0
                },
                "virtual_positions": null
            },
            {
                "id": 9,
                "info": {
                    "color": "#60c11f",
                    "title": "ФАНКОИЛ 166",
                    "article": "",
                    "group_id": "1akwxlezgelvwzwzgwtmtaofzmkucbju",
                    "group_title": "Группа 1"
                },
                "mass": 300.0,
                "size": {
                    "width": 1400.0,
                    "height": 1700.0,
                    "length": 1800.0
                },
                "sort": 1,
                "step": 2,
                "type": "box",
                "margin": {
                    "width": 0.0,
                    "height": 0.0,
                    "length": 0.0
                },
                "cargo_id": "cb3lfrxi4e3vghebkmrc6rixmjtvpnhy",
                "position": {
                    "x": 1400.0,
                    "y": 0.0,
                    "z": 0.0
                },
                "stacking": false,
                "turnover": false,
                "rotation_state": 1,
                "stacking_limit": 0.0,
                "calculated_size": {
                    "width": 1800.0,
                    "height": 1700.0,
                    "length": 1400.0
                },
                "virtual_positions": null
            },
            {
                "id": 0,
                "info": {
                    "color": "#31bfac",
                    "title": "КРЫШКИ 600Х600",
                    "article": "",
                    "group_id": "1akwxlezgelvwzwzgwtmtaofzmkucbju",
                    "group_title": "Группа 1"
                },
                "mass": 100.0,
                "size": {
                    "width": 800.0,
                    "height": 1900.0,
                    "length": 1400.0
                },
                "sort": 1,
                "step": 3,
                "type": "box",
                "margin": {
                    "width": 0.0,
                    "height": 0.0,
                    "length": 0.0
                },
                "cargo_id": "blyiv6tl1xmb9pq5hnv7gczxphszvy2a",
                "position": {
                    "x": 2800.0,
                    "y": 0.0,
                    "z": 1600.0
                },
                "stacking": false,
                "turnover": false,
                "rotation_state": 0,
                "stacking_limit": 0.0,
                "calculated_size": {
                    "width": 800.0,
                    "height": 1900.0,
                    "length": 1400.0
                },
                "virtual_positions": null
            },
            {
                "id": 10,
                "info": {
                    "color": "#fffe6b",
                    "title": "ФАНКОИЛ 144.154",
                    "article": "",
                    "group_id": "1akwxlezgelvwzwzgwtmtaofzmkucbju",
                    "group_title": "Группа 1"
                },
                "mass": 200.0,
                "size": {
                    "width": 1200.0,
                    "height": 1900.0,
                    "length": 1600.0
                },
                "sort": 1,
                "step": 4,
                "type": "box",
                "margin": {
                    "width": 0.0,
                    "height": 0.0,
                    "length": 0.0
                },
                "cargo_id": "e8e7phhc3dcqez6laavuvhgblop1aggo",
                "position": {
                    "x": 2800.0,
                    "y": 0.0,
                    "z": 0.0
                },
                "stacking": false,
                "turnover": false,
                "rotation_state": 1,
                "stacking_limit": 0.0,
                "calculated_size": {
                    "width": 1600.0,
                    "height": 1900.0,
                    "length": 1200.0
                },
                "virtual_positions": null
            },
            {
                "id": 1,
                "info": {
                    "color": "#31bfac",
                    "title": "КРЫШКИ 600Х600",
                    "article": "",
                    "group_id": "1akwxlezgelvwzwzgwtmtaofzmkucbju",
                    "group_title": "Группа 1"
                },
                "mass": 100.0,
                "size": {
                    "width": 800.0,
                    "height": 1900.0,
                    "length": 1400.0
                },
                "sort": 1,
                "step": 5,
                "type": "box",
                "margin": {
                    "width": 0.0,
                    "height": 0.0,
                    "length": 0.0
                },
                "cargo_id": "blyiv6tl1xmb9pq5hnv7gczxphszvy2a",
                "position": {
                    "x": 4200.0,
                    "y": 0.0,
                    "z": 1600.0
                },
                "stacking": false,
                "turnover": false,
                "rotation_state": 0,
                "stacking_limit": 0.0,
                "calculated_size": {
                    "width": 800.0,
                    "height": 1900.0,
                    "length": 1400.0
                },
                "virtual_positions": null
            },
            {
                "id": 11,
                "info": {
                    "color": "#fffe6b",
                    "title": "ФАНКОИЛ 144.154",
                    "article": "",
                    "group_id": "1akwxlezgelvwzwzgwtmtaofzmkucbju",
                    "group_title": "Группа 1"
                },
                "mass": 200.0,
                "size": {
                    "width": 1200.0,
                    "height": 1900.0,
                    "length": 1600.0
                },
                "sort": 1,
                "step": 6,
                "type": "box",
                "margin": {
                    "width": 0.0,
                    "height": 0.0,
                    "length": 0.0
                },
                "cargo_id": "e8e7phhc3dcqez6laavuvhgblop1aggo",
                "position": {
                    "x": 4000.0,
                    "y": 0.0,
                    "z": 0.0
                },
                "stacking": false,
                "turnover": false,
                "rotation_state": 1,
                "stacking_limit": 0.0,
                "calculated_size": {
                    "width": 1600.0,
                    "height": 1900.0,
                    "length": 1200.0
                },
                "virtual_positions": null
            },
            {
                "id": 13,
                "info": {
                    "color": "#546cd8",
                    "title": "ФАНКОЙЛ 113.114..124.133.134",
                    "article": "",
                    "group_id": "1akwxlezgelvwzwzgwtmtaofzmkucbju",
                    "group_title": "Группа 1"
                },
                "mass": 200.0,
                "size": {
                    "width": 800.0,
                    "height": 1900.0,
                    "length": 1400.0
                },
                "sort": 1,
                "step": 7,
                "type": "box",
                "margin": {
                    "width": 0.0,
                    "height": 0.0,
                    "length": 0.0
                },
                "cargo_id": "cpu2hitqsrfpchjpyjsbsvk7yatzsx9w",
                "position": {
                    "x": 5600.0,
                    "y": 0.0,
                    "z": 1600.0
                },
                "stacking": false,
                "turnover": false,
                "rotation_state": 0,
                "stacking_limit": 0.0,
                "calculated_size": {
                    "width": 800.0,
                    "height": 1900.0,
                    "length": 1400.0
                },
                "virtual_positions": null
            },
            {
                "id": 12,
                "info": {
                    "color": "#546cd8",
                    "title": "ФАНКОЙЛ 113.114..124.133.134",
                    "article": "",
                    "group_id": "1akwxlezgelvwzwzgwtmtaofzmkucbju",
                    "group_title": "Группа 1"
                },
                "mass": 200.0,
                "size": {
                    "width": 800.0,
                    "height": 1900.0,
                    "length": 1400.0
                },
                "sort": 1,
                "step": 8,
                "type": "box",
                "margin": {
                    "width": 0.0,
                    "height": 0.0,
                    "length": 0.0
                },
                "cargo_id": "cpu2hitqsrfpchjpyjsbsvk7yatzsx9w",
                "position": {
                    "x": 5200.0,
                    "y": 0.0,
                    "z": 0.0
                },
                "stacking": false,
                "turnover": false,
                "rotation_state": 1,
                "stacking_limit": 0.0,
                "calculated_size": {
                    "width": 1400.0,
                    "height": 1900.0,
                    "length": 800.0
                },
                "virtual_positions": null
            },
            {
                "id": 14,
                "info": {
                    "color": "#546cd8",
                    "title": "ФАНКОЙЛ 113.114..124.133.134",
                    "article": "",
                    "group_id": "1akwxlezgelvwzwzgwtmtaofzmkucbju",
                    "group_title": "Группа 1"
                },
                "mass": 200.0,
                "size": {
                    "width": 800.0,
                    "height": 1900.0,
                    "length": 1400.0
                },
                "sort": 1,
                "step": 9,
                "type": "box",
                "margin": {
                    "width": 0.0,
                    "height": 0.0,
                    "length": 0.0
                },
                "cargo_id": "cpu2hitqsrfpchjpyjsbsvk7yatzsx9w",
                "position": {
                    "x": 6000.0,
                    "y": 0.0,
                    "z": 0.0
                },
                "stacking": false,
                "turnover": false,
                "rotation_state": 1,
                "stacking_limit": 0.0,
                "calculated_size": {
                    "width": 1400.0,
                    "height": 1900.0,
                    "length": 800.0
                },
                "virtual_positions": null
            },
            {
                "id": 16,
                "info": {
                    "color": "#546cd8",
                    "title": "ФАНКОЙЛ 113.114..124.133.134",
                    "article": "",
                    "group_id": "1akwxlezgelvwzwzgwtmtaofzmkucbju",
                    "group_title": "Группа 1"
                },
                "mass": 200.0,
                "size": {
                    "width": 800.0,
                    "height": 1900.0,
                    "length": 1400.0
                },
                "sort": 1,
                "step": 10,
                "type": "box",
                "margin": {
                    "width": 0.0,
                    "height": 0.0,
                    "length": 0.0
                },
                "cargo_id": "cpu2hitqsrfpchjpyjsbsvk7yatzsx9w",
                "position": {
                    "x": 7000.0,
                    "y": 0.0,
                    "z": 1600.0
                },
                "stacking": false,
                "turnover": false,
                "rotation_state": 0,
                "stacking_limit": 0.0,
                "calculated_size": {
                    "width": 800.0,
                    "height": 1900.0,
                    "length": 1400.0
                },
                "virtual_positions": null
            },
            {
                "id": 15,
                "info": {
                    "color": "#546cd8",
                    "title": "ФАНКОЙЛ 113.114..124.133.134",
                    "article": "",
                    "group_id": "1akwxlezgelvwzwzgwtmtaofzmkucbju",
                    "group_title": "Группа 1"
                },
                "mass": 200.0,
                "size": {
                    "width": 800.0,
                    "height": 1900.0,
                    "length": 1400.0
                },
                "sort": 1,
                "step": 11,
                "type": "box",
                "margin": {
                    "width": 0.0,
                    "height": 0.0,
                    "length": 0.0
                },
                "cargo_id": "cpu2hitqsrfpchjpyjsbsvk7yatzsx9w",
                "position": {
                    "x": 6800.0,
                    "y": 0.0,
                    "z": 0.0
                },
                "stacking": false,
                "turnover": false,
                "rotation_state": 1,
                "stacking_limit": 0.0,
                "calculated_size": {
                    "width": 1400.0,
                    "height": 1900.0,
                    "length": 800.0
                },
                "virtual_positions": null
            },
            {
                "id": 17,
                "info": {
                    "color": "#546cd8",
                    "title": "ФАНКОЙЛ 113.114..124.133.134",
                    "article": "",
                    "group_id": "1akwxlezgelvwzwzgwtmtaofzmkucbju",
                    "group_title": "Группа 1"
                },
                "mass": 200.0,
                "size": {
                    "width": 800.0,
                    "height": 1900.0,
                    "length": 1400.0
                },
                "sort": 1,
                "step": 12,
                "type": "box",
                "margin": {
                    "width": 0.0,
                    "height": 0.0,
                    "length": 0.0
                },
                "cargo_id": "cpu2hitqsrfpchjpyjsbsvk7yatzsx9w",
                "position": {
                    "x": 7600.0,
                    "y": 0.0,
                    "z": 0.0
                },
                "stacking": false,
                "turnover": false,
                "rotation_state": 1,
                "stacking_limit": 0.0,
                "calculated_size": {
                    "width": 1400.0,
                    "height": 1900.0,
                    "length": 800.0
                },
                "virtual_positions": null
            },
            {
                "id": 18,
                "info": {
                    "color": "#546cd8",
                    "title": "ФАНКОЙЛ 113.114..124.133.134",
                    "article": "",
                    "group_id": "1akwxlezgelvwzwzgwtmtaofzmkucbju",
                    "group_title": "Группа 1"
                },
                "mass": 200.0,
                "size": {
                    "width": 800.0,
                    "height": 1900.0,
                    "length": 1400.0
                },
                "sort": 1,
                "step": 13,
                "type": "box",
                "margin": {
                    "width": 0.0,
                    "height": 0.0,
                    "length": 0.0
                },
                "cargo_id": "cpu2hitqsrfpchjpyjsbsvk7yatzsx9w",
                "position": {
                    "x": 8400.0,
                    "y": 0.0,
                    "z": 1000.0
                },
                "stacking": false,
                "turnover": false,
                "rotation_state": 1,
                "stacking_limit": 0.0,
                "calculated_size": {
                    "width": 1400.0,
                    "height": 1900.0,
                    "length": 800.0
                },
                "virtual_positions": null
            },
            {
                "id": 19,
                "info": {
                    "color": "#546cd8",
                    "title": "ФАНКОЙЛ 113.114..124.133.134",
                    "article": "",
                    "group_id": "1akwxlezgelvwzwzgwtmtaofzmkucbju",
                    "group_title": "Группа 1"
                },
                "mass": 200.0,
                "size": {
                    "width": 800.0,
                    "height": 1900.0,
                    "length": 1400.0
                },
                "sort": 1,
                "step": 14,
                "type": "box",
                "margin": {
                    "width": 0.0,
                    "height": 0.0,
                    "length": 0.0
                },
                "cargo_id": "cpu2hitqsrfpchjpyjsbsvk7yatzsx9w",
                "position": {
                    "x": 9200.0,
                    "y": 0.0,
                    "z": 1000.0
                },
                "stacking": false,
                "turnover": false,
                "rotation_state": 1,
                "stacking_limit": 0.0,
                "calculated_size": {
                    "width": 1400.0,
                    "height": 1900.0,
                    "length": 800.0
                },
                "virtual_positions": null
            },
            {
                "id": 20,
                "info": {
                    "color": "#546cd8",
                    "title": "ФАНКОЙЛ 113.114..124.133.134",
                    "article": "",
                    "group_id": "1akwxlezgelvwzwzgwtmtaofzmkucbju",
                    "group_title": "Группа 1"
                },
                "mass": 200.0,
                "size": {
                    "width": 800.0,
                    "height": 1900.0,
                    "length": 1400.0
                },
                "sort": 1,
                "step": 15,
                "type": "box",
                "margin": {
                    "width": 0.0,
                    "height": 0.0,
                    "length": 0.0
                },
                "cargo_id": "cpu2hitqsrfpchjpyjsbsvk7yatzsx9w",
                "position": {
                    "x": 8400.0,
                    "y": 0.0,
                    "z": 200.0
                },
                "stacking": false,
                "turnover": false,
                "rotation_state": 0,
                "stacking_limit": 0.0,
                "calculated_size": {
                    "width": 800.0,
                    "height": 1900.0,
                    "length": 1400.0
                },
                "virtual_positions": null
            },
            {
                "id": 21,
                "info": {
                    "color": "#546cd8",
                    "title": "ФАНКОЙЛ 113.114..124.133.134",
                    "article": "",
                    "group_id": "1akwxlezgelvwzwzgwtmtaofzmkucbju",
                    "group_title": "Группа 1"
                },
                "mass": 200.0,
                "size": {
                    "width": 800.0,
                    "height": 1900.0,
                    "length": 1400.0
                },
                "sort": 1,
                "step": 16,
                "type": "box",
                "margin": {
                    "width": 0.0,
                    "height": 0.0,
                    "length": 0.0
                },
                "cargo_id": "cpu2hitqsrfpchjpyjsbsvk7yatzsx9w",
                "position": {
                    "x": 10000.0,
                    "y": 0.0,
                    "z": 1000.0
                },
                "stacking": false,
                "turnover": false,
                "rotation_state": 1,
                "stacking_limit": 0.0,
                "calculated_size": {
                    "width": 1400.0,
                    "height": 1900.0,
                    "length": 800.0
                },
                "virtual_positions": null
            },
            {
                "id": 22,
                "info": {
                    "color": "#546cd8",
                    "title": "ФАНКОЙЛ 113.114..124.133.134",
                    "article": "",
                    "group_id": "1akwxlezgelvwzwzgwtmtaofzmkucbju",
                    "group_title": "Группа 1"
                },
                "mass": 200.0,
                "size": {
                    "width": 800.0,
                    "height": 1900.0,
                    "length": 1400.0
                },
                "sort": 1,
                "step": 17,
                "type": "box",
                "margin": {
                    "width": 0.0,
                    "height": 0.0,
                    "length": 0.0
                },
                "cargo_id": "cpu2hitqsrfpchjpyjsbsvk7yatzsx9w",
                "position": {
                    "x": 10800.0,
                    "y": 0.0,
                    "z": 1000.0
                },
                "stacking": false,
                "turnover": false,
                "rotation_state": 1,
                "stacking_limit": 0.0,
                "calculated_size": {
                    "width": 1400.0,
                    "height": 1900.0,
                    "length": 800.0
                },
                "virtual_positions": null
            },
            {
                "id": 23,
                "info": {
                    "color": "#546cd8",
                    "title": "ФАНКОЙЛ 113.114..124.133.134",
                    "article": "",
                    "group_id": "1akwxlezgelvwzwzgwtmtaofzmkucbju",
                    "group_title": "Группа 1"
                },
                "mass": 200.0,
                "size": {
                    "width": 800.0,
                    "height": 1900.0,
                    "length": 1400.0
                },
                "sort": 1,
                "step": 18,
                "type": "box",
                "margin": {
                    "width": 0.0,
                    "height": 0.0,
                    "length": 0.0
                },
                "cargo_id": "cpu2hitqsrfpchjpyjsbsvk7yatzsx9w",
                "position": {
                    "x": 9800.0,
                    "y": 0.0,
                    "z": 200.0
                },
                "stacking": false,
                "turnover": false,
                "rotation_state": 0,
                "stacking_limit": 0.0,
                "calculated_size": {
                    "width": 800.0,
                    "height": 1900.0,
                    "length": 1400.0
                },
                "virtual_positions": null
            },
            {
                "id": 24,
                "info": {
                    "color": "#546cd8",
                    "title": "ФАНКОЙЛ 113.114..124.133.134",
                    "article": "",
                    "group_id": "1akwxlezgelvwzwzgwtmtaofzmkucbju",
                    "group_title": "Группа 1"
                },
                "mass": 200.0,
                "size": {
                    "width": 800.0,
                    "height": 1900.0,
                    "length": 1400.0
                },
                "sort": 1,
                "step": 19,
                "type": "box",
                "margin": {
                    "width": 0.0,
                    "height": 0.0,
                    "length": 0.0
                },
                "cargo_id": "cpu2hitqsrfpchjpyjsbsvk7yatzsx9w",
                "position": {
                    "x": 11600.0,
                    "y": 0.0,
                    "z": 1000.0
                },
                "stacking": false,
                "turnover": false,
                "rotation_state": 1,
                "stacking_limit": 0.0,
                "calculated_size": {
                    "width": 1400.0,
                    "height": 1900.0,
                    "length": 800.0
                },
                "virtual_positions": null
            },
            {
                "id": 2,
                "info": {
                    "color": "#d45f5f",
                    "title": "ФАНКОЙЛ 150",
                    "article": "",
                    "group_id": "1akwxlezgelvwzwzgwtmtaofzmkucbju",
                    "group_title": "Группа 1"
                },
                "mass": 150.0,
                "size": {
                    "width": 800.0,
                    "height": 1900.0,
                    "length": 800.0
                },
                "sort": 1,
                "step": 20,
                "type": "box",
                "margin": {
                    "width": 0.0,
                    "height": 0.0,
                    "length": 0.0
                },
                "cargo_id": "jqqsqig5ojklnl83qvkgwkibgekjvngh",
                "position": {
                    "x": 11200.0,
                    "y": 0.0,
                    "z": 200.0
                },
                "stacking": false,
                "turnover": false,
                "rotation_state": 0,
                "stacking_limit": 0.0,
                "calculated_size": {
                    "width": 800.0,
                    "height": 1900.0,
                    "length": 800.0
                },
                "virtual_positions": null
            },
            {
                "id": 3,
                "info": {
                    "color": "#d45f5f",
                    "title": "ФАНКОЙЛ 150",
                    "article": "",
                    "group_id": "1akwxlezgelvwzwzgwtmtaofzmkucbju",
                    "group_title": "Группа 1"
                },
                "mass": 150.0,
                "size": {
                    "width": 800.0,
                    "height": 1900.0,
                    "length": 800.0
                },
                "sort": 1,
                "step": 21,
                "type": "box",
                "margin": {
                    "width": 0.0,
                    "height": 0.0,
                    "length": 0.0
                },
                "cargo_id": "jqqsqig5ojklnl83qvkgwkibgekjvngh",
                "position": {
                    "x": 12400.0,
                    "y": 0.0,
                    "z": 1600.0
                },
                "stacking": false,
                "turnover": false,
                "rotation_state": 0,
                "stacking_limit": 0.0,
                "calculated_size": {
                    "width": 800.0,
                    "height": 1900.0,
                    "length": 800.0
                },
                "virtual_positions": null
            },
            {
                "id": 4,
                "info": {
                    "color": "#d45f5f",
                    "title": "ФАНКОЙЛ 150",
                    "article": "",
                    "group_id": "1akwxlezgelvwzwzgwtmtaofzmkucbju",
                    "group_title": "Группа 1"
                },
                "mass": 150.0,
                "size": {
                    "width": 800.0,
                    "height": 1900.0,
                    "length": 800.0
                },
                "sort": 1,
                "step": 22,
                "type": "box",
                "margin": {
                    "width": 0.0,
                    "height": 0.0,
                    "length": 0.0
                },
                "cargo_id": "jqqsqig5ojklnl83qvkgwkibgekjvngh",
                "position": {
                    "x": 12400.0,
                    "y": 0.0,
                    "z": 800.0
                },
                "stacking": false,
                "turnover": false,
                "rotation_state": 0,
                "stacking_limit": 0.0,
                "calculated_size": {
                    "width": 800.0,
                    "height": 1900.0,
                    "length": 800.0
                },
                "virtual_positions": null
            },
            {
                "id": 5,
                "info": {
                    "color": "#d45f5f",
                    "title": "ФАНКОЙЛ 150",
                    "article": "",
                    "group_id": "1akwxlezgelvwzwzgwtmtaofzmkucbju",
                    "group_title": "Группа 1"
                },
                "mass": 150.0,
                "size": {
                    "width": 800.0,
                    "height": 1900.0,
                    "length": 800.0
                },
                "sort": 1,
                "step": 23,
                "type": "box",
                "margin": {
                    "width": 0.0,
                    "height": 0.0,
                    "length": 0.0
                },
                "cargo_id": "jqqsqig5ojklnl83qvkgwkibgekjvngh",
                "position": {
                    "x": 12000.0,
                    "y": 0.0,
                    "z": 0.0
                },
                "stacking": false,
                "turnover": false,
                "rotation_state": 0,
                "stacking_limit": 0.0,
                "calculated_size": {
                    "width": 800.0,
                    "height": 1900.0,
                    "length": 800.0
                },
                "virtual_positions": null
            },
            {
                "id": 6,
                "info": {
                    "color": "#d45f5f",
                    "title": "ФАНКОЙЛ 150",
                    "article": "",
                    "group_id": "1akwxlezgelvwzwzgwtmtaofzmkucbju",
                    "group_title": "Группа 1"
                },
                "mass": 150.0,
                "size": {
                    "width": 800.0,
                    "height": 1900.0,
                    "length": 800.0
                },
                "sort": 1,
                "step": 24,
                "type": "box",
                "margin": {
                    "width": 0.0,
                    "height": 0.0,
                    "length": 0.0
                },
                "cargo_id": "jqqsqig5ojklnl83qvkgwkibgekjvngh",
                "position": {
                    "x": 12800.0,
                    "y": 0.0,
                    "z": 0.0
                },
                "stacking": false,
                "turnover": false,
                "rotation_state": 0,
                "stacking_limit": 0.0,
                "calculated_size": {
                    "width": 800.0,
                    "height": 1900.0,
                    "length": 800.0
                },
                "virtual_positions": null
            }
        ],
        "version": 5,
        "cargo_space": {
            "id": 491,
            "info": {
                "uid": "491_0",
                "sort": 0,
                "title": "Евро Фура"
            },
            "mass": 6500.0,
            "size": {
                "width": 2480.0,
                "height": 2860.0,
                "length": 13692.0
            },
            "type": "truck",
            "axles": [
                {
                    "title": "Ось 1",
                    "distance": 1155.0,
                    "max_load": 9000.0,
                    "default_load": 1665.0,
                    "calculated_load": 3082.24903
                },
                {
                    "title": "Ось 2",
                    "distance": 1282.0,
                    "max_load": 9000.0,
                    "default_load": 1665.0,
                    "calculated_load": 3082.24903
                },
                {
                    "title": "Ось 3",
                    "distance": 1300.0,
                    "max_load": 9000.0,
                    "default_load": 1670.0,
                    "calculated_load": 3087.24903
                }
            ],
            "hitch": {
                "title": "",
                "distance": 7000.0,
                "max_load": 12000.0,
                "default_load": 1500.0,
                "calculated_load": 1798.2529
            },
            "tractor": {
                "mass": 9000.0,
                "axles": [
                    {
                        "title": "Ось 1",
                        "distance": 1410.0,
                        "max_load": 8000.0,
                        "default_load": 6000.0,
                        "calculated_load": 6065.8365
                    },
                    {
                        "title": "Ось 2",
                        "distance": 2827.0,
                        "max_load": 11000.0,
                        "default_load": 2300.0,
                        "calculated_load": 2416.2082
                    },
                    {
                        "title": "Ось 3",
                        "distance": 1395.0,
                        "max_load": 10000.0,
                        "default_load": 2200.0,
                        "calculated_load": 2316.2082
                    }
                ],
                "length": 6140.0,
                "hitch_distance": 778.0
            },
            "full_length": 13692.0,
            "indentation": {
                "width": 40.0,
                "height": 0.0,
                "length": 46.0,
                "height_top": 210.0,
                "length_end": 46.0,
                "width_right": 40.0
            },
            "loading_size": {
                "width": 2400.0,
                "height": 2650.0,
                "length": 13600.0
            },
            "calculation_info": {
                "step_count": 24,
                "cargos_mass": 4.55,
                "load_volume": 86.496,
                "cargos_volume": 53.864,
                "count_cargoes": 24,
                "load_capacity": 32.5,
                "loading_height": 1.9,
                "density_percent": 86.85501,
                "remaining_volume": 32.632,
                "void_space_percent": 37.7266,
                "filling_space_percent": 62.2734
            },
            "carrying_capacity": 32500.0,
            "real_center_of_gravity": [
                7749.450549450549,
                936.8131868131868,
                1153.846153846154
            ],
            "ideal_center_of_gravity": [
                6800.0,
                0.0,
                1200.0
            ]
        },
        "cargo_groups": [
            {
                "info": {
                    "color": "#d45f5f",
                    "title": "ФАНКОЙЛ 150",
                    "article": "",
                    "group_id": "1akwxlezgelvwzwzgwtmtaofzmkucbju",
                    "group_title": "Группа 1"
                },
                "mass": 150.0,
                "size": {
                    "width": 800.0,
                    "height": 1900.0,
                    "length": 800.0
                },
                "sort": 1,
                "type": "box",
                "count": 1.0,
                "margin": {
                    "width": 0.0,
                    "height": 0.0,
                    "length": 0.0
                },
                "cargo_id": "jqqsqig5ojklnl83qvkgwkibgekjvngh",
                "stacking": false,
                "turnover": false,
                "stacking_limit": 0.0,
                "prepare_last_result": "success"
            }
        ],
        "packing_type": "PackingTruck PackingTwoBoxesInLayer",
        "calculation_id": 16653,
        "invalid_errors": [],
        "unpacked_errors": [
            {
                "key": 0,
                "name": "success",
                "boxes": [
                    {
                        "id": "jqqsqig5ojklnl83qvkgwkibgekjvngh",
                        "info": {
                            "color": "#d45f5f",
                            "title": "ФАНКОЙЛ 150",
                            "article": "",
                            "group_id": "1akwxlezgelvwzwzgwtmtaofzmkucbju",
                            "group_title": "Группа 1"
                        }
                    }
                ]
            }
        ],
        "validate_errors": [],
        "is_packed_same_boxes": false
    }
}