{
    "data": {
        "cargoes": [
            {
                "info": {
                    "color": "#59e241",
                    "title": "палета",
                    "article": "1",
                    "group_id": "1ocjntreia0s0o6tuqwpwxwl3cqxswqe",
                    "group_title": "Группа 1"
                },
                "mass": 200.0,
                "size": {
                    "width": 800,
                    "height": 1800,
                    "length": 1200
                },
                "sort": 1,
                "type": "box",
                "count": 200,
                "margin": {
                    "width": 0,
                    "height": 0,
                    "length": 0
                },
                "cargo_id": "uml02wnfrfjey3v7waeyxqgggep6pwbk",
                "stacking": true,
                "turnover": true,
                "margin_width": 0,
                "margin_length": 0,
                "stacking_limit": 0
            }
        ],
        "settings": {
            "rank": false,
            "max_step": 100,
            "min_step": 50,
            "usersort": false,
            "hardlimit": 1801,
            "timelimit": 1800,
            "step_scaling": 10
        },
        "put_boxes": [],
        "initial_id": 0,
        "cargo_space": {
            "id": 418,
            "info": {
                "uid": "418_0",
                "sort": 0,
                "title": "MAN 2 оси | полуприцеп 3 оси"
            },
            "mass": 9694,
            "size": {
                "width": 2500,
                "height": 2679,
                "length": 13550
            },
            "type": "truck",
            "axles": [
                {
                    "title": "Ось 1",
                    "distance": 2990,
                    "max_load": 11000,
                    "default_load": 2113
                },
                {
                    "title": "Ось 2",
                    "distance": 1360,
                    "max_load": 11000,
                    "default_load": 2090
                },
                {
                    "title": "Ось 3",
                    "distance": 1360,
                    "max_load": 11000,
                    "default_load": 2113
                }
            ],
            "hitch": {
                "title": "",
                "distance": 6240,
                "max_load": 10058,
                "default_load": 3378
            },
            "title": "MAN 2 оси | полуприцеп 3 оси",
            "tractor": {
                "mass": 7523,
                "axles": [
                    {
                        "title": "Ось 1",
                        "distance": 1475,
                        "max_load": 10000,
                        "default_load": 6013
                    },
                    {
                        "title": "Ось 2",
                        "distance": 3900,
                        "max_load": 11000,
                        "default_load": 4888
                    }
                ],
                "title": "Тягач MAN (Магнит)",
                "length": 7110,
                "hitch_distance": 885
            },
            "indentation": {
                "width": 5,
                "height": 0,
                "length": 30,
                "height_top": 89,
                "length_end": 30,
                "width_right": 5
            },
            "loading_size": {
                "width": 2490,
                "height": 2590,
                "length": 13490
            },
            "carrying_capacity": 24000
        },
        "calculation_id": "16394"
    },
    "data_result": {
        "boxes": [
            {
                "id": 2,
                "info": {
                    "color": "#59e241",
                    "title": "палета",
                    "article": "1",
                    "group_id": "1ocjntreia0s0o6tuqwpwxwl3cqxswqe",
                    "group_title": "Группа 1"
                },
                "mass": 200.0,
                "size": {
                    "width": 800.0,
                    "height": 1800.0,
                    "length": 1200.0
                },
                "sort": 1,
                "step": 1,
                "type": "box",
                "margin": {
                    "width": 0.0,
                    "height": 0.0,
                    "length": 0.0
                },
                "cargo_id": "uml02wnfrfjey3v7waeyxqgggep6pwbk",
                "position": {
                    "x": 0.0,
                    "y": 0.0,
                    "z": 1600.0
                },
                "stacking": true,
                "turnover": true,
                "rotation_state": 0,
                "stacking_limit": 0.0,
                "calculated_size": {
                    "width": 800.0,
                    "height": 1800.0,
                    "length": 1200.0
                },
                "virtual_positions": null
            },
            {
                "id": 1,
                "info": {
                    "color": "#59e241",
                    "title": "палета",
                    "article": "1",
                    "group_id": "1ocjntreia0s0o6tuqwpwxwl3cqxswqe",
                    "group_title": "Группа 1"
                },
                "mass": 200.0,
                "size": {
                    "width": 800.0,
                    "height": 1800.0,
                    "length": 1200.0
                },
                "sort": 1,
                "step": 2,
                "type": "box",
                "margin": {
                    "width": 0.0,
                    "height": 0.0,
                    "length": 0.0
                },
                "cargo_id": "uml02wnfrfjey3v7waeyxqgggep6pwbk",
                "position": {
                    "x": 0.0,
                    "y": 0.0,
                    "z": 800.0
                },
                "stacking": true,
                "turnover": true,
                "rotation_state": 0,
                "stacking_limit": 0.0,
                "calculated_size": {
                    "width": 800.0,
                    "height": 1800.0,
                    "length": 1200.0
                },
                "virtual_positions": null
            },
            {
                "id": 0,
                "info": {
                    "color": "#59e241",
                    "title": "палета",
                    "article": "1",
                    "group_id": "1ocjntreia0s0o6tuqwpwxwl3cqxswqe",
                    "group_title": "Группа 1"
                },
                "mass": 200.0,
                "size": {
                    "width": 800.0,
                    "height": 1800.0,
                    "length": 1200.0
                },
                "sort": 1,
                "step": 3,
                "type": "box",
                "margin": {
                    "width": 0.0,
                    "height": 0.0,
                    "length": 0.0
                },
                "cargo_id": "uml02wnfrfjey3v7waeyxqgggep6pwbk",
                "position": {
                    "x": 0.0,
                    "y": 0.0,
                    "z": 0.0
                },
                "stacking": true,
                "turnover": true,
                "rotation_state": 0,
                "stacking_limit": 0.0,
                "calculated_size": {
                    "width": 800.0,
                    "height": 1800.0,
                    "length": 1200.0
                },
                "virtual_positions": null
            },
            {
                "id": 5,
                "info": {
                    "color": "#59e241",
                    "title": "палета",
                    "article": "1",
                    "group_id": "1ocjntreia0s0o6tuqwpwxwl3cqxswqe",
                    "group_title": "Группа 1"
                },
                "mass": 200.0,
                "size": {
                    "width": 800.0,
                    "height": 1800.0,
                    "length": 1200.0
                },
                "sort": 1,
                "step": 4,
                "type": "box",
                "margin": {
                    "width": 0.0,
                    "height": 0.0,
                    "length": 0.0
                },
                "cargo_id": "uml02wnfrfjey3v7waeyxqgggep6pwbk",
                "position": {
                    "x": 1200.0,
                    "y": 0.0,
                    "z": 1600.0
                },
                "stacking": true,
                "turnover": true,
                "rotation_state": 0,
                "stacking_limit": 0.0,
                "calculated_size": {
                    "width": 800.0,
                    "height": 1800.0,
                    "length": 1200.0
                },
                "virtual_positions": null
            },
            {
                "id": 4,
                "info": {
                    "color": "#59e241",
                    "title": "палета",
                    "article": "1",
                    "group_id": "1ocjntreia0s0o6tuqwpwxwl3cqxswqe",
                    "group_title": "Группа 1"
                },
                "mass": 200.0,
                "size": {
                    "width": 800.0,
                    "height": 1800.0,
                    "length": 1200.0
                },
                "sort": 1,
                "step": 5,
                "type": "box",
                "margin": {
                    "width": 0.0,
                    "height": 0.0,
                    "length": 0.0
                },
                "cargo_id": "uml02wnfrfjey3v7waeyxqgggep6pwbk",
                "position": {
                    "x": 1200.0,
                    "y": 0.0,
                    "z": 800.0
                },
                "stacking": true,
                "turnover": true,
                "rotation_state": 0,
                "stacking_limit": 0.0,
                "calculated_size": {
                    "width": 800.0,
                    "height": 1800.0,
                    "length": 1200.0
                },
                "virtual_positions": null
            },
            {
                "id": 3,
                "info": {
                    "color": "#59e241",
                    "title": "палета",
                    "article": "1",
                    "group_id": "1ocjntreia0s0o6tuqwpwxwl3cqxswqe",
                    "group_title": "Группа 1"
                },
                "mass": 200.0,
                "size": {
                    "width": 800.0,
                    "height": 1800.0,
                    "length": 1200.0
                },
                "sort": 1,
                "step": 6,
                "type": "box",
                "margin": {
                    "width": 0.0,
                    "height": 0.0,
                    "length": 0.0
                },
                "cargo_id": "uml02wnfrfjey3v7waeyxqgggep6pwbk",
                "position": {
                    "x": 1200.0,
                    "y": 0.0,
                    "z": 0.0
                },
                "stacking": true,
                "turnover": true,
                "rotation_state": 0,
                "stacking_limit": 0.0,
                "calculated_size": {
                    "width": 800.0,
                    "height": 1800.0,
                    "length": 1200.0
                },
                "virtual_positions": null
            },
            {
                "id": 8,
                "info": {
                    "color": "#59e241",
                    "title": "палета",
                    "article": "1",
                    "group_id": "1ocjntreia0s0o6tuqwpwxwl3cqxswqe",
                    "group_title": "Группа 1"
                },
                "mass": 200.0,
                "size": {
                    "width": 800.0,
                    "height": 1800.0,
                    "length": 1200.0
                },
                "sort": 1,
                "step": 7,
                "type": "box",
                "margin": {
                    "width": 0.0,
                    "height": 0.0,
                    "length": 0.0
                },
                "cargo_id": "uml02wnfrfjey3v7waeyxqgggep6pwbk",
                "position": {
                    "x": 2400.0,
                    "y": 0.0,
                    "z": 1600.0
                },
                "stacking": true,
                "turnover": true,
                "rotation_state": 0,
                "stacking_limit": 0.0,
                "calculated_size": {
                    "width": 800.0,
                    "height": 1800.0,
                    "length": 1200.0
                },
                "virtual_positions": null
            },
            {
                "id": 7,
                "info": {
                    "color": "#59e241",
                    "title": "палета",
                    "article": "1",
                    "group_id": "1ocjntreia0s0o6tuqwpwxwl3cqxswqe",
                    "group_title": "Группа 1"
                },
                "mass": 200.0,
                "size": {
                    "width": 800.0,
                    "height": 1800.0,
                    "length": 1200.0
                },
                "sort": 1,
                "step": 8,
                "type": "box",
                "margin": {
                    "width": 0.0,
                    "height": 0.0,
                    "length": 0.0
                },
                "cargo_id": "uml02wnfrfjey3v7waeyxqgggep6pwbk",
                "position": {
                    "x": 2400.0,
                    "y": 0.0,
                    "z": 800.0
                },
                "stacking": true,
                "turnover": true,
                "rotation_state": 0,
                "stacking_limit": 0.0,
                "calculated_size": {
                    "width": 800.0,
                    "height": 1800.0,
                    "length": 1200.0
                },
                "virtual_positions": null
            },
            {
                "id": 6,
                "info": {
                    "color": "#59e241",
                    "title": "палета",
                    "article": "1",
                    "group_id": "1ocjntreia0s0o6tuqwpwxwl3cqxswqe",
                    "group_title": "Группа 1"
                },
                "mass": 200.0,
                "size": {
                    "width": 800.0,
                    "height": 1800.0,
                    "length": 1200.0
                },
                "sort": 1,
                "step": 9,
                "type": "box",
                "margin": {
                    "width": 0.0,
                    "height": 0.0,
                    "length": 0.0
                },
                "cargo_id": "uml02wnfrfjey3v7waeyxqgggep6pwbk",
                "position": {
                    "x": 2400.0,
                    "y": 0.0,
                    "z": 0.0
                },
                "stacking": true,
                "turnover": true,
                "rotation_state": 0,
                "stacking_limit": 0.0,
                "calculated_size": {
                    "width": 800.0,
                    "height": 1800.0,
                    "length": 1200.0
                },
                "virtual_positions": null
            },
            {
                "id": 11,
                "info": {
                    "color": "#59e241",
                    "title": "палета",
                    "article": "1",
                    "group_id": "1ocjntreia0s0o6tuqwpwxwl3cqxswqe",
                    "group_title": "Группа 1"
                },
                "mass": 200.0,
                "size": {
                    "width": 800.0,
                    "height": 1800.0,
                    "length": 1200.0
                },
                "sort": 1,
                "step": 10,
                "type": "box",
                "margin": {
                    "width": 0.0,
                    "height": 0.0,
                    "length": 0.0
                },
                "cargo_id": "uml02wnfrfjey3v7waeyxqgggep6pwbk",
                "position": {
                    "x": 3600.0,
                    "y": 0.0,
                    "z": 1600.0
                },
                "stacking": true,
                "turnover": true,
                "rotation_state": 0,
                "stacking_limit": 0.0,
                "calculated_size": {
                    "width": 800.0,
                    "height": 1800.0,
                    "length": 1200.0
                },
                "virtual_positions": null
            },
            {
                "id": 10,
                "info": {
                    "color": "#59e241",
                    "title": "палета",
                    "article": "1",
                    "group_id": "1ocjntreia0s0o6tuqwpwxwl3cqxswqe",
                    "group_title": "Группа 1"
                },
                "mass": 200.0,
                "size": {
                    "width": 800.0,
                    "height": 1800.0,
                    "length": 1200.0
                },
                "sort": 1,
                "step": 11,
                "type": "box",
                "margin": {
                    "width": 0.0,
                    "height": 0.0,
                    "length": 0.0
                },
                "cargo_id": "uml02wnfrfjey3v7waeyxqgggep6pwbk",
                "position": {
                    "x": 3600.0,
                    "y": 0.0,
                    "z": 800.0
                },
                "stacking": true,
                "turnover": true,
                "rotation_state": 0,
                "stacking_limit": 0.0,
                "calculated_size": {
                    "width": 800.0,
                    "height": 1800.0,
                    "length": 1200.0
                },
                "virtual_positions": null
            },
            {
                "id": 9,
                "info": {
                    "color": "#59e241",
                    "title": "палета",
                    "article": "1",
                    "group_id": "1ocjntreia0s0o6tuqwpwxwl3cqxswqe",
                    "group_title": "Группа 1"
                },
                "mass": 200.0,
                "size": {
                    "width": 800.0,
                    "height": 1800.0,
                    "length": 1200.0
                },
                "sort": 1,
                "step": 12,
                "type": "box",
                "margin": {
                    "width": 0.0,
                    "height": 0.0,
                    "length": 0.0
                },
                "cargo_id": "uml02wnfrfjey3v7waeyxqgggep6pwbk",
                "position": {
                    "x": 3600.0,
                    "y": 0.0,
                    "z": 0.0
                },
                "stacking": true,
                "turnover": true,
                "rotation_state": 0,
                "stacking_limit": 0.0,
                "calculated_size": {
                    "width": 800.0,
                    "height": 1800.0,
                    "length": 1200.0
                },
                "virtual_positions": null
            },
            {
                "id": 14,
                "info": {
                    "color": "#59e241",
                    "title": "палета",
                    "article": "1",
                    "group_id": "1ocjntreia0s0o6tuqwpwxwl3cqxswqe",
                    "group_title": "Группа 1"
                },
                "mass": 200.0,
                "size": {
                    "width": 800.0,
                    "height": 1800.0,
                    "length": 1200.0
                },
                "sort": 1,
                "step": 13,
                "type": "box",
                "margin": {
                    "width": 0.0,
                    "height": 0.0,
                    "length": 0.0
                },
                "cargo_id": "uml02wnfrfjey3v7waeyxqgggep6pwbk",
                "position": {
                    "x": 4800.0,
                    "y": 0.0,
                    "z": 1600.0
                },
                "stacking": true,
                "turnover": true,
                "rotation_state": 0,
                "stacking_limit": 0.0,
                "calculated_size": {
                    "width": 800.0,
                    "height": 1800.0,
                    "length": 1200.0
                },
                "virtual_positions": null
            },
            {
                "id": 13,
                "info": {
                    "color": "#59e241",
                    "title": "палета",
                    "article": "1",
                    "group_id": "1ocjntreia0s0o6tuqwpwxwl3cqxswqe",
                    "group_title": "Группа 1"
                },
                "mass": 200.0,
                "size": {
                    "width": 800.0,
                    "height": 1800.0,
                    "length": 1200.0
                },
                "sort": 1,
                "step": 14,
                "type": "box",
                "margin": {
                    "width": 0.0,
                    "height": 0.0,
                    "length": 0.0
                },
                "cargo_id": "uml02wnfrfjey3v7waeyxqgggep6pwbk",
                "position": {
                    "x": 4800.0,
                    "y": 0.0,
                    "z": 800.0
                },
                "stacking": true,
                "turnover": true,
                "rotation_state": 0,
                "stacking_limit": 0.0,
                "calculated_size": {
                    "width": 800.0,
                    "height": 1800.0,
                    "length": 1200.0
                },
                "virtual_positions": null
            },
            {
                "id": 12,
                "info": {
                    "color": "#59e241",
                    "title": "палета",
                    "article": "1",
                    "group_id": "1ocjntreia0s0o6tuqwpwxwl3cqxswqe",
                    "group_title": "Группа 1"
                },
                "mass": 200.0,
                "size": {
                    "width": 800.0,
                    "height": 1800.0,
                    "length": 1200.0
                },
                "sort": 1,
                "step": 15,
                "type": "box",
                "margin": {
                    "width": 0.0,
                    "height": 0.0,
                    "length": 0.0
                },
                "cargo_id": "uml02wnfrfjey3v7waeyxqgggep6pwbk",
                "position": {
                    "x": 4800.0,
                    "y": 0.0,
                    "z": 0.0
                },
                "stacking": true,
                "turnover": true,
                "rotation_state": 0,
                "stacking_limit": 0.0,
                "calculated_size": {
                    "width": 800.0,
                    "height": 1800.0,
                    "length": 1200.0
                },
                "virtual_positions": null
            },
            {
                "id": 17,
                "info": {
                    "color": "#59e241",
                    "title": "палета",
                    "article": "1",
                    "group_id": "1ocjntreia0s0o6tuqwpwxwl3cqxswqe",
                    "group_title": "Группа 1"
                },
                "mass": 200.0,
                "size": {
                    "width": 800.0,
                    "height": 1800.0,
                    "length": 1200.0
                },
                "sort": 1,
                "step": 16,
                "type": "box",
                "margin": {
                    "width": 0.0,
                    "height": 0.0,
                    "length": 0.0
                },
                "cargo_id": "uml02wnfrfjey3v7waeyxqgggep6pwbk",
                "position": {
                    "x": 6000.0,
                    "y": 0.0,
                    "z": 1600.0
                },
                "stacking": true,
                "turnover": true,
                "rotation_state": 0,
                "stacking_limit": 0.0,
                "calculated_size": {
                    "width": 800.0,
                    "height": 1800.0,
                    "length": 1200.0
                },
                "virtual_positions": null
            },
            {
                "id": 16,
                "info": {
                    "color": "#59e241",
                    "title": "палета",
                    "article": "1",
                    "group_id": "1ocjntreia0s0o6tuqwpwxwl3cqxswqe",
                    "group_title": "Группа 1"
                },
                "mass": 200.0,
                "size": {
                    "width": 800.0,
                    "height": 1800.0,
                    "length": 1200.0
                },
                "sort": 1,
                "step": 17,
                "type": "box",
                "margin": {
                    "width": 0.0,
                    "height": 0.0,
                    "length": 0.0
                },
                "cargo_id": "uml02wnfrfjey3v7waeyxqgggep6pwbk",
                "position": {
                    "x": 6000.0,
                    "y": 0.0,
                    "z": 800.0
                },
                "stacking": true,
                "turnover": true,
                "rotation_state": 0,
                "stacking_limit": 0.0,
                "calculated_size": {
                    "width": 800.0,
                    "height": 1800.0,
                    "length": 1200.0
                },
                "virtual_positions": null
            },
            {
                "id": 15,
                "info": {
                    "color": "#59e241",
                    "title": "палета",
                    "article": "1",
                    "group_id": "1ocjntreia0s0o6tuqwpwxwl3cqxswqe",
                    "group_title": "Группа 1"
                },
                "mass": 200.0,
                "size": {
                    "width": 800.0,
                    "height": 1800.0,
                    "length": 1200.0
                },
                "sort": 1,
                "step": 18,
                "type": "box",
                "margin": {
                    "width": 0.0,
                    "height": 0.0,
                    "length": 0.0
                },
                "cargo_id": "uml02wnfrfjey3v7waeyxqgggep6pwbk",
                "position": {
                    "x": 6000.0,
                    "y": 0.0,
                    "z": 0.0
                },
                "stacking": true,
                "turnover": true,
                "rotation_state": 0,
                "stacking_limit": 0.0,
                "calculated_size": {
                    "width": 800.0,
                    "height": 1800.0,
                    "length": 1200.0
                },
                "virtual_positions": null
            },
            {
                "id": 20,
                "info": {
                    "color": "#59e241",
                    "title": "палета",
                    "article": "1",
                    "group_id": "1ocjntreia0s0o6tuqwpwxwl3cqxswqe",
                    "group_title": "Группа 1"
                },
                "mass": 200.0,
                "size": {
                    "width": 800.0,
                    "height": 1800.0,
                    "length": 1200.0
                },
                "sort": 1,
                "step": 19,
                "type": "box",
                "margin": {
                    "width": 0.0,
                    "height": 0.0,
                    "length": 0.0
                },
                "cargo_id": "uml02wnfrfjey3v7waeyxqgggep6pwbk",
                "position": {
                    "x": 7200.0,
                    "y": 0.0,
                    "z": 1600.0
                },
                "stacking": true,
                "turnover": true,
                "rotation_state": 0,
                "stacking_limit": 0.0,
                "calculated_size": {
                    "width": 800.0,
                    "height": 1800.0,
                    "length": 1200.0
                },
                "virtual_positions": null
            },
            {
                "id": 19,
                "info": {
                    "color": "#59e241",
                    "title": "палета",
                    "article": "1",
                    "group_id": "1ocjntreia0s0o6tuqwpwxwl3cqxswqe",
                    "group_title": "Группа 1"
                },
                "mass": 200.0,
                "size": {
                    "width": 800.0,
                    "height": 1800.0,
                    "length": 1200.0
                },
                "sort": 1,
                "step": 20,
                "type": "box",
                "margin": {
                    "width": 0.0,
                    "height": 0.0,
                    "length": 0.0
                },
                "cargo_id": "uml02wnfrfjey3v7waeyxqgggep6pwbk",
                "position": {
                    "x": 7200.0,
                    "y": 0.0,
                    "z": 800.0
                },
                "stacking": true,
                "turnover": true,
                "rotation_state": 0,
                "stacking_limit": 0.0,
                "calculated_size": {
                    "width": 800.0,
                    "height": 1800.0,
                    "length": 1200.0
                },
                "virtual_positions": null
            },
            {
                "id": 18,
                "info": {
                    "color": "#59e241",
                    "title": "палета",
                    "article": "1",
                    "group_id": "1ocjntreia0s0o6tuqwpwxwl3cqxswqe",
                    "group_title": "Группа 1"
                },
                "mass": 200.0,
                "size": {
                    "width": 800.0,
                    "height": 1800.0,
                    "length": 1200.0
                },
                "sort": 1,
                "step": 21,
                "type": "box",
                "margin": {
                    "width": 0.0,
                    "height": 0.0,
                    "length": 0.0
                },
                "cargo_id": "uml02wnfrfjey3v7waeyxqgggep6pwbk",
                "position": {
                    "x": 7200.0,
                    "y": 0.0,
                    "z": 0.0
                },
                "stacking": true,
                "turnover": true,
                "rotation_state": 0,
                "stacking_limit": 0.0,
                "calculated_size": {
                    "width": 800.0,
                    "height": 1800.0,
                    "length": 1200.0
                },
                "virtual_positions": null
            },
            {
                "id": 23,
                "info": {
                    "color": "#59e241",
                    "title": "палета",
                    "article": "1",
                    "group_id": "1ocjntreia0s0o6tuqwpwxwl3cqxswqe",
                    "group_title": "Группа 1"
                },
                "mass": 200.0,
                "size": {
                    "width": 800.0,
                    "height": 1800.0,
                    "length": 1200.0
                },
                "sort": 1,
                "step": 22,
                "type": "box",
                "margin": {
                    "width": 0.0,
                    "height": 0.0,
                    "length": 0.0
                },
                "cargo_id": "uml02wnfrfjey3v7waeyxqgggep6pwbk",
                "position": {
                    "x": 8400.0,
                    "y": 0.0,
                    "z": 1600.0
                },
                "stacking": true,
                "turnover": true,
                "rotation_state": 0,
                "stacking_limit": 0.0,
                "calculated_size": {
                    "width": 800.0,
                    "height": 1800.0,
                    "length": 1200.0
                },
                "virtual_positions": null
            },
            {
                "id": 22,
                "info": {
                    "color": "#59e241",
                    "title": "палета",
                    "article": "1",
                    "group_id": "1ocjntreia0s0o6tuqwpwxwl3cqxswqe",
                    "group_title": "Группа 1"
                },
                "mass": 200.0,
                "size": {
                    "width": 800.0,
                    "height": 1800.0,
                    "length": 1200.0
                },
                "sort": 1,
                "step": 23,
                "type": "box",
                "margin": {
                    "width": 0.0,
                    "height": 0.0,
                    "length": 0.0
                },
                "cargo_id": "uml02wnfrfjey3v7waeyxqgggep6pwbk",
                "position": {
                    "x": 8400.0,
                    "y": 0.0,
                    "z": 800.0
                },
                "stacking": true,
                "turnover": true,
                "rotation_state": 0,
                "stacking_limit": 0.0,
                "calculated_size": {
                    "width": 800.0,
                    "height": 1800.0,
                    "length": 1200.0
                },
                "virtual_positions": null
            },
            {
                "id": 21,
                "info": {
                    "color": "#59e241",
                    "title": "палета",
                    "article": "1",
                    "group_id": "1ocjntreia0s0o6tuqwpwxwl3cqxswqe",
                    "group_title": "Группа 1"
                },
                "mass": 200.0,
                "size": {
                    "width": 800.0,
                    "height": 1800.0,
                    "length": 1200.0
                },
                "sort": 1,
                "step": 24,
                "type": "box",
                "margin": {
                    "width": 0.0,
                    "height": 0.0,
                    "length": 0.0
                },
                "cargo_id": "uml02wnfrfjey3v7waeyxqgggep6pwbk",
                "position": {
                    "x": 8400.0,
                    "y": 0.0,
                    "z": 0.0
                },
                "stacking": true,
                "turnover": true,
                "rotation_state": 0,
                "stacking_limit": 0.0,
                "calculated_size": {
                    "width": 800.0,
                    "height": 1800.0,
                    "length": 1200.0
                },
                "virtual_positions": null
            },
            {
                "id": 26,
                "info": {
                    "color": "#59e241",
                    "title": "палета",
                    "article": "1",
                    "group_id": "1ocjntreia0s0o6tuqwpwxwl3cqxswqe",
                    "group_title": "Группа 1"
                },
                "mass": 200.0,
                "size": {
                    "width": 800.0,
                    "height": 1800.0,
                    "length": 1200.0
                },
                "sort": 1,
                "step": 25,
                "type": "box",
                "margin": {
                    "width": 0.0,
                    "height": 0.0,
                    "length": 0.0
                },
                "cargo_id": "uml02wnfrfjey3v7waeyxqgggep6pwbk",
                "position": {
                    "x": 9600.0,
                    "y": 0.0,
                    "z": 1600.0
                },
                "stacking": true,
                "turnover": true,
                "rotation_state": 0,
                "stacking_limit": 0.0,
                "calculated_size": {
                    "width": 800.0,
                    "height": 1800.0,
                    "length": 1200.0
                },
                "virtual_positions": null
            },
            {
                "id": 25,
                "info": {
                    "color": "#59e241",
                    "title": "палета",
                    "article": "1",
                    "group_id": "1ocjntreia0s0o6tuqwpwxwl3cqxswqe",
                    "group_title": "Группа 1"
                },
                "mass": 200.0,
                "size": {
                    "width": 800.0,
                    "height": 1800.0,
                    "length": 1200.0
                },
                "sort": 1,
                "step": 26,
                "type": "box",
                "margin": {
                    "width": 0.0,
                    "height": 0.0,
                    "length": 0.0
                },
                "cargo_id": "uml02wnfrfjey3v7waeyxqgggep6pwbk",
                "position": {
                    "x": 9600.0,
                    "y": 0.0,
                    "z": 800.0
                },
                "stacking": true,
                "turnover": true,
                "rotation_state": 0,
                "stacking_limit": 0.0,
                "calculated_size": {
                    "width": 800.0,
                    "height": 1800.0,
                    "length": 1200.0
                },
                "virtual_positions": null
            },
            {
                "id": 24,
                "info": {
                    "color": "#59e241",
                    "title": "палета",
                    "article": "1",
                    "group_id": "1ocjntreia0s0o6tuqwpwxwl3cqxswqe",
                    "group_title": "Группа 1"
                },
                "mass": 200.0,
                "size": {
                    "width": 800.0,
                    "height": 1800.0,
                    "length": 1200.0
                },
                "sort": 1,
                "step": 27,
                "type": "box",
                "margin": {
                    "width": 0.0,
                    "height": 0.0,
                    "length": 0.0
                },
                "cargo_id": "uml02wnfrfjey3v7waeyxqgggep6pwbk",
                "position": {
                    "x": 9600.0,
                    "y": 0.0,
                    "z": 0.0
                },
                "stacking": true,
                "turnover": true,
                "rotation_state": 0,
                "stacking_limit": 0.0,
                "calculated_size": {
                    "width": 800.0,
                    "height": 1800.0,
                    "length": 1200.0
                },
                "virtual_positions": null
            },
            {
                "id": 29,
                "info": {
                    "color": "#59e241",
                    "title": "палета",
                    "article": "1",
                    "group_id": "1ocjntreia0s0o6tuqwpwxwl3cqxswqe",
                    "group_title": "Группа 1"
                },
                "mass": 200.0,
                "size": {
                    "width": 800.0,
                    "height": 1800.0,
                    "length": 1200.0
                },
                "sort": 1,
                "step": 28,
                "type": "box",
                "margin": {
                    "width": 0.0,
                    "height": 0.0,
                    "length": 0.0
                },
                "cargo_id": "uml02wnfrfjey3v7waeyxqgggep6pwbk",
                "position": {
                    "x": 10800.0,
                    "y": 0.0,
                    "z": 1600.0
                },
                "stacking": true,
                "turnover": true,
                "rotation_state": 0,
                "stacking_limit": 0.0,
                "calculated_size": {
                    "width": 800.0,
                    "height": 1800.0,
                    "length": 1200.0
                },
                "virtual_positions": null
            },
            {
                "id": 28,
                "info": {
                    "color": "#59e241",
                    "title": "палета",
                    "article": "1",
                    "group_id": "1ocjntreia0s0o6tuqwpwxwl3cqxswqe",
                    "group_title": "Группа 1"
                },
                "mass": 200.0,
                "size": {
                    "width": 800.0,
                    "height": 1800.0,
                    "length": 1200.0
                },
                "sort": 1,
                "step": 29,
                "type": "box",
                "margin": {
                    "width": 0.0,
                    "height": 0.0,
                    "length": 0.0
                },
                "cargo_id": "uml02wnfrfjey3v7waeyxqgggep6pwbk",
                "position": {
                    "x": 10800.0,
                    "y": 0.0,
                    "z": 800.0
                },
                "stacking": true,
                "turnover": true,
                "rotation_state": 0,
                "stacking_limit": 0.0,
                "calculated_size": {
                    "width": 800.0,
                    "height": 1800.0,
                    "length": 1200.0
                },
                "virtual_positions": null
            },
            {
                "id": 27,
                "info": {
                    "color": "#59e241",
                    "title": "палета",
                    "article": "1",
                    "group_id": "1ocjntreia0s0o6tuqwpwxwl3cqxswqe",
                    "group_title": "Группа 1"
                },
                "mass": 200.0,
                "size": {
                    "width": 800.0,
                    "height": 1800.0,
                    "length": 1200.0
                },
                "sort": 1,
                "step": 30,
                "type": "box",
                "margin": {
                    "width": 0.0,
                    "height": 0.0,
                    "length": 0.0
                },
                "cargo_id": "uml02wnfrfjey3v7waeyxqgggep6pwbk",
                "position": {
                    "x": 10800.0,
                    "y": 0.0,
                    "z": 0.0
                },
                "stacking": true,
                "turnover": true,
                "rotation_state": 0,
                "stacking_limit": 0.0,
                "calculated_size": {
                    "width": 800.0,
                    "height": 1800.0,
                    "length": 1200.0
                },
                "virtual_positions": null
            },
            {
                "id": 32,
                "info": {
                    "color": "#59e241",
                    "title": "палета",
                    "article": "1",
                    "group_id": "1ocjntreia0s0o6tuqwpwxwl3cqxswqe",
                    "group_title": "Группа 1"
                },
                "mass": 200.0,
                "size": {
                    "width": 800.0,
                    "height": 1800.0,
                    "length": 1200.0
                },
                "sort": 1,
                "step": 31,
                "type": "box",
                "margin": {
                    "width": 0.0,
                    "height": 0.0,
                    "length": 0.0
                },
                "cargo_id": "uml02wnfrfjey3v7waeyxqgggep6pwbk",
                "position": {
                    "x": 12000.0,
                    "y": 0.0,
                    "z": 1600.0
                },
                "stacking": true,
                "turnover": true,
                "rotation_state": 0,
                "stacking_limit": 0.0,
                "calculated_size": {
                    "width": 800.0,
                    "height": 1800.0,
                    "length": 1200.0
                },
                "virtual_positions": null
            },
            {
                "id": 31,
                "info": {
                    "color": "#59e241",
                    "title": "палета",
                    "article": "1",
                    "group_id": "1ocjntreia0s0o6tuqwpwxwl3cqxswqe",
                    "group_title": "Группа 1"
                },
                "mass": 200.0,
                "size": {
                    "width": 800.0,
                    "height": 1800.0,
                    "length": 1200.0
                },
                "sort": 1,
                "step": 32,
                "type": "box",
                "margin": {
                    "width": 0.0,
                    "height": 0.0,
                    "length": 0.0
                },
                "cargo_id": "uml02wnfrfjey3v7waeyxqgggep6pwbk",
                "position": {
                    "x": 12000.0,
                    "y": 0.0,
                    "z": 800.0
                },
                "stacking": true,
                "turnover": true,
                "rotation_state": 0,
                "stacking_limit": 0.0,
                "calculated_size": {
                    "width": 800.0,
                    "height": 1800.0,
                    "length": 1200.0
                },
                "virtual_positions": null
            },
            {
                "id": 30,
                "info": {
                    "color": "#59e241",
                    "title": "палета",
                    "article": "1",
                    "group_id": "1ocjntreia0s0o6tuqwpwxwl3cqxswqe",
                    "group_title": "Группа 1"
                },
                "mass": 200.0,
                "size": {
                    "width": 800.0,
                    "height": 1800.0,
                    "length": 1200.0
                },
                "sort": 1,
                "step": 33,
                "type": "box",
                "margin": {
                    "width": 0.0,
                    "height": 0.0,
                    "length": 0.0
                },
                "cargo_id": "uml02wnfrfjey3v7waeyxqgggep6pwbk",
                "position": {
                    "x": 12000.0,
                    "y": 0.0,
                    "z": 0.0
                },
                "stacking": true,
                "turnover": true,
                "rotation_state": 0,
                "stacking_limit": 0.0,
                "calculated_size": {
                    "width": 800.0,
                    "height": 1800.0,
                    "length": 1200.0
                },
                "virtual_positions": null
            }
        ],
        "version": 5,
        "cargo_space": {
            "id": 418,
            "info": {
                "uid": "418_0",
                "sort": 0,
                "title": "MAN 2 оси | полуприцеп 3 оси"
            },
            "mass": 9694.0,
            "size": {
                "width": 2500.0,
                "height": 2679.0,
                "length": 13550.0
            },
            "type": "truck",
            "axles": [
                {
                    "title": "Ось 1",
                    "distance": 2990.0,
                    "max_load": 11000.0,
                    "default_load": 2113.0,
                    "calculated_load": 4361.04469
                },
                {
                    "title": "Ось 2",
                    "distance": 1360.0,
                    "max_load": 11000.0,
                    "default_load": 2090.0,
                    "calculated_load": 4338.04469
                },
                {
                    "title": "Ось 3",
                    "distance": 1360.0,
                    "max_load": 11000.0,
                    "default_load": 2113.0,
                    "calculated_load": 4361.04469
                }
            ],
            "hitch": {
                "title": "",
                "distance": 6240.0,
                "max_load": 10058.0,
                "default_load": 3378.0,
                "calculated_load": 3233.86592
            },
            "tractor": {
                "mass": 7523.0,
                "axles": [
                    {
                        "title": "Ось 1",
                        "distance": 1475.0,
                        "max_load": 10000.0,
                        "default_load": 6013.0,
                        "calculated_load": 5980.29265
                    },
                    {
                        "title": "Ось 2",
                        "distance": 3900.0,
                        "max_load": 11000.0,
                        "default_load": 4888.0,
                        "calculated_load": 4776.57327
                    }
                ],
                "length": 7110.0,
                "hitch_distance": 885.0
            },
            "full_length": 13550.0,
            "indentation": {
                "width": 5.0,
                "height": 0.0,
                "length": 30.0,
                "height_top": 89.0,
                "length_end": 30.0,
                "width_right": 5.0
            },
            "loading_size": {
                "width": 2490.0,
                "height": 2590.0,
                "length": 13490.0
            },
            "calculation_info": {
                "step_count": 33,
                "cargos_mass": 6.6,
                "load_volume": 86.998359,
                "cargos_volume": 57.024,
                "count_cargoes": 33,
                "load_capacity": 24.0,
                "loading_height": 1.8,
                "density_percent": 100.0,
                "remaining_volume": 29.97436,
                "void_space_percent": 34.45394,
                "filling_space_percent": 65.54606
            },
            "carrying_capacity": 24000.0,
            "real_center_of_gravity": [
                6600.0,
                900.0,
                1199.9999999999998
            ],
            "ideal_center_of_gravity": [
                6745.0,
                0.0,
                1245.0
            ]
        },
        "cargo_groups": [
            {
                "info": {
                    "color": "#59e241",
                    "title": "палета",
                    "article": "1",
                    "group_id": "1ocjntreia0s0o6tuqwpwxwl3cqxswqe",
                    "group_title": "Группа 1"
                },
                "mass": 200.0,
                "size": {
                    "width": 800.0,
                    "height": 1800.0,
                    "length": 1200.0
                },
                "sort": 1,
                "type": "box",
                "count": 167.0,
                "margin": {
                    "width": 0.0,
                    "height": 0.0,
                    "length": 0.0
                },
                "cargo_id": "uml02wnfrfjey3v7waeyxqgggep6pwbk",
                "stacking": true,
                "turnover": true,
                "stacking_limit": 0.0,
                "prepare_last_result": "success"
            }
        ],
        "packing_type": "PackingTruck PackingBigBlocks",
        "calculation_id": 16394,
        "invalid_errors": [],
        "unpacked_errors": [
            {
                "key": 0,
                "name": "success",
                "boxes": [
                    {
                        "id": "uml02wnfrfjey3v7waeyxqgggep6pwbk",
                        "info": {
                            "color": "#59e241",
                            "title": "палета",
                            "article": "1",
                            "group_id": "1ocjntreia0s0o6tuqwpwxwl3cqxswqe",
                            "group_title": "Группа 1"
                        }
                    }
                ]
            }
        ],
        "validate_errors": [],
        "is_packed_same_boxes": false
    }
}