{
    "data": {
        "cargoes": [
            {
                "info": {
                    "color": "#22a1f8",
                    "title": "Место 1",
                    "article": "",
                    "group_id": "1subharega4qyd6ger4ciunb5zcuvrvc",
                    "group_title": "Группа не определена"
                },
                "mass": 562.86,
                "size": {
                    "width": 800,
                    "height": 2100,
                    "length": 1200
                },
                "sort": 1,
                "type": "box",
                "count": 1,
                "margin": {
                    "width": 0,
                    "height": 0,
                    "length": 0
                },
                "cargo_id": "fvjduifa4u3mlgv5imqbkfov2c4wooyf",
                "stacking": false,
                "turnover": false,
                "stacking_limit": 0
            },
            {
                "info": {
                    "color": "#84ba02",
                    "title": "Место 2",
                    "article": "",
                    "group_id": "1subharega4qyd6ger4ciunb5zcuvrvc",
                    "group_title": "Группа не определена"
                },
                "mass": 305.56,
                "size": {
                    "width": 800,
                    "height": 2000,
                    "length": 1200
                },
                "sort": 1,
                "type": "box",
                "count": 1,
                "margin": {
                    "width": 0,
                    "height": 0,
                    "length": 0
                },
                "cargo_id": "udnd4yckhxiw1ziym4n8dezzfbsv53ey",
                "stacking": false,
                "turnover": false,
                "stacking_limit": 0
            },
            {
                "info": {
                    "color": "#15ade7",
                    "title": "Место 3",
                    "article": "",
                    "group_id": "1subharega4qyd6ger4ciunb5zcuvrvc",
                    "group_title": "Группа не определена"
                },
                "mass": 345.0,
                "size": {
                    "width": 800,
                    "height": 2500,
                    "length": 1200
                },
                "sort": 1,
                "type": "box",
                "count": 1,
                "margin": {
                    "width": 0,
                    "height": 0,
                    "length": 0
                },
                "cargo_id": "mnlacfnh3v6ph6kkdcbj9xl51y1wqodt",
                "stacking": false,
                "turnover": false,
                "stacking_limit": 0
            },
            {
                "info": {
                    "color": "#088ede",
                    "title": "Место 4",
                    "article": "",
                    "group_id": "1subharega4qyd6ger4ciunb5zcuvrvc",
                    "group_title": "Группа не определена"
                },
                "mass": 448.0,
                "size": {
                    "width": 1000,
                    "height": 350,
                    "length": 1650
                },
                "sort": 1,
                "type": "box",
                "count": 1,
                "margin": {
                    "width": 0,
                    "height": 0,
                    "length": 0
                },
                "cargo_id": "qxzydcflbtwtk2ayms9i5rewkke35njb",
                "stacking": false,
                "turnover": false,
                "stacking_limit": 0
            },
            {
                "info": {
                    "color": "#d12710",
                    "title": "Место 5",
                    "article": "",
                    "group_id": "1subharega4qyd6ger4ciunb5zcuvrvc",
                    "group_title": "Группа не определена"
                },
                "mass": 452.0,
                "size": {
                    "width": 1000,
                    "height": 350,
                    "length": 1650
                },
                "sort": 1,
                "type": "box",
                "count": 1,
                "margin": {
                    "width": 0,
                    "height": 0,
                    "length": 0
                },
                "cargo_id": "jicvs0lukerhlwx6fsbkfs03cmy5e5jf",
                "stacking": false,
                "turnover": false,
                "stacking_limit": 0
            },
            {
                "info": {
                    "color": "#0d9aac",
                    "title": "Место 6",
                    "article": "",
                    "group_id": "1subharega4qyd6ger4ciunb5zcuvrvc",
                    "group_title": "Группа не определена"
                },
                "mass": 348.0,
                "size": {
                    "width": 1650,
                    "height": 1260,
                    "length": 380
                },
                "sort": 1,
                "type": "box",
                "count": 1,
                "margin": {
                    "width": 0,
                    "height": 0,
                    "length": 0
                },
                "cargo_id": "kawqme9etxzgl4kh3p5dm9dpzseef3mx",
                "stacking": false,
                "turnover": false,
                "stacking_limit": 0
            },
            {
                "info": {
                    "color": "#0b8777",
                    "title": "Место 7",
                    "article": "",
                    "group_id": "1subharega4qyd6ger4ciunb5zcuvrvc",
                    "group_title": "Группа не определена"
                },
                "mass": 246.0,
                "size": {
                    "width": 860,
                    "height": 1660,
                    "length": 1150
                },
                "sort": 1,
                "type": "box",
                "count": 1,
                "margin": {
                    "width": 0,
                    "height": 0,
                    "length": 0
                },
                "cargo_id": "ku9gvwlxsrxw34kdme77ufskoh8hlpzb",
                "stacking": false,
                "turnover": false,
                "stacking_limit": 0
            },
            {
                "info": {
                    "color": "#cc231a",
                    "title": "Место 8",
                    "article": "",
                    "group_id": "1subharega4qyd6ger4ciunb5zcuvrvc",
                    "group_title": "Группа не определена"
                },
                "mass": 519.0,
                "size": {
                    "width": 800,
                    "height": 2000,
                    "length": 1200
                },
                "sort": 1,
                "type": "box",
                "count": 1,
                "margin": {
                    "width": 0,
                    "height": 0,
                    "length": 0
                },
                "cargo_id": "zjoo4kdeyxqrtafgwwyu5qehkny9gzdl",
                "stacking": false,
                "turnover": false,
                "stacking_limit": 0
            },
            {
                "info": {
                    "color": "#fd4783",
                    "title": "Место 9",
                    "article": "",
                    "group_id": "1subharega4qyd6ger4ciunb5zcuvrvc",
                    "group_title": "Группа не определена"
                },
                "mass": 351.0,
                "size": {
                    "width": 800,
                    "height": 2000,
                    "length": 1200
                },
                "sort": 1,
                "type": "box",
                "count": 1,
                "margin": {
                    "width": 0,
                    "height": 0,
                    "length": 0
                },
                "cargo_id": "2wtkepo9oacncqisagvd305bfsizhcwf",
                "stacking": false,
                "turnover": false,
                "stacking_limit": 0
            },
            {
                "info": {
                    "color": "#91b2e1",
                    "title": "Место 10",
                    "article": "",
                    "group_id": "1subharega4qyd6ger4ciunb5zcuvrvc",
                    "group_title": "Группа не определена"
                },
                "mass": 359.0,
                "size": {
                    "width": 950,
                    "height": 1400,
                    "length": 1200
                },
                "sort": 1,
                "type": "box",
                "count": 1,
                "margin": {
                    "width": 0,
                    "height": 0,
                    "length": 0
                },
                "cargo_id": "xgn56dvbnkebi13wifzgycahcovbqlt1",
                "stacking": false,
                "turnover": false,
                "stacking_limit": 0
            },
            {
                "info": {
                    "color": "#ff181d",
                    "title": "Место 11",
                    "article": "",
                    "group_id": "1subharega4qyd6ger4ciunb5zcuvrvc",
                    "group_title": "Группа не определена"
                },
                "mass": 81.0,
                "size": {
                    "width": 600,
                    "height": 600,
                    "length": 3000
                },
                "sort": 1,
                "type": "box",
                "count": 1,
                "margin": {
                    "width": 0,
                    "height": 0,
                    "length": 0
                },
                "cargo_id": "j0gefweia9mdxbdczohklqauwierlkbt",
                "stacking": false,
                "turnover": false,
                "stacking_limit": 0
            },
            {
                "info": {
                    "color": "#7c57c4",
                    "title": "Место 12",
                    "article": "",
                    "group_id": "1subharega4qyd6ger4ciunb5zcuvrvc",
                    "group_title": "Группа не определена"
                },
                "mass": 96.0,
                "size": {
                    "width": 350,
                    "height": 1000,
                    "length": 2150
                },
                "sort": 1,
                "type": "box",
                "count": 1,
                "margin": {
                    "width": 0,
                    "height": 0,
                    "length": 0
                },
                "cargo_id": "9xqi4loj6enhlj2q6pcjsjjfbmag33il",
                "stacking": false,
                "turnover": false,
                "stacking_limit": 0
            },
            {
                "info": {
                    "color": "#38b8b5",
                    "title": "Место 13",
                    "article": "",
                    "group_id": "1subharega4qyd6ger4ciunb5zcuvrvc",
                    "group_title": "Группа не определена"
                },
                "mass": 234.0,
                "size": {
                    "width": 650,
                    "height": 900,
                    "length": 3800
                },
                "sort": 1,
                "type": "box",
                "count": 1,
                "margin": {
                    "width": 0,
                    "height": 0,
                    "length": 0
                },
                "cargo_id": "zz5ptmqq8qkp81rf8cismbwmq4hpyxh3",
                "stacking": false,
                "turnover": false,
                "stacking_limit": 0
            },
            {
                "info": {
                    "color": "#1001f9",
                    "title": "Место 14",
                    "article": "",
                    "group_id": "1subharega4qyd6ger4ciunb5zcuvrvc",
                    "group_title": "Группа не определена"
                },
                "mass": 55.0,
                "size": {
                    "width": 800,
                    "height": 1100,
                    "length": 1200
                },
                "sort": 1,
                "type": "box",
                "count": 1,
                "margin": {
                    "width": 0,
                    "height": 0,
                    "length": 0
                },
                "cargo_id": "4c6my3vei1eu8w0hkw3nznqslr2bcxrw",
                "stacking": false,
                "turnover": false,
                "stacking_limit": 0
            },
            {
                "info": {
                    "color": "#fa99ff",
                    "title": "Место 15",
                    "article": "",
                    "group_id": "1subharega4qyd6ger4ciunb5zcuvrvc",
                    "group_title": "Группа не определена"
                },
                "mass": 133.0,
                "size": {
                    "width": 500,
                    "height": 600,
                    "length": 3300
                },
                "sort": 1,
                "type": "box",
                "count": 1,
                "margin": {
                    "width": 0,
                    "height": 0,
                    "length": 0
                },
                "cargo_id": "kqc04syqwtuxkyxqpxwcmzazsxjbcmzj",
                "stacking": false,
                "turnover": false,
                "stacking_limit": 0
            },
            {
                "info": {
                    "color": "#a76b8b",
                    "title": "Место 16",
                    "article": "",
                    "group_id": "1subharega4qyd6ger4ciunb5zcuvrvc",
                    "group_title": "Группа не определена"
                },
                "mass": 68.0,
                "size": {
                    "width": 250,
                    "height": 250,
                    "length": 7000
                },
                "sort": 1,
                "type": "box",
                "count": 1,
                "margin": {
                    "width": 0,
                    "height": 0,
                    "length": 0
                },
                "cargo_id": "c7zolev4gwl22gkbwppqjmltgoevklia",
                "stacking": false,
                "turnover": false,
                "stacking_limit": 0
            }
        ],
        "settings": {
            "rank": false,
            "max_step": 100,
            "min_step": 50,
            "usersort": false,
            "hardlimit": 1801,
            "timelimit": 1800,
            "step_scaling": 10
        },
        "put_boxes": [],
        "initial_id": 0,
        "cargo_space": {
            "id": 272,
            "info": {
                "uid": "272_0",
                "sort": 0,
                "title": "Полуприцеп 1"
            },
            "mass": 6388,
            "size": {
                "width": 2600,
                "height": 2650,
                "length": 10000
            },
            "type": "truck",
            "axles": [
                {
                    "title": "Ось 1",
                    "distance": 1890,
                    "max_load": 9250,
                    "default_load": 1597
                },
                {
                    "title": "Ось 2",
                    "distance": 1310,
                    "max_load": 9250,
                    "default_load": 1597
                },
                {
                    "title": "Ось 3",
                    "distance": 1310,
                    "max_load": 9250,
                    "default_load": 1597
                }
            ],
            "hitch": {
                "title": "",
                "distance": 4450,
                "max_load": 5600,
                "default_load": 1597
            },
            "title": "Полуприцеп 1",
            "tractor": {
                "mass": 6203,
                "axles": [
                    {
                        "title": "Ось 1",
                        "distance": 1475,
                        "max_load": 8666,
                        "default_load": 2600
                    },
                    {
                        "title": "Ось 2",
                        "distance": 3300,
                        "max_load": 8666,
                        "default_load": 2600
                    },
                    {
                        "title": "Ось 3",
                        "distance": 1440,
                        "max_load": 8666,
                        "default_load": 2600
                    }
                ],
                "title": "Тягач №1 (3 оси)",
                "length": 6600,
                "hitch_distance": 1060
            },
            "indentation": {
                "width": 0,
                "height": 0,
                "length": 150,
                "height_top": 0,
                "length_end": 150,
                "width_right": 0
            },
            "loading_size": {
                "width": 2600,
                "height": 2650,
                "length": 9700
            },
            "carrying_capacity": 34470
        },
        "calculation_id": "16317"
    },
    "data_result": {
        "boxes": [
            {
                "id": 9,
                "info": {
                    "color": "#91b2e1",
                    "title": "Место 10",
                    "article": "",
                    "group_id": "1subharega4qyd6ger4ciunb5zcuvrvc",
                    "group_title": "Группа не определена"
                },
                "mass": 359.0,
                "size": {
                    "width": 950.0,
                    "height": 1400.0,
                    "length": 1200.0
                },
                "sort": 1,
                "step": 1,
                "type": "box",
                "margin": {
                    "width": 0.0,
                    "height": 0.0,
                    "length": 0.0
                },
                "cargo_id": "xgn56dvbnkebi13wifzgycahcovbqlt1",
                "position": {
                    "x": 0.0,
                    "y": 0.0,
                    "z": 1650.0
                },
                "stacking": false,
                "turnover": false,
                "rotation_state": 0,
                "stacking_limit": 0.0,
                "calculated_size": {
                    "width": 950.0,
                    "height": 1400.0,
                    "length": 1200.0
                },
                "virtual_positions": null
            },
            {
                "id": 3,
                "info": {
                    "color": "#088ede",
                    "title": "Место 4",
                    "article": "",
                    "group_id": "1subharega4qyd6ger4ciunb5zcuvrvc",
                    "group_title": "Группа не определена"
                },
                "mass": 448.0,
                "size": {
                    "width": 1000.0,
                    "height": 350.0,
                    "length": 1650.0
                },
                "sort": 1,
                "step": 2,
                "type": "box",
                "margin": {
                    "width": 0.0,
                    "height": 0.0,
                    "length": 0.0
                },
                "cargo_id": "qxzydcflbtwtk2ayms9i5rewkke35njb",
                "position": {
                    "x": 0.0,
                    "y": 0.0,
                    "z": 650.0
                },
                "stacking": false,
                "turnover": false,
                "rotation_state": 0,
                "stacking_limit": 0.0,
                "calculated_size": {
                    "width": 1000.0,
                    "height": 350.0,
                    "length": 1650.0
                },
                "virtual_positions": null
            },
            {
                "id": 6,
                "info": {
                    "color": "#0b8777",
                    "title": "Место 7",
                    "article": "",
                    "group_id": "1subharega4qyd6ger4ciunb5zcuvrvc",
                    "group_title": "Группа не определена"
                },
                "mass": 246.0,
                "size": {
                    "width": 860.0,
                    "height": 1660.0,
                    "length": 1150.0
                },
                "sort": 1,
                "step": 3,
                "type": "box",
                "margin": {
                    "width": 0.0,
                    "height": 0.0,
                    "length": 0.0
                },
                "cargo_id": "ku9gvwlxsrxw34kdme77ufskoh8hlpzb",
                "position": {
                    "x": 1200.0,
                    "y": 0.0,
                    "z": 1740.0
                },
                "stacking": false,
                "turnover": false,
                "rotation_state": 0,
                "stacking_limit": 0.0,
                "calculated_size": {
                    "width": 860.0,
                    "height": 1660.0,
                    "length": 1150.0
                },
                "virtual_positions": null
            },
            {
                "id": 4,
                "info": {
                    "color": "#d12710",
                    "title": "Место 5",
                    "article": "",
                    "group_id": "1subharega4qyd6ger4ciunb5zcuvrvc",
                    "group_title": "Группа не определена"
                },
                "mass": 452.0,
                "size": {
                    "width": 1000.0,
                    "height": 350.0,
                    "length": 1650.0
                },
                "sort": 1,
                "step": 4,
                "type": "box",
                "margin": {
                    "width": 0.0,
                    "height": 0.0,
                    "length": 0.0
                },
                "cargo_id": "jicvs0lukerhlwx6fsbkfs03cmy5e5jf",
                "position": {
                    "x": 1650.0,
                    "y": 0.0,
                    "z": 650.0
                },
                "stacking": false,
                "turnover": false,
                "rotation_state": 0,
                "stacking_limit": 0.0,
                "calculated_size": {
                    "width": 1000.0,
                    "height": 350.0,
                    "length": 1650.0
                },
                "virtual_positions": null
            },
            {
                "id": 0,
                "info": {
                    "color": "#22a1f8",
                    "title": "Место 1",
                    "article": "",
                    "group_id": "1subharega4qyd6ger4ciunb5zcuvrvc",
                    "group_title": "Группа не определена"
                },
                "mass": 562.86,
                "size": {
                    "width": 800.0,
                    "height": 2100.0,
                    "length": 1200.0
                },
                "sort": 1,
                "step": 5,
                "type": "box",
                "margin": {
                    "width": 0.0,
                    "height": 0.0,
                    "length": 0.0
                },
                "cargo_id": "fvjduifa4u3mlgv5imqbkfov2c4wooyf",
                "position": {
                    "x": 2350.0,
                    "y": 0.0,
                    "z": 1800.0
                },
                "stacking": false,
                "turnover": false,
                "rotation_state": 0,
                "stacking_limit": 0.0,
                "calculated_size": {
                    "width": 800.0,
                    "height": 2100.0,
                    "length": 1200.0
                },
                "virtual_positions": null
            },
            {
                "id": 12,
                "info": {
                    "color": "#38b8b5",
                    "title": "Место 13",
                    "article": "",
                    "group_id": "1subharega4qyd6ger4ciunb5zcuvrvc",
                    "group_title": "Группа не определена"
                },
                "mass": 234.0,
                "size": {
                    "width": 650.0,
                    "height": 900.0,
                    "length": 3800.0
                },
                "sort": 1,
                "step": 6,
                "type": "box",
                "margin": {
                    "width": 0.0,
                    "height": 0.0,
                    "length": 0.0
                },
                "cargo_id": "zz5ptmqq8qkp81rf8cismbwmq4hpyxh3",
                "position": {
                    "x": 0.0,
                    "y": 0.0,
                    "z": 0.0
                },
                "stacking": false,
                "turnover": false,
                "rotation_state": 0,
                "stacking_limit": 0.0,
                "calculated_size": {
                    "width": 650.0,
                    "height": 900.0,
                    "length": 3800.0
                },
                "virtual_positions": null
            },
            {
                "id": 1,
                "info": {
                    "color": "#84ba02",
                    "title": "Место 2",
                    "article": "",
                    "group_id": "1subharega4qyd6ger4ciunb5zcuvrvc",
                    "group_title": "Группа не определена"
                },
                "mass": 305.56,
                "size": {
                    "width": 800.0,
                    "height": 2000.0,
                    "length": 1200.0
                },
                "sort": 1,
                "step": 7,
                "type": "box",
                "margin": {
                    "width": 0.0,
                    "height": 0.0,
                    "length": 0.0
                },
                "cargo_id": "udnd4yckhxiw1ziym4n8dezzfbsv53ey",
                "position": {
                    "x": 3550.0,
                    "y": 0.0,
                    "z": 1800.0
                },
                "stacking": false,
                "turnover": false,
                "rotation_state": 0,
                "stacking_limit": 0.0,
                "calculated_size": {
                    "width": 800.0,
                    "height": 2000.0,
                    "length": 1200.0
                },
                "virtual_positions": null
            },
            {
                "id": 2,
                "info": {
                    "color": "#15ade7",
                    "title": "Место 3",
                    "article": "",
                    "group_id": "1subharega4qyd6ger4ciunb5zcuvrvc",
                    "group_title": "Группа не определена"
                },
                "mass": 345.0,
                "size": {
                    "width": 800.0,
                    "height": 2500.0,
                    "length": 1200.0
                },
                "sort": 1,
                "step": 8,
                "type": "box",
                "margin": {
                    "width": 0.0,
                    "height": 0.0,
                    "length": 0.0
                },
                "cargo_id": "mnlacfnh3v6ph6kkdcbj9xl51y1wqodt",
                "position": {
                    "x": 4750.0,
                    "y": 0.0,
                    "z": 1800.0
                },
                "stacking": false,
                "turnover": false,
                "rotation_state": 0,
                "stacking_limit": 0.0,
                "calculated_size": {
                    "width": 800.0,
                    "height": 2500.0,
                    "length": 1200.0
                },
                "virtual_positions": null
            },
            {
                "id": 7,
                "info": {
                    "color": "#cc231a",
                    "title": "Место 8",
                    "article": "",
                    "group_id": "1subharega4qyd6ger4ciunb5zcuvrvc",
                    "group_title": "Группа не определена"
                },
                "mass": 519.0,
                "size": {
                    "width": 800.0,
                    "height": 2000.0,
                    "length": 1200.0
                },
                "sort": 1,
                "step": 9,
                "type": "box",
                "margin": {
                    "width": 0.0,
                    "height": 0.0,
                    "length": 0.0
                },
                "cargo_id": "zjoo4kdeyxqrtafgwwyu5qehkny9gzdl",
                "position": {
                    "x": 5950.0,
                    "y": 0.0,
                    "z": 1800.0
                },
                "stacking": false,
                "turnover": false,
                "rotation_state": 0,
                "stacking_limit": 0.0,
                "calculated_size": {
                    "width": 800.0,
                    "height": 2000.0,
                    "length": 1200.0
                },
                "virtual_positions": null
            },
            {
                "id": 8,
                "info": {
                    "color": "#fd4783",
                    "title": "Место 9",
                    "article": "",
                    "group_id": "1subharega4qyd6ger4ciunb5zcuvrvc",
                    "group_title": "Группа не определена"
                },
                "mass": 351.0,
                "size": {
                    "width": 800.0,
                    "height": 2000.0,
                    "length": 1200.0
                },
                "sort": 1,
                "step": 10,
                "type": "box",
                "margin": {
                    "width": 0.0,
                    "height": 0.0,
                    "length": 0.0
                },
                "cargo_id": "2wtkepo9oacncqisagvd305bfsizhcwf",
                "position": {
                    "x": 7150.0,
                    "y": 0.0,
                    "z": 1800.0
                },
                "stacking": false,
                "turnover": false,
                "rotation_state": 0,
                "stacking_limit": 0.0,
                "calculated_size": {
                    "width": 800.0,
                    "height": 2000.0,
                    "length": 1200.0
                },
                "virtual_positions": null
            },
            {
                "id": 11,
                "info": {
                    "color": "#7c57c4",
                    "title": "Место 12",
                    "article": "",
                    "group_id": "1subharega4qyd6ger4ciunb5zcuvrvc",
                    "group_title": "Группа не определена"
                },
                "mass": 96.0,
                "size": {
                    "width": 350.0,
                    "height": 1000.0,
                    "length": 2150.0
                },
                "sort": 1,
                "step": 11,
                "type": "box",
                "margin": {
                    "width": 0.0,
                    "height": 0.0,
                    "length": 0.0
                },
                "cargo_id": "9xqi4loj6enhlj2q6pcjsjjfbmag33il",
                "position": {
                    "x": 6200.0,
                    "y": 0.0,
                    "z": 1450.0
                },
                "stacking": false,
                "turnover": false,
                "rotation_state": 0,
                "stacking_limit": 0.0,
                "calculated_size": {
                    "width": 350.0,
                    "height": 1000.0,
                    "length": 2150.0
                },
                "virtual_positions": null
            },
            {
                "id": 14,
                "info": {
                    "color": "#fa99ff",
                    "title": "Место 15",
                    "article": "",
                    "group_id": "1subharega4qyd6ger4ciunb5zcuvrvc",
                    "group_title": "Группа не определена"
                },
                "mass": 133.0,
                "size": {
                    "width": 500.0,
                    "height": 600.0,
                    "length": 3300.0
                },
                "sort": 1,
                "step": 12,
                "type": "box",
                "margin": {
                    "width": 0.0,
                    "height": 0.0,
                    "length": 0.0
                },
                "cargo_id": "kqc04syqwtuxkyxqpxwcmzazsxjbcmzj",
                "position": {
                    "x": 3800.0,
                    "y": 0.0,
                    "z": 600.0
                },
                "stacking": false,
                "turnover": false,
                "rotation_state": 0,
                "stacking_limit": 0.0,
                "calculated_size": {
                    "width": 500.0,
                    "height": 600.0,
                    "length": 3300.0
                },
                "virtual_positions": null
            },
            {
                "id": 10,
                "info": {
                    "color": "#ff181d",
                    "title": "Место 11",
                    "article": "",
                    "group_id": "1subharega4qyd6ger4ciunb5zcuvrvc",
                    "group_title": "Группа не определена"
                },
                "mass": 81.0,
                "size": {
                    "width": 600.0,
                    "height": 600.0,
                    "length": 3000.0
                },
                "sort": 1,
                "step": 13,
                "type": "box",
                "margin": {
                    "width": 0.0,
                    "height": 0.0,
                    "length": 0.0
                },
                "cargo_id": "j0gefweia9mdxbdczohklqauwierlkbt",
                "position": {
                    "x": 3800.0,
                    "y": 0.0,
                    "z": 0.0
                },
                "stacking": false,
                "turnover": false,
                "rotation_state": 0,
                "stacking_limit": 0.0,
                "calculated_size": {
                    "width": 600.0,
                    "height": 600.0,
                    "length": 3000.0
                },
                "virtual_positions": null
            },
            {
                "id": 5,
                "info": {
                    "color": "#0d9aac",
                    "title": "Место 6",
                    "article": "",
                    "group_id": "1subharega4qyd6ger4ciunb5zcuvrvc",
                    "group_title": "Группа не определена"
                },
                "mass": 348.0,
                "size": {
                    "width": 1650.0,
                    "height": 1260.0,
                    "length": 380.0
                },
                "sort": 1,
                "step": 14,
                "type": "box",
                "margin": {
                    "width": 0.0,
                    "height": 0.0,
                    "length": 0.0
                },
                "cargo_id": "kawqme9etxzgl4kh3p5dm9dpzseef3mx",
                "position": {
                    "x": 6850.0,
                    "y": 0.0,
                    "z": 0.0
                },
                "stacking": false,
                "turnover": false,
                "rotation_state": 0,
                "stacking_limit": 0.0,
                "calculated_size": {
                    "width": 380.0,
                    "height": 1260.0,
                    "length": 1650.0
                },
                "virtual_positions": null
            },
            {
                "id": 13,
                "info": {
                    "color": "#1001f9",
                    "title": "Место 14",
                    "article": "",
                    "group_id": "1subharega4qyd6ger4ciunb5zcuvrvc",
                    "group_title": "Группа не определена"
                },
                "mass": 55.0,
                "size": {
                    "width": 800.0,
                    "height": 1100.0,
                    "length": 1200.0
                },
                "sort": 1,
                "step": 15,
                "type": "box",
                "margin": {
                    "width": 0.0,
                    "height": 0.0,
                    "length": 0.0
                },
                "cargo_id": "4c6my3vei1eu8w0hkw3nznqslr2bcxrw",
                "position": {
                    "x": 8500.0,
                    "y": 0.0,
                    "z": 0.0
                },
                "stacking": false,
                "turnover": false,
                "rotation_state": 0,
                "stacking_limit": 0.0,
                "calculated_size": {
                    "width": 800.0,
                    "height": 1100.0,
                    "length": 1200.0
                },
                "virtual_positions": null
            }
        ],
        "version": 5,
        "cargo_space": {
            "id": 272,
            "info": {
                "uid": "272_0",
                "sort": 0,
                "title": "Полуприцеп 1"
            },
            "mass": 6388.0,
            "size": {
                "width": 2600.0,
                "height": 2650.0,
                "length": 10000.0
            },
            "type": "truck",
            "axles": [
                {
                    "title": "Ось 1",
                    "distance": 1890.0,
                    "max_load": 9250.0,
                    "default_load": 1597.0,
                    "calculated_load": 2783.25151
                },
                {
                    "title": "Ось 2",
                    "distance": 1310.0,
                    "max_load": 9250.0,
                    "default_load": 1597.0,
                    "calculated_load": 2783.25151
                },
                {
                    "title": "Ось 3",
                    "distance": 1310.0,
                    "max_load": 9250.0,
                    "default_load": 1597.0,
                    "calculated_load": 2783.25151
                }
            ],
            "hitch": {
                "title": "",
                "distance": 4450.0,
                "max_load": 5600.0,
                "default_load": 1597.0,
                "calculated_load": 2573.66546
            },
            "tractor": {
                "mass": 6203.0,
                "axles": [
                    {
                        "title": "Ось 1",
                        "distance": 1475.0,
                        "max_load": 8666.0,
                        "default_load": 2600.0,
                        "calculated_load": 2857.5287
                    },
                    {
                        "title": "Ось 2",
                        "distance": 3300.0,
                        "max_load": 8666.0,
                        "default_load": 2600.0,
                        "calculated_load": 2959.56838
                    },
                    {
                        "title": "Ось 3",
                        "distance": 1440.0,
                        "max_load": 8666.0,
                        "default_load": 2600.0,
                        "calculated_load": 2959.56838
                    }
                ],
                "length": 6600.0,
                "hitch_distance": 1060.0
            },
            "full_length": 10000.0,
            "indentation": {
                "width": 0.0,
                "height": 0.0,
                "length": 150.0,
                "height_top": 0.0,
                "length_end": 150.0,
                "width_right": 0.0
            },
            "loading_size": {
                "width": 2600.0,
                "height": 2650.0,
                "length": 9700.0
            },
            "calculation_info": {
                "step_count": 15,
                "cargos_mass": 4.53542,
                "load_volume": 66.833,
                "cargos_volume": 21.46026,
                "count_cargoes": 15,
                "load_capacity": 34.47,
                "loading_height": 2.5,
                "density_percent": 34.03689,
                "remaining_volume": 45.37274,
                "void_space_percent": 67.88973,
                "filling_space_percent": 32.11027
            },
            "carrying_capacity": 34470.0,
            "real_center_of_gravity": [
                4079.635623602665,
                722.7077095395796,
                1625.5912352108514
            ],
            "ideal_center_of_gravity": [
                4850.0,
                0.0,
                1300.0
            ]
        },
        "cargo_groups": [
            {
                "info": {
                    "color": "#a76b8b",
                    "title": "Место 16",
                    "article": "",
                    "group_id": "1subharega4qyd6ger4ciunb5zcuvrvc",
                    "group_title": "Группа не определена"
                },
                "mass": 68.0,
                "size": {
                    "width": 250.0,
                    "height": 250.0,
                    "length": 7000.0
                },
                "sort": 1,
                "type": "box",
                "count": 1.0,
                "margin": {
                    "width": 0.0,
                    "height": 0.0,
                    "length": 0.0
                },
                "cargo_id": "c7zolev4gwl22gkbwppqjmltgoevklia",
                "stacking": false,
                "turnover": false,
                "stacking_limit": 0.0,
                "prepare_last_result": "success"
            }
        ],
        "packing_type": "PackingTruck PackingTwoBoxesInLayer",
        "calculation_id": 16317,
        "invalid_errors": [],
        "unpacked_errors": [
            {
                "key": 0,
                "name": "success",
                "boxes": [
                    {
                        "id": "c7zolev4gwl22gkbwppqjmltgoevklia",
                        "info": {
                            "color": "#a76b8b",
                            "title": "Место 16",
                            "article": "",
                            "group_id": "1subharega4qyd6ger4ciunb5zcuvrvc",
                            "group_title": "Группа не определена"
                        }
                    }
                ]
            }
        ],
        "validate_errors": [],
        "is_packed_same_boxes": false
    }
}