{
    "data": {
        "cargoes": [
            {
                "info": {
                    "color": "#ea1c94",
                    "title": "M806A",
                    "article": "18",
                    "group_id": "1uvecrnyxdxcxstixnydqkzurporensn",
                    "group_title": "Группа 2"
                },
                "mass": 61.4,
                "size": {
                    "width": 870,
                    "height": 510,
                    "length": 1410
                },
                "sort": 1,
                "type": "box",
                "count": 1,
                "margin": {
                    "width": 0,
                    "height": 0,
                    "length": 0
                },
                "cargo_id": "7wqvdsaqkl0fgiztu9wt6rc7juorijja",
                "stacking": true,
                "turnover": true,
                "margin_width": 0,
                "margin_length": 0,
                "stacking_limit": 0
            },
            {
                "info": {
                    "color": "#e4d454",
                    "title": "SUB10G",
                    "article": "20",
                    "group_id": "2lsgf8kqmtu3ijp4ulb1iqt9oyvyrb2p",
                    "group_title": "Группа 1"
                },
                "mass": 21.5,
                "size": {
                    "width": 450,
                    "height": 470,
                    "length": 440
                },
                "sort": 2,
                "type": "box",
                "count": 8,
                "margin": {
                    "width": 0,
                    "height": 0,
                    "length": 0
                },
                "cargo_id": "eqgdhegzlw7pjkr4nl1gyxh1mm6es5on",
                "stacking": true,
                "turnover": true,
                "margin_width": 0,
                "margin_length": 0,
                "stacking_limit": 0
            },
            {
                "info": {
                    "color": "#5ec381",
                    "title": "M300MKII",
                    "article": "17",
                    "group_id": "2lsgf8kqmtu3ijp4ulb1iqt9oyvyrb2p",
                    "group_title": "Группа 1"
                },
                "mass": 29.5,
                "size": {
                    "width": 380,
                    "height": 520,
                    "length": 650
                },
                "sort": 2,
                "type": "box",
                "count": 3,
                "margin": {
                    "width": 0,
                    "height": 0,
                    "length": 0
                },
                "cargo_id": "evkyzhqutanu0pndvi3pgjhra9fmnnqv",
                "stacking": true,
                "turnover": true,
                "margin_width": 0,
                "margin_length": 0,
                "stacking_limit": 0
            },
            {
                "info": {
                    "color": "#ae7254",
                    "title": "D300",
                    "article": "16",
                    "group_id": "2lsgf8kqmtu3ijp4ulb1iqt9oyvyrb2p",
                    "group_title": "Группа 1"
                },
                "mass": 20.0,
                "size": {
                    "width": 400,
                    "height": 450,
                    "length": 630
                },
                "sort": 2,
                "type": "box",
                "count": 1,
                "margin": {
                    "width": 0,
                    "height": 0,
                    "length": 0
                },
                "cargo_id": "pdxk3hkrv2q19zvombedt0ewhenxrqmb",
                "stacking": true,
                "turnover": true,
                "margin_width": 0,
                "margin_length": 0,
                "stacking_limit": 0
            },
            {
                "info": {
                    "color": "#fcf3fa",
                    "title": "RM600AMKII-R",
                    "article": "11",
                    "group_id": "2lsgf8kqmtu3ijp4ulb1iqt9oyvyrb2p",
                    "group_title": "Группа 1"
                },
                "mass": 18.2,
                "size": {
                    "width": 430,
                    "height": 400,
                    "length": 740
                },
                "sort": 2,
                "type": "box",
                "count": 5,
                "margin": {
                    "width": 0,
                    "height": 0,
                    "length": 0
                },
                "cargo_id": "5jynf7gmkpqzopnytf0xxxfbbvx4a1es",
                "stacking": true,
                "turnover": true,
                "margin_width": 0,
                "margin_length": 0,
                "stacking_limit": 0
            },
            {
                "info": {
                    "color": "#2edd66",
                    "title": "D3.2C",
                    "article": "7",
                    "group_id": "2lsgf8kqmtu3ijp4ulb1iqt9oyvyrb2p",
                    "group_title": "Группа 1"
                },
                "mass": 16.0,
                "size": {
                    "width": 380,
                    "height": 330,
                    "length": 740
                },
                "sort": 2,
                "type": "box",
                "count": 1,
                "margin": {
                    "width": 0,
                    "height": 0,
                    "length": 0
                },
                "cargo_id": "ocolxroo89cvzsotbqmm0ugeipfe2jce",
                "stacking": true,
                "turnover": true,
                "margin_width": 0,
                "margin_length": 0,
                "stacking_limit": 0
            },
            {
                "info": {
                    "color": "#29a7bc",
                    "title": "D3.2R",
                    "article": "6",
                    "group_id": "2lsgf8kqmtu3ijp4ulb1iqt9oyvyrb2p",
                    "group_title": "Группа 1"
                },
                "mass": 13.5,
                "size": {
                    "width": 400,
                    "height": 440,
                    "length": 440
                },
                "sort": 2,
                "type": "box",
                "count": 2,
                "margin": {
                    "width": 0,
                    "height": 0,
                    "length": 0
                },
                "cargo_id": "uyuzlcuzk8hgzeklb1kucvkkf8eewrgf",
                "stacking": true,
                "turnover": true,
                "margin_width": 0,
                "margin_length": 0,
                "stacking_limit": 0
            },
            {
                "info": {
                    "color": "#680009",
                    "title": "JamLab 6R",
                    "article": "4",
                    "group_id": "2lsgf8kqmtu3ijp4ulb1iqt9oyvyrb2p",
                    "group_title": "Группа 1"
                },
                "mass": 9.5,
                "size": {
                    "width": 280,
                    "height": 380,
                    "length": 490
                },
                "sort": 2,
                "type": "box",
                "count": 1,
                "margin": {
                    "width": 0,
                    "height": 0,
                    "length": 0
                },
                "cargo_id": "oq40ynpbvnajfqzybw1h2a7umpgr4f5k",
                "stacking": true,
                "turnover": true,
                "margin_width": 0,
                "margin_length": 0,
                "stacking_limit": 0
            },
            {
                "info": {
                    "color": "#6a5d24",
                    "title": "JamLab 6C",
                    "article": "3",
                    "group_id": "2lsgf8kqmtu3ijp4ulb1iqt9oyvyrb2p",
                    "group_title": "Группа 1"
                },
                "mass": 7.5,
                "size": {
                    "width": 290,
                    "height": 290,
                    "length": 520
                },
                "sort": 2,
                "type": "box",
                "count": 9,
                "margin": {
                    "width": 0,
                    "height": 0,
                    "length": 0
                },
                "cargo_id": "5cxouzzjxdy8i0m1fruq5egrjlhdgiru",
                "stacking": true,
                "turnover": true,
                "margin_width": 0,
                "margin_length": 0,
                "stacking_limit": 0
            }
        ],
        "settings": {
            "rank": false,
            "max_step": 100,
            "min_step": 50,
            "usersort": true,
            "hardlimit": 1801,
            "timelimit": 1800,
            "step_scaling": 10
        },
        "put_boxes": [],
        "initial_id": 0,
        "cargo_space": {
            "id": 1045,
            "info": {
                "uid": "1045_0",
                "sort": 0,
                "title": "EURO (copy)",
                "margin": {
                    "width": 0,
                    "height": 0,
                    "length": 0
                }
            },
            "mass": 20,
            "size": {
                "width": 800,
                "height": 200,
                "length": 1202
            },
            "type": "pallet",
            "axles": [],
            "title": "EURO (copy)",
            "margin": {
                "width": 0,
                "height": 0,
                "length": 0
            },
            "indentation": {
                "width": 0,
                "height": 0,
                "length": 0,
                "height_top": 0,
                "length_end": 0,
                "width_right": 0
            },
            "loading_size": {
                "width": 800,
                "height": 2500,
                "length": 1202
            },
            "carrying_capacity": 1000
        },
        "calculation_id": "15758"
    },
    "data_result": {
        "boxes": [
            {
                "id": 18,
                "info": {
                    "color": "#2edd66",
                    "title": "D3.2C",
                    "article": "7",
                    "group_id": "2lsgf8kqmtu3ijp4ulb1iqt9oyvyrb2p",
                    "group_title": "Группа 1"
                },
                "mass": 16.0,
                "size": {
                    "width": 380.0,
                    "height": 330.0,
                    "length": 740.0
                },
                "sort": 2,
                "step": 1,
                "type": "box",
                "margin": {
                    "width": 0.0,
                    "height": 0.0,
                    "length": 0.0
                },
                "cargo_id": "ocolxroo89cvzsotbqmm0ugeipfe2jce",
                "position": {
                    "x": 0.0,
                    "y": 0.0,
                    "z": 470.0
                },
                "stacking": true,
                "turnover": true,
                "rotation_state": 4,
                "stacking_limit": 0.0,
                "calculated_size": {
                    "width": 330.0,
                    "height": 380.0,
                    "length": 740.0
                },
                "virtual_positions": null
            },
            {
                "id": 1,
                "info": {
                    "color": "#e4d454",
                    "title": "SUB10G",
                    "article": "20",
                    "group_id": "2lsgf8kqmtu3ijp4ulb1iqt9oyvyrb2p",
                    "group_title": "Группа 1"
                },
                "mass": 21.5,
                "size": {
                    "width": 450.0,
                    "height": 470.0,
                    "length": 440.0
                },
                "sort": 2,
                "step": 2,
                "type": "box",
                "margin": {
                    "width": 0.0,
                    "height": 0.0,
                    "length": 0.0
                },
                "cargo_id": "eqgdhegzlw7pjkr4nl1gyxh1mm6es5on",
                "position": {
                    "x": 0.0,
                    "y": 0.0,
                    "z": 0.0
                },
                "stacking": true,
                "turnover": true,
                "rotation_state": 4,
                "stacking_limit": 0.0,
                "calculated_size": {
                    "width": 470.0,
                    "height": 440.0,
                    "length": 450.0
                },
                "virtual_positions": null
            },
            {
                "id": 21,
                "info": {
                    "color": "#680009",
                    "title": "JamLab 6R",
                    "article": "4",
                    "group_id": "2lsgf8kqmtu3ijp4ulb1iqt9oyvyrb2p",
                    "group_title": "Группа 1"
                },
                "mass": 9.5,
                "size": {
                    "width": 280.0,
                    "height": 380.0,
                    "length": 490.0
                },
                "sort": 2,
                "step": 3,
                "type": "box",
                "margin": {
                    "width": 0.0,
                    "height": 0.0,
                    "length": 0.0
                },
                "cargo_id": "oq40ynpbvnajfqzybw1h2a7umpgr4f5k",
                "position": {
                    "x": 0.0,
                    "y": 380.0,
                    "z": 520.0
                },
                "stacking": true,
                "turnover": true,
                "rotation_state": 0,
                "stacking_limit": 0.0,
                "calculated_size": {
                    "width": 280.0,
                    "height": 380.0,
                    "length": 490.0
                },
                "virtual_positions": null
            },
            {
                "id": 24,
                "info": {
                    "color": "#6a5d24",
                    "title": "JamLab 6C",
                    "article": "3",
                    "group_id": "2lsgf8kqmtu3ijp4ulb1iqt9oyvyrb2p",
                    "group_title": "Группа 1"
                },
                "mass": 7.5,
                "size": {
                    "width": 290.0,
                    "height": 290.0,
                    "length": 520.0
                },
                "sort": 2,
                "step": 4,
                "type": "box",
                "margin": {
                    "width": 0.0,
                    "height": 0.0,
                    "length": 0.0
                },
                "cargo_id": "5cxouzzjxdy8i0m1fruq5egrjlhdgiru",
                "position": {
                    "x": 740.0,
                    "y": 0.0,
                    "z": 510.0
                },
                "stacking": true,
                "turnover": true,
                "rotation_state": 2,
                "stacking_limit": 0.0,
                "calculated_size": {
                    "width": 290.0,
                    "height": 520.0,
                    "length": 290.0
                },
                "virtual_positions": null
            },
            {
                "id": 2,
                "info": {
                    "color": "#e4d454",
                    "title": "SUB10G",
                    "article": "20",
                    "group_id": "2lsgf8kqmtu3ijp4ulb1iqt9oyvyrb2p",
                    "group_title": "Группа 1"
                },
                "mass": 21.5,
                "size": {
                    "width": 450.0,
                    "height": 470.0,
                    "length": 440.0
                },
                "sort": 2,
                "step": 5,
                "type": "box",
                "margin": {
                    "width": 0.0,
                    "height": 0.0,
                    "length": 0.0
                },
                "cargo_id": "eqgdhegzlw7pjkr4nl1gyxh1mm6es5on",
                "position": {
                    "x": 450.0,
                    "y": 0.0,
                    "z": 0.0
                },
                "stacking": true,
                "turnover": true,
                "rotation_state": 4,
                "stacking_limit": 0.0,
                "calculated_size": {
                    "width": 470.0,
                    "height": 440.0,
                    "length": 450.0
                },
                "virtual_positions": null
            },
            {
                "id": 25,
                "info": {
                    "color": "#6a5d24",
                    "title": "JamLab 6C",
                    "article": "3",
                    "group_id": "2lsgf8kqmtu3ijp4ulb1iqt9oyvyrb2p",
                    "group_title": "Группа 1"
                },
                "mass": 7.5,
                "size": {
                    "width": 290.0,
                    "height": 290.0,
                    "length": 520.0
                },
                "sort": 2,
                "step": 6,
                "type": "box",
                "margin": {
                    "width": 0.0,
                    "height": 0.0,
                    "length": 0.0
                },
                "cargo_id": "5cxouzzjxdy8i0m1fruq5egrjlhdgiru",
                "position": {
                    "x": 912.0,
                    "y": 0.0,
                    "z": 0.0
                },
                "stacking": true,
                "turnover": true,
                "rotation_state": 2,
                "stacking_limit": 0.0,
                "calculated_size": {
                    "width": 290.0,
                    "height": 520.0,
                    "length": 290.0
                },
                "virtual_positions": null
            },
            {
                "id": 22,
                "info": {
                    "color": "#6a5d24",
                    "title": "JamLab 6C",
                    "article": "3",
                    "group_id": "2lsgf8kqmtu3ijp4ulb1iqt9oyvyrb2p",
                    "group_title": "Группа 1"
                },
                "mass": 7.5,
                "size": {
                    "width": 290.0,
                    "height": 290.0,
                    "length": 520.0
                },
                "sort": 2,
                "step": 7,
                "type": "box",
                "margin": {
                    "width": 0.0,
                    "height": 0.0,
                    "length": 0.0
                },
                "cargo_id": "5cxouzzjxdy8i0m1fruq5egrjlhdgiru",
                "position": {
                    "x": 0.0,
                    "y": 760.0,
                    "z": 510.0
                },
                "stacking": true,
                "turnover": true,
                "rotation_state": 0,
                "stacking_limit": 0.0,
                "calculated_size": {
                    "width": 290.0,
                    "height": 290.0,
                    "length": 520.0
                },
                "virtual_positions": null
            },
            {
                "id": 28,
                "info": {
                    "color": "#6a5d24",
                    "title": "JamLab 6C",
                    "article": "3",
                    "group_id": "2lsgf8kqmtu3ijp4ulb1iqt9oyvyrb2p",
                    "group_title": "Группа 1"
                },
                "mass": 7.5,
                "size": {
                    "width": 290.0,
                    "height": 290.0,
                    "length": 520.0
                },
                "sort": 2,
                "step": 8,
                "type": "box",
                "margin": {
                    "width": 0.0,
                    "height": 0.0,
                    "length": 0.0
                },
                "cargo_id": "5cxouzzjxdy8i0m1fruq5egrjlhdgiru",
                "position": {
                    "x": 740.0,
                    "y": 520.0,
                    "z": 510.0
                },
                "stacking": true,
                "turnover": true,
                "rotation_state": 2,
                "stacking_limit": 0.0,
                "calculated_size": {
                    "width": 290.0,
                    "height": 520.0,
                    "length": 290.0
                },
                "virtual_positions": null
            },
            {
                "id": 23,
                "info": {
                    "color": "#6a5d24",
                    "title": "JamLab 6C",
                    "article": "3",
                    "group_id": "2lsgf8kqmtu3ijp4ulb1iqt9oyvyrb2p",
                    "group_title": "Группа 1"
                },
                "mass": 7.5,
                "size": {
                    "width": 290.0,
                    "height": 290.0,
                    "length": 520.0
                },
                "sort": 2,
                "step": 9,
                "type": "box",
                "margin": {
                    "width": 0.0,
                    "height": 0.0,
                    "length": 0.0
                },
                "cargo_id": "5cxouzzjxdy8i0m1fruq5egrjlhdgiru",
                "position": {
                    "x": 0.0,
                    "y": 1050.0,
                    "z": 510.0
                },
                "stacking": true,
                "turnover": true,
                "rotation_state": 0,
                "stacking_limit": 0.0,
                "calculated_size": {
                    "width": 290.0,
                    "height": 290.0,
                    "length": 520.0
                },
                "virtual_positions": null
            },
            {
                "id": 27,
                "info": {
                    "color": "#6a5d24",
                    "title": "JamLab 6C",
                    "article": "3",
                    "group_id": "2lsgf8kqmtu3ijp4ulb1iqt9oyvyrb2p",
                    "group_title": "Группа 1"
                },
                "mass": 7.5,
                "size": {
                    "width": 290.0,
                    "height": 290.0,
                    "length": 520.0
                },
                "sort": 2,
                "step": 10,
                "type": "box",
                "margin": {
                    "width": 0.0,
                    "height": 0.0,
                    "length": 0.0
                },
                "cargo_id": "5cxouzzjxdy8i0m1fruq5egrjlhdgiru",
                "position": {
                    "x": 0.0,
                    "y": 1340.0,
                    "z": 510.0
                },
                "stacking": true,
                "turnover": true,
                "rotation_state": 0,
                "stacking_limit": 0.0,
                "calculated_size": {
                    "width": 290.0,
                    "height": 290.0,
                    "length": 520.0
                },
                "virtual_positions": null
            },
            {
                "id": 29,
                "info": {
                    "color": "#6a5d24",
                    "title": "JamLab 6C",
                    "article": "3",
                    "group_id": "2lsgf8kqmtu3ijp4ulb1iqt9oyvyrb2p",
                    "group_title": "Группа 1"
                },
                "mass": 7.5,
                "size": {
                    "width": 290.0,
                    "height": 290.0,
                    "length": 520.0
                },
                "sort": 2,
                "step": 11,
                "type": "box",
                "margin": {
                    "width": 0.0,
                    "height": 0.0,
                    "length": 0.0
                },
                "cargo_id": "5cxouzzjxdy8i0m1fruq5egrjlhdgiru",
                "position": {
                    "x": 0.0,
                    "y": 1630.0,
                    "z": 510.0
                },
                "stacking": true,
                "turnover": true,
                "rotation_state": 0,
                "stacking_limit": 0.0,
                "calculated_size": {
                    "width": 290.0,
                    "height": 290.0,
                    "length": 520.0
                },
                "virtual_positions": null
            },
            {
                "id": 0,
                "info": {
                    "color": "#ea1c94",
                    "title": "M806A",
                    "article": "18",
                    "group_id": "1uvecrnyxdxcxstixnydqkzurporensn",
                    "group_title": "Группа 2"
                },
                "mass": 61.4,
                "size": {
                    "width": 870.0,
                    "height": 510.0,
                    "length": 1410.0
                },
                "sort": 1,
                "step": 12,
                "type": "box",
                "margin": {
                    "width": 0.0,
                    "height": 0.0,
                    "length": 0.0
                },
                "cargo_id": "7wqvdsaqkl0fgiztu9wt6rc7juorijja",
                "position": {
                    "x": 0.0,
                    "y": 440.0,
                    "z": 0.0
                },
                "stacking": true,
                "turnover": true,
                "rotation_state": 3,
                "stacking_limit": 0.0,
                "calculated_size": {
                    "width": 510.0,
                    "height": 1410.0,
                    "length": 870.0
                },
                "virtual_positions": null
            },
            {
                "id": 26,
                "info": {
                    "color": "#6a5d24",
                    "title": "JamLab 6C",
                    "article": "3",
                    "group_id": "2lsgf8kqmtu3ijp4ulb1iqt9oyvyrb2p",
                    "group_title": "Группа 1"
                },
                "mass": 7.5,
                "size": {
                    "width": 290.0,
                    "height": 290.0,
                    "length": 520.0
                },
                "sort": 2,
                "step": 13,
                "type": "box",
                "margin": {
                    "width": 0.0,
                    "height": 0.0,
                    "length": 0.0
                },
                "cargo_id": "5cxouzzjxdy8i0m1fruq5egrjlhdgiru",
                "position": {
                    "x": 912.0,
                    "y": 520.0,
                    "z": 0.0
                },
                "stacking": true,
                "turnover": true,
                "rotation_state": 2,
                "stacking_limit": 0.0,
                "calculated_size": {
                    "width": 290.0,
                    "height": 520.0,
                    "length": 290.0
                },
                "virtual_positions": null
            },
            {
                "id": 30,
                "info": {
                    "color": "#6a5d24",
                    "title": "JamLab 6C",
                    "article": "3",
                    "group_id": "2lsgf8kqmtu3ijp4ulb1iqt9oyvyrb2p",
                    "group_title": "Группа 1"
                },
                "mass": 7.5,
                "size": {
                    "width": 290.0,
                    "height": 290.0,
                    "length": 520.0
                },
                "sort": 2,
                "step": 14,
                "type": "box",
                "margin": {
                    "width": 0.0,
                    "height": 0.0,
                    "length": 0.0
                },
                "cargo_id": "5cxouzzjxdy8i0m1fruq5egrjlhdgiru",
                "position": {
                    "x": 912.0,
                    "y": 1040.0,
                    "z": 0.0
                },
                "stacking": true,
                "turnover": true,
                "rotation_state": 2,
                "stacking_limit": 0.0,
                "calculated_size": {
                    "width": 290.0,
                    "height": 520.0,
                    "length": 290.0
                },
                "virtual_positions": null
            },
            {
                "id": 3,
                "info": {
                    "color": "#e4d454",
                    "title": "SUB10G",
                    "article": "20",
                    "group_id": "2lsgf8kqmtu3ijp4ulb1iqt9oyvyrb2p",
                    "group_title": "Группа 1"
                },
                "mass": 21.5,
                "size": {
                    "width": 450.0,
                    "height": 470.0,
                    "length": 440.0
                },
                "sort": 2,
                "step": 15,
                "type": "box",
                "margin": {
                    "width": 0.0,
                    "height": 0.0,
                    "length": 0.0
                },
                "cargo_id": "eqgdhegzlw7pjkr4nl1gyxh1mm6es5on",
                "position": {
                    "x": 0.0,
                    "y": 1850.0,
                    "z": 0.0
                },
                "stacking": true,
                "turnover": true,
                "rotation_state": 4,
                "stacking_limit": 0.0,
                "calculated_size": {
                    "width": 470.0,
                    "height": 440.0,
                    "length": 450.0
                },
                "virtual_positions": null
            },
            {
                "id": 4,
                "info": {
                    "color": "#e4d454",
                    "title": "SUB10G",
                    "article": "20",
                    "group_id": "2lsgf8kqmtu3ijp4ulb1iqt9oyvyrb2p",
                    "group_title": "Группа 1"
                },
                "mass": 21.5,
                "size": {
                    "width": 450.0,
                    "height": 470.0,
                    "length": 440.0
                },
                "sort": 2,
                "step": 16,
                "type": "box",
                "margin": {
                    "width": 0.0,
                    "height": 0.0,
                    "length": 0.0
                },
                "cargo_id": "eqgdhegzlw7pjkr4nl1gyxh1mm6es5on",
                "position": {
                    "x": 450.0,
                    "y": 1850.0,
                    "z": 0.0
                },
                "stacking": true,
                "turnover": true,
                "rotation_state": 4,
                "stacking_limit": 0.0,
                "calculated_size": {
                    "width": 470.0,
                    "height": 440.0,
                    "length": 450.0
                },
                "virtual_positions": null
            }
        ],
        "version": 5,
        "cargo_space": {
            "id": 1045,
            "info": {
                "uid": "1045_0",
                "sort": 0,
                "title": "EURO (copy)",
                "margin": {
                    "width": 0,
                    "height": 0,
                    "length": 0
                }
            },
            "mass": 20.0,
            "size": {
                "width": 800.0,
                "height": 200.0,
                "length": 1202.0
            },
            "type": "pallet",
            "indentation": {
                "width": 0.0,
                "height": 0.0,
                "length": 0.0,
                "height_top": -2300.0,
                "length_end": 0.0,
                "width_right": 0.0
            },
            "loading_size": {
                "width": 800.0,
                "height": 2500.0,
                "length": 1202.0
            },
            "calculation_info": {
                "step_count": 16,
                "cargos_mass": 0.2404,
                "load_volume": 2.404,
                "cargos_volume": 1.53638,
                "count_cargoes": 16,
                "load_capacity": 1.0,
                "loading_height": 2.29,
                "density_percent": 69.76986,
                "remaining_volume": 0.86762,
                "void_space_percent": 36.09081,
                "filling_space_percent": 63.90919
            },
            "carrying_capacity": 1000.0,
            "real_center_of_gravity": [
                492.98668885191347,
                1009.891846921797,
                353.72088186356075
            ],
            "ideal_center_of_gravity": [
                601.0,
                0.0,
                400.0
            ]
        },
        "cargo_groups": [
            {
                "info": {
                    "color": "#ae7254",
                    "title": "D300",
                    "article": "16",
                    "group_id": "2lsgf8kqmtu3ijp4ulb1iqt9oyvyrb2p",
                    "group_title": "Группа 1"
                },
                "mass": 20.0,
                "size": {
                    "width": 400.0,
                    "height": 450.0,
                    "length": 630.0
                },
                "sort": 2,
                "type": "box",
                "count": 1.0,
                "margin": {
                    "width": 0.0,
                    "height": 0.0,
                    "length": 0.0
                },
                "cargo_id": "pdxk3hkrv2q19zvombedt0ewhenxrqmb",
                "stacking": true,
                "turnover": true,
                "stacking_limit": 0.0,
                "prepare_last_result": "errorIntersectionContainer"
            },
            {
                "info": {
                    "color": "#5ec381",
                    "title": "M300MKII",
                    "article": "17",
                    "group_id": "2lsgf8kqmtu3ijp4ulb1iqt9oyvyrb2p",
                    "group_title": "Группа 1"
                },
                "mass": 29.5,
                "size": {
                    "width": 380.0,
                    "height": 520.0,
                    "length": 650.0
                },
                "sort": 2,
                "type": "box",
                "count": 3.0,
                "margin": {
                    "width": 0.0,
                    "height": 0.0,
                    "length": 0.0
                },
                "cargo_id": "evkyzhqutanu0pndvi3pgjhra9fmnnqv",
                "stacking": true,
                "turnover": true,
                "stacking_limit": 0.0,
                "prepare_last_result": "errorIntersectionContainer"
            },
            {
                "info": {
                    "color": "#29a7bc",
                    "title": "D3.2R",
                    "article": "6",
                    "group_id": "2lsgf8kqmtu3ijp4ulb1iqt9oyvyrb2p",
                    "group_title": "Группа 1"
                },
                "mass": 13.5,
                "size": {
                    "width": 400.0,
                    "height": 440.0,
                    "length": 440.0
                },
                "sort": 2,
                "type": "box",
                "count": 2.0,
                "margin": {
                    "width": 0.0,
                    "height": 0.0,
                    "length": 0.0
                },
                "cargo_id": "uyuzlcuzk8hgzeklb1kucvkkf8eewrgf",
                "stacking": true,
                "turnover": true,
                "stacking_limit": 0.0,
                "prepare_last_result": "errorIntersectionBoxes"
            },
            {
                "info": {
                    "color": "#fcf3fa",
                    "title": "RM600AMKII-R",
                    "article": "11",
                    "group_id": "2lsgf8kqmtu3ijp4ulb1iqt9oyvyrb2p",
                    "group_title": "Группа 1"
                },
                "mass": 18.2,
                "size": {
                    "width": 430.0,
                    "height": 400.0,
                    "length": 740.0
                },
                "sort": 2,
                "type": "box",
                "count": 5.0,
                "margin": {
                    "width": 0.0,
                    "height": 0.0,
                    "length": 0.0
                },
                "cargo_id": "5jynf7gmkpqzopnytf0xxxfbbvx4a1es",
                "stacking": true,
                "turnover": true,
                "stacking_limit": 0.0,
                "prepare_last_result": "errorIntersectionContainer"
            },
            {
                "info": {
                    "color": "#e4d454",
                    "title": "SUB10G",
                    "article": "20",
                    "group_id": "2lsgf8kqmtu3ijp4ulb1iqt9oyvyrb2p",
                    "group_title": "Группа 1"
                },
                "mass": 21.5,
                "size": {
                    "width": 440.0,
                    "height": 470.0,
                    "length": 450.0
                },
                "sort": 2,
                "type": "box",
                "count": 4.0,
                "margin": {
                    "width": 0.0,
                    "height": 0.0,
                    "length": 0.0
                },
                "cargo_id": "eqgdhegzlw7pjkr4nl1gyxh1mm6es5on",
                "stacking": true,
                "turnover": true,
                "stacking_limit": 0.0,
                "prepare_last_result": "errorIntersectionBoxes"
            }
        ],
        "packing_type": "PackingLayers",
        "calculation_id": 15758,
        "invalid_errors": [],
        "unpacked_errors": [
            {
                "key": 0,
                "name": "success",
                "boxes": [
                    {
                        "id": "evkyzhqutanu0pndvi3pgjhra9fmnnqv",
                        "info": {
                            "color": "#5ec381",
                            "title": "M300MKII",
                            "article": "17",
                            "group_id": "2lsgf8kqmtu3ijp4ulb1iqt9oyvyrb2p",
                            "group_title": "Группа 1"
                        }
                    },
                    {
                        "id": "uyuzlcuzk8hgzeklb1kucvkkf8eewrgf",
                        "info": {
                            "color": "#29a7bc",
                            "title": "D3.2R",
                            "article": "6",
                            "group_id": "2lsgf8kqmtu3ijp4ulb1iqt9oyvyrb2p",
                            "group_title": "Группа 1"
                        }
                    },
                    {
                        "id": "5jynf7gmkpqzopnytf0xxxfbbvx4a1es",
                        "info": {
                            "color": "#fcf3fa",
                            "title": "RM600AMKII-R",
                            "article": "11",
                            "group_id": "2lsgf8kqmtu3ijp4ulb1iqt9oyvyrb2p",
                            "group_title": "Группа 1"
                        }
                    },
                    {
                        "id": "eqgdhegzlw7pjkr4nl1gyxh1mm6es5on",
                        "info": {
                            "color": "#e4d454",
                            "title": "SUB10G",
                            "article": "20",
                            "group_id": "2lsgf8kqmtu3ijp4ulb1iqt9oyvyrb2p",
                            "group_title": "Группа 1"
                        }
                    }
                ]
            },
            {
                "key": 10,
                "name": "errorIntersectionBoxes",
                "boxes": [
                    {
                        "id": "uyuzlcuzk8hgzeklb1kucvkkf8eewrgf",
                        "info": {
                            "color": "#29a7bc",
                            "title": "D3.2R",
                            "article": "6",
                            "group_id": "2lsgf8kqmtu3ijp4ulb1iqt9oyvyrb2p",
                            "group_title": "Группа 1"
                        }
                    },
                    {
                        "id": "eqgdhegzlw7pjkr4nl1gyxh1mm6es5on",
                        "info": {
                            "color": "#e4d454",
                            "title": "SUB10G",
                            "article": "20",
                            "group_id": "2lsgf8kqmtu3ijp4ulb1iqt9oyvyrb2p",
                            "group_title": "Группа 1"
                        }
                    }
                ]
            },
            {
                "key": 11,
                "name": "errorIntersectionContainer",
                "boxes": [
                    {
                        "id": "pdxk3hkrv2q19zvombedt0ewhenxrqmb",
                        "info": {
                            "color": "#ae7254",
                            "title": "D300",
                            "article": "16",
                            "group_id": "2lsgf8kqmtu3ijp4ulb1iqt9oyvyrb2p",
                            "group_title": "Группа 1"
                        }
                    },
                    {
                        "id": "evkyzhqutanu0pndvi3pgjhra9fmnnqv",
                        "info": {
                            "color": "#5ec381",
                            "title": "M300MKII",
                            "article": "17",
                            "group_id": "2lsgf8kqmtu3ijp4ulb1iqt9oyvyrb2p",
                            "group_title": "Группа 1"
                        }
                    },
                    {
                        "id": "5jynf7gmkpqzopnytf0xxxfbbvx4a1es",
                        "info": {
                            "color": "#fcf3fa",
                            "title": "RM600AMKII-R",
                            "article": "11",
                            "group_id": "2lsgf8kqmtu3ijp4ulb1iqt9oyvyrb2p",
                            "group_title": "Группа 1"
                        }
                    }
                ]
            }
        ],
        "validate_errors": [
            "ERROR_INDENTATION"
        ],
        "is_packed_same_boxes": false
    }
}