{
    "data": {
        "cargoes": [
            {
                "info": {
                    "color": "#e258d5",
                    "title": "Азия",
                    "article": "23",
                    "group_id": "1abeqwcmqfu89h2vn49ed2ny7e5nmemb",
                    "group_title": "Группа 1"
                },
                "mass": 150.0,
                "size": {
                    "width": 1000,
                    "height": 2445,
                    "length": 1100
                },
                "sort": 1,
                "type": "box",
                "count": 3,
                "margin": {
                    "width": 0,
                    "height": 0,
                    "length": 0
                },
                "cargo_id": "0mw6jxxwpdtrz9shdj9miz3kqj6tx4ad",
                "stacking": true,
                "turnover": true,
                "margin_width": 0,
                "margin_length": 0,
                "stacking_limit": 0
            },
            {
                "info": {
                    "color": "#e55765",
                    "title": "Евро",
                    "article": "22",
                    "group_id": "1abeqwcmqfu89h2vn49ed2ny7e5nmemb",
                    "group_title": "Группа 1"
                },
                "mass": 150.0,
                "size": {
                    "width": 800,
                    "height": 2445,
                    "length": 1200
                },
                "sort": 1,
                "type": "box",
                "count": 20,
                "margin": {
                    "width": 0,
                    "height": 0,
                    "length": 0
                },
                "cargo_id": "cxzqeh6ep5pjtn2pufmn9qi9johgrlgy",
                "stacking": false,
                "turnover": true,
                "margin_width": 0,
                "margin_length": 0,
                "stacking_limit": 0
            },
            {
                "info": {
                    "color": "#8dd155",
                    "title": "usd",
                    "article": "21",
                    "group_id": "1abeqwcmqfu89h2vn49ed2ny7e5nmemb",
                    "group_title": "Группа 1"
                },
                "mass": 150.0,
                "size": {
                    "width": 1000,
                    "height": 2435,
                    "length": 1300
                },
                "sort": 1,
                "type": "box",
                "count": 3,
                "margin": {
                    "width": 0,
                    "height": 0,
                    "length": 0
                },
                "cargo_id": "vfuaqecrq464fdahwoojufb0zxiyltrh",
                "stacking": false,
                "turnover": true,
                "margin_width": 0,
                "margin_length": 0,
                "stacking_limit": 0
            }
        ],
        "settings": {
            "rank": false,
            "max_step": 100,
            "min_step": 50,
            "usersort": false,
            "hardlimit": 1801,
            "timelimit": 1800,
            "step_scaling": 10
        },
        "put_boxes": [],
        "initial_id": 0,
        "cargo_space": {
            "id": 265,
            "info": {
                "uid": "265_0",
                "sort": 0,
                "title": "40' HCPW (valid)"
            },
            "mass": 4400,
            "size": {
                "width": 2500,
                "height": 2896,
                "length": 12192
            },
            "type": "container",
            "axles": [],
            "title": "40' HCPW (valid)",
            "indentation": {
                "width": 34,
                "height": 0,
                "length": 80,
                "height_top": 198,
                "length_end": 80,
                "width_right": 34
            },
            "loading_size": {
                "width": 2432,
                "height": 2698,
                "length": 12032
            },
            "carrying_capacity": 30720
        },
        "calculation_id": "16404"
    },
    "data_result": {
        "boxes": [
            {
                "id": 22,
                "info": {
                    "color": "#e55765",
                    "title": "Евро",
                    "article": "22",
                    "group_id": "1abeqwcmqfu89h2vn49ed2ny7e5nmemb",
                    "group_title": "Группа 1"
                },
                "mass": 150.0,
                "size": {
                    "width": 800.0,
                    "height": 2445.0,
                    "length": 1200.0
                },
                "sort": 1,
                "step": 1,
                "type": "box",
                "margin": {
                    "width": 0.0,
                    "height": 0.0,
                    "length": 0.0
                },
                "cargo_id": "cxzqeh6ep5pjtn2pufmn9qi9johgrlgy",
                "position": {
                    "x": 562.1538461538457,
                    "y": 0.0,
                    "z": 1232.0
                },
                "stacking": false,
                "turnover": true,
                "rotation_state": 1,
                "stacking_limit": 0.0,
                "calculated_size": {
                    "width": 1200.0,
                    "height": 2445.0,
                    "length": 800.0
                },
                "virtual_positions": null
            },
            {
                "id": 21,
                "info": {
                    "color": "#e55765",
                    "title": "Евро",
                    "article": "22",
                    "group_id": "1abeqwcmqfu89h2vn49ed2ny7e5nmemb",
                    "group_title": "Группа 1"
                },
                "mass": 150.0,
                "size": {
                    "width": 800.0,
                    "height": 2445.0,
                    "length": 1200.0
                },
                "sort": 1,
                "step": 2,
                "type": "box",
                "margin": {
                    "width": 0.0,
                    "height": 0.0,
                    "length": 0.0
                },
                "cargo_id": "cxzqeh6ep5pjtn2pufmn9qi9johgrlgy",
                "position": {
                    "x": 562.1538461538457,
                    "y": 0.0,
                    "z": 0.0
                },
                "stacking": false,
                "turnover": true,
                "rotation_state": 1,
                "stacking_limit": 0.0,
                "calculated_size": {
                    "width": 1200.0,
                    "height": 2445.0,
                    "length": 800.0
                },
                "virtual_positions": null
            },
            {
                "id": 18,
                "info": {
                    "color": "#e55765",
                    "title": "Евро",
                    "article": "22",
                    "group_id": "1abeqwcmqfu89h2vn49ed2ny7e5nmemb",
                    "group_title": "Группа 1"
                },
                "mass": 150.0,
                "size": {
                    "width": 800.0,
                    "height": 2445.0,
                    "length": 1200.0
                },
                "sort": 1,
                "step": 3,
                "type": "box",
                "margin": {
                    "width": 0.0,
                    "height": 0.0,
                    "length": 0.0
                },
                "cargo_id": "cxzqeh6ep5pjtn2pufmn9qi9johgrlgy",
                "position": {
                    "x": 1362.1538461538457,
                    "y": 0.0,
                    "z": 1232.0
                },
                "stacking": false,
                "turnover": true,
                "rotation_state": 1,
                "stacking_limit": 0.0,
                "calculated_size": {
                    "width": 1200.0,
                    "height": 2445.0,
                    "length": 800.0
                },
                "virtual_positions": null
            },
            {
                "id": 17,
                "info": {
                    "color": "#e55765",
                    "title": "Евро",
                    "article": "22",
                    "group_id": "1abeqwcmqfu89h2vn49ed2ny7e5nmemb",
                    "group_title": "Группа 1"
                },
                "mass": 150.0,
                "size": {
                    "width": 800.0,
                    "height": 2445.0,
                    "length": 1200.0
                },
                "sort": 1,
                "step": 4,
                "type": "box",
                "margin": {
                    "width": 0.0,
                    "height": 0.0,
                    "length": 0.0
                },
                "cargo_id": "cxzqeh6ep5pjtn2pufmn9qi9johgrlgy",
                "position": {
                    "x": 1362.1538461538457,
                    "y": 0.0,
                    "z": 0.0
                },
                "stacking": false,
                "turnover": true,
                "rotation_state": 1,
                "stacking_limit": 0.0,
                "calculated_size": {
                    "width": 1200.0,
                    "height": 2445.0,
                    "length": 800.0
                },
                "virtual_positions": null
            },
            {
                "id": 14,
                "info": {
                    "color": "#e55765",
                    "title": "Евро",
                    "article": "22",
                    "group_id": "1abeqwcmqfu89h2vn49ed2ny7e5nmemb",
                    "group_title": "Группа 1"
                },
                "mass": 150.0,
                "size": {
                    "width": 800.0,
                    "height": 2445.0,
                    "length": 1200.0
                },
                "sort": 1,
                "step": 5,
                "type": "box",
                "margin": {
                    "width": 0.0,
                    "height": 0.0,
                    "length": 0.0
                },
                "cargo_id": "cxzqeh6ep5pjtn2pufmn9qi9johgrlgy",
                "position": {
                    "x": 2162.1538461538457,
                    "y": 0.0,
                    "z": 1232.0
                },
                "stacking": false,
                "turnover": true,
                "rotation_state": 1,
                "stacking_limit": 0.0,
                "calculated_size": {
                    "width": 1200.0,
                    "height": 2445.0,
                    "length": 800.0
                },
                "virtual_positions": null
            },
            {
                "id": 13,
                "info": {
                    "color": "#e55765",
                    "title": "Евро",
                    "article": "22",
                    "group_id": "1abeqwcmqfu89h2vn49ed2ny7e5nmemb",
                    "group_title": "Группа 1"
                },
                "mass": 150.0,
                "size": {
                    "width": 800.0,
                    "height": 2445.0,
                    "length": 1200.0
                },
                "sort": 1,
                "step": 6,
                "type": "box",
                "margin": {
                    "width": 0.0,
                    "height": 0.0,
                    "length": 0.0
                },
                "cargo_id": "cxzqeh6ep5pjtn2pufmn9qi9johgrlgy",
                "position": {
                    "x": 2162.1538461538457,
                    "y": 0.0,
                    "z": 0.0
                },
                "stacking": false,
                "turnover": true,
                "rotation_state": 1,
                "stacking_limit": 0.0,
                "calculated_size": {
                    "width": 1200.0,
                    "height": 2445.0,
                    "length": 800.0
                },
                "virtual_positions": null
            },
            {
                "id": 10,
                "info": {
                    "color": "#e55765",
                    "title": "Евро",
                    "article": "22",
                    "group_id": "1abeqwcmqfu89h2vn49ed2ny7e5nmemb",
                    "group_title": "Группа 1"
                },
                "mass": 150.0,
                "size": {
                    "width": 800.0,
                    "height": 2445.0,
                    "length": 1200.0
                },
                "sort": 1,
                "step": 7,
                "type": "box",
                "margin": {
                    "width": 0.0,
                    "height": 0.0,
                    "length": 0.0
                },
                "cargo_id": "cxzqeh6ep5pjtn2pufmn9qi9johgrlgy",
                "position": {
                    "x": 2962.1538461538457,
                    "y": 0.0,
                    "z": 1232.0
                },
                "stacking": false,
                "turnover": true,
                "rotation_state": 1,
                "stacking_limit": 0.0,
                "calculated_size": {
                    "width": 1200.0,
                    "height": 2445.0,
                    "length": 800.0
                },
                "virtual_positions": null
            },
            {
                "id": 9,
                "info": {
                    "color": "#e55765",
                    "title": "Евро",
                    "article": "22",
                    "group_id": "1abeqwcmqfu89h2vn49ed2ny7e5nmemb",
                    "group_title": "Группа 1"
                },
                "mass": 150.0,
                "size": {
                    "width": 800.0,
                    "height": 2445.0,
                    "length": 1200.0
                },
                "sort": 1,
                "step": 8,
                "type": "box",
                "margin": {
                    "width": 0.0,
                    "height": 0.0,
                    "length": 0.0
                },
                "cargo_id": "cxzqeh6ep5pjtn2pufmn9qi9johgrlgy",
                "position": {
                    "x": 2962.1538461538457,
                    "y": 0.0,
                    "z": 0.0
                },
                "stacking": false,
                "turnover": true,
                "rotation_state": 1,
                "stacking_limit": 0.0,
                "calculated_size": {
                    "width": 1200.0,
                    "height": 2445.0,
                    "length": 800.0
                },
                "virtual_positions": null
            },
            {
                "id": 6,
                "info": {
                    "color": "#e55765",
                    "title": "Евро",
                    "article": "22",
                    "group_id": "1abeqwcmqfu89h2vn49ed2ny7e5nmemb",
                    "group_title": "Группа 1"
                },
                "mass": 150.0,
                "size": {
                    "width": 800.0,
                    "height": 2445.0,
                    "length": 1200.0
                },
                "sort": 1,
                "step": 9,
                "type": "box",
                "margin": {
                    "width": 0.0,
                    "height": 0.0,
                    "length": 0.0
                },
                "cargo_id": "cxzqeh6ep5pjtn2pufmn9qi9johgrlgy",
                "position": {
                    "x": 3762.1538461538457,
                    "y": 0.0,
                    "z": 1232.0
                },
                "stacking": false,
                "turnover": true,
                "rotation_state": 1,
                "stacking_limit": 0.0,
                "calculated_size": {
                    "width": 1200.0,
                    "height": 2445.0,
                    "length": 800.0
                },
                "virtual_positions": null
            },
            {
                "id": 5,
                "info": {
                    "color": "#e55765",
                    "title": "Евро",
                    "article": "22",
                    "group_id": "1abeqwcmqfu89h2vn49ed2ny7e5nmemb",
                    "group_title": "Группа 1"
                },
                "mass": 150.0,
                "size": {
                    "width": 800.0,
                    "height": 2445.0,
                    "length": 1200.0
                },
                "sort": 1,
                "step": 10,
                "type": "box",
                "margin": {
                    "width": 0.0,
                    "height": 0.0,
                    "length": 0.0
                },
                "cargo_id": "cxzqeh6ep5pjtn2pufmn9qi9johgrlgy",
                "position": {
                    "x": 3762.1538461538457,
                    "y": 0.0,
                    "z": 0.0
                },
                "stacking": false,
                "turnover": true,
                "rotation_state": 1,
                "stacking_limit": 0.0,
                "calculated_size": {
                    "width": 1200.0,
                    "height": 2445.0,
                    "length": 800.0
                },
                "virtual_positions": null
            },
            {
                "id": 4,
                "info": {
                    "color": "#e55765",
                    "title": "Евро",
                    "article": "22",
                    "group_id": "1abeqwcmqfu89h2vn49ed2ny7e5nmemb",
                    "group_title": "Группа 1"
                },
                "mass": 150.0,
                "size": {
                    "width": 800.0,
                    "height": 2445.0,
                    "length": 1200.0
                },
                "sort": 1,
                "step": 11,
                "type": "box",
                "margin": {
                    "width": 0.0,
                    "height": 0.0,
                    "length": 0.0
                },
                "cargo_id": "cxzqeh6ep5pjtn2pufmn9qi9johgrlgy",
                "position": {
                    "x": 4562.153846153846,
                    "y": 0.0,
                    "z": 1232.0
                },
                "stacking": false,
                "turnover": true,
                "rotation_state": 1,
                "stacking_limit": 0.0,
                "calculated_size": {
                    "width": 1200.0,
                    "height": 2445.0,
                    "length": 800.0
                },
                "virtual_positions": null
            },
            {
                "id": 3,
                "info": {
                    "color": "#e55765",
                    "title": "Евро",
                    "article": "22",
                    "group_id": "1abeqwcmqfu89h2vn49ed2ny7e5nmemb",
                    "group_title": "Группа 1"
                },
                "mass": 150.0,
                "size": {
                    "width": 800.0,
                    "height": 2445.0,
                    "length": 1200.0
                },
                "sort": 1,
                "step": 12,
                "type": "box",
                "margin": {
                    "width": 0.0,
                    "height": 0.0,
                    "length": 0.0
                },
                "cargo_id": "cxzqeh6ep5pjtn2pufmn9qi9johgrlgy",
                "position": {
                    "x": 4562.153846153846,
                    "y": 0.0,
                    "z": 0.0
                },
                "stacking": false,
                "turnover": true,
                "rotation_state": 1,
                "stacking_limit": 0.0,
                "calculated_size": {
                    "width": 1200.0,
                    "height": 2445.0,
                    "length": 800.0
                },
                "virtual_positions": null
            },
            {
                "id": 1,
                "info": {
                    "color": "#e258d5",
                    "title": "Азия",
                    "article": "23",
                    "group_id": "1abeqwcmqfu89h2vn49ed2ny7e5nmemb",
                    "group_title": "Группа 1"
                },
                "mass": 150.0,
                "size": {
                    "width": 1000.0,
                    "height": 2445.0,
                    "length": 1100.0
                },
                "sort": 1,
                "step": 13,
                "type": "box",
                "margin": {
                    "width": 0.0,
                    "height": 0.0,
                    "length": 0.0
                },
                "cargo_id": "0mw6jxxwpdtrz9shdj9miz3kqj6tx4ad",
                "position": {
                    "x": 5362.153846153846,
                    "y": 0.0,
                    "z": 1332.0
                },
                "stacking": true,
                "turnover": true,
                "rotation_state": 1,
                "stacking_limit": 0.0,
                "calculated_size": {
                    "width": 1100.0,
                    "height": 2445.0,
                    "length": 1000.0
                },
                "virtual_positions": null
            },
            {
                "id": 24,
                "info": {
                    "color": "#8dd155",
                    "title": "usd",
                    "article": "21",
                    "group_id": "1abeqwcmqfu89h2vn49ed2ny7e5nmemb",
                    "group_title": "Группа 1"
                },
                "mass": 150.0,
                "size": {
                    "width": 1000.0,
                    "height": 2435.0,
                    "length": 1300.0
                },
                "sort": 1,
                "step": 14,
                "type": "box",
                "margin": {
                    "width": 0.0,
                    "height": 0.0,
                    "length": 0.0
                },
                "cargo_id": "vfuaqecrq464fdahwoojufb0zxiyltrh",
                "position": {
                    "x": 5362.153846153846,
                    "y": 0.0,
                    "z": 0.0
                },
                "stacking": false,
                "turnover": true,
                "rotation_state": 1,
                "stacking_limit": 0.0,
                "calculated_size": {
                    "width": 1300.0,
                    "height": 2435.0,
                    "length": 1000.0
                },
                "virtual_positions": null
            },
            {
                "id": 0,
                "info": {
                    "color": "#e258d5",
                    "title": "Азия",
                    "article": "23",
                    "group_id": "1abeqwcmqfu89h2vn49ed2ny7e5nmemb",
                    "group_title": "Группа 1"
                },
                "mass": 150.0,
                "size": {
                    "width": 1000.0,
                    "height": 2445.0,
                    "length": 1100.0
                },
                "sort": 1,
                "step": 15,
                "type": "box",
                "margin": {
                    "width": 0.0,
                    "height": 0.0,
                    "length": 0.0
                },
                "cargo_id": "0mw6jxxwpdtrz9shdj9miz3kqj6tx4ad",
                "position": {
                    "x": 6362.153846153846,
                    "y": 0.0,
                    "z": 1332.0
                },
                "stacking": true,
                "turnover": true,
                "rotation_state": 1,
                "stacking_limit": 0.0,
                "calculated_size": {
                    "width": 1100.0,
                    "height": 2445.0,
                    "length": 1000.0
                },
                "virtual_positions": null
            },
            {
                "id": 23,
                "info": {
                    "color": "#8dd155",
                    "title": "usd",
                    "article": "21",
                    "group_id": "1abeqwcmqfu89h2vn49ed2ny7e5nmemb",
                    "group_title": "Группа 1"
                },
                "mass": 150.0,
                "size": {
                    "width": 1000.0,
                    "height": 2435.0,
                    "length": 1300.0
                },
                "sort": 1,
                "step": 16,
                "type": "box",
                "margin": {
                    "width": 0.0,
                    "height": 0.0,
                    "length": 0.0
                },
                "cargo_id": "vfuaqecrq464fdahwoojufb0zxiyltrh",
                "position": {
                    "x": 6362.153846153846,
                    "y": 0.0,
                    "z": 0.0
                },
                "stacking": false,
                "turnover": true,
                "rotation_state": 1,
                "stacking_limit": 0.0,
                "calculated_size": {
                    "width": 1300.0,
                    "height": 2435.0,
                    "length": 1000.0
                },
                "virtual_positions": null
            },
            {
                "id": 2,
                "info": {
                    "color": "#e258d5",
                    "title": "Азия",
                    "article": "23",
                    "group_id": "1abeqwcmqfu89h2vn49ed2ny7e5nmemb",
                    "group_title": "Группа 1"
                },
                "mass": 150.0,
                "size": {
                    "width": 1000.0,
                    "height": 2445.0,
                    "length": 1100.0
                },
                "sort": 1,
                "step": 17,
                "type": "box",
                "margin": {
                    "width": 0.0,
                    "height": 0.0,
                    "length": 0.0
                },
                "cargo_id": "0mw6jxxwpdtrz9shdj9miz3kqj6tx4ad",
                "position": {
                    "x": 7362.153846153846,
                    "y": 0.0,
                    "z": 1332.0
                },
                "stacking": true,
                "turnover": true,
                "rotation_state": 1,
                "stacking_limit": 0.0,
                "calculated_size": {
                    "width": 1100.0,
                    "height": 2445.0,
                    "length": 1000.0
                },
                "virtual_positions": null
            },
            {
                "id": 25,
                "info": {
                    "color": "#8dd155",
                    "title": "usd",
                    "article": "21",
                    "group_id": "1abeqwcmqfu89h2vn49ed2ny7e5nmemb",
                    "group_title": "Группа 1"
                },
                "mass": 150.0,
                "size": {
                    "width": 1000.0,
                    "height": 2435.0,
                    "length": 1300.0
                },
                "sort": 1,
                "step": 18,
                "type": "box",
                "margin": {
                    "width": 0.0,
                    "height": 0.0,
                    "length": 0.0
                },
                "cargo_id": "vfuaqecrq464fdahwoojufb0zxiyltrh",
                "position": {
                    "x": 7362.153846153846,
                    "y": 0.0,
                    "z": 0.0
                },
                "stacking": false,
                "turnover": true,
                "rotation_state": 1,
                "stacking_limit": 0.0,
                "calculated_size": {
                    "width": 1300.0,
                    "height": 2435.0,
                    "length": 1000.0
                },
                "virtual_positions": null
            },
            {
                "id": 8,
                "info": {
                    "color": "#e55765",
                    "title": "Евро",
                    "article": "22",
                    "group_id": "1abeqwcmqfu89h2vn49ed2ny7e5nmemb",
                    "group_title": "Группа 1"
                },
                "mass": 150.0,
                "size": {
                    "width": 800.0,
                    "height": 2445.0,
                    "length": 1200.0
                },
                "sort": 1,
                "step": 19,
                "type": "box",
                "margin": {
                    "width": 0.0,
                    "height": 0.0,
                    "length": 0.0
                },
                "cargo_id": "cxzqeh6ep5pjtn2pufmn9qi9johgrlgy",
                "position": {
                    "x": 8362.153846153846,
                    "y": 0.0,
                    "z": 1232.0
                },
                "stacking": false,
                "turnover": true,
                "rotation_state": 1,
                "stacking_limit": 0.0,
                "calculated_size": {
                    "width": 1200.0,
                    "height": 2445.0,
                    "length": 800.0
                },
                "virtual_positions": null
            },
            {
                "id": 7,
                "info": {
                    "color": "#e55765",
                    "title": "Евро",
                    "article": "22",
                    "group_id": "1abeqwcmqfu89h2vn49ed2ny7e5nmemb",
                    "group_title": "Группа 1"
                },
                "mass": 150.0,
                "size": {
                    "width": 800.0,
                    "height": 2445.0,
                    "length": 1200.0
                },
                "sort": 1,
                "step": 20,
                "type": "box",
                "margin": {
                    "width": 0.0,
                    "height": 0.0,
                    "length": 0.0
                },
                "cargo_id": "cxzqeh6ep5pjtn2pufmn9qi9johgrlgy",
                "position": {
                    "x": 8362.153846153846,
                    "y": 0.0,
                    "z": 0.0
                },
                "stacking": false,
                "turnover": true,
                "rotation_state": 1,
                "stacking_limit": 0.0,
                "calculated_size": {
                    "width": 1200.0,
                    "height": 2445.0,
                    "length": 800.0
                },
                "virtual_positions": null
            },
            {
                "id": 12,
                "info": {
                    "color": "#e55765",
                    "title": "Евро",
                    "article": "22",
                    "group_id": "1abeqwcmqfu89h2vn49ed2ny7e5nmemb",
                    "group_title": "Группа 1"
                },
                "mass": 150.0,
                "size": {
                    "width": 800.0,
                    "height": 2445.0,
                    "length": 1200.0
                },
                "sort": 1,
                "step": 21,
                "type": "box",
                "margin": {
                    "width": 0.0,
                    "height": 0.0,
                    "length": 0.0
                },
                "cargo_id": "cxzqeh6ep5pjtn2pufmn9qi9johgrlgy",
                "position": {
                    "x": 9162.153846153846,
                    "y": 0.0,
                    "z": 1232.0
                },
                "stacking": false,
                "turnover": true,
                "rotation_state": 1,
                "stacking_limit": 0.0,
                "calculated_size": {
                    "width": 1200.0,
                    "height": 2445.0,
                    "length": 800.0
                },
                "virtual_positions": null
            },
            {
                "id": 11,
                "info": {
                    "color": "#e55765",
                    "title": "Евро",
                    "article": "22",
                    "group_id": "1abeqwcmqfu89h2vn49ed2ny7e5nmemb",
                    "group_title": "Группа 1"
                },
                "mass": 150.0,
                "size": {
                    "width": 800.0,
                    "height": 2445.0,
                    "length": 1200.0
                },
                "sort": 1,
                "step": 22,
                "type": "box",
                "margin": {
                    "width": 0.0,
                    "height": 0.0,
                    "length": 0.0
                },
                "cargo_id": "cxzqeh6ep5pjtn2pufmn9qi9johgrlgy",
                "position": {
                    "x": 9162.153846153846,
                    "y": 0.0,
                    "z": 0.0
                },
                "stacking": false,
                "turnover": true,
                "rotation_state": 1,
                "stacking_limit": 0.0,
                "calculated_size": {
                    "width": 1200.0,
                    "height": 2445.0,
                    "length": 800.0
                },
                "virtual_positions": null
            },
            {
                "id": 16,
                "info": {
                    "color": "#e55765",
                    "title": "Евро",
                    "article": "22",
                    "group_id": "1abeqwcmqfu89h2vn49ed2ny7e5nmemb",
                    "group_title": "Группа 1"
                },
                "mass": 150.0,
                "size": {
                    "width": 800.0,
                    "height": 2445.0,
                    "length": 1200.0
                },
                "sort": 1,
                "step": 23,
                "type": "box",
                "margin": {
                    "width": 0.0,
                    "height": 0.0,
                    "length": 0.0
                },
                "cargo_id": "cxzqeh6ep5pjtn2pufmn9qi9johgrlgy",
                "position": {
                    "x": 9962.153846153846,
                    "y": 0.0,
                    "z": 1232.0
                },
                "stacking": false,
                "turnover": true,
                "rotation_state": 1,
                "stacking_limit": 0.0,
                "calculated_size": {
                    "width": 1200.0,
                    "height": 2445.0,
                    "length": 800.0
                },
                "virtual_positions": null
            },
            {
                "id": 15,
                "info": {
                    "color": "#e55765",
                    "title": "Евро",
                    "article": "22",
                    "group_id": "1abeqwcmqfu89h2vn49ed2ny7e5nmemb",
                    "group_title": "Группа 1"
                },
                "mass": 150.0,
                "size": {
                    "width": 800.0,
                    "height": 2445.0,
                    "length": 1200.0
                },
                "sort": 1,
                "step": 24,
                "type": "box",
                "margin": {
                    "width": 0.0,
                    "height": 0.0,
                    "length": 0.0
                },
                "cargo_id": "cxzqeh6ep5pjtn2pufmn9qi9johgrlgy",
                "position": {
                    "x": 9962.153846153846,
                    "y": 0.0,
                    "z": 0.0
                },
                "stacking": false,
                "turnover": true,
                "rotation_state": 1,
                "stacking_limit": 0.0,
                "calculated_size": {
                    "width": 1200.0,
                    "height": 2445.0,
                    "length": 800.0
                },
                "virtual_positions": null
            },
            {
                "id": 20,
                "info": {
                    "color": "#e55765",
                    "title": "Евро",
                    "article": "22",
                    "group_id": "1abeqwcmqfu89h2vn49ed2ny7e5nmemb",
                    "group_title": "Группа 1"
                },
                "mass": 150.0,
                "size": {
                    "width": 800.0,
                    "height": 2445.0,
                    "length": 1200.0
                },
                "sort": 1,
                "step": 25,
                "type": "box",
                "margin": {
                    "width": 0.0,
                    "height": 0.0,
                    "length": 0.0
                },
                "cargo_id": "cxzqeh6ep5pjtn2pufmn9qi9johgrlgy",
                "position": {
                    "x": 10762.153846153846,
                    "y": 0.0,
                    "z": 1232.0
                },
                "stacking": false,
                "turnover": true,
                "rotation_state": 1,
                "stacking_limit": 0.0,
                "calculated_size": {
                    "width": 1200.0,
                    "height": 2445.0,
                    "length": 800.0
                },
                "virtual_positions": null
            },
            {
                "id": 19,
                "info": {
                    "color": "#e55765",
                    "title": "Евро",
                    "article": "22",
                    "group_id": "1abeqwcmqfu89h2vn49ed2ny7e5nmemb",
                    "group_title": "Группа 1"
                },
                "mass": 150.0,
                "size": {
                    "width": 800.0,
                    "height": 2445.0,
                    "length": 1200.0
                },
                "sort": 1,
                "step": 26,
                "type": "box",
                "margin": {
                    "width": 0.0,
                    "height": 0.0,
                    "length": 0.0
                },
                "cargo_id": "cxzqeh6ep5pjtn2pufmn9qi9johgrlgy",
                "position": {
                    "x": 10762.153846153846,
                    "y": 0.0,
                    "z": 0.0
                },
                "stacking": false,
                "turnover": true,
                "rotation_state": 1,
                "stacking_limit": 0.0,
                "calculated_size": {
                    "width": 1200.0,
                    "height": 2445.0,
                    "length": 800.0
                },
                "virtual_positions": null
            }
        ],
        "version": 5,
        "cargo_space": {
            "id": 265,
            "info": {
                "uid": "265_0",
                "sort": 0,
                "title": "40' HCPW (valid)"
            },
            "mass": 4400.0,
            "size": {
                "width": 2500.0,
                "height": 2896.0,
                "length": 12192.0
            },
            "type": "container",
            "indentation": {
                "width": 34.0,
                "height": 0.0,
                "length": 80.0,
                "height_top": 198.0,
                "length_end": 80.0,
                "width_right": 34.0
            },
            "loading_size": {
                "width": 2432.0,
                "height": 2698.0,
                "length": 12032.0
            },
            "calculation_info": {
                "step_count": 26,
                "cargos_mass": 3.9,
                "load_volume": 78.948401152,
                "cargos_volume": 64.509,
                "count_cargoes": 26,
                "load_capacity": 30.72,
                "loading_height": 2.445,
                "density_percent": 96.86343,
                "remaining_volume": 14.4394,
                "void_space_percent": 18.28967,
                "filling_space_percent": 81.71033
            },
            "carrying_capacity": 30720.0,
            "real_center_of_gravity": [
                6016.0,
                1221.923076923077,
                1227.538461538462
            ],
            "ideal_center_of_gravity": [
                6016.0,
                0.0,
                1216.0
            ]
        },
        "cargo_groups": [],
        "packing_type": "PackingContainerPoint",
        "calculation_id": 16404,
        "invalid_errors": [],
        "unpacked_errors": [],
        "validate_errors": [],
        "is_packed_same_boxes": false
    }
}