{
    "data": {
        "cargoes": [
            {
                "info": {
                    "color": "#50e05a",
                    "title": "Компрессор",
                    "article": "9",
                    "group_id": "1ck871hmnmbxezkmc5a6wp6xzf7dhbeh",
                    "group_title": "Группа 1"
                },
                "mass": 300.0,
                "size": {
                    "width": 600,
                    "height": 800,
                    "length": 1200
                },
                "sort": 1,
                "type": "box",
                "count": 1,
                "margin": {
                    "width": 0,
                    "height": 0,
                    "length": 0
                },
                "cargo_id": "hwzgh4d3pcwh154dnkk240ekdxns7pzw",
                "stacking": false,
                "turnover": false,
                "margin_width": 0,
                "margin_length": 0,
                "stacking_limit": 0
            },
            {
                "info": {
                    "color": "#522ac9",
                    "title": "чиллер",
                    "article": "8",
                    "group_id": "1ck871hmnmbxezkmc5a6wp6xzf7dhbeh",
                    "group_title": "Группа 1"
                },
                "mass": 30.0,
                "size": {
                    "width": 400,
                    "height": 500,
                    "length": 600
                },
                "sort": 1,
                "type": "box",
                "count": 1,
                "margin": {
                    "width": 0,
                    "height": 0,
                    "length": 0
                },
                "cargo_id": "hsy0zdebsuhlj6zaoa8cfxwq88hmqrky",
                "stacking": true,
                "turnover": false,
                "margin_width": 0,
                "margin_length": 0,
                "stacking_limit": 0
            },
            {
                "info": {
                    "color": "#00165e",
                    "title": "Источник",
                    "article": "7",
                    "group_id": "1ck871hmnmbxezkmc5a6wp6xzf7dhbeh",
                    "group_title": "Группа 1"
                },
                "mass": 120.0,
                "size": {
                    "width": 600,
                    "height": 800,
                    "length": 1000
                },
                "sort": 1,
                "type": "box",
                "count": 1,
                "margin": {
                    "width": 0,
                    "height": 0,
                    "length": 0
                },
                "cargo_id": "05hnh5awrkcggxvrsn67szmbew7k0k9z",
                "stacking": true,
                "turnover": true,
                "margin_width": 0,
                "margin_length": 0,
                "stacking_limit": 0
            },
            {
                "info": {
                    "color": "#7cf26d",
                    "title": "Фланцы направляющих",
                    "article": "6",
                    "group_id": "1ck871hmnmbxezkmc5a6wp6xzf7dhbeh",
                    "group_title": "Группа 1"
                },
                "mass": 10.0,
                "size": {
                    "width": 200,
                    "height": 200,
                    "length": 300
                },
                "sort": 1,
                "type": "box",
                "count": 5,
                "margin": {
                    "width": 0,
                    "height": 0,
                    "length": 0
                },
                "cargo_id": "jkue5o6qeqtcktchcyntl9nc1mrlx8ce",
                "stacking": true,
                "turnover": true,
                "margin_width": 0,
                "margin_length": 0,
                "stacking_limit": 0
            },
            {
                "info": {
                    "color": "#f9ba25",
                    "title": "метизы",
                    "article": "5",
                    "group_id": "1ck871hmnmbxezkmc5a6wp6xzf7dhbeh",
                    "group_title": "Группа 1"
                },
                "mass": 15.0,
                "size": {
                    "width": 300,
                    "height": 200,
                    "length": 300
                },
                "sort": 1,
                "type": "box",
                "count": 1,
                "margin": {
                    "width": 0,
                    "height": 0,
                    "length": 0
                },
                "cargo_id": "uhb0dzbovsogdr4vurrgfd9a6yos9h4g",
                "stacking": true,
                "turnover": true,
                "margin_width": 0,
                "margin_length": 0,
                "stacking_limit": 0
            },
            {
                "info": {
                    "color": "#0e9317",
                    "title": "полки",
                    "article": "4",
                    "group_id": "1ck871hmnmbxezkmc5a6wp6xzf7dhbeh",
                    "group_title": "Группа 1"
                },
                "mass": 10.0,
                "size": {
                    "width": 300,
                    "height": 70,
                    "length": 2000
                },
                "sort": 1,
                "type": "box",
                "count": 4,
                "margin": {
                    "width": 0,
                    "height": 0,
                    "length": 0
                },
                "cargo_id": "drkc7xhq06amn09kf0jso18gj76y2tyv",
                "stacking": false,
                "turnover": false,
                "margin_width": 0,
                "margin_length": 0,
                "stacking_limit": 0
            },
            {
                "info": {
                    "color": "#f25cca",
                    "title": "портал-чпу",
                    "article": "3",
                    "group_id": "1ck871hmnmbxezkmc5a6wp6xzf7dhbeh",
                    "group_title": "Группа 1"
                },
                "mass": 200.0,
                "size": {
                    "width": 800,
                    "height": 1000,
                    "length": 2500
                },
                "sort": 1,
                "type": "box",
                "count": 1,
                "margin": {
                    "width": 0,
                    "height": 0,
                    "length": 0
                },
                "cargo_id": "rumcwvdvxcrnb8sr56pfdlfoma4swgxn",
                "stacking": true,
                "turnover": true,
                "margin_width": 0,
                "margin_length": 0,
                "stacking_limit": 0
            },
            {
                "info": {
                    "color": "#0b3eaa",
                    "title": "направляющие",
                    "article": "2",
                    "group_id": "1ck871hmnmbxezkmc5a6wp6xzf7dhbeh",
                    "group_title": "Группа 1"
                },
                "mass": 100.0,
                "size": {
                    "width": 300,
                    "height": 600,
                    "length": 7000
                },
                "sort": 1,
                "type": "box",
                "count": 2,
                "margin": {
                    "width": 0,
                    "height": 0,
                    "length": 0
                },
                "cargo_id": "zpm6w1he0tllbuom1oveypmc6l0auwhm",
                "stacking": true,
                "turnover": true,
                "margin_width": 0,
                "margin_length": 0,
                "stacking_limit": 0
            },
            {
                "info": {
                    "color": "#fc00c5",
                    "title": "Стол",
                    "article": "1",
                    "group_id": "1ck871hmnmbxezkmc5a6wp6xzf7dhbeh",
                    "group_title": "Группа 1"
                },
                "mass": 1000.0,
                "size": {
                    "width": 2000,
                    "height": 600,
                    "length": 6000
                },
                "sort": 1,
                "type": "box",
                "count": 1,
                "margin": {
                    "width": 0,
                    "height": 0,
                    "length": 0
                },
                "cargo_id": "tk51qradd669vcof9bxkztd0fpvpozno",
                "stacking": true,
                "turnover": false,
                "margin_width": 0,
                "margin_length": 0,
                "stacking_limit": 0
            }
        ],
        "settings": {
            "rank": false,
            "max_step": 100,
            "min_step": 50,
            "usersort": false,
            "hardlimit": 1801,
            "timelimit": 1800,
            "step_scaling": 10
        },
        "put_boxes": [],
        "initial_id": 0,
        "cargo_space": {
            "id": 201,
            "info": {
                "uid": "201_0",
                "sort": 0,
                "title": "KRONE SDP 27"
            },
            "mass": 6500,
            "size": {
                "width": 2480,
                "height": 2860,
                "length": 13692
            },
            "type": "truck",
            "axles": [
                {
                    "title": "Ось 1",
                    "distance": 1155,
                    "max_load": 9000,
                    "default_load": 1665
                },
                {
                    "title": "Ось 2",
                    "distance": 1282,
                    "max_load": 9000,
                    "default_load": 1665
                },
                {
                    "title": "Ось 3",
                    "distance": 1300,
                    "max_load": 9000,
                    "default_load": 1670
                }
            ],
            "hitch": {
                "title": "",
                "distance": 7000,
                "max_load": 12000,
                "default_load": 1500
            },
            "title": "KRONE SDP 27",
            "tractor": {
                "mass": 9000,
                "axles": [
                    {
                        "title": "Ось 1",
                        "distance": 1410,
                        "max_load": 8000,
                        "default_load": 6000
                    },
                    {
                        "title": "Ось 2",
                        "distance": 2827,
                        "max_load": 11000,
                        "default_load": 2300
                    },
                    {
                        "title": "Ось 3",
                        "distance": 1395,
                        "max_load": 10000,
                        "default_load": 2200
                    }
                ],
                "title": "IVECO STRALIS AT440S42",
                "length": 6140,
                "hitch_distance": 778
            },
            "indentation": {
                "width": 0,
                "height": 0,
                "length": 46,
                "height_top": 0,
                "length_end": 46,
                "width_right": 0
            },
            "loading_size": {
                "width": 2480,
                "height": 2860,
                "length": 13600
            },
            "carrying_capacity": 32500
        },
        "calculation_id": "16554"
    },
    "data_result": {
        "boxes": [
            {
                "id": 14,
                "info": {
                    "color": "#0b3eaa",
                    "title": "направляющие",
                    "article": "2",
                    "group_id": "1ck871hmnmbxezkmc5a6wp6xzf7dhbeh",
                    "group_title": "Группа 1"
                },
                "mass": 100.0,
                "size": {
                    "width": 300.0,
                    "height": 600.0,
                    "length": 7000.0
                },
                "sort": 1,
                "step": 1,
                "type": "box",
                "margin": {
                    "width": 0.0,
                    "height": 0.0,
                    "length": 0.0
                },
                "cargo_id": "zpm6w1he0tllbuom1oveypmc6l0auwhm",
                "position": {
                    "x": 0.0,
                    "y": 0.0,
                    "z": 2000.0
                },
                "stacking": true,
                "turnover": true,
                "rotation_state": 0,
                "stacking_limit": 0.0,
                "calculated_size": {
                    "width": 300.0,
                    "height": 600.0,
                    "length": 7000.0
                },
                "virtual_positions": null
            },
            {
                "id": 16,
                "info": {
                    "color": "#fc00c5",
                    "title": "Стол",
                    "article": "1",
                    "group_id": "1ck871hmnmbxezkmc5a6wp6xzf7dhbeh",
                    "group_title": "Группа 1"
                },
                "mass": 1000.0,
                "size": {
                    "width": 2000.0,
                    "height": 600.0,
                    "length": 6000.0
                },
                "sort": 1,
                "step": 2,
                "type": "box",
                "margin": {
                    "width": 0.0,
                    "height": 0.0,
                    "length": 0.0
                },
                "cargo_id": "tk51qradd669vcof9bxkztd0fpvpozno",
                "position": {
                    "x": 0.0,
                    "y": 0.0,
                    "z": 0.0
                },
                "stacking": true,
                "turnover": false,
                "rotation_state": 0,
                "stacking_limit": 0.0,
                "calculated_size": {
                    "width": 2000.0,
                    "height": 600.0,
                    "length": 6000.0
                },
                "virtual_positions": null
            },
            {
                "id": 15,
                "info": {
                    "color": "#0b3eaa",
                    "title": "направляющие",
                    "article": "2",
                    "group_id": "1ck871hmnmbxezkmc5a6wp6xzf7dhbeh",
                    "group_title": "Группа 1"
                },
                "mass": 100.0,
                "size": {
                    "width": 300.0,
                    "height": 600.0,
                    "length": 7000.0
                },
                "sort": 1,
                "step": 3,
                "type": "box",
                "margin": {
                    "width": 0.0,
                    "height": 0.0,
                    "length": 0.0
                },
                "cargo_id": "zpm6w1he0tllbuom1oveypmc6l0auwhm",
                "position": {
                    "x": 0.0,
                    "y": 600.0,
                    "z": 1880.0
                },
                "stacking": true,
                "turnover": true,
                "rotation_state": 4,
                "stacking_limit": 0.0,
                "calculated_size": {
                    "width": 600.0,
                    "height": 300.0,
                    "length": 7000.0
                },
                "virtual_positions": null
            },
            {
                "id": 12,
                "info": {
                    "color": "#0e9317",
                    "title": "полки",
                    "article": "4",
                    "group_id": "1ck871hmnmbxezkmc5a6wp6xzf7dhbeh",
                    "group_title": "Группа 1"
                },
                "mass": 10.0,
                "size": {
                    "width": 300.0,
                    "height": 70.0,
                    "length": 2000.0
                },
                "sort": 1,
                "step": 4,
                "type": "box",
                "margin": {
                    "width": 0.0,
                    "height": 0.0,
                    "length": 0.0
                },
                "cargo_id": "drkc7xhq06amn09kf0jso18gj76y2tyv",
                "position": {
                    "x": 0.0,
                    "y": 600.0,
                    "z": 1580.0
                },
                "stacking": false,
                "turnover": false,
                "rotation_state": 0,
                "stacking_limit": 0.0,
                "calculated_size": {
                    "width": 300.0,
                    "height": 70.0,
                    "length": 2000.0
                },
                "virtual_positions": null
            },
            {
                "id": 1,
                "info": {
                    "color": "#522ac9",
                    "title": "чиллер",
                    "article": "8",
                    "group_id": "1ck871hmnmbxezkmc5a6wp6xzf7dhbeh",
                    "group_title": "Группа 1"
                },
                "mass": 30.0,
                "size": {
                    "width": 400.0,
                    "height": 500.0,
                    "length": 600.0
                },
                "sort": 1,
                "step": 5,
                "type": "box",
                "margin": {
                    "width": 0.0,
                    "height": 0.0,
                    "length": 0.0
                },
                "cargo_id": "hsy0zdebsuhlj6zaoa8cfxwq88hmqrky",
                "position": {
                    "x": 6000.0,
                    "y": 0.0,
                    "z": 1600.0
                },
                "stacking": true,
                "turnover": false,
                "rotation_state": 0,
                "stacking_limit": 0.0,
                "calculated_size": {
                    "width": 400.0,
                    "height": 500.0,
                    "length": 600.0
                },
                "virtual_positions": null
            },
            {
                "id": 8,
                "info": {
                    "color": "#f9ba25",
                    "title": "метизы",
                    "article": "5",
                    "group_id": "1ck871hmnmbxezkmc5a6wp6xzf7dhbeh",
                    "group_title": "Группа 1"
                },
                "mass": 15.0,
                "size": {
                    "width": 300.0,
                    "height": 200.0,
                    "length": 300.0
                },
                "sort": 1,
                "step": 6,
                "type": "box",
                "margin": {
                    "width": 0.0,
                    "height": 0.0,
                    "length": 0.0
                },
                "cargo_id": "uhb0dzbovsogdr4vurrgfd9a6yos9h4g",
                "position": {
                    "x": 6600.0,
                    "y": 0.0,
                    "z": 1700.0
                },
                "stacking": true,
                "turnover": true,
                "rotation_state": 0,
                "stacking_limit": 0.0,
                "calculated_size": {
                    "width": 300.0,
                    "height": 200.0,
                    "length": 300.0
                },
                "virtual_positions": null
            },
            {
                "id": 5,
                "info": {
                    "color": "#7cf26d",
                    "title": "Фланцы направляющих",
                    "article": "6",
                    "group_id": "1ck871hmnmbxezkmc5a6wp6xzf7dhbeh",
                    "group_title": "Группа 1"
                },
                "mass": 10.0,
                "size": {
                    "width": 200.0,
                    "height": 200.0,
                    "length": 300.0
                },
                "sort": 1,
                "step": 7,
                "type": "box",
                "margin": {
                    "width": 0.0,
                    "height": 0.0,
                    "length": 0.0
                },
                "cargo_id": "jkue5o6qeqtcktchcyntl9nc1mrlx8ce",
                "position": {
                    "x": 7000.0,
                    "y": 0.0,
                    "z": 2000.0
                },
                "stacking": true,
                "turnover": true,
                "rotation_state": 1,
                "stacking_limit": 0.0,
                "calculated_size": {
                    "width": 300.0,
                    "height": 200.0,
                    "length": 200.0
                },
                "virtual_positions": null
            },
            {
                "id": 4,
                "info": {
                    "color": "#7cf26d",
                    "title": "Фланцы направляющих",
                    "article": "6",
                    "group_id": "1ck871hmnmbxezkmc5a6wp6xzf7dhbeh",
                    "group_title": "Группа 1"
                },
                "mass": 10.0,
                "size": {
                    "width": 200.0,
                    "height": 200.0,
                    "length": 300.0
                },
                "sort": 1,
                "step": 8,
                "type": "box",
                "margin": {
                    "width": 0.0,
                    "height": 0.0,
                    "length": 0.0
                },
                "cargo_id": "jkue5o6qeqtcktchcyntl9nc1mrlx8ce",
                "position": {
                    "x": 6900.0,
                    "y": 0.0,
                    "z": 1800.0
                },
                "stacking": true,
                "turnover": true,
                "rotation_state": 0,
                "stacking_limit": 0.0,
                "calculated_size": {
                    "width": 200.0,
                    "height": 200.0,
                    "length": 300.0
                },
                "virtual_positions": null
            },
            {
                "id": 3,
                "info": {
                    "color": "#7cf26d",
                    "title": "Фланцы направляющих",
                    "article": "6",
                    "group_id": "1ck871hmnmbxezkmc5a6wp6xzf7dhbeh",
                    "group_title": "Группа 1"
                },
                "mass": 10.0,
                "size": {
                    "width": 200.0,
                    "height": 200.0,
                    "length": 300.0
                },
                "sort": 1,
                "step": 9,
                "type": "box",
                "margin": {
                    "width": 0.0,
                    "height": 0.0,
                    "length": 0.0
                },
                "cargo_id": "jkue5o6qeqtcktchcyntl9nc1mrlx8ce",
                "position": {
                    "x": 6900.0,
                    "y": 0.0,
                    "z": 1600.0
                },
                "stacking": true,
                "turnover": true,
                "rotation_state": 0,
                "stacking_limit": 0.0,
                "calculated_size": {
                    "width": 200.0,
                    "height": 200.0,
                    "length": 300.0
                },
                "virtual_positions": null
            },
            {
                "id": 0,
                "info": {
                    "color": "#50e05a",
                    "title": "Компрессор",
                    "article": "9",
                    "group_id": "1ck871hmnmbxezkmc5a6wp6xzf7dhbeh",
                    "group_title": "Группа 1"
                },
                "mass": 300.0,
                "size": {
                    "width": 600.0,
                    "height": 800.0,
                    "length": 1200.0
                },
                "sort": 1,
                "step": 10,
                "type": "box",
                "margin": {
                    "width": 0.0,
                    "height": 0.0,
                    "length": 0.0
                },
                "cargo_id": "hwzgh4d3pcwh154dnkk240ekdxns7pzw",
                "position": {
                    "x": 6000.0,
                    "y": 0.0,
                    "z": 1000.0
                },
                "stacking": false,
                "turnover": false,
                "rotation_state": 0,
                "stacking_limit": 0.0,
                "calculated_size": {
                    "width": 600.0,
                    "height": 800.0,
                    "length": 1200.0
                },
                "virtual_positions": null
            },
            {
                "id": 6,
                "info": {
                    "color": "#7cf26d",
                    "title": "Фланцы направляющих",
                    "article": "6",
                    "group_id": "1ck871hmnmbxezkmc5a6wp6xzf7dhbeh",
                    "group_title": "Группа 1"
                },
                "mass": 10.0,
                "size": {
                    "width": 200.0,
                    "height": 200.0,
                    "length": 300.0
                },
                "sort": 1,
                "step": 11,
                "type": "box",
                "margin": {
                    "width": 0.0,
                    "height": 0.0,
                    "length": 0.0
                },
                "cargo_id": "jkue5o6qeqtcktchcyntl9nc1mrlx8ce",
                "position": {
                    "x": 7200.0,
                    "y": 0.0,
                    "z": 1800.0
                },
                "stacking": true,
                "turnover": true,
                "rotation_state": 1,
                "stacking_limit": 0.0,
                "calculated_size": {
                    "width": 300.0,
                    "height": 200.0,
                    "length": 200.0
                },
                "virtual_positions": null
            },
            {
                "id": 7,
                "info": {
                    "color": "#7cf26d",
                    "title": "Фланцы направляющих",
                    "article": "6",
                    "group_id": "1ck871hmnmbxezkmc5a6wp6xzf7dhbeh",
                    "group_title": "Группа 1"
                },
                "mass": 10.0,
                "size": {
                    "width": 200.0,
                    "height": 200.0,
                    "length": 300.0
                },
                "sort": 1,
                "step": 12,
                "type": "box",
                "margin": {
                    "width": 0.0,
                    "height": 0.0,
                    "length": 0.0
                },
                "cargo_id": "jkue5o6qeqtcktchcyntl9nc1mrlx8ce",
                "position": {
                    "x": 7400.0,
                    "y": 0.0,
                    "z": 1800.0
                },
                "stacking": true,
                "turnover": true,
                "rotation_state": 1,
                "stacking_limit": 0.0,
                "calculated_size": {
                    "width": 300.0,
                    "height": 200.0,
                    "length": 200.0
                },
                "virtual_positions": null
            },
            {
                "id": 2,
                "info": {
                    "color": "#00165e",
                    "title": "Источник",
                    "article": "7",
                    "group_id": "1ck871hmnmbxezkmc5a6wp6xzf7dhbeh",
                    "group_title": "Группа 1"
                },
                "mass": 120.0,
                "size": {
                    "width": 600.0,
                    "height": 800.0,
                    "length": 1000.0
                },
                "sort": 1,
                "step": 13,
                "type": "box",
                "margin": {
                    "width": 0.0,
                    "height": 0.0,
                    "length": 0.0
                },
                "cargo_id": "05hnh5awrkcggxvrsn67szmbew7k0k9z",
                "position": {
                    "x": 7200.0,
                    "y": 0.0,
                    "z": 1000.0
                },
                "stacking": true,
                "turnover": true,
                "rotation_state": 4,
                "stacking_limit": 0.0,
                "calculated_size": {
                    "width": 800.0,
                    "height": 600.0,
                    "length": 1000.0
                },
                "virtual_positions": null
            },
            {
                "id": 13,
                "info": {
                    "color": "#f25cca",
                    "title": "портал-чпу",
                    "article": "3",
                    "group_id": "1ck871hmnmbxezkmc5a6wp6xzf7dhbeh",
                    "group_title": "Группа 1"
                },
                "mass": 200.0,
                "size": {
                    "width": 800.0,
                    "height": 1000.0,
                    "length": 2500.0
                },
                "sort": 1,
                "step": 14,
                "type": "box",
                "margin": {
                    "width": 0.0,
                    "height": 0.0,
                    "length": 0.0
                },
                "cargo_id": "rumcwvdvxcrnb8sr56pfdlfoma4swgxn",
                "position": {
                    "x": 6000.0,
                    "y": 0.0,
                    "z": 0.0
                },
                "stacking": true,
                "turnover": true,
                "rotation_state": 4,
                "stacking_limit": 0.0,
                "calculated_size": {
                    "width": 1000.0,
                    "height": 800.0,
                    "length": 2500.0
                },
                "virtual_positions": null
            },
            {
                "id": 11,
                "info": {
                    "color": "#0e9317",
                    "title": "полки",
                    "article": "4",
                    "group_id": "1ck871hmnmbxezkmc5a6wp6xzf7dhbeh",
                    "group_title": "Группа 1"
                },
                "mass": 10.0,
                "size": {
                    "width": 300.0,
                    "height": 70.0,
                    "length": 2000.0
                },
                "sort": 1,
                "step": 15,
                "type": "box",
                "margin": {
                    "width": 0.0,
                    "height": 0.0,
                    "length": 0.0
                },
                "cargo_id": "drkc7xhq06amn09kf0jso18gj76y2tyv",
                "position": {
                    "x": 6000.0,
                    "y": 800.0,
                    "z": 600.0
                },
                "stacking": false,
                "turnover": false,
                "rotation_state": 0,
                "stacking_limit": 0.0,
                "calculated_size": {
                    "width": 300.0,
                    "height": 70.0,
                    "length": 2000.0
                },
                "virtual_positions": null
            },
            {
                "id": 10,
                "info": {
                    "color": "#0e9317",
                    "title": "полки",
                    "article": "4",
                    "group_id": "1ck871hmnmbxezkmc5a6wp6xzf7dhbeh",
                    "group_title": "Группа 1"
                },
                "mass": 10.0,
                "size": {
                    "width": 300.0,
                    "height": 70.0,
                    "length": 2000.0
                },
                "sort": 1,
                "step": 16,
                "type": "box",
                "margin": {
                    "width": 0.0,
                    "height": 0.0,
                    "length": 0.0
                },
                "cargo_id": "drkc7xhq06amn09kf0jso18gj76y2tyv",
                "position": {
                    "x": 6000.0,
                    "y": 800.0,
                    "z": 300.0
                },
                "stacking": false,
                "turnover": false,
                "rotation_state": 0,
                "stacking_limit": 0.0,
                "calculated_size": {
                    "width": 300.0,
                    "height": 70.0,
                    "length": 2000.0
                },
                "virtual_positions": null
            },
            {
                "id": 9,
                "info": {
                    "color": "#0e9317",
                    "title": "полки",
                    "article": "4",
                    "group_id": "1ck871hmnmbxezkmc5a6wp6xzf7dhbeh",
                    "group_title": "Группа 1"
                },
                "mass": 10.0,
                "size": {
                    "width": 300.0,
                    "height": 70.0,
                    "length": 2000.0
                },
                "sort": 1,
                "step": 17,
                "type": "box",
                "margin": {
                    "width": 0.0,
                    "height": 0.0,
                    "length": 0.0
                },
                "cargo_id": "drkc7xhq06amn09kf0jso18gj76y2tyv",
                "position": {
                    "x": 6000.0,
                    "y": 800.0,
                    "z": 0.0
                },
                "stacking": false,
                "turnover": false,
                "rotation_state": 0,
                "stacking_limit": 0.0,
                "calculated_size": {
                    "width": 300.0,
                    "height": 70.0,
                    "length": 2000.0
                },
                "virtual_positions": null
            }
        ],
        "version": 5,
        "cargo_space": {
            "id": 201,
            "info": {
                "uid": "201_0",
                "sort": 0,
                "title": "KRONE SDP 27"
            },
            "mass": 6500.0,
            "size": {
                "width": 2480.0,
                "height": 2860.0,
                "length": 13692.0
            },
            "type": "truck",
            "axles": [
                {
                    "title": "Ось 1",
                    "distance": 1155.0,
                    "max_load": 9000.0,
                    "default_load": 1665.0,
                    "calculated_load": 1873.31113
                },
                {
                    "title": "Ось 2",
                    "distance": 1282.0,
                    "max_load": 9000.0,
                    "default_load": 1665.0,
                    "calculated_load": 1873.31113
                },
                {
                    "title": "Ось 3",
                    "distance": 1300.0,
                    "max_load": 9000.0,
                    "default_load": 1670.0,
                    "calculated_load": 1878.31113
                }
            ],
            "hitch": {
                "title": "",
                "distance": 7000.0,
                "max_load": 12000.0,
                "default_load": 1500.0,
                "calculated_load": 2830.0666
            },
            "tractor": {
                "mass": 9000.0,
                "axles": [
                    {
                        "title": "Ось 1",
                        "distance": 1410.0,
                        "max_load": 8000.0,
                        "default_load": 6000.0,
                        "calculated_load": 6293.59961
                    },
                    {
                        "title": "Ось 2",
                        "distance": 2827.0,
                        "max_load": 11000.0,
                        "default_load": 2300.0,
                        "calculated_load": 2818.2335
                    },
                    {
                        "title": "Ось 3",
                        "distance": 1395.0,
                        "max_load": 10000.0,
                        "default_load": 2200.0,
                        "calculated_load": 2718.2335
                    }
                ],
                "length": 6140.0,
                "hitch_distance": 778.0
            },
            "full_length": 13692.0,
            "indentation": {
                "width": 0.0,
                "height": 0.0,
                "length": 46.0,
                "height_top": 0.0,
                "length_end": 46.0,
                "width_right": 0.0
            },
            "loading_size": {
                "width": 2480.0,
                "height": 2860.0,
                "length": 13600.0
            },
            "calculation_info": {
                "step_count": 17,
                "cargos_mass": 1.955,
                "load_volume": 96.46208,
                "cargos_volume": 13.142,
                "count_cargoes": 17,
                "load_capacity": 32.5,
                "loading_height": 0.9,
                "density_percent": 69.2705,
                "remaining_volume": 83.32008,
                "void_space_percent": 86.37599,
                "filling_space_percent": 13.62401
            },
            "carrying_capacity": 32500.0,
            "real_center_of_gravity": [
                4564.8337595907915,
                351.0997442455243,
                1176.4961636828646
            ],
            "ideal_center_of_gravity": [
                6800.0,
                0.0,
                1240.0
            ]
        },
        "cargo_groups": [],
        "packing_type": "PackingTruck PackingLayers",
        "calculation_id": 16554,
        "invalid_errors": [],
        "unpacked_errors": [],
        "validate_errors": [],
        "is_packed_same_boxes": false
    }
}