{
    "data": {
        "cargoes": [
            {
                "info": {
                    "color": "#25589b",
                    "title": "1",
                    "article": "",
                    "group_id": "1afrudkyl6lfhqq6tpncwsu7skqldssq",
                    "group_title": "Группа 1"
                },
                "mass": 3.0,
                "size": {
                    "width": 550,
                    "height": 210,
                    "length": 300
                },
                "sort": 1,
                "type": "box",
                "count": 32,
                "margin": {
                    "width": 0,
                    "height": 0,
                    "length": 0
                },
                "cargo_id": "ix8bkg5jiydbxrp92mtvkju64rztmewx",
                "stacking": true,
                "turnover": true,
                "margin_width": 0,
                "margin_length": 0,
                "stacking_limit": 0
            }
        ],
        "settings": {
            "rank": false,
            "max_step": 100,
            "min_step": 50,
            "usersort": false,
            "hardlimit": 1801,
            "timelimit": 1800,
            "step_scaling": 10
        },
        "put_boxes": [],
        "initial_id": 0,
        "cargo_space": {
            "id": 97,
            "info": {
                "uid": "97_0",
                "sort": 0,
                "title": "EURO",
                "margin": {
                    "width": 0,
                    "height": 0,
                    "length": 0
                }
            },
            "mass": 20,
            "size": {
                "width": 800,
                "height": 200,
                "length": 1200
            },
            "type": "pallet",
            "axles": [],
            "title": "EURO",
            "margin": {
                "width": 0,
                "height": 0,
                "length": 0
            },
            "indentation": {
                "width": 0,
                "height": 0,
                "length": 0,
                "height_top": 0,
                "length_end": 0,
                "width_right": 0
            },
            "loading_size": {
                "width": 800,
                "height": 2000,
                "length": 1200
            },
            "carrying_capacity": 1000
        },
        "calculation_id": "16612"
    },
    "data_result": {
        "boxes": [
            {
                "id": 1,
                "info": {
                    "color": "#25589b",
                    "title": "1",
                    "article": "",
                    "group_id": "1afrudkyl6lfhqq6tpncwsu7skqldssq",
                    "group_title": "Группа 1"
                },
                "mass": 3.0,
                "size": {
                    "width": 550.0,
                    "height": 210.0,
                    "length": 300.0
                },
                "sort": 1,
                "step": 1,
                "type": "box",
                "margin": {
                    "width": 0.0,
                    "height": 0.0,
                    "length": 0.0
                },
                "cargo_id": "ix8bkg5jiydbxrp92mtvkju64rztmewx",
                "position": {
                    "x": 0.0,
                    "y": 0.0,
                    "z": 300.0
                },
                "stacking": true,
                "turnover": true,
                "rotation_state": 0,
                "stacking_limit": 0.0,
                "calculated_size": {
                    "width": 300.0,
                    "height": 210.0,
                    "length": 550.0
                },
                "virtual_positions": null
            },
            {
                "id": 0,
                "info": {
                    "color": "#25589b",
                    "title": "1",
                    "article": "",
                    "group_id": "1afrudkyl6lfhqq6tpncwsu7skqldssq",
                    "group_title": "Группа 1"
                },
                "mass": 3.0,
                "size": {
                    "width": 550.0,
                    "height": 210.0,
                    "length": 300.0
                },
                "sort": 1,
                "step": 2,
                "type": "box",
                "margin": {
                    "width": 0.0,
                    "height": 0.0,
                    "length": 0.0
                },
                "cargo_id": "ix8bkg5jiydbxrp92mtvkju64rztmewx",
                "position": {
                    "x": 0.0,
                    "y": 0.0,
                    "z": 0.0
                },
                "stacking": true,
                "turnover": true,
                "rotation_state": 0,
                "stacking_limit": 0.0,
                "calculated_size": {
                    "width": 300.0,
                    "height": 210.0,
                    "length": 550.0
                },
                "virtual_positions": null
            },
            {
                "id": 2,
                "info": {
                    "color": "#25589b",
                    "title": "1",
                    "article": "",
                    "group_id": "1afrudkyl6lfhqq6tpncwsu7skqldssq",
                    "group_title": "Группа 1"
                },
                "mass": 3.0,
                "size": {
                    "width": 550.0,
                    "height": 210.0,
                    "length": 300.0
                },
                "sort": 1,
                "step": 3,
                "type": "box",
                "margin": {
                    "width": 0.0,
                    "height": 0.0,
                    "length": 0.0
                },
                "cargo_id": "ix8bkg5jiydbxrp92mtvkju64rztmewx",
                "position": {
                    "x": 550.0,
                    "y": 0.0,
                    "z": 0.0
                },
                "stacking": true,
                "turnover": true,
                "rotation_state": 1,
                "stacking_limit": 0.0,
                "calculated_size": {
                    "width": 550.0,
                    "height": 210.0,
                    "length": 300.0
                },
                "virtual_positions": null
            },
            {
                "id": 3,
                "info": {
                    "color": "#25589b",
                    "title": "1",
                    "article": "",
                    "group_id": "1afrudkyl6lfhqq6tpncwsu7skqldssq",
                    "group_title": "Группа 1"
                },
                "mass": 3.0,
                "size": {
                    "width": 550.0,
                    "height": 210.0,
                    "length": 300.0
                },
                "sort": 1,
                "step": 4,
                "type": "box",
                "margin": {
                    "width": 0.0,
                    "height": 0.0,
                    "length": 0.0
                },
                "cargo_id": "ix8bkg5jiydbxrp92mtvkju64rztmewx",
                "position": {
                    "x": 850.0,
                    "y": 0.0,
                    "z": 0.0
                },
                "stacking": true,
                "turnover": true,
                "rotation_state": 1,
                "stacking_limit": 0.0,
                "calculated_size": {
                    "width": 550.0,
                    "height": 210.0,
                    "length": 300.0
                },
                "virtual_positions": null
            },
            {
                "id": 4,
                "info": {
                    "color": "#25589b",
                    "title": "1",
                    "article": "",
                    "group_id": "1afrudkyl6lfhqq6tpncwsu7skqldssq",
                    "group_title": "Группа 1"
                },
                "mass": 3.0,
                "size": {
                    "width": 550.0,
                    "height": 210.0,
                    "length": 300.0
                },
                "sort": 1,
                "step": 5,
                "type": "box",
                "margin": {
                    "width": 0.0,
                    "height": 0.0,
                    "length": 0.0
                },
                "cargo_id": "ix8bkg5jiydbxrp92mtvkju64rztmewx",
                "position": {
                    "x": 0.0,
                    "y": 210.0,
                    "z": 300.0
                },
                "stacking": true,
                "turnover": true,
                "rotation_state": 0,
                "stacking_limit": 0.0,
                "calculated_size": {
                    "width": 300.0,
                    "height": 210.0,
                    "length": 550.0
                },
                "virtual_positions": null
            },
            {
                "id": 5,
                "info": {
                    "color": "#25589b",
                    "title": "1",
                    "article": "",
                    "group_id": "1afrudkyl6lfhqq6tpncwsu7skqldssq",
                    "group_title": "Группа 1"
                },
                "mass": 3.0,
                "size": {
                    "width": 550.0,
                    "height": 210.0,
                    "length": 300.0
                },
                "sort": 1,
                "step": 6,
                "type": "box",
                "margin": {
                    "width": 0.0,
                    "height": 0.0,
                    "length": 0.0
                },
                "cargo_id": "ix8bkg5jiydbxrp92mtvkju64rztmewx",
                "position": {
                    "x": 0.0,
                    "y": 210.0,
                    "z": 0.0
                },
                "stacking": true,
                "turnover": true,
                "rotation_state": 0,
                "stacking_limit": 0.0,
                "calculated_size": {
                    "width": 300.0,
                    "height": 210.0,
                    "length": 550.0
                },
                "virtual_positions": null
            },
            {
                "id": 6,
                "info": {
                    "color": "#25589b",
                    "title": "1",
                    "article": "",
                    "group_id": "1afrudkyl6lfhqq6tpncwsu7skqldssq",
                    "group_title": "Группа 1"
                },
                "mass": 3.0,
                "size": {
                    "width": 550.0,
                    "height": 210.0,
                    "length": 300.0
                },
                "sort": 1,
                "step": 7,
                "type": "box",
                "margin": {
                    "width": 0.0,
                    "height": 0.0,
                    "length": 0.0
                },
                "cargo_id": "ix8bkg5jiydbxrp92mtvkju64rztmewx",
                "position": {
                    "x": 550.0,
                    "y": 210.0,
                    "z": 50.0
                },
                "stacking": true,
                "turnover": true,
                "rotation_state": 1,
                "stacking_limit": 0.0,
                "calculated_size": {
                    "width": 550.0,
                    "height": 210.0,
                    "length": 300.0
                },
                "virtual_positions": null
            },
            {
                "id": 7,
                "info": {
                    "color": "#25589b",
                    "title": "1",
                    "article": "",
                    "group_id": "1afrudkyl6lfhqq6tpncwsu7skqldssq",
                    "group_title": "Группа 1"
                },
                "mass": 3.0,
                "size": {
                    "width": 550.0,
                    "height": 210.0,
                    "length": 300.0
                },
                "sort": 1,
                "step": 8,
                "type": "box",
                "margin": {
                    "width": 0.0,
                    "height": 0.0,
                    "length": 0.0
                },
                "cargo_id": "ix8bkg5jiydbxrp92mtvkju64rztmewx",
                "position": {
                    "x": 850.0,
                    "y": 210.0,
                    "z": 50.0
                },
                "stacking": true,
                "turnover": true,
                "rotation_state": 1,
                "stacking_limit": 0.0,
                "calculated_size": {
                    "width": 550.0,
                    "height": 210.0,
                    "length": 300.0
                },
                "virtual_positions": null
            },
            {
                "id": 9,
                "info": {
                    "color": "#25589b",
                    "title": "1",
                    "article": "",
                    "group_id": "1afrudkyl6lfhqq6tpncwsu7skqldssq",
                    "group_title": "Группа 1"
                },
                "mass": 3.0,
                "size": {
                    "width": 550.0,
                    "height": 210.0,
                    "length": 300.0
                },
                "sort": 1,
                "step": 9,
                "type": "box",
                "margin": {
                    "width": 0.0,
                    "height": 0.0,
                    "length": 0.0
                },
                "cargo_id": "ix8bkg5jiydbxrp92mtvkju64rztmewx",
                "position": {
                    "x": 0.0,
                    "y": 420.0,
                    "z": 300.0
                },
                "stacking": true,
                "turnover": true,
                "rotation_state": 0,
                "stacking_limit": 0.0,
                "calculated_size": {
                    "width": 300.0,
                    "height": 210.0,
                    "length": 550.0
                },
                "virtual_positions": null
            },
            {
                "id": 8,
                "info": {
                    "color": "#25589b",
                    "title": "1",
                    "article": "",
                    "group_id": "1afrudkyl6lfhqq6tpncwsu7skqldssq",
                    "group_title": "Группа 1"
                },
                "mass": 3.0,
                "size": {
                    "width": 550.0,
                    "height": 210.0,
                    "length": 300.0
                },
                "sort": 1,
                "step": 10,
                "type": "box",
                "margin": {
                    "width": 0.0,
                    "height": 0.0,
                    "length": 0.0
                },
                "cargo_id": "ix8bkg5jiydbxrp92mtvkju64rztmewx",
                "position": {
                    "x": 0.0,
                    "y": 420.0,
                    "z": 0.0
                },
                "stacking": true,
                "turnover": true,
                "rotation_state": 0,
                "stacking_limit": 0.0,
                "calculated_size": {
                    "width": 300.0,
                    "height": 210.0,
                    "length": 550.0
                },
                "virtual_positions": null
            },
            {
                "id": 10,
                "info": {
                    "color": "#25589b",
                    "title": "1",
                    "article": "",
                    "group_id": "1afrudkyl6lfhqq6tpncwsu7skqldssq",
                    "group_title": "Группа 1"
                },
                "mass": 3.0,
                "size": {
                    "width": 550.0,
                    "height": 210.0,
                    "length": 300.0
                },
                "sort": 1,
                "step": 11,
                "type": "box",
                "margin": {
                    "width": 0.0,
                    "height": 0.0,
                    "length": 0.0
                },
                "cargo_id": "ix8bkg5jiydbxrp92mtvkju64rztmewx",
                "position": {
                    "x": 550.0,
                    "y": 420.0,
                    "z": 0.0
                },
                "stacking": true,
                "turnover": true,
                "rotation_state": 1,
                "stacking_limit": 0.0,
                "calculated_size": {
                    "width": 550.0,
                    "height": 210.0,
                    "length": 300.0
                },
                "virtual_positions": null
            },
            {
                "id": 11,
                "info": {
                    "color": "#25589b",
                    "title": "1",
                    "article": "",
                    "group_id": "1afrudkyl6lfhqq6tpncwsu7skqldssq",
                    "group_title": "Группа 1"
                },
                "mass": 3.0,
                "size": {
                    "width": 550.0,
                    "height": 210.0,
                    "length": 300.0
                },
                "sort": 1,
                "step": 12,
                "type": "box",
                "margin": {
                    "width": 0.0,
                    "height": 0.0,
                    "length": 0.0
                },
                "cargo_id": "ix8bkg5jiydbxrp92mtvkju64rztmewx",
                "position": {
                    "x": 850.0,
                    "y": 420.0,
                    "z": 0.0
                },
                "stacking": true,
                "turnover": true,
                "rotation_state": 1,
                "stacking_limit": 0.0,
                "calculated_size": {
                    "width": 550.0,
                    "height": 210.0,
                    "length": 300.0
                },
                "virtual_positions": null
            },
            {
                "id": 12,
                "info": {
                    "color": "#25589b",
                    "title": "1",
                    "article": "",
                    "group_id": "1afrudkyl6lfhqq6tpncwsu7skqldssq",
                    "group_title": "Группа 1"
                },
                "mass": 3.0,
                "size": {
                    "width": 550.0,
                    "height": 210.0,
                    "length": 300.0
                },
                "sort": 1,
                "step": 13,
                "type": "box",
                "margin": {
                    "width": 0.0,
                    "height": 0.0,
                    "length": 0.0
                },
                "cargo_id": "ix8bkg5jiydbxrp92mtvkju64rztmewx",
                "position": {
                    "x": 0.0,
                    "y": 630.0,
                    "z": 300.0
                },
                "stacking": true,
                "turnover": true,
                "rotation_state": 0,
                "stacking_limit": 0.0,
                "calculated_size": {
                    "width": 300.0,
                    "height": 210.0,
                    "length": 550.0
                },
                "virtual_positions": null
            },
            {
                "id": 13,
                "info": {
                    "color": "#25589b",
                    "title": "1",
                    "article": "",
                    "group_id": "1afrudkyl6lfhqq6tpncwsu7skqldssq",
                    "group_title": "Группа 1"
                },
                "mass": 3.0,
                "size": {
                    "width": 550.0,
                    "height": 210.0,
                    "length": 300.0
                },
                "sort": 1,
                "step": 14,
                "type": "box",
                "margin": {
                    "width": 0.0,
                    "height": 0.0,
                    "length": 0.0
                },
                "cargo_id": "ix8bkg5jiydbxrp92mtvkju64rztmewx",
                "position": {
                    "x": 0.0,
                    "y": 630.0,
                    "z": 0.0
                },
                "stacking": true,
                "turnover": true,
                "rotation_state": 0,
                "stacking_limit": 0.0,
                "calculated_size": {
                    "width": 300.0,
                    "height": 210.0,
                    "length": 550.0
                },
                "virtual_positions": null
            },
            {
                "id": 14,
                "info": {
                    "color": "#25589b",
                    "title": "1",
                    "article": "",
                    "group_id": "1afrudkyl6lfhqq6tpncwsu7skqldssq",
                    "group_title": "Группа 1"
                },
                "mass": 3.0,
                "size": {
                    "width": 550.0,
                    "height": 210.0,
                    "length": 300.0
                },
                "sort": 1,
                "step": 15,
                "type": "box",
                "margin": {
                    "width": 0.0,
                    "height": 0.0,
                    "length": 0.0
                },
                "cargo_id": "ix8bkg5jiydbxrp92mtvkju64rztmewx",
                "position": {
                    "x": 550.0,
                    "y": 630.0,
                    "z": 50.0
                },
                "stacking": true,
                "turnover": true,
                "rotation_state": 1,
                "stacking_limit": 0.0,
                "calculated_size": {
                    "width": 550.0,
                    "height": 210.0,
                    "length": 300.0
                },
                "virtual_positions": null
            },
            {
                "id": 15,
                "info": {
                    "color": "#25589b",
                    "title": "1",
                    "article": "",
                    "group_id": "1afrudkyl6lfhqq6tpncwsu7skqldssq",
                    "group_title": "Группа 1"
                },
                "mass": 3.0,
                "size": {
                    "width": 550.0,
                    "height": 210.0,
                    "length": 300.0
                },
                "sort": 1,
                "step": 16,
                "type": "box",
                "margin": {
                    "width": 0.0,
                    "height": 0.0,
                    "length": 0.0
                },
                "cargo_id": "ix8bkg5jiydbxrp92mtvkju64rztmewx",
                "position": {
                    "x": 850.0,
                    "y": 630.0,
                    "z": 50.0
                },
                "stacking": true,
                "turnover": true,
                "rotation_state": 1,
                "stacking_limit": 0.0,
                "calculated_size": {
                    "width": 550.0,
                    "height": 210.0,
                    "length": 300.0
                },
                "virtual_positions": null
            },
            {
                "id": 17,
                "info": {
                    "color": "#25589b",
                    "title": "1",
                    "article": "",
                    "group_id": "1afrudkyl6lfhqq6tpncwsu7skqldssq",
                    "group_title": "Группа 1"
                },
                "mass": 3.0,
                "size": {
                    "width": 550.0,
                    "height": 210.0,
                    "length": 300.0
                },
                "sort": 1,
                "step": 17,
                "type": "box",
                "margin": {
                    "width": 0.0,
                    "height": 0.0,
                    "length": 0.0
                },
                "cargo_id": "ix8bkg5jiydbxrp92mtvkju64rztmewx",
                "position": {
                    "x": 0.0,
                    "y": 840.0,
                    "z": 300.0
                },
                "stacking": true,
                "turnover": true,
                "rotation_state": 0,
                "stacking_limit": 0.0,
                "calculated_size": {
                    "width": 300.0,
                    "height": 210.0,
                    "length": 550.0
                },
                "virtual_positions": null
            },
            {
                "id": 16,
                "info": {
                    "color": "#25589b",
                    "title": "1",
                    "article": "",
                    "group_id": "1afrudkyl6lfhqq6tpncwsu7skqldssq",
                    "group_title": "Группа 1"
                },
                "mass": 3.0,
                "size": {
                    "width": 550.0,
                    "height": 210.0,
                    "length": 300.0
                },
                "sort": 1,
                "step": 18,
                "type": "box",
                "margin": {
                    "width": 0.0,
                    "height": 0.0,
                    "length": 0.0
                },
                "cargo_id": "ix8bkg5jiydbxrp92mtvkju64rztmewx",
                "position": {
                    "x": 0.0,
                    "y": 840.0,
                    "z": 0.0
                },
                "stacking": true,
                "turnover": true,
                "rotation_state": 0,
                "stacking_limit": 0.0,
                "calculated_size": {
                    "width": 300.0,
                    "height": 210.0,
                    "length": 550.0
                },
                "virtual_positions": null
            },
            {
                "id": 18,
                "info": {
                    "color": "#25589b",
                    "title": "1",
                    "article": "",
                    "group_id": "1afrudkyl6lfhqq6tpncwsu7skqldssq",
                    "group_title": "Группа 1"
                },
                "mass": 3.0,
                "size": {
                    "width": 550.0,
                    "height": 210.0,
                    "length": 300.0
                },
                "sort": 1,
                "step": 19,
                "type": "box",
                "margin": {
                    "width": 0.0,
                    "height": 0.0,
                    "length": 0.0
                },
                "cargo_id": "ix8bkg5jiydbxrp92mtvkju64rztmewx",
                "position": {
                    "x": 550.0,
                    "y": 840.0,
                    "z": 0.0
                },
                "stacking": true,
                "turnover": true,
                "rotation_state": 1,
                "stacking_limit": 0.0,
                "calculated_size": {
                    "width": 550.0,
                    "height": 210.0,
                    "length": 300.0
                },
                "virtual_positions": null
            },
            {
                "id": 19,
                "info": {
                    "color": "#25589b",
                    "title": "1",
                    "article": "",
                    "group_id": "1afrudkyl6lfhqq6tpncwsu7skqldssq",
                    "group_title": "Группа 1"
                },
                "mass": 3.0,
                "size": {
                    "width": 550.0,
                    "height": 210.0,
                    "length": 300.0
                },
                "sort": 1,
                "step": 20,
                "type": "box",
                "margin": {
                    "width": 0.0,
                    "height": 0.0,
                    "length": 0.0
                },
                "cargo_id": "ix8bkg5jiydbxrp92mtvkju64rztmewx",
                "position": {
                    "x": 850.0,
                    "y": 840.0,
                    "z": 0.0
                },
                "stacking": true,
                "turnover": true,
                "rotation_state": 1,
                "stacking_limit": 0.0,
                "calculated_size": {
                    "width": 550.0,
                    "height": 210.0,
                    "length": 300.0
                },
                "virtual_positions": null
            },
            {
                "id": 20,
                "info": {
                    "color": "#25589b",
                    "title": "1",
                    "article": "",
                    "group_id": "1afrudkyl6lfhqq6tpncwsu7skqldssq",
                    "group_title": "Группа 1"
                },
                "mass": 3.0,
                "size": {
                    "width": 550.0,
                    "height": 210.0,
                    "length": 300.0
                },
                "sort": 1,
                "step": 21,
                "type": "box",
                "margin": {
                    "width": 0.0,
                    "height": 0.0,
                    "length": 0.0
                },
                "cargo_id": "ix8bkg5jiydbxrp92mtvkju64rztmewx",
                "position": {
                    "x": 0.0,
                    "y": 1050.0,
                    "z": 300.0
                },
                "stacking": true,
                "turnover": true,
                "rotation_state": 0,
                "stacking_limit": 0.0,
                "calculated_size": {
                    "width": 300.0,
                    "height": 210.0,
                    "length": 550.0
                },
                "virtual_positions": null
            },
            {
                "id": 21,
                "info": {
                    "color": "#25589b",
                    "title": "1",
                    "article": "",
                    "group_id": "1afrudkyl6lfhqq6tpncwsu7skqldssq",
                    "group_title": "Группа 1"
                },
                "mass": 3.0,
                "size": {
                    "width": 550.0,
                    "height": 210.0,
                    "length": 300.0
                },
                "sort": 1,
                "step": 22,
                "type": "box",
                "margin": {
                    "width": 0.0,
                    "height": 0.0,
                    "length": 0.0
                },
                "cargo_id": "ix8bkg5jiydbxrp92mtvkju64rztmewx",
                "position": {
                    "x": 0.0,
                    "y": 1050.0,
                    "z": 0.0
                },
                "stacking": true,
                "turnover": true,
                "rotation_state": 0,
                "stacking_limit": 0.0,
                "calculated_size": {
                    "width": 300.0,
                    "height": 210.0,
                    "length": 550.0
                },
                "virtual_positions": null
            },
            {
                "id": 22,
                "info": {
                    "color": "#25589b",
                    "title": "1",
                    "article": "",
                    "group_id": "1afrudkyl6lfhqq6tpncwsu7skqldssq",
                    "group_title": "Группа 1"
                },
                "mass": 3.0,
                "size": {
                    "width": 550.0,
                    "height": 210.0,
                    "length": 300.0
                },
                "sort": 1,
                "step": 23,
                "type": "box",
                "margin": {
                    "width": 0.0,
                    "height": 0.0,
                    "length": 0.0
                },
                "cargo_id": "ix8bkg5jiydbxrp92mtvkju64rztmewx",
                "position": {
                    "x": 550.0,
                    "y": 1050.0,
                    "z": 50.0
                },
                "stacking": true,
                "turnover": true,
                "rotation_state": 1,
                "stacking_limit": 0.0,
                "calculated_size": {
                    "width": 550.0,
                    "height": 210.0,
                    "length": 300.0
                },
                "virtual_positions": null
            },
            {
                "id": 23,
                "info": {
                    "color": "#25589b",
                    "title": "1",
                    "article": "",
                    "group_id": "1afrudkyl6lfhqq6tpncwsu7skqldssq",
                    "group_title": "Группа 1"
                },
                "mass": 3.0,
                "size": {
                    "width": 550.0,
                    "height": 210.0,
                    "length": 300.0
                },
                "sort": 1,
                "step": 24,
                "type": "box",
                "margin": {
                    "width": 0.0,
                    "height": 0.0,
                    "length": 0.0
                },
                "cargo_id": "ix8bkg5jiydbxrp92mtvkju64rztmewx",
                "position": {
                    "x": 850.0,
                    "y": 1050.0,
                    "z": 50.0
                },
                "stacking": true,
                "turnover": true,
                "rotation_state": 1,
                "stacking_limit": 0.0,
                "calculated_size": {
                    "width": 550.0,
                    "height": 210.0,
                    "length": 300.0
                },
                "virtual_positions": null
            },
            {
                "id": 25,
                "info": {
                    "color": "#25589b",
                    "title": "1",
                    "article": "",
                    "group_id": "1afrudkyl6lfhqq6tpncwsu7skqldssq",
                    "group_title": "Группа 1"
                },
                "mass": 3.0,
                "size": {
                    "width": 550.0,
                    "height": 210.0,
                    "length": 300.0
                },
                "sort": 1,
                "step": 25,
                "type": "box",
                "margin": {
                    "width": 0.0,
                    "height": 0.0,
                    "length": 0.0
                },
                "cargo_id": "ix8bkg5jiydbxrp92mtvkju64rztmewx",
                "position": {
                    "x": 0.0,
                    "y": 1260.0,
                    "z": 300.0
                },
                "stacking": true,
                "turnover": true,
                "rotation_state": 0,
                "stacking_limit": 0.0,
                "calculated_size": {
                    "width": 300.0,
                    "height": 210.0,
                    "length": 550.0
                },
                "virtual_positions": null
            },
            {
                "id": 24,
                "info": {
                    "color": "#25589b",
                    "title": "1",
                    "article": "",
                    "group_id": "1afrudkyl6lfhqq6tpncwsu7skqldssq",
                    "group_title": "Группа 1"
                },
                "mass": 3.0,
                "size": {
                    "width": 550.0,
                    "height": 210.0,
                    "length": 300.0
                },
                "sort": 1,
                "step": 26,
                "type": "box",
                "margin": {
                    "width": 0.0,
                    "height": 0.0,
                    "length": 0.0
                },
                "cargo_id": "ix8bkg5jiydbxrp92mtvkju64rztmewx",
                "position": {
                    "x": 0.0,
                    "y": 1260.0,
                    "z": 0.0
                },
                "stacking": true,
                "turnover": true,
                "rotation_state": 0,
                "stacking_limit": 0.0,
                "calculated_size": {
                    "width": 300.0,
                    "height": 210.0,
                    "length": 550.0
                },
                "virtual_positions": null
            },
            {
                "id": 26,
                "info": {
                    "color": "#25589b",
                    "title": "1",
                    "article": "",
                    "group_id": "1afrudkyl6lfhqq6tpncwsu7skqldssq",
                    "group_title": "Группа 1"
                },
                "mass": 3.0,
                "size": {
                    "width": 550.0,
                    "height": 210.0,
                    "length": 300.0
                },
                "sort": 1,
                "step": 27,
                "type": "box",
                "margin": {
                    "width": 0.0,
                    "height": 0.0,
                    "length": 0.0
                },
                "cargo_id": "ix8bkg5jiydbxrp92mtvkju64rztmewx",
                "position": {
                    "x": 550.0,
                    "y": 1260.0,
                    "z": 0.0
                },
                "stacking": true,
                "turnover": true,
                "rotation_state": 1,
                "stacking_limit": 0.0,
                "calculated_size": {
                    "width": 550.0,
                    "height": 210.0,
                    "length": 300.0
                },
                "virtual_positions": null
            },
            {
                "id": 27,
                "info": {
                    "color": "#25589b",
                    "title": "1",
                    "article": "",
                    "group_id": "1afrudkyl6lfhqq6tpncwsu7skqldssq",
                    "group_title": "Группа 1"
                },
                "mass": 3.0,
                "size": {
                    "width": 550.0,
                    "height": 210.0,
                    "length": 300.0
                },
                "sort": 1,
                "step": 28,
                "type": "box",
                "margin": {
                    "width": 0.0,
                    "height": 0.0,
                    "length": 0.0
                },
                "cargo_id": "ix8bkg5jiydbxrp92mtvkju64rztmewx",
                "position": {
                    "x": 850.0,
                    "y": 1260.0,
                    "z": 0.0
                },
                "stacking": true,
                "turnover": true,
                "rotation_state": 1,
                "stacking_limit": 0.0,
                "calculated_size": {
                    "width": 550.0,
                    "height": 210.0,
                    "length": 300.0
                },
                "virtual_positions": null
            },
            {
                "id": 28,
                "info": {
                    "color": "#25589b",
                    "title": "1",
                    "article": "",
                    "group_id": "1afrudkyl6lfhqq6tpncwsu7skqldssq",
                    "group_title": "Группа 1"
                },
                "mass": 3.0,
                "size": {
                    "width": 550.0,
                    "height": 210.0,
                    "length": 300.0
                },
                "sort": 1,
                "step": 29,
                "type": "box",
                "margin": {
                    "width": 0.0,
                    "height": 0.0,
                    "length": 0.0
                },
                "cargo_id": "ix8bkg5jiydbxrp92mtvkju64rztmewx",
                "position": {
                    "x": 0.0,
                    "y": 1470.0,
                    "z": 300.0
                },
                "stacking": true,
                "turnover": true,
                "rotation_state": 0,
                "stacking_limit": 0.0,
                "calculated_size": {
                    "width": 300.0,
                    "height": 210.0,
                    "length": 550.0
                },
                "virtual_positions": null
            },
            {
                "id": 29,
                "info": {
                    "color": "#25589b",
                    "title": "1",
                    "article": "",
                    "group_id": "1afrudkyl6lfhqq6tpncwsu7skqldssq",
                    "group_title": "Группа 1"
                },
                "mass": 3.0,
                "size": {
                    "width": 550.0,
                    "height": 210.0,
                    "length": 300.0
                },
                "sort": 1,
                "step": 30,
                "type": "box",
                "margin": {
                    "width": 0.0,
                    "height": 0.0,
                    "length": 0.0
                },
                "cargo_id": "ix8bkg5jiydbxrp92mtvkju64rztmewx",
                "position": {
                    "x": 0.0,
                    "y": 1470.0,
                    "z": 0.0
                },
                "stacking": true,
                "turnover": true,
                "rotation_state": 0,
                "stacking_limit": 0.0,
                "calculated_size": {
                    "width": 300.0,
                    "height": 210.0,
                    "length": 550.0
                },
                "virtual_positions": null
            },
            {
                "id": 30,
                "info": {
                    "color": "#25589b",
                    "title": "1",
                    "article": "",
                    "group_id": "1afrudkyl6lfhqq6tpncwsu7skqldssq",
                    "group_title": "Группа 1"
                },
                "mass": 3.0,
                "size": {
                    "width": 550.0,
                    "height": 210.0,
                    "length": 300.0
                },
                "sort": 1,
                "step": 31,
                "type": "box",
                "margin": {
                    "width": 0.0,
                    "height": 0.0,
                    "length": 0.0
                },
                "cargo_id": "ix8bkg5jiydbxrp92mtvkju64rztmewx",
                "position": {
                    "x": 550.0,
                    "y": 1470.0,
                    "z": 50.0
                },
                "stacking": true,
                "turnover": true,
                "rotation_state": 1,
                "stacking_limit": 0.0,
                "calculated_size": {
                    "width": 550.0,
                    "height": 210.0,
                    "length": 300.0
                },
                "virtual_positions": null
            },
            {
                "id": 31,
                "info": {
                    "color": "#25589b",
                    "title": "1",
                    "article": "",
                    "group_id": "1afrudkyl6lfhqq6tpncwsu7skqldssq",
                    "group_title": "Группа 1"
                },
                "mass": 3.0,
                "size": {
                    "width": 550.0,
                    "height": 210.0,
                    "length": 300.0
                },
                "sort": 1,
                "step": 32,
                "type": "box",
                "margin": {
                    "width": 0.0,
                    "height": 0.0,
                    "length": 0.0
                },
                "cargo_id": "ix8bkg5jiydbxrp92mtvkju64rztmewx",
                "position": {
                    "x": 850.0,
                    "y": 1470.0,
                    "z": 50.0
                },
                "stacking": true,
                "turnover": true,
                "rotation_state": 1,
                "stacking_limit": 0.0,
                "calculated_size": {
                    "width": 550.0,
                    "height": 210.0,
                    "length": 300.0
                },
                "virtual_positions": null
            }
        ],
        "version": 5,
        "cargo_space": {
            "id": 97,
            "info": {
                "uid": "97_0",
                "sort": 0,
                "title": "EURO",
                "margin": {
                    "width": 0,
                    "height": 0,
                    "length": 0
                }
            },
            "mass": 20.0,
            "size": {
                "width": 800.0,
                "height": 200.0,
                "length": 1200.0
            },
            "type": "pallet",
            "indentation": {
                "width": 0.0,
                "height": 0.0,
                "length": 0.0,
                "height_top": -1800.0,
                "length_end": 0.0,
                "width_right": 0.0
            },
            "loading_size": {
                "width": 800.0,
                "height": 2000.0,
                "length": 1200.0
            },
            "calculation_info": {
                "step_count": 32,
                "cargos_mass": 0.096,
                "load_volume": 1.92,
                "cargos_volume": 1.1088,
                "count_cargoes": 32,
                "load_capacity": 1.0,
                "loading_height": 1.68,
                "density_percent": 95.65217,
                "remaining_volume": 0.8112,
                "void_space_percent": 42.25,
                "filling_space_percent": 57.75
            },
            "carrying_capacity": 1000.0,
            "real_center_of_gravity": [
                562.5,
                840.0,
                300.0
            ],
            "ideal_center_of_gravity": [
                600.0,
                0.0,
                400.0
            ]
        },
        "cargo_groups": [],
        "packing_type": "PackingPalletBlocks",
        "calculation_id": 16612,
        "invalid_errors": [],
        "unpacked_errors": [],
        "validate_errors": [
            "ERROR_INDENTATION"
        ],
        "is_packed_same_boxes": true
    }
}