{
    "data": {
        "cargoes": [
            {
                "info": {
                    "color": "#4870a8",
                    "title": "Тумба",
                    "article": "",
                    "group_id": "1g1xifyoqohijg1m3kyzxwgeba24acbi",
                    "group_title": "Группа 1"
                },
                "mass": 80.0,
                "size": {
                    "width": 1200,
                    "height": 1200,
                    "length": 1500
                },
                "sort": 1,
                "type": "box",
                "count": 4,
                "margin": {
                    "width": 0,
                    "height": 0,
                    "length": 0
                },
                "cargo_id": "m0ipues7vfkmbppmab1tktlcdunljj1p",
                "stacking": true,
                "turnover": true,
                "margin_width": 0,
                "margin_length": 0,
                "stacking_limit": 0
            },
            {
                "info": {
                    "color": "#9cfc6c",
                    "title": "Рес",
                    "article": "",
                    "group_id": "1g1xifyoqohijg1m3kyzxwgeba24acbi",
                    "group_title": "Группа 1"
                },
                "mass": 400.0,
                "size": {
                    "width": 1200,
                    "height": 1400,
                    "length": 3000
                },
                "sort": 1,
                "type": "box",
                "count": 2,
                "margin": {
                    "width": 0,
                    "height": 0,
                    "length": 0
                },
                "cargo_id": "cjavrmbkouwesxorjcw9chvfxqwxvi4a",
                "stacking": true,
                "turnover": true,
                "margin_width": 0,
                "margin_length": 0,
                "stacking_limit": 0
            },
            {
                "info": {
                    "color": "#60e58e",
                    "title": "Портал 2",
                    "article": "",
                    "group_id": "1g1xifyoqohijg1m3kyzxwgeba24acbi",
                    "group_title": "Группа 1"
                },
                "mass": 50.0,
                "size": {
                    "width": 400,
                    "height": 500,
                    "length": 3000
                },
                "sort": 1,
                "type": "box",
                "count": 4,
                "margin": {
                    "width": 0,
                    "height": 0,
                    "length": 0
                },
                "cargo_id": "atii5cobvogahfjrgslrbabe0pyzdok8",
                "stacking": true,
                "turnover": true,
                "margin_width": 0,
                "margin_length": 0,
                "stacking_limit": 0
            },
            {
                "info": {
                    "color": "#2a6aaf",
                    "title": "Портал 1",
                    "article": "",
                    "group_id": "1g1xifyoqohijg1m3kyzxwgeba24acbi",
                    "group_title": "Группа 1"
                },
                "mass": 50.0,
                "size": {
                    "width": 400,
                    "height": 400,
                    "length": 4500
                },
                "sort": 1,
                "type": "box",
                "count": 2,
                "margin": {
                    "width": 0,
                    "height": 0,
                    "length": 0
                },
                "cargo_id": "7zvzsxcc2kkq3zm4gyev5gbrqfmz47ee",
                "stacking": true,
                "turnover": true,
                "margin_width": 0,
                "margin_length": 0,
                "stacking_limit": 0
            },
            {
                "info": {
                    "color": "#d8d84e",
                    "title": "Пилон",
                    "article": "",
                    "group_id": "1g1xifyoqohijg1m3kyzxwgeba24acbi",
                    "group_title": "Группа 1"
                },
                "mass": 400.0,
                "size": {
                    "width": 400,
                    "height": 2000,
                    "length": 9000
                },
                "sort": 1,
                "type": "box",
                "count": 2,
                "margin": {
                    "width": 0,
                    "height": 0,
                    "length": 0
                },
                "cargo_id": "gi55n573bvqmuwqittvqdmwqztrbxw2w",
                "stacking": true,
                "turnover": true,
                "margin_width": 0,
                "margin_length": 0,
                "stacking_limit": 0
            }
        ],
        "settings": {
            "rank": false,
            "max_step": 100,
            "min_step": 50,
            "usersort": false,
            "hardlimit": 1801,
            "timelimit": 1800,
            "step_scaling": 10
        },
        "put_boxes": [],
        "initial_id": 0,
        "cargo_space": {
            "id": 418,
            "info": {
                "uid": "418_0",
                "sort": 0,
                "title": "MAN 2 оси | полуприцеп 3 оси"
            },
            "mass": 9694,
            "size": {
                "width": 2500,
                "height": 2679,
                "length": 13550
            },
            "type": "truck",
            "axles": [
                {
                    "title": "Ось 1",
                    "distance": 2990,
                    "max_load": 11000,
                    "default_load": 2113
                },
                {
                    "title": "Ось 2",
                    "distance": 1360,
                    "max_load": 11000,
                    "default_load": 2090
                },
                {
                    "title": "Ось 3",
                    "distance": 1360,
                    "max_load": 11000,
                    "default_load": 2113
                }
            ],
            "hitch": {
                "title": "",
                "distance": 6240,
                "max_load": 10058,
                "default_load": 3378
            },
            "title": "MAN 2 оси | полуприцеп 3 оси",
            "tractor": {
                "mass": 7523,
                "axles": [
                    {
                        "title": "Ось 1",
                        "distance": 1475,
                        "max_load": 10000,
                        "default_load": 6013
                    },
                    {
                        "title": "Ось 2",
                        "distance": 3900,
                        "max_load": 11000,
                        "default_load": 4888
                    }
                ],
                "title": "Тягач MAN (Магнит)",
                "length": 7110,
                "hitch_distance": 885
            },
            "indentation": {
                "width": 5,
                "height": 0,
                "length": 30,
                "height_top": 89,
                "length_end": 30,
                "width_right": 5
            },
            "loading_size": {
                "width": 2490,
                "height": 2590,
                "length": 13490
            },
            "carrying_capacity": 24000
        },
        "calculation_id": "15399"
    },
    "data_result": {
        "boxes": [
            {
                "id": 10,
                "info": {
                    "color": "#2a6aaf",
                    "title": "Портал 1",
                    "article": "",
                    "group_id": "1g1xifyoqohijg1m3kyzxwgeba24acbi",
                    "group_title": "Группа 1"
                },
                "mass": 50.0,
                "size": {
                    "width": 400.0,
                    "height": 400.0,
                    "length": 4500.0
                },
                "sort": 1,
                "step": 1,
                "type": "box",
                "margin": {
                    "width": 0.0,
                    "height": 0.0,
                    "length": 0.0
                },
                "cargo_id": "7zvzsxcc2kkq3zm4gyev5gbrqfmz47ee",
                "position": {
                    "x": 0.0,
                    "y": 0.0,
                    "z": 2000.0
                },
                "stacking": true,
                "turnover": true,
                "rotation_state": 0,
                "stacking_limit": 0.0,
                "calculated_size": {
                    "width": 400.0,
                    "height": 400.0,
                    "length": 4500.0
                },
                "virtual_positions": null
            },
            {
                "id": 11,
                "info": {
                    "color": "#2a6aaf",
                    "title": "Портал 1",
                    "article": "",
                    "group_id": "1g1xifyoqohijg1m3kyzxwgeba24acbi",
                    "group_title": "Группа 1"
                },
                "mass": 50.0,
                "size": {
                    "width": 400.0,
                    "height": 400.0,
                    "length": 4500.0
                },
                "sort": 1,
                "step": 2,
                "type": "box",
                "margin": {
                    "width": 0.0,
                    "height": 0.0,
                    "length": 0.0
                },
                "cargo_id": "7zvzsxcc2kkq3zm4gyev5gbrqfmz47ee",
                "position": {
                    "x": 4500.0,
                    "y": 0.0,
                    "z": 2000.0
                },
                "stacking": true,
                "turnover": true,
                "rotation_state": 0,
                "stacking_limit": 0.0,
                "calculated_size": {
                    "width": 400.0,
                    "height": 400.0,
                    "length": 4500.0
                },
                "virtual_positions": null
            },
            {
                "id": 12,
                "info": {
                    "color": "#d8d84e",
                    "title": "Пилон",
                    "article": "",
                    "group_id": "1g1xifyoqohijg1m3kyzxwgeba24acbi",
                    "group_title": "Группа 1"
                },
                "mass": 400.0,
                "size": {
                    "width": 400.0,
                    "height": 2000.0,
                    "length": 9000.0
                },
                "sort": 1,
                "step": 3,
                "type": "box",
                "margin": {
                    "width": 0.0,
                    "height": 0.0,
                    "length": 0.0
                },
                "cargo_id": "gi55n573bvqmuwqittvqdmwqztrbxw2w",
                "position": {
                    "x": 0.0,
                    "y": 0.0,
                    "z": 0.0
                },
                "stacking": true,
                "turnover": true,
                "rotation_state": 4,
                "stacking_limit": 0.0,
                "calculated_size": {
                    "width": 2000.0,
                    "height": 400.0,
                    "length": 9000.0
                },
                "virtual_positions": null
            },
            {
                "id": 13,
                "info": {
                    "color": "#d8d84e",
                    "title": "Пилон",
                    "article": "",
                    "group_id": "1g1xifyoqohijg1m3kyzxwgeba24acbi",
                    "group_title": "Группа 1"
                },
                "mass": 400.0,
                "size": {
                    "width": 400.0,
                    "height": 2000.0,
                    "length": 9000.0
                },
                "sort": 1,
                "step": 4,
                "type": "box",
                "margin": {
                    "width": 0.0,
                    "height": 0.0,
                    "length": 0.0
                },
                "cargo_id": "gi55n573bvqmuwqittvqdmwqztrbxw2w",
                "position": {
                    "x": 0.0,
                    "y": 400.0,
                    "z": 0.0
                },
                "stacking": true,
                "turnover": true,
                "rotation_state": 4,
                "stacking_limit": 0.0,
                "calculated_size": {
                    "width": 2000.0,
                    "height": 400.0,
                    "length": 9000.0
                },
                "virtual_positions": null
            },
            {
                "id": 5,
                "info": {
                    "color": "#9cfc6c",
                    "title": "Рес",
                    "article": "",
                    "group_id": "1g1xifyoqohijg1m3kyzxwgeba24acbi",
                    "group_title": "Группа 1"
                },
                "mass": 400.0,
                "size": {
                    "width": 1200.0,
                    "height": 1400.0,
                    "length": 3000.0
                },
                "sort": 1,
                "step": 5,
                "type": "box",
                "margin": {
                    "width": 0.0,
                    "height": 0.0,
                    "length": 0.0
                },
                "cargo_id": "cjavrmbkouwesxorjcw9chvfxqwxvi4a",
                "position": {
                    "x": 0.0,
                    "y": 800.0,
                    "z": 0.0
                },
                "stacking": true,
                "turnover": true,
                "rotation_state": 4,
                "stacking_limit": 0.0,
                "calculated_size": {
                    "width": 1400.0,
                    "height": 1200.0,
                    "length": 3000.0
                },
                "virtual_positions": null
            },
            {
                "id": 1,
                "info": {
                    "color": "#4870a8",
                    "title": "Тумба",
                    "article": "",
                    "group_id": "1g1xifyoqohijg1m3kyzxwgeba24acbi",
                    "group_title": "Группа 1"
                },
                "mass": 80.0,
                "size": {
                    "width": 1200.0,
                    "height": 1200.0,
                    "length": 1500.0
                },
                "sort": 1,
                "step": 6,
                "type": "box",
                "margin": {
                    "width": 0.0,
                    "height": 0.0,
                    "length": 0.0
                },
                "cargo_id": "m0ipues7vfkmbppmab1tktlcdunljj1p",
                "position": {
                    "x": 3000.0,
                    "y": 800.0,
                    "z": 0.0
                },
                "stacking": true,
                "turnover": true,
                "rotation_state": 1,
                "stacking_limit": 0.0,
                "calculated_size": {
                    "width": 1500.0,
                    "height": 1200.0,
                    "length": 1200.0
                },
                "virtual_positions": null
            },
            {
                "id": 2,
                "info": {
                    "color": "#4870a8",
                    "title": "Тумба",
                    "article": "",
                    "group_id": "1g1xifyoqohijg1m3kyzxwgeba24acbi",
                    "group_title": "Группа 1"
                },
                "mass": 80.0,
                "size": {
                    "width": 1200.0,
                    "height": 1200.0,
                    "length": 1500.0
                },
                "sort": 1,
                "step": 7,
                "type": "box",
                "margin": {
                    "width": 0.0,
                    "height": 0.0,
                    "length": 0.0
                },
                "cargo_id": "m0ipues7vfkmbppmab1tktlcdunljj1p",
                "position": {
                    "x": 4200.0,
                    "y": 800.0,
                    "z": 0.0
                },
                "stacking": true,
                "turnover": true,
                "rotation_state": 1,
                "stacking_limit": 0.0,
                "calculated_size": {
                    "width": 1500.0,
                    "height": 1200.0,
                    "length": 1200.0
                },
                "virtual_positions": null
            },
            {
                "id": 3,
                "info": {
                    "color": "#4870a8",
                    "title": "Тумба",
                    "article": "",
                    "group_id": "1g1xifyoqohijg1m3kyzxwgeba24acbi",
                    "group_title": "Группа 1"
                },
                "mass": 80.0,
                "size": {
                    "width": 1200.0,
                    "height": 1200.0,
                    "length": 1500.0
                },
                "sort": 1,
                "step": 8,
                "type": "box",
                "margin": {
                    "width": 0.0,
                    "height": 0.0,
                    "length": 0.0
                },
                "cargo_id": "m0ipues7vfkmbppmab1tktlcdunljj1p",
                "position": {
                    "x": 5400.0,
                    "y": 800.0,
                    "z": 0.0
                },
                "stacking": true,
                "turnover": true,
                "rotation_state": 1,
                "stacking_limit": 0.0,
                "calculated_size": {
                    "width": 1500.0,
                    "height": 1200.0,
                    "length": 1200.0
                },
                "virtual_positions": null
            },
            {
                "id": 7,
                "info": {
                    "color": "#60e58e",
                    "title": "Портал 2",
                    "article": "",
                    "group_id": "1g1xifyoqohijg1m3kyzxwgeba24acbi",
                    "group_title": "Группа 1"
                },
                "mass": 50.0,
                "size": {
                    "width": 400.0,
                    "height": 500.0,
                    "length": 3000.0
                },
                "sort": 1,
                "step": 9,
                "type": "box",
                "margin": {
                    "width": 0.0,
                    "height": 0.0,
                    "length": 0.0
                },
                "cargo_id": "atii5cobvogahfjrgslrbabe0pyzdok8",
                "position": {
                    "x": 9000.0,
                    "y": 0.0,
                    "z": 1900.0
                },
                "stacking": true,
                "turnover": true,
                "rotation_state": 4,
                "stacking_limit": 0.0,
                "calculated_size": {
                    "width": 500.0,
                    "height": 400.0,
                    "length": 3000.0
                },
                "virtual_positions": null
            },
            {
                "id": 6,
                "info": {
                    "color": "#60e58e",
                    "title": "Портал 2",
                    "article": "",
                    "group_id": "1g1xifyoqohijg1m3kyzxwgeba24acbi",
                    "group_title": "Группа 1"
                },
                "mass": 50.0,
                "size": {
                    "width": 400.0,
                    "height": 500.0,
                    "length": 3000.0
                },
                "sort": 1,
                "step": 10,
                "type": "box",
                "margin": {
                    "width": 0.0,
                    "height": 0.0,
                    "length": 0.0
                },
                "cargo_id": "atii5cobvogahfjrgslrbabe0pyzdok8",
                "position": {
                    "x": 9000.0,
                    "y": 0.0,
                    "z": 1400.0
                },
                "stacking": true,
                "turnover": true,
                "rotation_state": 4,
                "stacking_limit": 0.0,
                "calculated_size": {
                    "width": 500.0,
                    "height": 400.0,
                    "length": 3000.0
                },
                "virtual_positions": null
            },
            {
                "id": 9,
                "info": {
                    "color": "#60e58e",
                    "title": "Портал 2",
                    "article": "",
                    "group_id": "1g1xifyoqohijg1m3kyzxwgeba24acbi",
                    "group_title": "Группа 1"
                },
                "mass": 50.0,
                "size": {
                    "width": 400.0,
                    "height": 500.0,
                    "length": 3000.0
                },
                "sort": 1,
                "step": 11,
                "type": "box",
                "margin": {
                    "width": 0.0,
                    "height": 0.0,
                    "length": 0.0
                },
                "cargo_id": "atii5cobvogahfjrgslrbabe0pyzdok8",
                "position": {
                    "x": 9000.0,
                    "y": 400.0,
                    "z": 1900.0
                },
                "stacking": true,
                "turnover": true,
                "rotation_state": 4,
                "stacking_limit": 0.0,
                "calculated_size": {
                    "width": 500.0,
                    "height": 400.0,
                    "length": 3000.0
                },
                "virtual_positions": null
            },
            {
                "id": 8,
                "info": {
                    "color": "#60e58e",
                    "title": "Портал 2",
                    "article": "",
                    "group_id": "1g1xifyoqohijg1m3kyzxwgeba24acbi",
                    "group_title": "Группа 1"
                },
                "mass": 50.0,
                "size": {
                    "width": 400.0,
                    "height": 500.0,
                    "length": 3000.0
                },
                "sort": 1,
                "step": 12,
                "type": "box",
                "margin": {
                    "width": 0.0,
                    "height": 0.0,
                    "length": 0.0
                },
                "cargo_id": "atii5cobvogahfjrgslrbabe0pyzdok8",
                "position": {
                    "x": 9000.0,
                    "y": 400.0,
                    "z": 1400.0
                },
                "stacking": true,
                "turnover": true,
                "rotation_state": 4,
                "stacking_limit": 0.0,
                "calculated_size": {
                    "width": 500.0,
                    "height": 400.0,
                    "length": 3000.0
                },
                "virtual_positions": null
            },
            {
                "id": 4,
                "info": {
                    "color": "#9cfc6c",
                    "title": "Рес",
                    "article": "",
                    "group_id": "1g1xifyoqohijg1m3kyzxwgeba24acbi",
                    "group_title": "Группа 1"
                },
                "mass": 400.0,
                "size": {
                    "width": 1200.0,
                    "height": 1400.0,
                    "length": 3000.0
                },
                "sort": 1,
                "step": 13,
                "type": "box",
                "margin": {
                    "width": 0.0,
                    "height": 0.0,
                    "length": 0.0
                },
                "cargo_id": "cjavrmbkouwesxorjcw9chvfxqwxvi4a",
                "position": {
                    "x": 9000.0,
                    "y": 0.0,
                    "z": 0.0
                },
                "stacking": true,
                "turnover": true,
                "rotation_state": 4,
                "stacking_limit": 0.0,
                "calculated_size": {
                    "width": 1400.0,
                    "height": 1200.0,
                    "length": 3000.0
                },
                "virtual_positions": null
            },
            {
                "id": 0,
                "info": {
                    "color": "#4870a8",
                    "title": "Тумба",
                    "article": "",
                    "group_id": "1g1xifyoqohijg1m3kyzxwgeba24acbi",
                    "group_title": "Группа 1"
                },
                "mass": 80.0,
                "size": {
                    "width": 1200.0,
                    "height": 1200.0,
                    "length": 1500.0
                },
                "sort": 1,
                "step": 14,
                "type": "box",
                "margin": {
                    "width": 0.0,
                    "height": 0.0,
                    "length": 0.0
                },
                "cargo_id": "m0ipues7vfkmbppmab1tktlcdunljj1p",
                "position": {
                    "x": 12000.0,
                    "y": 0.0,
                    "z": 0.0
                },
                "stacking": true,
                "turnover": true,
                "rotation_state": 1,
                "stacking_limit": 0.0,
                "calculated_size": {
                    "width": 1500.0,
                    "height": 1200.0,
                    "length": 1200.0
                },
                "virtual_positions": null
            }
        ],
        "version": 5,
        "cargo_space": {
            "id": 418,
            "info": {
                "uid": "418_0",
                "sort": 0,
                "title": "MAN 2 оси | полуприцеп 3 оси"
            },
            "mass": 9694.0,
            "size": {
                "width": 2500.0,
                "height": 2679.0,
                "length": 13550.0
            },
            "type": "truck",
            "axles": [
                {
                    "title": "Ось 1",
                    "distance": 2990.0,
                    "max_load": 11000.0,
                    "default_load": 2113.0,
                    "calculated_load": 2764.742
                },
                {
                    "title": "Ось 2",
                    "distance": 1360.0,
                    "max_load": 11000.0,
                    "default_load": 2090.0,
                    "calculated_load": 2741.742
                },
                {
                    "title": "Ось 3",
                    "distance": 1360.0,
                    "max_load": 11000.0,
                    "default_load": 2113.0,
                    "calculated_load": 2764.742
                }
            ],
            "hitch": {
                "title": "",
                "distance": 6240.0,
                "max_load": 10058.0,
                "default_load": 3378.0,
                "calculated_load": 3642.774
            },
            "tractor": {
                "mass": 7523.0,
                "axles": [
                    {
                        "title": "Ось 1",
                        "distance": 1475.0,
                        "max_load": 10000.0,
                        "default_load": 6013.0,
                        "calculated_load": 6073.08333
                    },
                    {
                        "title": "Ось 2",
                        "distance": 3900.0,
                        "max_load": 11000.0,
                        "default_load": 4888.0,
                        "calculated_load": 5092.69067
                    }
                ],
                "length": 7110.0,
                "hitch_distance": 885.0
            },
            "full_length": 13550.0,
            "indentation": {
                "width": 5.0,
                "height": 0.0,
                "length": 30.0,
                "height_top": 89.0,
                "length_end": 30.0,
                "width_right": 5.0
            },
            "loading_size": {
                "width": 2490.0,
                "height": 2590.0,
                "length": 13490.0
            },
            "calculation_info": {
                "step_count": 14,
                "cargos_mass": 2.22,
                "load_volume": 86.998359,
                "cargos_volume": 36.96,
                "count_cargoes": 14,
                "load_capacity": 24.0,
                "loading_height": 2.0,
                "density_percent": 58.33333,
                "remaining_volume": 50.03836,
                "void_space_percent": 57.51644,
                "filling_space_percent": 42.48356
            },
            "carrying_capacity": 24000.0,
            "real_center_of_gravity": [
                5905.405405405405,
                722.5225225225225,
                990.990990990991
            ],
            "ideal_center_of_gravity": [
                6745.0,
                0.0,
                1245.0
            ]
        },
        "cargo_groups": [],
        "packing_type": "PackingTruck PackingStepByStep",
        "calculation_id": 15399,
        "invalid_errors": [],
        "unpacked_errors": [],
        "validate_errors": [],
        "is_packed_same_boxes": false
    }
}