{
    "data": {
        "cargoes": [
            {
                "info": {
                    "color": "#d7f241",
                    "title": "1",
                    "article": "1",
                    "group_id": "1x9axfvgvpjsumexnwr0jkisgagbtkqh",
                    "group_title": "Группа 1"
                },
                "mass": 500.0,
                "size": {
                    "width": 500,
                    "height": 1000,
                    "length": 500
                },
                "sort": 1,
                "type": "box",
                "count": 1500,
                "margin": {
                    "width": 0,
                    "height": 0,
                    "length": 0
                },
                "cargo_id": "bzvtj9r61gdqkm4suvfibdlhhlnqgk8n",
                "stacking": false,
                "turnover": false,
                "margin_width": 0,
                "margin_length": 0,
                "stacking_limit": 0
            }
        ],
        "settings": {
            "rank": false,
            "max_step": 100,
            "min_step": 50,
            "usersort": false,
            "hardlimit": 1801,
            "timelimit": 1800,
            "step_scaling": 10
        },
        "put_boxes": [],
        "initial_id": 0,
        "cargo_space": {
            "id": 261,
            "info": {
                "uid": "261_0",
                "sort": 0,
                "title": "Стандартный 40 футовый контейнер"
            },
            "mass": 4400,
            "size": {
                "width": 2352,
                "height": 2385,
                "length": 12032
            },
            "type": "container",
            "axles": [],
            "title": "Стандартный 40 футовый контейнер",
            "indentation": {
                "width": 0,
                "height": 0,
                "length": 0,
                "height_top": 0,
                "length_end": 0,
                "width_right": 0
            },
            "loading_size": {
                "width": 2352,
                "height": 2385,
                "length": 12032
            },
            "carrying_capacity": 26600
        },
        "calculation_id": "16143"
    },
    "data_result": {
        "boxes": [
            {
                "id": 3,
                "info": {
                    "color": "#d7f241",
                    "title": "1",
                    "article": "1",
                    "group_id": "1x9axfvgvpjsumexnwr0jkisgagbtkqh",
                    "group_title": "Группа 1"
                },
                "mass": 500.0,
                "size": {
                    "width": 500.0,
                    "height": 1000.0,
                    "length": 500.0
                },
                "sort": 1,
                "step": 1,
                "type": "box",
                "margin": {
                    "width": 0.0,
                    "height": 0.0,
                    "length": 0.0
                },
                "cargo_id": "bzvtj9r61gdqkm4suvfibdlhhlnqgk8n",
                "position": {
                    "x": 2699.9622641509436,
                    "y": 0.0,
                    "z": 1690.1509433962265
                },
                "stacking": false,
                "turnover": false,
                "rotation_state": 0,
                "stacking_limit": 0.0,
                "calculated_size": {
                    "width": 500.0,
                    "height": 1000.0,
                    "length": 500.0
                },
                "virtual_positions": null
            },
            {
                "id": 2,
                "info": {
                    "color": "#d7f241",
                    "title": "1",
                    "article": "1",
                    "group_id": "1x9axfvgvpjsumexnwr0jkisgagbtkqh",
                    "group_title": "Группа 1"
                },
                "mass": 500.0,
                "size": {
                    "width": 500.0,
                    "height": 1000.0,
                    "length": 500.0
                },
                "sort": 1,
                "step": 1,
                "type": "box",
                "margin": {
                    "width": 0.0,
                    "height": 0.0,
                    "length": 0.0
                },
                "cargo_id": "bzvtj9r61gdqkm4suvfibdlhhlnqgk8n",
                "position": {
                    "x": 2699.9622641509436,
                    "y": 0.0,
                    "z": 1190.1509433962265
                },
                "stacking": false,
                "turnover": false,
                "rotation_state": 0,
                "stacking_limit": 0.0,
                "calculated_size": {
                    "width": 500.0,
                    "height": 1000.0,
                    "length": 500.0
                },
                "virtual_positions": null
            },
            {
                "id": 1,
                "info": {
                    "color": "#d7f241",
                    "title": "1",
                    "article": "1",
                    "group_id": "1x9axfvgvpjsumexnwr0jkisgagbtkqh",
                    "group_title": "Группа 1"
                },
                "mass": 500.0,
                "size": {
                    "width": 500.0,
                    "height": 1000.0,
                    "length": 500.0
                },
                "sort": 1,
                "step": 2,
                "type": "box",
                "margin": {
                    "width": 0.0,
                    "height": 0.0,
                    "length": 0.0
                },
                "cargo_id": "bzvtj9r61gdqkm4suvfibdlhhlnqgk8n",
                "position": {
                    "x": 2699.9622641509436,
                    "y": 0.0,
                    "z": 690.1509433962265
                },
                "stacking": false,
                "turnover": false,
                "rotation_state": 0,
                "stacking_limit": 0.0,
                "calculated_size": {
                    "width": 500.0,
                    "height": 1000.0,
                    "length": 500.0
                },
                "virtual_positions": null
            },
            {
                "id": 0,
                "info": {
                    "color": "#d7f241",
                    "title": "1",
                    "article": "1",
                    "group_id": "1x9axfvgvpjsumexnwr0jkisgagbtkqh",
                    "group_title": "Группа 1"
                },
                "mass": 500.0,
                "size": {
                    "width": 500.0,
                    "height": 1000.0,
                    "length": 500.0
                },
                "sort": 1,
                "step": 2,
                "type": "box",
                "margin": {
                    "width": 0.0,
                    "height": 0.0,
                    "length": 0.0
                },
                "cargo_id": "bzvtj9r61gdqkm4suvfibdlhhlnqgk8n",
                "position": {
                    "x": 2699.9622641509436,
                    "y": 0.0,
                    "z": 190.15094339622647
                },
                "stacking": false,
                "turnover": false,
                "rotation_state": 0,
                "stacking_limit": 0.0,
                "calculated_size": {
                    "width": 500.0,
                    "height": 1000.0,
                    "length": 500.0
                },
                "virtual_positions": null
            },
            {
                "id": 4,
                "info": {
                    "color": "#d7f241",
                    "title": "1",
                    "article": "1",
                    "group_id": "1x9axfvgvpjsumexnwr0jkisgagbtkqh",
                    "group_title": "Группа 1"
                },
                "mass": 500.0,
                "size": {
                    "width": 500.0,
                    "height": 1000.0,
                    "length": 500.0
                },
                "sort": 1,
                "step": 3,
                "type": "box",
                "margin": {
                    "width": 0.0,
                    "height": 0.0,
                    "length": 0.0
                },
                "cargo_id": "bzvtj9r61gdqkm4suvfibdlhhlnqgk8n",
                "position": {
                    "x": 3199.9622641509436,
                    "y": 0.0,
                    "z": 1690.1509433962265
                },
                "stacking": false,
                "turnover": false,
                "rotation_state": 0,
                "stacking_limit": 0.0,
                "calculated_size": {
                    "width": 500.0,
                    "height": 1000.0,
                    "length": 500.0
                },
                "virtual_positions": null
            },
            {
                "id": 5,
                "info": {
                    "color": "#d7f241",
                    "title": "1",
                    "article": "1",
                    "group_id": "1x9axfvgvpjsumexnwr0jkisgagbtkqh",
                    "group_title": "Группа 1"
                },
                "mass": 500.0,
                "size": {
                    "width": 500.0,
                    "height": 1000.0,
                    "length": 500.0
                },
                "sort": 1,
                "step": 3,
                "type": "box",
                "margin": {
                    "width": 0.0,
                    "height": 0.0,
                    "length": 0.0
                },
                "cargo_id": "bzvtj9r61gdqkm4suvfibdlhhlnqgk8n",
                "position": {
                    "x": 3199.9622641509436,
                    "y": 0.0,
                    "z": 1190.1509433962265
                },
                "stacking": false,
                "turnover": false,
                "rotation_state": 0,
                "stacking_limit": 0.0,
                "calculated_size": {
                    "width": 500.0,
                    "height": 1000.0,
                    "length": 500.0
                },
                "virtual_positions": null
            },
            {
                "id": 6,
                "info": {
                    "color": "#d7f241",
                    "title": "1",
                    "article": "1",
                    "group_id": "1x9axfvgvpjsumexnwr0jkisgagbtkqh",
                    "group_title": "Группа 1"
                },
                "mass": 500.0,
                "size": {
                    "width": 500.0,
                    "height": 1000.0,
                    "length": 500.0
                },
                "sort": 1,
                "step": 4,
                "type": "box",
                "margin": {
                    "width": 0.0,
                    "height": 0.0,
                    "length": 0.0
                },
                "cargo_id": "bzvtj9r61gdqkm4suvfibdlhhlnqgk8n",
                "position": {
                    "x": 3199.9622641509436,
                    "y": 0.0,
                    "z": 690.1509433962265
                },
                "stacking": false,
                "turnover": false,
                "rotation_state": 0,
                "stacking_limit": 0.0,
                "calculated_size": {
                    "width": 500.0,
                    "height": 1000.0,
                    "length": 500.0
                },
                "virtual_positions": null
            },
            {
                "id": 7,
                "info": {
                    "color": "#d7f241",
                    "title": "1",
                    "article": "1",
                    "group_id": "1x9axfvgvpjsumexnwr0jkisgagbtkqh",
                    "group_title": "Группа 1"
                },
                "mass": 500.0,
                "size": {
                    "width": 500.0,
                    "height": 1000.0,
                    "length": 500.0
                },
                "sort": 1,
                "step": 5,
                "type": "box",
                "margin": {
                    "width": 0.0,
                    "height": 0.0,
                    "length": 0.0
                },
                "cargo_id": "bzvtj9r61gdqkm4suvfibdlhhlnqgk8n",
                "position": {
                    "x": 3199.9622641509436,
                    "y": 0.0,
                    "z": 190.15094339622647
                },
                "stacking": false,
                "turnover": false,
                "rotation_state": 0,
                "stacking_limit": 0.0,
                "calculated_size": {
                    "width": 500.0,
                    "height": 1000.0,
                    "length": 500.0
                },
                "virtual_positions": null
            },
            {
                "id": 11,
                "info": {
                    "color": "#d7f241",
                    "title": "1",
                    "article": "1",
                    "group_id": "1x9axfvgvpjsumexnwr0jkisgagbtkqh",
                    "group_title": "Группа 1"
                },
                "mass": 500.0,
                "size": {
                    "width": 500.0,
                    "height": 1000.0,
                    "length": 500.0
                },
                "sort": 1,
                "step": 6,
                "type": "box",
                "margin": {
                    "width": 0.0,
                    "height": 0.0,
                    "length": 0.0
                },
                "cargo_id": "bzvtj9r61gdqkm4suvfibdlhhlnqgk8n",
                "position": {
                    "x": 3699.9622641509436,
                    "y": 0.0,
                    "z": 1690.1509433962265
                },
                "stacking": false,
                "turnover": false,
                "rotation_state": 0,
                "stacking_limit": 0.0,
                "calculated_size": {
                    "width": 500.0,
                    "height": 1000.0,
                    "length": 500.0
                },
                "virtual_positions": null
            },
            {
                "id": 10,
                "info": {
                    "color": "#d7f241",
                    "title": "1",
                    "article": "1",
                    "group_id": "1x9axfvgvpjsumexnwr0jkisgagbtkqh",
                    "group_title": "Группа 1"
                },
                "mass": 500.0,
                "size": {
                    "width": 500.0,
                    "height": 1000.0,
                    "length": 500.0
                },
                "sort": 1,
                "step": 7,
                "type": "box",
                "margin": {
                    "width": 0.0,
                    "height": 0.0,
                    "length": 0.0
                },
                "cargo_id": "bzvtj9r61gdqkm4suvfibdlhhlnqgk8n",
                "position": {
                    "x": 3699.9622641509436,
                    "y": 0.0,
                    "z": 1190.1509433962265
                },
                "stacking": false,
                "turnover": false,
                "rotation_state": 0,
                "stacking_limit": 0.0,
                "calculated_size": {
                    "width": 500.0,
                    "height": 1000.0,
                    "length": 500.0
                },
                "virtual_positions": null
            },
            {
                "id": 9,
                "info": {
                    "color": "#d7f241",
                    "title": "1",
                    "article": "1",
                    "group_id": "1x9axfvgvpjsumexnwr0jkisgagbtkqh",
                    "group_title": "Группа 1"
                },
                "mass": 500.0,
                "size": {
                    "width": 500.0,
                    "height": 1000.0,
                    "length": 500.0
                },
                "sort": 1,
                "step": 8,
                "type": "box",
                "margin": {
                    "width": 0.0,
                    "height": 0.0,
                    "length": 0.0
                },
                "cargo_id": "bzvtj9r61gdqkm4suvfibdlhhlnqgk8n",
                "position": {
                    "x": 3699.9622641509436,
                    "y": 0.0,
                    "z": 690.1509433962265
                },
                "stacking": false,
                "turnover": false,
                "rotation_state": 0,
                "stacking_limit": 0.0,
                "calculated_size": {
                    "width": 500.0,
                    "height": 1000.0,
                    "length": 500.0
                },
                "virtual_positions": null
            },
            {
                "id": 8,
                "info": {
                    "color": "#d7f241",
                    "title": "1",
                    "article": "1",
                    "group_id": "1x9axfvgvpjsumexnwr0jkisgagbtkqh",
                    "group_title": "Группа 1"
                },
                "mass": 500.0,
                "size": {
                    "width": 500.0,
                    "height": 1000.0,
                    "length": 500.0
                },
                "sort": 1,
                "step": 9,
                "type": "box",
                "margin": {
                    "width": 0.0,
                    "height": 0.0,
                    "length": 0.0
                },
                "cargo_id": "bzvtj9r61gdqkm4suvfibdlhhlnqgk8n",
                "position": {
                    "x": 3699.9622641509436,
                    "y": 0.0,
                    "z": 190.15094339622647
                },
                "stacking": false,
                "turnover": false,
                "rotation_state": 0,
                "stacking_limit": 0.0,
                "calculated_size": {
                    "width": 500.0,
                    "height": 1000.0,
                    "length": 500.0
                },
                "virtual_positions": null
            },
            {
                "id": 15,
                "info": {
                    "color": "#d7f241",
                    "title": "1",
                    "article": "1",
                    "group_id": "1x9axfvgvpjsumexnwr0jkisgagbtkqh",
                    "group_title": "Группа 1"
                },
                "mass": 500.0,
                "size": {
                    "width": 500.0,
                    "height": 1000.0,
                    "length": 500.0
                },
                "sort": 1,
                "step": 10,
                "type": "box",
                "margin": {
                    "width": 0.0,
                    "height": 0.0,
                    "length": 0.0
                },
                "cargo_id": "bzvtj9r61gdqkm4suvfibdlhhlnqgk8n",
                "position": {
                    "x": 4199.962264150943,
                    "y": 0.0,
                    "z": 1690.1509433962265
                },
                "stacking": false,
                "turnover": false,
                "rotation_state": 0,
                "stacking_limit": 0.0,
                "calculated_size": {
                    "width": 500.0,
                    "height": 1000.0,
                    "length": 500.0
                },
                "virtual_positions": null
            },
            {
                "id": 14,
                "info": {
                    "color": "#d7f241",
                    "title": "1",
                    "article": "1",
                    "group_id": "1x9axfvgvpjsumexnwr0jkisgagbtkqh",
                    "group_title": "Группа 1"
                },
                "mass": 500.0,
                "size": {
                    "width": 500.0,
                    "height": 1000.0,
                    "length": 500.0
                },
                "sort": 1,
                "step": 11,
                "type": "box",
                "margin": {
                    "width": 0.0,
                    "height": 0.0,
                    "length": 0.0
                },
                "cargo_id": "bzvtj9r61gdqkm4suvfibdlhhlnqgk8n",
                "position": {
                    "x": 4199.962264150943,
                    "y": 0.0,
                    "z": 1190.1509433962265
                },
                "stacking": false,
                "turnover": false,
                "rotation_state": 0,
                "stacking_limit": 0.0,
                "calculated_size": {
                    "width": 500.0,
                    "height": 1000.0,
                    "length": 500.0
                },
                "virtual_positions": null
            },
            {
                "id": 13,
                "info": {
                    "color": "#d7f241",
                    "title": "1",
                    "article": "1",
                    "group_id": "1x9axfvgvpjsumexnwr0jkisgagbtkqh",
                    "group_title": "Группа 1"
                },
                "mass": 500.0,
                "size": {
                    "width": 500.0,
                    "height": 1000.0,
                    "length": 500.0
                },
                "sort": 1,
                "step": 12,
                "type": "box",
                "margin": {
                    "width": 0.0,
                    "height": 0.0,
                    "length": 0.0
                },
                "cargo_id": "bzvtj9r61gdqkm4suvfibdlhhlnqgk8n",
                "position": {
                    "x": 4199.962264150943,
                    "y": 0.0,
                    "z": 690.1509433962265
                },
                "stacking": false,
                "turnover": false,
                "rotation_state": 0,
                "stacking_limit": 0.0,
                "calculated_size": {
                    "width": 500.0,
                    "height": 1000.0,
                    "length": 500.0
                },
                "virtual_positions": null
            },
            {
                "id": 12,
                "info": {
                    "color": "#d7f241",
                    "title": "1",
                    "article": "1",
                    "group_id": "1x9axfvgvpjsumexnwr0jkisgagbtkqh",
                    "group_title": "Группа 1"
                },
                "mass": 500.0,
                "size": {
                    "width": 500.0,
                    "height": 1000.0,
                    "length": 500.0
                },
                "sort": 1,
                "step": 13,
                "type": "box",
                "margin": {
                    "width": 0.0,
                    "height": 0.0,
                    "length": 0.0
                },
                "cargo_id": "bzvtj9r61gdqkm4suvfibdlhhlnqgk8n",
                "position": {
                    "x": 4199.962264150943,
                    "y": 0.0,
                    "z": 190.15094339622647
                },
                "stacking": false,
                "turnover": false,
                "rotation_state": 0,
                "stacking_limit": 0.0,
                "calculated_size": {
                    "width": 500.0,
                    "height": 1000.0,
                    "length": 500.0
                },
                "virtual_positions": null
            },
            {
                "id": 19,
                "info": {
                    "color": "#d7f241",
                    "title": "1",
                    "article": "1",
                    "group_id": "1x9axfvgvpjsumexnwr0jkisgagbtkqh",
                    "group_title": "Группа 1"
                },
                "mass": 500.0,
                "size": {
                    "width": 500.0,
                    "height": 1000.0,
                    "length": 500.0
                },
                "sort": 1,
                "step": 14,
                "type": "box",
                "margin": {
                    "width": 0.0,
                    "height": 0.0,
                    "length": 0.0
                },
                "cargo_id": "bzvtj9r61gdqkm4suvfibdlhhlnqgk8n",
                "position": {
                    "x": 4699.962264150943,
                    "y": 0.0,
                    "z": 1690.1509433962265
                },
                "stacking": false,
                "turnover": false,
                "rotation_state": 0,
                "stacking_limit": 0.0,
                "calculated_size": {
                    "width": 500.0,
                    "height": 1000.0,
                    "length": 500.0
                },
                "virtual_positions": null
            },
            {
                "id": 18,
                "info": {
                    "color": "#d7f241",
                    "title": "1",
                    "article": "1",
                    "group_id": "1x9axfvgvpjsumexnwr0jkisgagbtkqh",
                    "group_title": "Группа 1"
                },
                "mass": 500.0,
                "size": {
                    "width": 500.0,
                    "height": 1000.0,
                    "length": 500.0
                },
                "sort": 1,
                "step": 15,
                "type": "box",
                "margin": {
                    "width": 0.0,
                    "height": 0.0,
                    "length": 0.0
                },
                "cargo_id": "bzvtj9r61gdqkm4suvfibdlhhlnqgk8n",
                "position": {
                    "x": 4699.962264150943,
                    "y": 0.0,
                    "z": 1190.1509433962265
                },
                "stacking": false,
                "turnover": false,
                "rotation_state": 0,
                "stacking_limit": 0.0,
                "calculated_size": {
                    "width": 500.0,
                    "height": 1000.0,
                    "length": 500.0
                },
                "virtual_positions": null
            },
            {
                "id": 17,
                "info": {
                    "color": "#d7f241",
                    "title": "1",
                    "article": "1",
                    "group_id": "1x9axfvgvpjsumexnwr0jkisgagbtkqh",
                    "group_title": "Группа 1"
                },
                "mass": 500.0,
                "size": {
                    "width": 500.0,
                    "height": 1000.0,
                    "length": 500.0
                },
                "sort": 1,
                "step": 16,
                "type": "box",
                "margin": {
                    "width": 0.0,
                    "height": 0.0,
                    "length": 0.0
                },
                "cargo_id": "bzvtj9r61gdqkm4suvfibdlhhlnqgk8n",
                "position": {
                    "x": 4699.962264150943,
                    "y": 0.0,
                    "z": 690.1509433962265
                },
                "stacking": false,
                "turnover": false,
                "rotation_state": 0,
                "stacking_limit": 0.0,
                "calculated_size": {
                    "width": 500.0,
                    "height": 1000.0,
                    "length": 500.0
                },
                "virtual_positions": null
            },
            {
                "id": 16,
                "info": {
                    "color": "#d7f241",
                    "title": "1",
                    "article": "1",
                    "group_id": "1x9axfvgvpjsumexnwr0jkisgagbtkqh",
                    "group_title": "Группа 1"
                },
                "mass": 500.0,
                "size": {
                    "width": 500.0,
                    "height": 1000.0,
                    "length": 500.0
                },
                "sort": 1,
                "step": 17,
                "type": "box",
                "margin": {
                    "width": 0.0,
                    "height": 0.0,
                    "length": 0.0
                },
                "cargo_id": "bzvtj9r61gdqkm4suvfibdlhhlnqgk8n",
                "position": {
                    "x": 4699.962264150943,
                    "y": 0.0,
                    "z": 190.15094339622647
                },
                "stacking": false,
                "turnover": false,
                "rotation_state": 0,
                "stacking_limit": 0.0,
                "calculated_size": {
                    "width": 500.0,
                    "height": 1000.0,
                    "length": 500.0
                },
                "virtual_positions": null
            },
            {
                "id": 23,
                "info": {
                    "color": "#d7f241",
                    "title": "1",
                    "article": "1",
                    "group_id": "1x9axfvgvpjsumexnwr0jkisgagbtkqh",
                    "group_title": "Группа 1"
                },
                "mass": 500.0,
                "size": {
                    "width": 500.0,
                    "height": 1000.0,
                    "length": 500.0
                },
                "sort": 1,
                "step": 18,
                "type": "box",
                "margin": {
                    "width": 0.0,
                    "height": 0.0,
                    "length": 0.0
                },
                "cargo_id": "bzvtj9r61gdqkm4suvfibdlhhlnqgk8n",
                "position": {
                    "x": 5199.962264150943,
                    "y": 0.0,
                    "z": 1690.1509433962265
                },
                "stacking": false,
                "turnover": false,
                "rotation_state": 0,
                "stacking_limit": 0.0,
                "calculated_size": {
                    "width": 500.0,
                    "height": 1000.0,
                    "length": 500.0
                },
                "virtual_positions": null
            },
            {
                "id": 22,
                "info": {
                    "color": "#d7f241",
                    "title": "1",
                    "article": "1",
                    "group_id": "1x9axfvgvpjsumexnwr0jkisgagbtkqh",
                    "group_title": "Группа 1"
                },
                "mass": 500.0,
                "size": {
                    "width": 500.0,
                    "height": 1000.0,
                    "length": 500.0
                },
                "sort": 1,
                "step": 19,
                "type": "box",
                "margin": {
                    "width": 0.0,
                    "height": 0.0,
                    "length": 0.0
                },
                "cargo_id": "bzvtj9r61gdqkm4suvfibdlhhlnqgk8n",
                "position": {
                    "x": 5199.962264150943,
                    "y": 0.0,
                    "z": 1190.1509433962265
                },
                "stacking": false,
                "turnover": false,
                "rotation_state": 0,
                "stacking_limit": 0.0,
                "calculated_size": {
                    "width": 500.0,
                    "height": 1000.0,
                    "length": 500.0
                },
                "virtual_positions": null
            },
            {
                "id": 21,
                "info": {
                    "color": "#d7f241",
                    "title": "1",
                    "article": "1",
                    "group_id": "1x9axfvgvpjsumexnwr0jkisgagbtkqh",
                    "group_title": "Группа 1"
                },
                "mass": 500.0,
                "size": {
                    "width": 500.0,
                    "height": 1000.0,
                    "length": 500.0
                },
                "sort": 1,
                "step": 20,
                "type": "box",
                "margin": {
                    "width": 0.0,
                    "height": 0.0,
                    "length": 0.0
                },
                "cargo_id": "bzvtj9r61gdqkm4suvfibdlhhlnqgk8n",
                "position": {
                    "x": 5199.962264150943,
                    "y": 0.0,
                    "z": 690.1509433962265
                },
                "stacking": false,
                "turnover": false,
                "rotation_state": 0,
                "stacking_limit": 0.0,
                "calculated_size": {
                    "width": 500.0,
                    "height": 1000.0,
                    "length": 500.0
                },
                "virtual_positions": null
            },
            {
                "id": 20,
                "info": {
                    "color": "#d7f241",
                    "title": "1",
                    "article": "1",
                    "group_id": "1x9axfvgvpjsumexnwr0jkisgagbtkqh",
                    "group_title": "Группа 1"
                },
                "mass": 500.0,
                "size": {
                    "width": 500.0,
                    "height": 1000.0,
                    "length": 500.0
                },
                "sort": 1,
                "step": 21,
                "type": "box",
                "margin": {
                    "width": 0.0,
                    "height": 0.0,
                    "length": 0.0
                },
                "cargo_id": "bzvtj9r61gdqkm4suvfibdlhhlnqgk8n",
                "position": {
                    "x": 5199.962264150943,
                    "y": 0.0,
                    "z": 190.15094339622647
                },
                "stacking": false,
                "turnover": false,
                "rotation_state": 0,
                "stacking_limit": 0.0,
                "calculated_size": {
                    "width": 500.0,
                    "height": 1000.0,
                    "length": 500.0
                },
                "virtual_positions": null
            },
            {
                "id": 27,
                "info": {
                    "color": "#d7f241",
                    "title": "1",
                    "article": "1",
                    "group_id": "1x9axfvgvpjsumexnwr0jkisgagbtkqh",
                    "group_title": "Группа 1"
                },
                "mass": 500.0,
                "size": {
                    "width": 500.0,
                    "height": 1000.0,
                    "length": 500.0
                },
                "sort": 1,
                "step": 22,
                "type": "box",
                "margin": {
                    "width": 0.0,
                    "height": 0.0,
                    "length": 0.0
                },
                "cargo_id": "bzvtj9r61gdqkm4suvfibdlhhlnqgk8n",
                "position": {
                    "x": 5699.962264150943,
                    "y": 0.0,
                    "z": 1690.1509433962265
                },
                "stacking": false,
                "turnover": false,
                "rotation_state": 0,
                "stacking_limit": 0.0,
                "calculated_size": {
                    "width": 500.0,
                    "height": 1000.0,
                    "length": 500.0
                },
                "virtual_positions": null
            },
            {
                "id": 26,
                "info": {
                    "color": "#d7f241",
                    "title": "1",
                    "article": "1",
                    "group_id": "1x9axfvgvpjsumexnwr0jkisgagbtkqh",
                    "group_title": "Группа 1"
                },
                "mass": 500.0,
                "size": {
                    "width": 500.0,
                    "height": 1000.0,
                    "length": 500.0
                },
                "sort": 1,
                "step": 23,
                "type": "box",
                "margin": {
                    "width": 0.0,
                    "height": 0.0,
                    "length": 0.0
                },
                "cargo_id": "bzvtj9r61gdqkm4suvfibdlhhlnqgk8n",
                "position": {
                    "x": 5699.962264150943,
                    "y": 0.0,
                    "z": 1190.1509433962265
                },
                "stacking": false,
                "turnover": false,
                "rotation_state": 0,
                "stacking_limit": 0.0,
                "calculated_size": {
                    "width": 500.0,
                    "height": 1000.0,
                    "length": 500.0
                },
                "virtual_positions": null
            },
            {
                "id": 25,
                "info": {
                    "color": "#d7f241",
                    "title": "1",
                    "article": "1",
                    "group_id": "1x9axfvgvpjsumexnwr0jkisgagbtkqh",
                    "group_title": "Группа 1"
                },
                "mass": 500.0,
                "size": {
                    "width": 500.0,
                    "height": 1000.0,
                    "length": 500.0
                },
                "sort": 1,
                "step": 24,
                "type": "box",
                "margin": {
                    "width": 0.0,
                    "height": 0.0,
                    "length": 0.0
                },
                "cargo_id": "bzvtj9r61gdqkm4suvfibdlhhlnqgk8n",
                "position": {
                    "x": 5699.962264150943,
                    "y": 0.0,
                    "z": 690.1509433962265
                },
                "stacking": false,
                "turnover": false,
                "rotation_state": 0,
                "stacking_limit": 0.0,
                "calculated_size": {
                    "width": 500.0,
                    "height": 1000.0,
                    "length": 500.0
                },
                "virtual_positions": null
            },
            {
                "id": 24,
                "info": {
                    "color": "#d7f241",
                    "title": "1",
                    "article": "1",
                    "group_id": "1x9axfvgvpjsumexnwr0jkisgagbtkqh",
                    "group_title": "Группа 1"
                },
                "mass": 500.0,
                "size": {
                    "width": 500.0,
                    "height": 1000.0,
                    "length": 500.0
                },
                "sort": 1,
                "step": 25,
                "type": "box",
                "margin": {
                    "width": 0.0,
                    "height": 0.0,
                    "length": 0.0
                },
                "cargo_id": "bzvtj9r61gdqkm4suvfibdlhhlnqgk8n",
                "position": {
                    "x": 5699.962264150943,
                    "y": 0.0,
                    "z": 190.15094339622647
                },
                "stacking": false,
                "turnover": false,
                "rotation_state": 0,
                "stacking_limit": 0.0,
                "calculated_size": {
                    "width": 500.0,
                    "height": 1000.0,
                    "length": 500.0
                },
                "virtual_positions": null
            },
            {
                "id": 31,
                "info": {
                    "color": "#d7f241",
                    "title": "1",
                    "article": "1",
                    "group_id": "1x9axfvgvpjsumexnwr0jkisgagbtkqh",
                    "group_title": "Группа 1"
                },
                "mass": 500.0,
                "size": {
                    "width": 500.0,
                    "height": 1000.0,
                    "length": 500.0
                },
                "sort": 1,
                "step": 26,
                "type": "box",
                "margin": {
                    "width": 0.0,
                    "height": 0.0,
                    "length": 0.0
                },
                "cargo_id": "bzvtj9r61gdqkm4suvfibdlhhlnqgk8n",
                "position": {
                    "x": 6199.962264150943,
                    "y": 0.0,
                    "z": 1690.1509433962265
                },
                "stacking": false,
                "turnover": false,
                "rotation_state": 0,
                "stacking_limit": 0.0,
                "calculated_size": {
                    "width": 500.0,
                    "height": 1000.0,
                    "length": 500.0
                },
                "virtual_positions": null
            },
            {
                "id": 30,
                "info": {
                    "color": "#d7f241",
                    "title": "1",
                    "article": "1",
                    "group_id": "1x9axfvgvpjsumexnwr0jkisgagbtkqh",
                    "group_title": "Группа 1"
                },
                "mass": 500.0,
                "size": {
                    "width": 500.0,
                    "height": 1000.0,
                    "length": 500.0
                },
                "sort": 1,
                "step": 27,
                "type": "box",
                "margin": {
                    "width": 0.0,
                    "height": 0.0,
                    "length": 0.0
                },
                "cargo_id": "bzvtj9r61gdqkm4suvfibdlhhlnqgk8n",
                "position": {
                    "x": 6199.962264150943,
                    "y": 0.0,
                    "z": 1190.1509433962265
                },
                "stacking": false,
                "turnover": false,
                "rotation_state": 0,
                "stacking_limit": 0.0,
                "calculated_size": {
                    "width": 500.0,
                    "height": 1000.0,
                    "length": 500.0
                },
                "virtual_positions": null
            },
            {
                "id": 29,
                "info": {
                    "color": "#d7f241",
                    "title": "1",
                    "article": "1",
                    "group_id": "1x9axfvgvpjsumexnwr0jkisgagbtkqh",
                    "group_title": "Группа 1"
                },
                "mass": 500.0,
                "size": {
                    "width": 500.0,
                    "height": 1000.0,
                    "length": 500.0
                },
                "sort": 1,
                "step": 28,
                "type": "box",
                "margin": {
                    "width": 0.0,
                    "height": 0.0,
                    "length": 0.0
                },
                "cargo_id": "bzvtj9r61gdqkm4suvfibdlhhlnqgk8n",
                "position": {
                    "x": 6199.962264150943,
                    "y": 0.0,
                    "z": 690.1509433962265
                },
                "stacking": false,
                "turnover": false,
                "rotation_state": 0,
                "stacking_limit": 0.0,
                "calculated_size": {
                    "width": 500.0,
                    "height": 1000.0,
                    "length": 500.0
                },
                "virtual_positions": null
            },
            {
                "id": 28,
                "info": {
                    "color": "#d7f241",
                    "title": "1",
                    "article": "1",
                    "group_id": "1x9axfvgvpjsumexnwr0jkisgagbtkqh",
                    "group_title": "Группа 1"
                },
                "mass": 500.0,
                "size": {
                    "width": 500.0,
                    "height": 1000.0,
                    "length": 500.0
                },
                "sort": 1,
                "step": 29,
                "type": "box",
                "margin": {
                    "width": 0.0,
                    "height": 0.0,
                    "length": 0.0
                },
                "cargo_id": "bzvtj9r61gdqkm4suvfibdlhhlnqgk8n",
                "position": {
                    "x": 6199.962264150943,
                    "y": 0.0,
                    "z": 190.15094339622647
                },
                "stacking": false,
                "turnover": false,
                "rotation_state": 0,
                "stacking_limit": 0.0,
                "calculated_size": {
                    "width": 500.0,
                    "height": 1000.0,
                    "length": 500.0
                },
                "virtual_positions": null
            },
            {
                "id": 35,
                "info": {
                    "color": "#d7f241",
                    "title": "1",
                    "article": "1",
                    "group_id": "1x9axfvgvpjsumexnwr0jkisgagbtkqh",
                    "group_title": "Группа 1"
                },
                "mass": 500.0,
                "size": {
                    "width": 500.0,
                    "height": 1000.0,
                    "length": 500.0
                },
                "sort": 1,
                "step": 30,
                "type": "box",
                "margin": {
                    "width": 0.0,
                    "height": 0.0,
                    "length": 0.0
                },
                "cargo_id": "bzvtj9r61gdqkm4suvfibdlhhlnqgk8n",
                "position": {
                    "x": 6699.962264150943,
                    "y": 0.0,
                    "z": 1690.1509433962265
                },
                "stacking": false,
                "turnover": false,
                "rotation_state": 0,
                "stacking_limit": 0.0,
                "calculated_size": {
                    "width": 500.0,
                    "height": 1000.0,
                    "length": 500.0
                },
                "virtual_positions": null
            },
            {
                "id": 34,
                "info": {
                    "color": "#d7f241",
                    "title": "1",
                    "article": "1",
                    "group_id": "1x9axfvgvpjsumexnwr0jkisgagbtkqh",
                    "group_title": "Группа 1"
                },
                "mass": 500.0,
                "size": {
                    "width": 500.0,
                    "height": 1000.0,
                    "length": 500.0
                },
                "sort": 1,
                "step": 31,
                "type": "box",
                "margin": {
                    "width": 0.0,
                    "height": 0.0,
                    "length": 0.0
                },
                "cargo_id": "bzvtj9r61gdqkm4suvfibdlhhlnqgk8n",
                "position": {
                    "x": 6699.962264150943,
                    "y": 0.0,
                    "z": 1190.1509433962265
                },
                "stacking": false,
                "turnover": false,
                "rotation_state": 0,
                "stacking_limit": 0.0,
                "calculated_size": {
                    "width": 500.0,
                    "height": 1000.0,
                    "length": 500.0
                },
                "virtual_positions": null
            },
            {
                "id": 33,
                "info": {
                    "color": "#d7f241",
                    "title": "1",
                    "article": "1",
                    "group_id": "1x9axfvgvpjsumexnwr0jkisgagbtkqh",
                    "group_title": "Группа 1"
                },
                "mass": 500.0,
                "size": {
                    "width": 500.0,
                    "height": 1000.0,
                    "length": 500.0
                },
                "sort": 1,
                "step": 32,
                "type": "box",
                "margin": {
                    "width": 0.0,
                    "height": 0.0,
                    "length": 0.0
                },
                "cargo_id": "bzvtj9r61gdqkm4suvfibdlhhlnqgk8n",
                "position": {
                    "x": 6699.962264150943,
                    "y": 0.0,
                    "z": 690.1509433962265
                },
                "stacking": false,
                "turnover": false,
                "rotation_state": 0,
                "stacking_limit": 0.0,
                "calculated_size": {
                    "width": 500.0,
                    "height": 1000.0,
                    "length": 500.0
                },
                "virtual_positions": null
            },
            {
                "id": 32,
                "info": {
                    "color": "#d7f241",
                    "title": "1",
                    "article": "1",
                    "group_id": "1x9axfvgvpjsumexnwr0jkisgagbtkqh",
                    "group_title": "Группа 1"
                },
                "mass": 500.0,
                "size": {
                    "width": 500.0,
                    "height": 1000.0,
                    "length": 500.0
                },
                "sort": 1,
                "step": 33,
                "type": "box",
                "margin": {
                    "width": 0.0,
                    "height": 0.0,
                    "length": 0.0
                },
                "cargo_id": "bzvtj9r61gdqkm4suvfibdlhhlnqgk8n",
                "position": {
                    "x": 6699.962264150943,
                    "y": 0.0,
                    "z": 190.15094339622647
                },
                "stacking": false,
                "turnover": false,
                "rotation_state": 0,
                "stacking_limit": 0.0,
                "calculated_size": {
                    "width": 500.0,
                    "height": 1000.0,
                    "length": 500.0
                },
                "virtual_positions": null
            },
            {
                "id": 39,
                "info": {
                    "color": "#d7f241",
                    "title": "1",
                    "article": "1",
                    "group_id": "1x9axfvgvpjsumexnwr0jkisgagbtkqh",
                    "group_title": "Группа 1"
                },
                "mass": 500.0,
                "size": {
                    "width": 500.0,
                    "height": 1000.0,
                    "length": 500.0
                },
                "sort": 1,
                "step": 34,
                "type": "box",
                "margin": {
                    "width": 0.0,
                    "height": 0.0,
                    "length": 0.0
                },
                "cargo_id": "bzvtj9r61gdqkm4suvfibdlhhlnqgk8n",
                "position": {
                    "x": 7199.962264150943,
                    "y": 0.0,
                    "z": 1690.1509433962265
                },
                "stacking": false,
                "turnover": false,
                "rotation_state": 0,
                "stacking_limit": 0.0,
                "calculated_size": {
                    "width": 500.0,
                    "height": 1000.0,
                    "length": 500.0
                },
                "virtual_positions": null
            },
            {
                "id": 38,
                "info": {
                    "color": "#d7f241",
                    "title": "1",
                    "article": "1",
                    "group_id": "1x9axfvgvpjsumexnwr0jkisgagbtkqh",
                    "group_title": "Группа 1"
                },
                "mass": 500.0,
                "size": {
                    "width": 500.0,
                    "height": 1000.0,
                    "length": 500.0
                },
                "sort": 1,
                "step": 35,
                "type": "box",
                "margin": {
                    "width": 0.0,
                    "height": 0.0,
                    "length": 0.0
                },
                "cargo_id": "bzvtj9r61gdqkm4suvfibdlhhlnqgk8n",
                "position": {
                    "x": 7199.962264150943,
                    "y": 0.0,
                    "z": 1190.1509433962265
                },
                "stacking": false,
                "turnover": false,
                "rotation_state": 0,
                "stacking_limit": 0.0,
                "calculated_size": {
                    "width": 500.0,
                    "height": 1000.0,
                    "length": 500.0
                },
                "virtual_positions": null
            },
            {
                "id": 37,
                "info": {
                    "color": "#d7f241",
                    "title": "1",
                    "article": "1",
                    "group_id": "1x9axfvgvpjsumexnwr0jkisgagbtkqh",
                    "group_title": "Группа 1"
                },
                "mass": 500.0,
                "size": {
                    "width": 500.0,
                    "height": 1000.0,
                    "length": 500.0
                },
                "sort": 1,
                "step": 36,
                "type": "box",
                "margin": {
                    "width": 0.0,
                    "height": 0.0,
                    "length": 0.0
                },
                "cargo_id": "bzvtj9r61gdqkm4suvfibdlhhlnqgk8n",
                "position": {
                    "x": 7199.962264150943,
                    "y": 0.0,
                    "z": 690.1509433962265
                },
                "stacking": false,
                "turnover": false,
                "rotation_state": 0,
                "stacking_limit": 0.0,
                "calculated_size": {
                    "width": 500.0,
                    "height": 1000.0,
                    "length": 500.0
                },
                "virtual_positions": null
            },
            {
                "id": 36,
                "info": {
                    "color": "#d7f241",
                    "title": "1",
                    "article": "1",
                    "group_id": "1x9axfvgvpjsumexnwr0jkisgagbtkqh",
                    "group_title": "Группа 1"
                },
                "mass": 500.0,
                "size": {
                    "width": 500.0,
                    "height": 1000.0,
                    "length": 500.0
                },
                "sort": 1,
                "step": 37,
                "type": "box",
                "margin": {
                    "width": 0.0,
                    "height": 0.0,
                    "length": 0.0
                },
                "cargo_id": "bzvtj9r61gdqkm4suvfibdlhhlnqgk8n",
                "position": {
                    "x": 7199.962264150943,
                    "y": 0.0,
                    "z": 190.15094339622647
                },
                "stacking": false,
                "turnover": false,
                "rotation_state": 0,
                "stacking_limit": 0.0,
                "calculated_size": {
                    "width": 500.0,
                    "height": 1000.0,
                    "length": 500.0
                },
                "virtual_positions": null
            },
            {
                "id": 43,
                "info": {
                    "color": "#d7f241",
                    "title": "1",
                    "article": "1",
                    "group_id": "1x9axfvgvpjsumexnwr0jkisgagbtkqh",
                    "group_title": "Группа 1"
                },
                "mass": 500.0,
                "size": {
                    "width": 500.0,
                    "height": 1000.0,
                    "length": 500.0
                },
                "sort": 1,
                "step": 38,
                "type": "box",
                "margin": {
                    "width": 0.0,
                    "height": 0.0,
                    "length": 0.0
                },
                "cargo_id": "bzvtj9r61gdqkm4suvfibdlhhlnqgk8n",
                "position": {
                    "x": 7699.962264150943,
                    "y": 0.0,
                    "z": 1690.1509433962265
                },
                "stacking": false,
                "turnover": false,
                "rotation_state": 0,
                "stacking_limit": 0.0,
                "calculated_size": {
                    "width": 500.0,
                    "height": 1000.0,
                    "length": 500.0
                },
                "virtual_positions": null
            },
            {
                "id": 42,
                "info": {
                    "color": "#d7f241",
                    "title": "1",
                    "article": "1",
                    "group_id": "1x9axfvgvpjsumexnwr0jkisgagbtkqh",
                    "group_title": "Группа 1"
                },
                "mass": 500.0,
                "size": {
                    "width": 500.0,
                    "height": 1000.0,
                    "length": 500.0
                },
                "sort": 1,
                "step": 39,
                "type": "box",
                "margin": {
                    "width": 0.0,
                    "height": 0.0,
                    "length": 0.0
                },
                "cargo_id": "bzvtj9r61gdqkm4suvfibdlhhlnqgk8n",
                "position": {
                    "x": 7699.962264150943,
                    "y": 0.0,
                    "z": 1190.1509433962265
                },
                "stacking": false,
                "turnover": false,
                "rotation_state": 0,
                "stacking_limit": 0.0,
                "calculated_size": {
                    "width": 500.0,
                    "height": 1000.0,
                    "length": 500.0
                },
                "virtual_positions": null
            },
            {
                "id": 41,
                "info": {
                    "color": "#d7f241",
                    "title": "1",
                    "article": "1",
                    "group_id": "1x9axfvgvpjsumexnwr0jkisgagbtkqh",
                    "group_title": "Группа 1"
                },
                "mass": 500.0,
                "size": {
                    "width": 500.0,
                    "height": 1000.0,
                    "length": 500.0
                },
                "sort": 1,
                "step": 40,
                "type": "box",
                "margin": {
                    "width": 0.0,
                    "height": 0.0,
                    "length": 0.0
                },
                "cargo_id": "bzvtj9r61gdqkm4suvfibdlhhlnqgk8n",
                "position": {
                    "x": 7699.962264150943,
                    "y": 0.0,
                    "z": 690.1509433962265
                },
                "stacking": false,
                "turnover": false,
                "rotation_state": 0,
                "stacking_limit": 0.0,
                "calculated_size": {
                    "width": 500.0,
                    "height": 1000.0,
                    "length": 500.0
                },
                "virtual_positions": null
            },
            {
                "id": 40,
                "info": {
                    "color": "#d7f241",
                    "title": "1",
                    "article": "1",
                    "group_id": "1x9axfvgvpjsumexnwr0jkisgagbtkqh",
                    "group_title": "Группа 1"
                },
                "mass": 500.0,
                "size": {
                    "width": 500.0,
                    "height": 1000.0,
                    "length": 500.0
                },
                "sort": 1,
                "step": 41,
                "type": "box",
                "margin": {
                    "width": 0.0,
                    "height": 0.0,
                    "length": 0.0
                },
                "cargo_id": "bzvtj9r61gdqkm4suvfibdlhhlnqgk8n",
                "position": {
                    "x": 7699.962264150943,
                    "y": 0.0,
                    "z": 190.15094339622647
                },
                "stacking": false,
                "turnover": false,
                "rotation_state": 0,
                "stacking_limit": 0.0,
                "calculated_size": {
                    "width": 500.0,
                    "height": 1000.0,
                    "length": 500.0
                },
                "virtual_positions": null
            },
            {
                "id": 47,
                "info": {
                    "color": "#d7f241",
                    "title": "1",
                    "article": "1",
                    "group_id": "1x9axfvgvpjsumexnwr0jkisgagbtkqh",
                    "group_title": "Группа 1"
                },
                "mass": 500.0,
                "size": {
                    "width": 500.0,
                    "height": 1000.0,
                    "length": 500.0
                },
                "sort": 1,
                "step": 42,
                "type": "box",
                "margin": {
                    "width": 0.0,
                    "height": 0.0,
                    "length": 0.0
                },
                "cargo_id": "bzvtj9r61gdqkm4suvfibdlhhlnqgk8n",
                "position": {
                    "x": 8199.962264150943,
                    "y": 0.0,
                    "z": 1690.1509433962265
                },
                "stacking": false,
                "turnover": false,
                "rotation_state": 0,
                "stacking_limit": 0.0,
                "calculated_size": {
                    "width": 500.0,
                    "height": 1000.0,
                    "length": 500.0
                },
                "virtual_positions": null
            },
            {
                "id": 46,
                "info": {
                    "color": "#d7f241",
                    "title": "1",
                    "article": "1",
                    "group_id": "1x9axfvgvpjsumexnwr0jkisgagbtkqh",
                    "group_title": "Группа 1"
                },
                "mass": 500.0,
                "size": {
                    "width": 500.0,
                    "height": 1000.0,
                    "length": 500.0
                },
                "sort": 1,
                "step": 43,
                "type": "box",
                "margin": {
                    "width": 0.0,
                    "height": 0.0,
                    "length": 0.0
                },
                "cargo_id": "bzvtj9r61gdqkm4suvfibdlhhlnqgk8n",
                "position": {
                    "x": 8199.962264150943,
                    "y": 0.0,
                    "z": 1190.1509433962265
                },
                "stacking": false,
                "turnover": false,
                "rotation_state": 0,
                "stacking_limit": 0.0,
                "calculated_size": {
                    "width": 500.0,
                    "height": 1000.0,
                    "length": 500.0
                },
                "virtual_positions": null
            },
            {
                "id": 45,
                "info": {
                    "color": "#d7f241",
                    "title": "1",
                    "article": "1",
                    "group_id": "1x9axfvgvpjsumexnwr0jkisgagbtkqh",
                    "group_title": "Группа 1"
                },
                "mass": 500.0,
                "size": {
                    "width": 500.0,
                    "height": 1000.0,
                    "length": 500.0
                },
                "sort": 1,
                "step": 44,
                "type": "box",
                "margin": {
                    "width": 0.0,
                    "height": 0.0,
                    "length": 0.0
                },
                "cargo_id": "bzvtj9r61gdqkm4suvfibdlhhlnqgk8n",
                "position": {
                    "x": 8199.962264150943,
                    "y": 0.0,
                    "z": 690.1509433962265
                },
                "stacking": false,
                "turnover": false,
                "rotation_state": 0,
                "stacking_limit": 0.0,
                "calculated_size": {
                    "width": 500.0,
                    "height": 1000.0,
                    "length": 500.0
                },
                "virtual_positions": null
            },
            {
                "id": 44,
                "info": {
                    "color": "#d7f241",
                    "title": "1",
                    "article": "1",
                    "group_id": "1x9axfvgvpjsumexnwr0jkisgagbtkqh",
                    "group_title": "Группа 1"
                },
                "mass": 500.0,
                "size": {
                    "width": 500.0,
                    "height": 1000.0,
                    "length": 500.0
                },
                "sort": 1,
                "step": 45,
                "type": "box",
                "margin": {
                    "width": 0.0,
                    "height": 0.0,
                    "length": 0.0
                },
                "cargo_id": "bzvtj9r61gdqkm4suvfibdlhhlnqgk8n",
                "position": {
                    "x": 8199.962264150943,
                    "y": 0.0,
                    "z": 190.15094339622647
                },
                "stacking": false,
                "turnover": false,
                "rotation_state": 0,
                "stacking_limit": 0.0,
                "calculated_size": {
                    "width": 500.0,
                    "height": 1000.0,
                    "length": 500.0
                },
                "virtual_positions": null
            },
            {
                "id": 51,
                "info": {
                    "color": "#d7f241",
                    "title": "1",
                    "article": "1",
                    "group_id": "1x9axfvgvpjsumexnwr0jkisgagbtkqh",
                    "group_title": "Группа 1"
                },
                "mass": 500.0,
                "size": {
                    "width": 500.0,
                    "height": 1000.0,
                    "length": 500.0
                },
                "sort": 1,
                "step": 46,
                "type": "box",
                "margin": {
                    "width": 0.0,
                    "height": 0.0,
                    "length": 0.0
                },
                "cargo_id": "bzvtj9r61gdqkm4suvfibdlhhlnqgk8n",
                "position": {
                    "x": 8699.962264150943,
                    "y": 0.0,
                    "z": 1690.1509433962265
                },
                "stacking": false,
                "turnover": false,
                "rotation_state": 0,
                "stacking_limit": 0.0,
                "calculated_size": {
                    "width": 500.0,
                    "height": 1000.0,
                    "length": 500.0
                },
                "virtual_positions": null
            },
            {
                "id": 50,
                "info": {
                    "color": "#d7f241",
                    "title": "1",
                    "article": "1",
                    "group_id": "1x9axfvgvpjsumexnwr0jkisgagbtkqh",
                    "group_title": "Группа 1"
                },
                "mass": 500.0,
                "size": {
                    "width": 500.0,
                    "height": 1000.0,
                    "length": 500.0
                },
                "sort": 1,
                "step": 47,
                "type": "box",
                "margin": {
                    "width": 0.0,
                    "height": 0.0,
                    "length": 0.0
                },
                "cargo_id": "bzvtj9r61gdqkm4suvfibdlhhlnqgk8n",
                "position": {
                    "x": 8699.962264150943,
                    "y": 0.0,
                    "z": 1190.1509433962265
                },
                "stacking": false,
                "turnover": false,
                "rotation_state": 0,
                "stacking_limit": 0.0,
                "calculated_size": {
                    "width": 500.0,
                    "height": 1000.0,
                    "length": 500.0
                },
                "virtual_positions": null
            },
            {
                "id": 49,
                "info": {
                    "color": "#d7f241",
                    "title": "1",
                    "article": "1",
                    "group_id": "1x9axfvgvpjsumexnwr0jkisgagbtkqh",
                    "group_title": "Группа 1"
                },
                "mass": 500.0,
                "size": {
                    "width": 500.0,
                    "height": 1000.0,
                    "length": 500.0
                },
                "sort": 1,
                "step": 48,
                "type": "box",
                "margin": {
                    "width": 0.0,
                    "height": 0.0,
                    "length": 0.0
                },
                "cargo_id": "bzvtj9r61gdqkm4suvfibdlhhlnqgk8n",
                "position": {
                    "x": 8699.962264150943,
                    "y": 0.0,
                    "z": 690.1509433962265
                },
                "stacking": false,
                "turnover": false,
                "rotation_state": 0,
                "stacking_limit": 0.0,
                "calculated_size": {
                    "width": 500.0,
                    "height": 1000.0,
                    "length": 500.0
                },
                "virtual_positions": null
            },
            {
                "id": 48,
                "info": {
                    "color": "#d7f241",
                    "title": "1",
                    "article": "1",
                    "group_id": "1x9axfvgvpjsumexnwr0jkisgagbtkqh",
                    "group_title": "Группа 1"
                },
                "mass": 500.0,
                "size": {
                    "width": 500.0,
                    "height": 1000.0,
                    "length": 500.0
                },
                "sort": 1,
                "step": 49,
                "type": "box",
                "margin": {
                    "width": 0.0,
                    "height": 0.0,
                    "length": 0.0
                },
                "cargo_id": "bzvtj9r61gdqkm4suvfibdlhhlnqgk8n",
                "position": {
                    "x": 8699.962264150943,
                    "y": 0.0,
                    "z": 190.15094339622647
                },
                "stacking": false,
                "turnover": false,
                "rotation_state": 0,
                "stacking_limit": 0.0,
                "calculated_size": {
                    "width": 500.0,
                    "height": 1000.0,
                    "length": 500.0
                },
                "virtual_positions": null
            },
            {
                "id": 52,
                "info": {
                    "color": "#d7f241",
                    "title": "1",
                    "article": "1",
                    "group_id": "1x9axfvgvpjsumexnwr0jkisgagbtkqh",
                    "group_title": "Группа 1"
                },
                "mass": 500.0,
                "size": {
                    "width": 500.0,
                    "height": 1000.0,
                    "length": 500.0
                },
                "sort": 1,
                "step": 50,
                "type": "box",
                "margin": {
                    "width": 0.0,
                    "height": 0.0,
                    "length": 0.0
                },
                "cargo_id": "bzvtj9r61gdqkm4suvfibdlhhlnqgk8n",
                "position": {
                    "x": 9199.962264150943,
                    "y": 0.0,
                    "z": 190.15094339622647
                },
                "stacking": false,
                "turnover": false,
                "rotation_state": 0,
                "stacking_limit": 0.0,
                "calculated_size": {
                    "width": 500.0,
                    "height": 1000.0,
                    "length": 500.0
                },
                "virtual_positions": null
            }
        ],
        "version": 5,
        "cargo_space": {
            "id": 261,
            "info": {
                "uid": "261_0",
                "sort": 0,
                "title": "Стандартный 40 футовый контейнер"
            },
            "mass": 4400.0,
            "size": {
                "width": 2352.0,
                "height": 2385.0,
                "length": 12032.0
            },
            "type": "container",
            "indentation": {
                "width": 0.0,
                "height": 0.0,
                "length": 0.0,
                "height_top": 0.0,
                "length_end": 0.0,
                "width_right": 0.0
            },
            "loading_size": {
                "width": 2352.0,
                "height": 2385.0,
                "length": 12032.0
            },
            "calculation_info": {
                "step_count": 50,
                "cargos_mass": 26.5,
                "load_volume": 67.49374464,
                "cargos_volume": 13.25,
                "count_cargoes": 53,
                "load_capacity": 26.6,
                "loading_height": 1.0,
                "density_percent": 94.64286,
                "remaining_volume": 54.24374,
                "void_space_percent": 80.36855,
                "filling_space_percent": 19.63145
            },
            "carrying_capacity": 26600.0,
            "real_center_of_gravity": [
                6016.0,
                500.0,
                1176.0
            ],
            "ideal_center_of_gravity": [
                6016.0,
                0.0,
                1176.0
            ]
        },
        "cargo_groups": [
            {
                "info": {
                    "color": "#d7f241",
                    "title": "1",
                    "article": "1",
                    "group_id": "1x9axfvgvpjsumexnwr0jkisgagbtkqh",
                    "group_title": "Группа 1"
                },
                "mass": 500.0,
                "size": {
                    "width": 500.0,
                    "height": 1000.0,
                    "length": 500.0
                },
                "sort": 1,
                "type": "box",
                "count": 1447.0,
                "margin": {
                    "width": 0.0,
                    "height": 0.0,
                    "length": 0.0
                },
                "cargo_id": "bzvtj9r61gdqkm4suvfibdlhhlnqgk8n",
                "stacking": false,
                "turnover": false,
                "stacking_limit": 0.0,
                "prepare_last_result": "errorLoadCapacity"
            }
        ],
        "packing_type": "PackingLayers",
        "calculation_id": 16143,
        "invalid_errors": [],
        "unpacked_errors": [
            {
                "key": 0,
                "name": "success",
                "boxes": [
                    {
                        "id": "bzvtj9r61gdqkm4suvfibdlhhlnqgk8n",
                        "info": {
                            "color": "#d7f241",
                            "title": "1",
                            "article": "1",
                            "group_id": "1x9axfvgvpjsumexnwr0jkisgagbtkqh",
                            "group_title": "Группа 1"
                        }
                    }
                ]
            },
            {
                "key": 4,
                "name": "errorLoadCapacity",
                "boxes": [
                    {
                        "id": "bzvtj9r61gdqkm4suvfibdlhhlnqgk8n",
                        "info": {
                            "color": "#d7f241",
                            "title": "1",
                            "article": "1",
                            "group_id": "1x9axfvgvpjsumexnwr0jkisgagbtkqh",
                            "group_title": "Группа 1"
                        }
                    }
                ]
            }
        ],
        "validate_errors": [],
        "is_packed_same_boxes": false
    }
}