{
    "data": {
        "cargoes": [
            {
                "info": {
                    "color": "#c50b67",
                    "title": "RM600AMKII",
                    "article": "9",
                    "group_id": "1wutbkwdcoivazn0iuwveomsqomhg8r8",
                    "group_title": "Группа 2"
                },
                "mass": 33.6,
                "size": {
                    "width": 490,
                    "height": 570,
                    "length": 1290
                },
                "sort": 1,
                "type": "box",
                "count": 1,
                "margin": {
                    "width": 0,
                    "height": 0,
                    "length": 0
                },
                "cargo_id": "j4xy2ya2xxbhdoqxwhbh4e8xajppfwlk",
                "stacking": true,
                "turnover": true,
                "margin_width": 0,
                "margin_length": 0,
                "stacking_limit": 0
            },
            {
                "info": {
                    "color": "#87a18b",
                    "title": "RM800F",
                    "article": "12",
                    "group_id": "1wutbkwdcoivazn0iuwveomsqomhg8r8",
                    "group_title": "Группа 2"
                },
                "mass": 48.0,
                "size": {
                    "width": 720,
                    "height": 600,
                    "length": 1420
                },
                "sort": 1,
                "type": "box",
                "count": 2,
                "margin": {
                    "width": 0,
                    "height": 0,
                    "length": 0
                },
                "cargo_id": "eqlzl9kgtvgbajjzjhwrptbj0rrzbqfd",
                "stacking": true,
                "turnover": true,
                "margin_width": 0,
                "margin_length": 0,
                "stacking_limit": 0
            },
            {
                "info": {
                    "color": "#680009",
                    "title": "JamLab 6R",
                    "article": "4",
                    "group_id": "1wutbkwdcoivazn0iuwveomsqomhg8r8",
                    "group_title": "Группа 2"
                },
                "mass": 9.5,
                "size": {
                    "width": 280,
                    "height": 380,
                    "length": 490
                },
                "sort": 1,
                "type": "box",
                "count": 14,
                "margin": {
                    "width": 0,
                    "height": 0,
                    "length": 0
                },
                "cargo_id": "onj8g20a1vikgwyfuk90yiuq0vhakxfh",
                "stacking": true,
                "turnover": true,
                "margin_width": 0,
                "margin_length": 0,
                "stacking_limit": 0
            },
            {
                "info": {
                    "color": "#94cd2a",
                    "title": "JamLab 6",
                    "article": "1",
                    "group_id": "2rlimevemee7fibn9i55e4gpuchi4utf",
                    "group_title": "Группа 1"
                },
                "mass": 24.2,
                "size": {
                    "width": 320,
                    "height": 430,
                    "length": 1070
                },
                "sort": 2,
                "type": "box",
                "count": 1,
                "margin": {
                    "width": 0,
                    "height": 0,
                    "length": 0
                },
                "cargo_id": "hiok7wbgdmbqrj3bnxekqlgesim6zh1d",
                "stacking": true,
                "turnover": true,
                "margin_width": 0,
                "margin_length": 0,
                "stacking_limit": 0
            }
        ],
        "settings": {
            "rank": false,
            "max_step": 100,
            "min_step": 50,
            "usersort": true,
            "hardlimit": 1801,
            "timelimit": 1800,
            "step_scaling": 10
        },
        "put_boxes": [],
        "initial_id": 0,
        "cargo_space": {
            "id": 1055,
            "info": {
                "uid": "1055_0",
                "sort": 0,
                "title": "Аудио USA",
                "margin": {
                    "width": 0,
                    "height": 0,
                    "length": 0
                }
            },
            "mass": 20,
            "size": {
                "width": 1000,
                "height": 135,
                "length": 1300
            },
            "type": "pallet",
            "axles": [],
            "title": "Аудио USA",
            "margin": {
                "width": 0,
                "height": 0,
                "length": 0
            },
            "indentation": {
                "width": 0,
                "height": 0,
                "length": 0,
                "height_top": 0,
                "length_end": 0,
                "width_right": 0
            },
            "loading_size": {
                "width": 1000,
                "height": 2300,
                "length": 1300
            },
            "carrying_capacity": 1000
        },
        "calculation_id": "15391"
    },
    "data_result": {
        "boxes": [
            {
                "id": 3,
                "info": {
                    "color": "#680009",
                    "title": "JamLab 6R",
                    "article": "4",
                    "group_id": "1wutbkwdcoivazn0iuwveomsqomhg8r8",
                    "group_title": "Группа 2"
                },
                "mass": 9.5,
                "size": {
                    "width": 280.0,
                    "height": 380.0,
                    "length": 490.0
                },
                "sort": 1,
                "step": 1,
                "type": "box",
                "margin": {
                    "width": 0.0,
                    "height": 0.0,
                    "length": 0.0
                },
                "cargo_id": "onj8g20a1vikgwyfuk90yiuq0vhakxfh",
                "position": {
                    "x": 0.0,
                    "y": 0.0,
                    "z": 510.0
                },
                "stacking": true,
                "turnover": true,
                "rotation_state": 1,
                "stacking_limit": 0.0,
                "calculated_size": {
                    "width": 490.0,
                    "height": 380.0,
                    "length": 280.0
                },
                "virtual_positions": null
            },
            {
                "id": 5,
                "info": {
                    "color": "#680009",
                    "title": "JamLab 6R",
                    "article": "4",
                    "group_id": "1wutbkwdcoivazn0iuwveomsqomhg8r8",
                    "group_title": "Группа 2"
                },
                "mass": 9.5,
                "size": {
                    "width": 280.0,
                    "height": 380.0,
                    "length": 490.0
                },
                "sort": 1,
                "step": 2,
                "type": "box",
                "margin": {
                    "width": 0.0,
                    "height": 0.0,
                    "length": 0.0
                },
                "cargo_id": "onj8g20a1vikgwyfuk90yiuq0vhakxfh",
                "position": {
                    "x": 280.0,
                    "y": 0.0,
                    "z": 510.0
                },
                "stacking": true,
                "turnover": true,
                "rotation_state": 1,
                "stacking_limit": 0.0,
                "calculated_size": {
                    "width": 490.0,
                    "height": 380.0,
                    "length": 280.0
                },
                "virtual_positions": null
            },
            {
                "id": 6,
                "info": {
                    "color": "#680009",
                    "title": "JamLab 6R",
                    "article": "4",
                    "group_id": "1wutbkwdcoivazn0iuwveomsqomhg8r8",
                    "group_title": "Группа 2"
                },
                "mass": 9.5,
                "size": {
                    "width": 280.0,
                    "height": 380.0,
                    "length": 490.0
                },
                "sort": 1,
                "step": 3,
                "type": "box",
                "margin": {
                    "width": 0.0,
                    "height": 0.0,
                    "length": 0.0
                },
                "cargo_id": "onj8g20a1vikgwyfuk90yiuq0vhakxfh",
                "position": {
                    "x": 740.0,
                    "y": 0.0,
                    "z": 510.0
                },
                "stacking": true,
                "turnover": true,
                "rotation_state": 1,
                "stacking_limit": 0.0,
                "calculated_size": {
                    "width": 490.0,
                    "height": 380.0,
                    "length": 280.0
                },
                "virtual_positions": null
            },
            {
                "id": 4,
                "info": {
                    "color": "#680009",
                    "title": "JamLab 6R",
                    "article": "4",
                    "group_id": "1wutbkwdcoivazn0iuwveomsqomhg8r8",
                    "group_title": "Группа 2"
                },
                "mass": 9.5,
                "size": {
                    "width": 280.0,
                    "height": 380.0,
                    "length": 490.0
                },
                "sort": 1,
                "step": 4,
                "type": "box",
                "margin": {
                    "width": 0.0,
                    "height": 0.0,
                    "length": 0.0
                },
                "cargo_id": "onj8g20a1vikgwyfuk90yiuq0vhakxfh",
                "position": {
                    "x": 1020.0,
                    "y": 0.0,
                    "z": 510.0
                },
                "stacking": true,
                "turnover": true,
                "rotation_state": 1,
                "stacking_limit": 0.0,
                "calculated_size": {
                    "width": 490.0,
                    "height": 380.0,
                    "length": 280.0
                },
                "virtual_positions": null
            },
            {
                "id": 7,
                "info": {
                    "color": "#680009",
                    "title": "JamLab 6R",
                    "article": "4",
                    "group_id": "1wutbkwdcoivazn0iuwveomsqomhg8r8",
                    "group_title": "Группа 2"
                },
                "mass": 9.5,
                "size": {
                    "width": 280.0,
                    "height": 380.0,
                    "length": 490.0
                },
                "sort": 1,
                "step": 5,
                "type": "box",
                "margin": {
                    "width": 0.0,
                    "height": 0.0,
                    "length": 0.0
                },
                "cargo_id": "onj8g20a1vikgwyfuk90yiuq0vhakxfh",
                "position": {
                    "x": 0.0,
                    "y": 380.0,
                    "z": 720.0
                },
                "stacking": true,
                "turnover": true,
                "rotation_state": 0,
                "stacking_limit": 0.0,
                "calculated_size": {
                    "width": 280.0,
                    "height": 380.0,
                    "length": 490.0
                },
                "virtual_positions": null
            },
            {
                "id": 8,
                "info": {
                    "color": "#680009",
                    "title": "JamLab 6R",
                    "article": "4",
                    "group_id": "1wutbkwdcoivazn0iuwveomsqomhg8r8",
                    "group_title": "Группа 2"
                },
                "mass": 9.5,
                "size": {
                    "width": 280.0,
                    "height": 380.0,
                    "length": 490.0
                },
                "sort": 1,
                "step": 6,
                "type": "box",
                "margin": {
                    "width": 0.0,
                    "height": 0.0,
                    "length": 0.0
                },
                "cargo_id": "onj8g20a1vikgwyfuk90yiuq0vhakxfh",
                "position": {
                    "x": 810.0,
                    "y": 380.0,
                    "z": 720.0
                },
                "stacking": true,
                "turnover": true,
                "rotation_state": 0,
                "stacking_limit": 0.0,
                "calculated_size": {
                    "width": 280.0,
                    "height": 380.0,
                    "length": 490.0
                },
                "virtual_positions": null
            },
            {
                "id": 0,
                "info": {
                    "color": "#c50b67",
                    "title": "RM600AMKII",
                    "article": "9",
                    "group_id": "1wutbkwdcoivazn0iuwveomsqomhg8r8",
                    "group_title": "Группа 2"
                },
                "mass": 33.6,
                "size": {
                    "width": 490.0,
                    "height": 570.0,
                    "length": 1290.0
                },
                "sort": 1,
                "step": 7,
                "type": "box",
                "margin": {
                    "width": 0.0,
                    "height": 0.0,
                    "length": 0.0
                },
                "cargo_id": "j4xy2ya2xxbhdoqxwhbh4e8xajppfwlk",
                "position": {
                    "x": 0.0,
                    "y": 0.0,
                    "z": 0.0
                },
                "stacking": true,
                "turnover": true,
                "rotation_state": 0,
                "stacking_limit": 0.0,
                "calculated_size": {
                    "width": 490.0,
                    "height": 570.0,
                    "length": 1290.0
                },
                "virtual_positions": null
            },
            {
                "id": 9,
                "info": {
                    "color": "#680009",
                    "title": "JamLab 6R",
                    "article": "4",
                    "group_id": "1wutbkwdcoivazn0iuwveomsqomhg8r8",
                    "group_title": "Группа 2"
                },
                "mass": 9.5,
                "size": {
                    "width": 280.0,
                    "height": 380.0,
                    "length": 490.0
                },
                "sort": 1,
                "step": 8,
                "type": "box",
                "margin": {
                    "width": 0.0,
                    "height": 0.0,
                    "length": 0.0
                },
                "cargo_id": "onj8g20a1vikgwyfuk90yiuq0vhakxfh",
                "position": {
                    "x": 0.0,
                    "y": 760.0,
                    "z": 720.0
                },
                "stacking": true,
                "turnover": true,
                "rotation_state": 0,
                "stacking_limit": 0.0,
                "calculated_size": {
                    "width": 280.0,
                    "height": 380.0,
                    "length": 490.0
                },
                "virtual_positions": null
            },
            {
                "id": 10,
                "info": {
                    "color": "#680009",
                    "title": "JamLab 6R",
                    "article": "4",
                    "group_id": "1wutbkwdcoivazn0iuwveomsqomhg8r8",
                    "group_title": "Группа 2"
                },
                "mass": 9.5,
                "size": {
                    "width": 280.0,
                    "height": 380.0,
                    "length": 490.0
                },
                "sort": 1,
                "step": 9,
                "type": "box",
                "margin": {
                    "width": 0.0,
                    "height": 0.0,
                    "length": 0.0
                },
                "cargo_id": "onj8g20a1vikgwyfuk90yiuq0vhakxfh",
                "position": {
                    "x": 810.0,
                    "y": 760.0,
                    "z": 720.0
                },
                "stacking": true,
                "turnover": true,
                "rotation_state": 0,
                "stacking_limit": 0.0,
                "calculated_size": {
                    "width": 280.0,
                    "height": 380.0,
                    "length": 490.0
                },
                "virtual_positions": null
            },
            {
                "id": 11,
                "info": {
                    "color": "#680009",
                    "title": "JamLab 6R",
                    "article": "4",
                    "group_id": "1wutbkwdcoivazn0iuwveomsqomhg8r8",
                    "group_title": "Группа 2"
                },
                "mass": 9.5,
                "size": {
                    "width": 280.0,
                    "height": 380.0,
                    "length": 490.0
                },
                "sort": 1,
                "step": 10,
                "type": "box",
                "margin": {
                    "width": 0.0,
                    "height": 0.0,
                    "length": 0.0
                },
                "cargo_id": "onj8g20a1vikgwyfuk90yiuq0vhakxfh",
                "position": {
                    "x": 0.0,
                    "y": 1140.0,
                    "z": 720.0
                },
                "stacking": true,
                "turnover": true,
                "rotation_state": 0,
                "stacking_limit": 0.0,
                "calculated_size": {
                    "width": 280.0,
                    "height": 380.0,
                    "length": 490.0
                },
                "virtual_positions": null
            },
            {
                "id": 12,
                "info": {
                    "color": "#680009",
                    "title": "JamLab 6R",
                    "article": "4",
                    "group_id": "1wutbkwdcoivazn0iuwveomsqomhg8r8",
                    "group_title": "Группа 2"
                },
                "mass": 9.5,
                "size": {
                    "width": 280.0,
                    "height": 380.0,
                    "length": 490.0
                },
                "sort": 1,
                "step": 11,
                "type": "box",
                "margin": {
                    "width": 0.0,
                    "height": 0.0,
                    "length": 0.0
                },
                "cargo_id": "onj8g20a1vikgwyfuk90yiuq0vhakxfh",
                "position": {
                    "x": 810.0,
                    "y": 1140.0,
                    "z": 720.0
                },
                "stacking": true,
                "turnover": true,
                "rotation_state": 0,
                "stacking_limit": 0.0,
                "calculated_size": {
                    "width": 280.0,
                    "height": 380.0,
                    "length": 490.0
                },
                "virtual_positions": null
            },
            {
                "id": 13,
                "info": {
                    "color": "#680009",
                    "title": "JamLab 6R",
                    "article": "4",
                    "group_id": "1wutbkwdcoivazn0iuwveomsqomhg8r8",
                    "group_title": "Группа 2"
                },
                "mass": 9.5,
                "size": {
                    "width": 280.0,
                    "height": 380.0,
                    "length": 490.0
                },
                "sort": 1,
                "step": 12,
                "type": "box",
                "margin": {
                    "width": 0.0,
                    "height": 0.0,
                    "length": 0.0
                },
                "cargo_id": "onj8g20a1vikgwyfuk90yiuq0vhakxfh",
                "position": {
                    "x": 0.0,
                    "y": 1520.0,
                    "z": 720.0
                },
                "stacking": true,
                "turnover": true,
                "rotation_state": 0,
                "stacking_limit": 0.0,
                "calculated_size": {
                    "width": 280.0,
                    "height": 380.0,
                    "length": 490.0
                },
                "virtual_positions": null
            },
            {
                "id": 1,
                "info": {
                    "color": "#87a18b",
                    "title": "RM800F",
                    "article": "12",
                    "group_id": "1wutbkwdcoivazn0iuwveomsqomhg8r8",
                    "group_title": "Группа 2"
                },
                "mass": 48.0,
                "size": {
                    "width": 720.0,
                    "height": 600.0,
                    "length": 1420.0
                },
                "sort": 1,
                "step": 13,
                "type": "box",
                "margin": {
                    "width": 0.0,
                    "height": 0.0,
                    "length": 0.0
                },
                "cargo_id": "eqlzl9kgtvgbajjzjhwrptbj0rrzbqfd",
                "position": {
                    "x": 0.0,
                    "y": 570.0,
                    "z": 0.0
                },
                "stacking": true,
                "turnover": true,
                "rotation_state": 2,
                "stacking_limit": 0.0,
                "calculated_size": {
                    "width": 720.0,
                    "height": 1420.0,
                    "length": 600.0
                },
                "virtual_positions": null
            },
            {
                "id": 14,
                "info": {
                    "color": "#680009",
                    "title": "JamLab 6R",
                    "article": "4",
                    "group_id": "1wutbkwdcoivazn0iuwveomsqomhg8r8",
                    "group_title": "Группа 2"
                },
                "mass": 9.5,
                "size": {
                    "width": 280.0,
                    "height": 380.0,
                    "length": 490.0
                },
                "sort": 1,
                "step": 14,
                "type": "box",
                "margin": {
                    "width": 0.0,
                    "height": 0.0,
                    "length": 0.0
                },
                "cargo_id": "onj8g20a1vikgwyfuk90yiuq0vhakxfh",
                "position": {
                    "x": 810.0,
                    "y": 1520.0,
                    "z": 720.0
                },
                "stacking": true,
                "turnover": true,
                "rotation_state": 0,
                "stacking_limit": 0.0,
                "calculated_size": {
                    "width": 280.0,
                    "height": 380.0,
                    "length": 490.0
                },
                "virtual_positions": null
            },
            {
                "id": 2,
                "info": {
                    "color": "#87a18b",
                    "title": "RM800F",
                    "article": "12",
                    "group_id": "1wutbkwdcoivazn0iuwveomsqomhg8r8",
                    "group_title": "Группа 2"
                },
                "mass": 48.0,
                "size": {
                    "width": 720.0,
                    "height": 600.0,
                    "length": 1420.0
                },
                "sort": 1,
                "step": 15,
                "type": "box",
                "margin": {
                    "width": 0.0,
                    "height": 0.0,
                    "length": 0.0
                },
                "cargo_id": "eqlzl9kgtvgbajjzjhwrptbj0rrzbqfd",
                "position": {
                    "x": 700.0,
                    "y": 570.0,
                    "z": 0.0
                },
                "stacking": true,
                "turnover": true,
                "rotation_state": 2,
                "stacking_limit": 0.0,
                "calculated_size": {
                    "width": 720.0,
                    "height": 1420.0,
                    "length": 600.0
                },
                "virtual_positions": null
            },
            {
                "id": 15,
                "info": {
                    "color": "#680009",
                    "title": "JamLab 6R",
                    "article": "4",
                    "group_id": "1wutbkwdcoivazn0iuwveomsqomhg8r8",
                    "group_title": "Группа 2"
                },
                "mass": 9.5,
                "size": {
                    "width": 280.0,
                    "height": 380.0,
                    "length": 490.0
                },
                "sort": 1,
                "step": 16,
                "type": "box",
                "margin": {
                    "width": 0.0,
                    "height": 0.0,
                    "length": 0.0
                },
                "cargo_id": "onj8g20a1vikgwyfuk90yiuq0vhakxfh",
                "position": {
                    "x": 0.0,
                    "y": 1990.0,
                    "z": 0.0
                },
                "stacking": true,
                "turnover": true,
                "rotation_state": 5,
                "stacking_limit": 0.0,
                "calculated_size": {
                    "width": 490.0,
                    "height": 280.0,
                    "length": 380.0
                },
                "virtual_positions": null
            },
            {
                "id": 16,
                "info": {
                    "color": "#680009",
                    "title": "JamLab 6R",
                    "article": "4",
                    "group_id": "1wutbkwdcoivazn0iuwveomsqomhg8r8",
                    "group_title": "Группа 2"
                },
                "mass": 9.5,
                "size": {
                    "width": 280.0,
                    "height": 380.0,
                    "length": 490.0
                },
                "sort": 1,
                "step": 17,
                "type": "box",
                "margin": {
                    "width": 0.0,
                    "height": 0.0,
                    "length": 0.0
                },
                "cargo_id": "onj8g20a1vikgwyfuk90yiuq0vhakxfh",
                "position": {
                    "x": 920.0,
                    "y": 1990.0,
                    "z": 0.0
                },
                "stacking": true,
                "turnover": true,
                "rotation_state": 5,
                "stacking_limit": 0.0,
                "calculated_size": {
                    "width": 490.0,
                    "height": 280.0,
                    "length": 380.0
                },
                "virtual_positions": null
            }
        ],
        "version": 5,
        "cargo_space": {
            "id": 1055,
            "info": {
                "uid": "1055_0",
                "sort": 0,
                "title": "Аудио USA",
                "margin": {
                    "width": 0,
                    "height": 0,
                    "length": 0
                }
            },
            "mass": 20.0,
            "size": {
                "width": 1000.0,
                "height": 135.0,
                "length": 1300.0
            },
            "type": "pallet",
            "indentation": {
                "width": 0.0,
                "height": 0.0,
                "length": 0.0,
                "height_top": -2165.0,
                "length_end": 0.0,
                "width_right": 0.0
            },
            "loading_size": {
                "width": 1000.0,
                "height": 2300.0,
                "length": 1300.0
            },
            "calculation_info": {
                "step_count": 17,
                "cargos_mass": 0.2626,
                "load_volume": 2.99,
                "cargos_volume": 2.31708,
                "count_cargoes": 17,
                "load_capacity": 1.0,
                "loading_height": 2.27,
                "density_percent": 78.5185,
                "remaining_volume": 0.67292,
                "void_space_percent": 22.50565,
                "filling_space_percent": 77.49435
            },
            "carrying_capacity": 1000.0,
            "real_center_of_gravity": [
                649.3602437166793,
                1015.9405940594058,
                538.8309215536938
            ],
            "ideal_center_of_gravity": [
                650.0,
                0.0,
                500.0
            ]
        },
        "cargo_groups": [
            {
                "info": {
                    "color": "#94cd2a",
                    "title": "JamLab 6",
                    "article": "1",
                    "group_id": "2rlimevemee7fibn9i55e4gpuchi4utf",
                    "group_title": "Группа 1"
                },
                "mass": 24.2,
                "size": {
                    "width": 320.0,
                    "height": 430.0,
                    "length": 1070.0
                },
                "sort": 2,
                "type": "box",
                "count": 1.0,
                "margin": {
                    "width": 0.0,
                    "height": 0.0,
                    "length": 0.0
                },
                "cargo_id": "hiok7wbgdmbqrj3bnxekqlgesim6zh1d",
                "stacking": true,
                "turnover": true,
                "stacking_limit": 0.0,
                "prepare_last_result": "errorIntersectionContainer"
            }
        ],
        "packing_type": "PackingLayers",
        "calculation_id": 15391,
        "invalid_errors": [],
        "unpacked_errors": [
            {
                "key": 11,
                "name": "errorIntersectionContainer",
                "boxes": [
                    {
                        "id": "hiok7wbgdmbqrj3bnxekqlgesim6zh1d",
                        "info": {
                            "color": "#94cd2a",
                            "title": "JamLab 6",
                            "article": "1",
                            "group_id": "2rlimevemee7fibn9i55e4gpuchi4utf",
                            "group_title": "Группа 1"
                        }
                    }
                ]
            }
        ],
        "validate_errors": [
            "ERROR_INDENTATION"
        ],
        "is_packed_same_boxes": false
    }
}