{
    "data": {
        "cargoes": [
            {
                "info": {
                    "color": "#79cf6b",
                    "title": "Саморезы",
                    "article": "",
                    "group_id": "1h9enxqf5jph1lq9m7fxfpjmsnnigto8",
                    "group_title": "Группа 1"
                },
                "mass": 600.0,
                "size": {
                    "width": 800,
                    "height": 800,
                    "length": 1200
                },
                "sort": 1,
                "type": "box",
                "count": 11,
                "margin": {
                    "width": 0,
                    "height": 0,
                    "length": 0
                },
                "cargo_id": "8dxlrb9fh0pcm65sammqw6wwcck82jg5",
                "stacking": false,
                "turnover": false,
                "margin_width": 0,
                "margin_length": 0,
                "stacking_limit": 0
            },
            {
                "info": {
                    "color": "#6194fa",
                    "title": "Болты",
                    "article": "",
                    "group_id": "1h9enxqf5jph1lq9m7fxfpjmsnnigto8",
                    "group_title": "Группа 1"
                },
                "mass": 1000.0,
                "size": {
                    "width": 800,
                    "height": 1000,
                    "length": 1200
                },
                "sort": 1,
                "type": "box",
                "count": 6,
                "margin": {
                    "width": 0,
                    "height": 0,
                    "length": 0
                },
                "cargo_id": "arcl49t3pjbf1irkw0uqhcnnp2sxsejk",
                "stacking": false,
                "turnover": false,
                "margin_width": 0,
                "margin_length": 0,
                "stacking_limit": 0
            },
            {
                "info": {
                    "color": "#c25a5a",
                    "title": "Гвозди",
                    "article": "",
                    "group_id": "1h9enxqf5jph1lq9m7fxfpjmsnnigto8",
                    "group_title": "Группа 1"
                },
                "mass": 1000.0,
                "size": {
                    "width": 800,
                    "height": 1200,
                    "length": 1200
                },
                "sort": 1,
                "type": "box",
                "count": 9,
                "margin": {
                    "width": 0,
                    "height": 0,
                    "length": 0
                },
                "cargo_id": "9iepdhfqtsxqfmlcqoxvzfzjoe1310si",
                "stacking": false,
                "turnover": false,
                "margin_width": 0,
                "margin_length": 0,
                "stacking_limit": 0
            }
        ],
        "settings": {
            "rank": false,
            "max_step": 100,
            "min_step": 50,
            "usersort": false,
            "hardlimit": 1801,
            "timelimit": 1800,
            "step_scaling": 10
        },
        "put_boxes": [],
        "initial_id": 0,
        "cargo_space": {
            "id": 274,
            "info": {
                "uid": "274_0",
                "sort": 0,
                "title": "Полуприцеп 3"
            },
            "mass": 8793,
            "size": {
                "width": 2040,
                "height": 2679,
                "length": 9560
            },
            "type": "truck",
            "axles": [
                {
                    "title": "Ось 1",
                    "distance": 1660,
                    "max_load": 9375,
                    "default_load": 2325
                },
                {
                    "title": "Ось 2",
                    "distance": 1360,
                    "max_load": 9375,
                    "default_load": 2325
                },
                {
                    "title": "Ось 3",
                    "distance": 1360,
                    "max_load": 9375,
                    "default_load": 2325
                }
            ],
            "hitch": {
                "title": "",
                "distance": 4500,
                "max_load": 9375,
                "default_load": 2325
            },
            "title": "Полуприцеп 3",
            "tractor": {
                "mass": 4932,
                "axles": [
                    {
                        "title": "Ось 1",
                        "distance": 1000,
                        "max_load": 7300,
                        "default_load": 2250
                    },
                    {
                        "title": "Ось 2",
                        "distance": 2200,
                        "max_load": 7300,
                        "default_load": 2250
                    },
                    {
                        "title": "Ось 3",
                        "distance": 1380,
                        "max_load": 7300,
                        "default_load": 2250
                    }
                ],
                "title": "Тягач №3 (3 оси)",
                "length": 7110,
                "hitch_distance": 1060
            },
            "indentation": {
                "width": 0,
                "height": 0,
                "length": 340,
                "height_top": 5,
                "length_end": 340,
                "width_right": 0
            },
            "loading_size": {
                "width": 2040,
                "height": 2674,
                "length": 8880
            },
            "carrying_capacity": 28200
        },
        "calculation_id": "14933"
    },
    "data_result": {
        "boxes": [
            {
                "id": 19,
                "info": {
                    "color": "#c25a5a",
                    "title": "Гвозди",
                    "article": "",
                    "group_id": "1h9enxqf5jph1lq9m7fxfpjmsnnigto8",
                    "group_title": "Группа 1"
                },
                "mass": 1000.0,
                "size": {
                    "width": 800.0,
                    "height": 1200.0,
                    "length": 1200.0
                },
                "sort": 1,
                "step": 1,
                "type": "box",
                "margin": {
                    "width": 0.0,
                    "height": 0.0,
                    "length": 0.0
                },
                "cargo_id": "9iepdhfqtsxqfmlcqoxvzfzjoe1310si",
                "position": {
                    "x": 0.0,
                    "y": 0.0,
                    "z": 1200.0
                },
                "stacking": false,
                "turnover": false,
                "rotation_state": 0,
                "stacking_limit": 0.0,
                "calculated_size": {
                    "width": 800.0,
                    "height": 1200.0,
                    "length": 1200.0
                },
                "virtual_positions": null
            },
            {
                "id": 17,
                "info": {
                    "color": "#c25a5a",
                    "title": "Гвозди",
                    "article": "",
                    "group_id": "1h9enxqf5jph1lq9m7fxfpjmsnnigto8",
                    "group_title": "Группа 1"
                },
                "mass": 1000.0,
                "size": {
                    "width": 800.0,
                    "height": 1200.0,
                    "length": 1200.0
                },
                "sort": 1,
                "step": 2,
                "type": "box",
                "margin": {
                    "width": 0.0,
                    "height": 0.0,
                    "length": 0.0
                },
                "cargo_id": "9iepdhfqtsxqfmlcqoxvzfzjoe1310si",
                "position": {
                    "x": 0.0,
                    "y": 0.0,
                    "z": 0.0
                },
                "stacking": false,
                "turnover": false,
                "rotation_state": 1,
                "stacking_limit": 0.0,
                "calculated_size": {
                    "width": 1200.0,
                    "height": 1200.0,
                    "length": 800.0
                },
                "virtual_positions": null
            },
            {
                "id": 21,
                "info": {
                    "color": "#c25a5a",
                    "title": "Гвозди",
                    "article": "",
                    "group_id": "1h9enxqf5jph1lq9m7fxfpjmsnnigto8",
                    "group_title": "Группа 1"
                },
                "mass": 1000.0,
                "size": {
                    "width": 800.0,
                    "height": 1200.0,
                    "length": 1200.0
                },
                "sort": 1,
                "step": 3,
                "type": "box",
                "margin": {
                    "width": 0.0,
                    "height": 0.0,
                    "length": 0.0
                },
                "cargo_id": "9iepdhfqtsxqfmlcqoxvzfzjoe1310si",
                "position": {
                    "x": 1200.0,
                    "y": 0.0,
                    "z": 1200.0
                },
                "stacking": false,
                "turnover": false,
                "rotation_state": 0,
                "stacking_limit": 0.0,
                "calculated_size": {
                    "width": 800.0,
                    "height": 1200.0,
                    "length": 1200.0
                },
                "virtual_positions": null
            },
            {
                "id": 18,
                "info": {
                    "color": "#c25a5a",
                    "title": "Гвозди",
                    "article": "",
                    "group_id": "1h9enxqf5jph1lq9m7fxfpjmsnnigto8",
                    "group_title": "Группа 1"
                },
                "mass": 1000.0,
                "size": {
                    "width": 800.0,
                    "height": 1200.0,
                    "length": 1200.0
                },
                "sort": 1,
                "step": 4,
                "type": "box",
                "margin": {
                    "width": 0.0,
                    "height": 0.0,
                    "length": 0.0
                },
                "cargo_id": "9iepdhfqtsxqfmlcqoxvzfzjoe1310si",
                "position": {
                    "x": 800.0,
                    "y": 0.0,
                    "z": 0.0
                },
                "stacking": false,
                "turnover": false,
                "rotation_state": 1,
                "stacking_limit": 0.0,
                "calculated_size": {
                    "width": 1200.0,
                    "height": 1200.0,
                    "length": 800.0
                },
                "virtual_positions": null
            },
            {
                "id": 20,
                "info": {
                    "color": "#c25a5a",
                    "title": "Гвозди",
                    "article": "",
                    "group_id": "1h9enxqf5jph1lq9m7fxfpjmsnnigto8",
                    "group_title": "Группа 1"
                },
                "mass": 1000.0,
                "size": {
                    "width": 800.0,
                    "height": 1200.0,
                    "length": 1200.0
                },
                "sort": 1,
                "step": 5,
                "type": "box",
                "margin": {
                    "width": 0.0,
                    "height": 0.0,
                    "length": 0.0
                },
                "cargo_id": "9iepdhfqtsxqfmlcqoxvzfzjoe1310si",
                "position": {
                    "x": 1600.0,
                    "y": 0.0,
                    "z": 0.0
                },
                "stacking": false,
                "turnover": false,
                "rotation_state": 1,
                "stacking_limit": 0.0,
                "calculated_size": {
                    "width": 1200.0,
                    "height": 1200.0,
                    "length": 800.0
                },
                "virtual_positions": null
            },
            {
                "id": 23,
                "info": {
                    "color": "#c25a5a",
                    "title": "Гвозди",
                    "article": "",
                    "group_id": "1h9enxqf5jph1lq9m7fxfpjmsnnigto8",
                    "group_title": "Группа 1"
                },
                "mass": 1000.0,
                "size": {
                    "width": 800.0,
                    "height": 1200.0,
                    "length": 1200.0
                },
                "sort": 1,
                "step": 6,
                "type": "box",
                "margin": {
                    "width": 0.0,
                    "height": 0.0,
                    "length": 0.0
                },
                "cargo_id": "9iepdhfqtsxqfmlcqoxvzfzjoe1310si",
                "position": {
                    "x": 2400.0,
                    "y": 0.0,
                    "z": 1200.0
                },
                "stacking": false,
                "turnover": false,
                "rotation_state": 0,
                "stacking_limit": 0.0,
                "calculated_size": {
                    "width": 800.0,
                    "height": 1200.0,
                    "length": 1200.0
                },
                "virtual_positions": null
            },
            {
                "id": 22,
                "info": {
                    "color": "#c25a5a",
                    "title": "Гвозди",
                    "article": "",
                    "group_id": "1h9enxqf5jph1lq9m7fxfpjmsnnigto8",
                    "group_title": "Группа 1"
                },
                "mass": 1000.0,
                "size": {
                    "width": 800.0,
                    "height": 1200.0,
                    "length": 1200.0
                },
                "sort": 1,
                "step": 7,
                "type": "box",
                "margin": {
                    "width": 0.0,
                    "height": 0.0,
                    "length": 0.0
                },
                "cargo_id": "9iepdhfqtsxqfmlcqoxvzfzjoe1310si",
                "position": {
                    "x": 2400.0,
                    "y": 0.0,
                    "z": 0.0
                },
                "stacking": false,
                "turnover": false,
                "rotation_state": 1,
                "stacking_limit": 0.0,
                "calculated_size": {
                    "width": 1200.0,
                    "height": 1200.0,
                    "length": 800.0
                },
                "virtual_positions": null
            },
            {
                "id": 11,
                "info": {
                    "color": "#6194fa",
                    "title": "Болты",
                    "article": "",
                    "group_id": "1h9enxqf5jph1lq9m7fxfpjmsnnigto8",
                    "group_title": "Группа 1"
                },
                "mass": 1000.0,
                "size": {
                    "width": 800.0,
                    "height": 1000.0,
                    "length": 1200.0
                },
                "sort": 1,
                "step": 8,
                "type": "box",
                "margin": {
                    "width": 0.0,
                    "height": 0.0,
                    "length": 0.0
                },
                "cargo_id": "arcl49t3pjbf1irkw0uqhcnnp2sxsejk",
                "position": {
                    "x": 3600.0,
                    "y": 0.0,
                    "z": 1200.0
                },
                "stacking": false,
                "turnover": false,
                "rotation_state": 0,
                "stacking_limit": 0.0,
                "calculated_size": {
                    "width": 800.0,
                    "height": 1000.0,
                    "length": 1200.0
                },
                "virtual_positions": null
            },
            {
                "id": 24,
                "info": {
                    "color": "#c25a5a",
                    "title": "Гвозди",
                    "article": "",
                    "group_id": "1h9enxqf5jph1lq9m7fxfpjmsnnigto8",
                    "group_title": "Группа 1"
                },
                "mass": 1000.0,
                "size": {
                    "width": 800.0,
                    "height": 1200.0,
                    "length": 1200.0
                },
                "sort": 1,
                "step": 9,
                "type": "box",
                "margin": {
                    "width": 0.0,
                    "height": 0.0,
                    "length": 0.0
                },
                "cargo_id": "9iepdhfqtsxqfmlcqoxvzfzjoe1310si",
                "position": {
                    "x": 3200.0,
                    "y": 0.0,
                    "z": 0.0
                },
                "stacking": false,
                "turnover": false,
                "rotation_state": 1,
                "stacking_limit": 0.0,
                "calculated_size": {
                    "width": 1200.0,
                    "height": 1200.0,
                    "length": 800.0
                },
                "virtual_positions": null
            },
            {
                "id": 25,
                "info": {
                    "color": "#c25a5a",
                    "title": "Гвозди",
                    "article": "",
                    "group_id": "1h9enxqf5jph1lq9m7fxfpjmsnnigto8",
                    "group_title": "Группа 1"
                },
                "mass": 1000.0,
                "size": {
                    "width": 800.0,
                    "height": 1200.0,
                    "length": 1200.0
                },
                "sort": 1,
                "step": 10,
                "type": "box",
                "margin": {
                    "width": 0.0,
                    "height": 0.0,
                    "length": 0.0
                },
                "cargo_id": "9iepdhfqtsxqfmlcqoxvzfzjoe1310si",
                "position": {
                    "x": 4000.0,
                    "y": 0.0,
                    "z": 0.0
                },
                "stacking": false,
                "turnover": false,
                "rotation_state": 1,
                "stacking_limit": 0.0,
                "calculated_size": {
                    "width": 1200.0,
                    "height": 1200.0,
                    "length": 800.0
                },
                "virtual_positions": null
            },
            {
                "id": 13,
                "info": {
                    "color": "#6194fa",
                    "title": "Болты",
                    "article": "",
                    "group_id": "1h9enxqf5jph1lq9m7fxfpjmsnnigto8",
                    "group_title": "Группа 1"
                },
                "mass": 1000.0,
                "size": {
                    "width": 800.0,
                    "height": 1000.0,
                    "length": 1200.0
                },
                "sort": 1,
                "step": 11,
                "type": "box",
                "margin": {
                    "width": 0.0,
                    "height": 0.0,
                    "length": 0.0
                },
                "cargo_id": "arcl49t3pjbf1irkw0uqhcnnp2sxsejk",
                "position": {
                    "x": 4800.0,
                    "y": 0.0,
                    "z": 1200.0
                },
                "stacking": false,
                "turnover": false,
                "rotation_state": 0,
                "stacking_limit": 0.0,
                "calculated_size": {
                    "width": 800.0,
                    "height": 1000.0,
                    "length": 1200.0
                },
                "virtual_positions": null
            },
            {
                "id": 12,
                "info": {
                    "color": "#6194fa",
                    "title": "Болты",
                    "article": "",
                    "group_id": "1h9enxqf5jph1lq9m7fxfpjmsnnigto8",
                    "group_title": "Группа 1"
                },
                "mass": 1000.0,
                "size": {
                    "width": 800.0,
                    "height": 1000.0,
                    "length": 1200.0
                },
                "sort": 1,
                "step": 12,
                "type": "box",
                "margin": {
                    "width": 0.0,
                    "height": 0.0,
                    "length": 0.0
                },
                "cargo_id": "arcl49t3pjbf1irkw0uqhcnnp2sxsejk",
                "position": {
                    "x": 4800.0,
                    "y": 0.0,
                    "z": 0.0
                },
                "stacking": false,
                "turnover": false,
                "rotation_state": 1,
                "stacking_limit": 0.0,
                "calculated_size": {
                    "width": 1200.0,
                    "height": 1000.0,
                    "length": 800.0
                },
                "virtual_positions": null
            },
            {
                "id": 16,
                "info": {
                    "color": "#6194fa",
                    "title": "Болты",
                    "article": "",
                    "group_id": "1h9enxqf5jph1lq9m7fxfpjmsnnigto8",
                    "group_title": "Группа 1"
                },
                "mass": 1000.0,
                "size": {
                    "width": 800.0,
                    "height": 1000.0,
                    "length": 1200.0
                },
                "sort": 1,
                "step": 13,
                "type": "box",
                "margin": {
                    "width": 0.0,
                    "height": 0.0,
                    "length": 0.0
                },
                "cargo_id": "arcl49t3pjbf1irkw0uqhcnnp2sxsejk",
                "position": {
                    "x": 6000.0,
                    "y": 0.0,
                    "z": 1200.0
                },
                "stacking": false,
                "turnover": false,
                "rotation_state": 0,
                "stacking_limit": 0.0,
                "calculated_size": {
                    "width": 800.0,
                    "height": 1000.0,
                    "length": 1200.0
                },
                "virtual_positions": null
            },
            {
                "id": 14,
                "info": {
                    "color": "#6194fa",
                    "title": "Болты",
                    "article": "",
                    "group_id": "1h9enxqf5jph1lq9m7fxfpjmsnnigto8",
                    "group_title": "Группа 1"
                },
                "mass": 1000.0,
                "size": {
                    "width": 800.0,
                    "height": 1000.0,
                    "length": 1200.0
                },
                "sort": 1,
                "step": 14,
                "type": "box",
                "margin": {
                    "width": 0.0,
                    "height": 0.0,
                    "length": 0.0
                },
                "cargo_id": "arcl49t3pjbf1irkw0uqhcnnp2sxsejk",
                "position": {
                    "x": 5600.0,
                    "y": 0.0,
                    "z": 0.0
                },
                "stacking": false,
                "turnover": false,
                "rotation_state": 1,
                "stacking_limit": 0.0,
                "calculated_size": {
                    "width": 1200.0,
                    "height": 1000.0,
                    "length": 800.0
                },
                "virtual_positions": null
            },
            {
                "id": 15,
                "info": {
                    "color": "#6194fa",
                    "title": "Болты",
                    "article": "",
                    "group_id": "1h9enxqf5jph1lq9m7fxfpjmsnnigto8",
                    "group_title": "Группа 1"
                },
                "mass": 1000.0,
                "size": {
                    "width": 800.0,
                    "height": 1000.0,
                    "length": 1200.0
                },
                "sort": 1,
                "step": 15,
                "type": "box",
                "margin": {
                    "width": 0.0,
                    "height": 0.0,
                    "length": 0.0
                },
                "cargo_id": "arcl49t3pjbf1irkw0uqhcnnp2sxsejk",
                "position": {
                    "x": 6400.0,
                    "y": 0.0,
                    "z": 0.0
                },
                "stacking": false,
                "turnover": false,
                "rotation_state": 1,
                "stacking_limit": 0.0,
                "calculated_size": {
                    "width": 1200.0,
                    "height": 1000.0,
                    "length": 800.0
                },
                "virtual_positions": null
            },
            {
                "id": 1,
                "info": {
                    "color": "#79cf6b",
                    "title": "Саморезы",
                    "article": "",
                    "group_id": "1h9enxqf5jph1lq9m7fxfpjmsnnigto8",
                    "group_title": "Группа 1"
                },
                "mass": 600.0,
                "size": {
                    "width": 800.0,
                    "height": 800.0,
                    "length": 1200.0
                },
                "sort": 1,
                "step": 16,
                "type": "box",
                "margin": {
                    "width": 0.0,
                    "height": 0.0,
                    "length": 0.0
                },
                "cargo_id": "8dxlrb9fh0pcm65sammqw6wwcck82jg5",
                "position": {
                    "x": 7200.0,
                    "y": 0.0,
                    "z": 1200.0
                },
                "stacking": false,
                "turnover": false,
                "rotation_state": 0,
                "stacking_limit": 0.0,
                "calculated_size": {
                    "width": 800.0,
                    "height": 800.0,
                    "length": 1200.0
                },
                "virtual_positions": null
            },
            {
                "id": 0,
                "info": {
                    "color": "#79cf6b",
                    "title": "Саморезы",
                    "article": "",
                    "group_id": "1h9enxqf5jph1lq9m7fxfpjmsnnigto8",
                    "group_title": "Группа 1"
                },
                "mass": 600.0,
                "size": {
                    "width": 800.0,
                    "height": 800.0,
                    "length": 1200.0
                },
                "sort": 1,
                "step": 17,
                "type": "box",
                "margin": {
                    "width": 0.0,
                    "height": 0.0,
                    "length": 0.0
                },
                "cargo_id": "8dxlrb9fh0pcm65sammqw6wwcck82jg5",
                "position": {
                    "x": 7200.0,
                    "y": 0.0,
                    "z": 0.0
                },
                "stacking": false,
                "turnover": false,
                "rotation_state": 1,
                "stacking_limit": 0.0,
                "calculated_size": {
                    "width": 1200.0,
                    "height": 800.0,
                    "length": 800.0
                },
                "virtual_positions": null
            },
            {
                "id": 2,
                "info": {
                    "color": "#79cf6b",
                    "title": "Саморезы",
                    "article": "",
                    "group_id": "1h9enxqf5jph1lq9m7fxfpjmsnnigto8",
                    "group_title": "Группа 1"
                },
                "mass": 600.0,
                "size": {
                    "width": 800.0,
                    "height": 800.0,
                    "length": 1200.0
                },
                "sort": 1,
                "step": 18,
                "type": "box",
                "margin": {
                    "width": 0.0,
                    "height": 0.0,
                    "length": 0.0
                },
                "cargo_id": "8dxlrb9fh0pcm65sammqw6wwcck82jg5",
                "position": {
                    "x": 8000.0,
                    "y": 0.0,
                    "z": 0.0
                },
                "stacking": false,
                "turnover": false,
                "rotation_state": 1,
                "stacking_limit": 0.0,
                "calculated_size": {
                    "width": 1200.0,
                    "height": 800.0,
                    "length": 800.0
                },
                "virtual_positions": null
            }
        ],
        "version": 5,
        "cargo_space": {
            "id": 274,
            "info": {
                "uid": "274_0",
                "sort": 0,
                "title": "Полуприцеп 3"
            },
            "mass": 8793.0,
            "size": {
                "width": 2040.0,
                "height": 2679.0,
                "length": 9560.0
            },
            "type": "truck",
            "axles": [
                {
                    "title": "Ось 1",
                    "distance": 1660.0,
                    "max_load": 9375.0,
                    "default_load": 2325.0,
                    "calculated_load": 7362.68116
                },
                {
                    "title": "Ось 2",
                    "distance": 1360.0,
                    "max_load": 9375.0,
                    "default_load": 2325.0,
                    "calculated_load": 7362.68116
                },
                {
                    "title": "Ось 3",
                    "distance": 1360.0,
                    "max_load": 9375.0,
                    "default_load": 2325.0,
                    "calculated_load": 7362.68116
                }
            ],
            "hitch": {
                "title": "",
                "distance": 4500.0,
                "max_load": 9375.0,
                "default_load": 2325.0,
                "calculated_load": 4011.95652
            },
            "tractor": {
                "mass": 4932.0,
                "axles": [
                    {
                        "title": "Ось 1",
                        "distance": 1000.0,
                        "max_load": 7300.0,
                        "default_load": 2250.0,
                        "calculated_load": 2868.7453
                    },
                    {
                        "title": "Ось 2",
                        "distance": 2200.0,
                        "max_load": 7300.0,
                        "default_load": 2250.0,
                        "calculated_load": 2784.10561
                    },
                    {
                        "title": "Ось 3",
                        "distance": 1380.0,
                        "max_load": 7300.0,
                        "default_load": 2250.0,
                        "calculated_load": 2784.10561
                    }
                ],
                "length": 7110.0,
                "hitch_distance": 1060.0
            },
            "full_length": 9560.0,
            "indentation": {
                "width": 0.0,
                "height": 0.0,
                "length": 340.0,
                "height_top": 5.0,
                "length_end": 340.0,
                "width_right": 0.0
            },
            "loading_size": {
                "width": 2040.0,
                "height": 2674.0,
                "length": 8880.0
            },
            "calculation_info": {
                "step_count": 18,
                "cargos_mass": 16.8,
                "load_volume": 48.4400448,
                "cargos_volume": 18.432,
                "count_cargoes": 18,
                "load_capacity": 28.2,
                "loading_height": 1.2,
                "density_percent": 87.27273,
                "remaining_volume": 30.00804,
                "void_space_percent": 61.94884,
                "filling_space_percent": 38.05116
            },
            "carrying_capacity": 28200.0,
            "real_center_of_gravity": [
                4064.285714285714,
                542.8571428571429,
                992.8571428571429
            ],
            "ideal_center_of_gravity": [
                4440.0,
                0.0,
                1020.0
            ]
        },
        "cargo_groups": [
            {
                "info": {
                    "color": "#79cf6b",
                    "title": "Саморезы",
                    "article": "",
                    "group_id": "1h9enxqf5jph1lq9m7fxfpjmsnnigto8",
                    "group_title": "Группа 1"
                },
                "mass": 600.0,
                "size": {
                    "width": 800.0,
                    "height": 800.0,
                    "length": 1200.0
                },
                "sort": 1,
                "type": "box",
                "count": 8.0,
                "margin": {
                    "width": 0.0,
                    "height": 0.0,
                    "length": 0.0
                },
                "cargo_id": "8dxlrb9fh0pcm65sammqw6wwcck82jg5",
                "stacking": false,
                "turnover": false,
                "stacking_limit": 0.0,
                "prepare_last_result": "errorStayOnOtherStacking"
            }
        ],
        "packing_type": "PackingTruck PackingStepByStep",
        "calculation_id": 14933,
        "invalid_errors": [],
        "unpacked_errors": [
            {
                "key": 0,
                "name": "success",
                "boxes": [
                    {
                        "id": "8dxlrb9fh0pcm65sammqw6wwcck82jg5",
                        "info": {
                            "color": "#79cf6b",
                            "title": "Саморезы",
                            "article": "",
                            "group_id": "1h9enxqf5jph1lq9m7fxfpjmsnnigto8",
                            "group_title": "Группа 1"
                        }
                    }
                ]
            },
            {
                "key": 5,
                "name": "errorStayOnOtherStacking",
                "boxes": [
                    {
                        "id": "8dxlrb9fh0pcm65sammqw6wwcck82jg5",
                        "info": {
                            "color": "#79cf6b",
                            "title": "Саморезы",
                            "article": "",
                            "group_id": "1h9enxqf5jph1lq9m7fxfpjmsnnigto8",
                            "group_title": "Группа 1"
                        }
                    }
                ]
            }
        ],
        "validate_errors": [
            "ERROR_CONTAINER_AXLES_DEFAULT_LOAD_SUM",
            "ERROR_CONTAINER_AXLES_LOAD_SUM"
        ],
        "is_packed_same_boxes": false
    }
}