{
    "data": {
        "cargoes": [
            {
                "info": {
                    "color": "#34eaed",
                    "title": "22",
                    "article": "",
                    "group_id": "1vn4gr0jy4udwja0wcyec8m2fhciyzb8",
                    "group_title": "Группа 1"
                },
                "mass": 100.0,
                "size": {
                    "width": 132,
                    "height": 395,
                    "length": 2213
                },
                "sort": 1,
                "type": "box",
                "count": 1,
                "margin": {
                    "width": 0,
                    "height": 0,
                    "length": 0
                },
                "cargo_id": "gcfiwqboujt9cbcukjt2qmye70rnby4h",
                "stacking": true,
                "turnover": false,
                "margin_width": 0,
                "margin_length": 0,
                "stacking_limit": 0
            },
            {
                "info": {
                    "color": "#c00eed",
                    "title": "21",
                    "article": "",
                    "group_id": "1vn4gr0jy4udwja0wcyec8m2fhciyzb8",
                    "group_title": "Группа 1"
                },
                "mass": 517.0,
                "size": {
                    "width": 548,
                    "height": 330,
                    "length": 2213
                },
                "sort": 1,
                "type": "box",
                "count": 2,
                "margin": {
                    "width": 0,
                    "height": 0,
                    "length": 0
                },
                "cargo_id": "ilene2plxvsowv1diova1icbocywvxoq",
                "stacking": true,
                "turnover": false,
                "margin_width": 0,
                "margin_length": 0,
                "stacking_limit": 0
            },
            {
                "info": {
                    "color": "#f754c0",
                    "title": "20",
                    "article": "",
                    "group_id": "1vn4gr0jy4udwja0wcyec8m2fhciyzb8",
                    "group_title": "Группа 1"
                },
                "mass": 626.0,
                "size": {
                    "width": 548,
                    "height": 362,
                    "length": 2213
                },
                "sort": 1,
                "type": "box",
                "count": 2,
                "margin": {
                    "width": 0,
                    "height": 0,
                    "length": 0
                },
                "cargo_id": "ukrskbqr52zkywlhyqqv412vdcuh0qzm",
                "stacking": true,
                "turnover": false,
                "margin_width": 0,
                "margin_length": 0,
                "stacking_limit": 0
            },
            {
                "info": {
                    "color": "#bd3bed",
                    "title": "19",
                    "article": "",
                    "group_id": "1vn4gr0jy4udwja0wcyec8m2fhciyzb8",
                    "group_title": "Группа 1"
                },
                "mass": 575.0,
                "size": {
                    "width": 548,
                    "height": 595,
                    "length": 1039
                },
                "sort": 1,
                "type": "box",
                "count": 10,
                "margin": {
                    "width": 0,
                    "height": 0,
                    "length": 0
                },
                "cargo_id": "r2dtvicp5pnxvxnsdccz8hishukvqruy",
                "stacking": true,
                "turnover": false,
                "margin_width": 0,
                "margin_length": 0,
                "stacking_limit": 0
            },
            {
                "info": {
                    "color": "#3659c1",
                    "title": "18",
                    "article": "",
                    "group_id": "1vn4gr0jy4udwja0wcyec8m2fhciyzb8",
                    "group_title": "Группа 1"
                },
                "mass": 705.0,
                "size": {
                    "width": 548,
                    "height": 587,
                    "length": 1300
                },
                "sort": 1,
                "type": "box",
                "count": 11,
                "margin": {
                    "width": 0,
                    "height": 0,
                    "length": 0
                },
                "cargo_id": "maqheilg0mptobwtlywqsffdfu2osi1d",
                "stacking": true,
                "turnover": false,
                "margin_width": 0,
                "margin_length": 0,
                "stacking_limit": 0
            },
            {
                "info": {
                    "color": "#e04c93",
                    "title": "17",
                    "article": "",
                    "group_id": "1vn4gr0jy4udwja0wcyec8m2fhciyzb8",
                    "group_title": "Группа 1"
                },
                "mass": 1050.0,
                "size": {
                    "width": 528,
                    "height": 1039,
                    "length": 1039
                },
                "sort": 1,
                "type": "box",
                "count": 57,
                "margin": {
                    "width": 0,
                    "height": 0,
                    "length": 0
                },
                "cargo_id": "y2mmow4joa6tvdu2wc1b3w1fmxzyodkm",
                "stacking": true,
                "turnover": false,
                "margin_width": 0,
                "margin_length": 0,
                "stacking_limit": 0
            },
            {
                "info": {
                    "color": "#84687d",
                    "title": "16",
                    "article": "",
                    "group_id": "1vn4gr0jy4udwja0wcyec8m2fhciyzb8",
                    "group_title": "Группа 1"
                },
                "mass": 1045.0,
                "size": {
                    "width": 436,
                    "height": 1087,
                    "length": 1300
                },
                "sort": 1,
                "type": "box",
                "count": 76,
                "margin": {
                    "width": 0,
                    "height": 0,
                    "length": 0
                },
                "cargo_id": "fqprbbycz2x1lcgtne9zeroht232jypn",
                "stacking": true,
                "turnover": false,
                "margin_width": 0,
                "margin_length": 0,
                "stacking_limit": 0
            },
            {
                "info": {
                    "color": "#9c5b90",
                    "title": "15",
                    "article": "",
                    "group_id": "1vn4gr0jy4udwja0wcyec8m2fhciyzb8",
                    "group_title": "Группа 1"
                },
                "mass": 1044.0,
                "size": {
                    "width": 480,
                    "height": 595,
                    "length": 2213
                },
                "sort": 1,
                "type": "box",
                "count": 41,
                "margin": {
                    "width": 0,
                    "height": 0,
                    "length": 0
                },
                "cargo_id": "ik8esmqb849vs3fxai1wwsyq74txpufe",
                "stacking": true,
                "turnover": false,
                "margin_width": 0,
                "margin_length": 0,
                "stacking_limit": 0
            },
            {
                "info": {
                    "color": "#dd27bc",
                    "title": "14",
                    "article": "",
                    "group_id": "1vn4gr0jy4udwja0wcyec8m2fhciyzb8",
                    "group_title": "Группа 1"
                },
                "mass": 1038.0,
                "size": {
                    "width": 288,
                    "height": 1095,
                    "length": 2213
                },
                "sort": 1,
                "type": "box",
                "count": 231,
                "margin": {
                    "width": 0,
                    "height": 0,
                    "length": 0
                },
                "cargo_id": "hy4clhyhbrgo5dlxymd5ihwj2xeeyb6b",
                "stacking": true,
                "turnover": false,
                "margin_width": 0,
                "margin_length": 0,
                "stacking_limit": 0
            },
            {
                "info": {
                    "color": "#90bf03",
                    "title": "13",
                    "article": "",
                    "group_id": "1vn4gr0jy4udwja0wcyec8m2fhciyzb8",
                    "group_title": "Группа 1"
                },
                "mass": 318.0,
                "size": {
                    "width": 292,
                    "height": 485,
                    "length": 1550
                },
                "sort": 1,
                "type": "box",
                "count": 1,
                "margin": {
                    "width": 0,
                    "height": 0,
                    "length": 0
                },
                "cargo_id": "kvhx1cfjdn5lebpugc2vxfaz4i0ej9ed",
                "stacking": true,
                "turnover": false,
                "margin_width": 0,
                "margin_length": 0,
                "stacking_limit": 0
            },
            {
                "info": {
                    "color": "#0b4770",
                    "title": "12",
                    "article": "",
                    "group_id": "1vn4gr0jy4udwja0wcyec8m2fhciyzb8",
                    "group_title": "Группа 1"
                },
                "mass": 1098.0,
                "size": {
                    "width": 404,
                    "height": 885,
                    "length": 1856
                },
                "sort": 1,
                "type": "box",
                "count": 35,
                "margin": {
                    "width": 0,
                    "height": 0,
                    "length": 0
                },
                "cargo_id": "04ehig6lnpjqvcsnz4sjuuhddvzvryw7",
                "stacking": true,
                "turnover": false,
                "margin_width": 0,
                "margin_length": 0,
                "stacking_limit": 0
            },
            {
                "info": {
                    "color": "#db2b5d",
                    "title": "11",
                    "article": "",
                    "group_id": "1vn4gr0jy4udwja0wcyec8m2fhciyzb8",
                    "group_title": "Группа 1"
                },
                "mass": 326.0,
                "size": {
                    "width": 548,
                    "height": 406,
                    "length": 885
                },
                "sort": 1,
                "type": "box",
                "count": 4,
                "margin": {
                    "width": 0,
                    "height": 0,
                    "length": 0
                },
                "cargo_id": "llmfucvetqihkiq9tt6uhj7ymk31i4rv",
                "stacking": true,
                "turnover": false,
                "margin_width": 0,
                "margin_length": 0,
                "stacking_limit": 0
            },
            {
                "info": {
                    "color": "#71f43d",
                    "title": "10",
                    "article": "",
                    "group_id": "1vn4gr0jy4udwja0wcyec8m2fhciyzb8",
                    "group_title": "Группа 1"
                },
                "mass": 1054.0,
                "size": {
                    "width": 384,
                    "height": 885,
                    "length": 1876
                },
                "sort": 1,
                "type": "box",
                "count": 37,
                "margin": {
                    "width": 0,
                    "height": 0,
                    "length": 0
                },
                "cargo_id": "ulcuvqjpmv3eztuqa70ztrobxycr14ti",
                "stacking": true,
                "turnover": false,
                "margin_width": 0,
                "margin_length": 0,
                "stacking_limit": 0
            },
            {
                "info": {
                    "color": "#34c96b",
                    "title": "9",
                    "article": "",
                    "group_id": "1vn4gr0jy4udwja0wcyec8m2fhciyzb8",
                    "group_title": "Группа 1"
                },
                "mass": 861.0,
                "size": {
                    "width": 580,
                    "height": 485,
                    "length": 1856
                },
                "sort": 1,
                "type": "box",
                "count": 4,
                "margin": {
                    "width": 0,
                    "height": 0,
                    "length": 0
                },
                "cargo_id": "2ypkbfvin20pnqvyzwdmqyjtsjnux6xf",
                "stacking": true,
                "turnover": false,
                "margin_width": 0,
                "margin_length": 0,
                "stacking_limit": 0
            },
            {
                "info": {
                    "color": "#dbcc02",
                    "title": "8",
                    "article": "",
                    "group_id": "1vn4gr0jy4udwja0wcyec8m2fhciyzb8",
                    "group_title": "Группа 1"
                },
                "mass": 144.0,
                "size": {
                    "width": 420,
                    "height": 406,
                    "length": 548
                },
                "sort": 1,
                "type": "box",
                "count": 1,
                "margin": {
                    "width": 0,
                    "height": 0,
                    "length": 0
                },
                "cargo_id": "sijdc9bnkicga2haksjl536smgnlaf0j",
                "stacking": true,
                "turnover": false,
                "margin_width": 0,
                "margin_length": 0,
                "stacking_limit": 0
            },
            {
                "info": {
                    "color": "#7945c1",
                    "title": "7",
                    "article": "",
                    "group_id": "1vn4gr0jy4udwja0wcyec8m2fhciyzb8",
                    "group_title": "Группа 1"
                },
                "mass": 871.0,
                "size": {
                    "width": 580,
                    "height": 485,
                    "length": 1876
                },
                "sort": 1,
                "type": "box",
                "count": 4,
                "margin": {
                    "width": 0,
                    "height": 0,
                    "length": 0
                },
                "cargo_id": "nsxvjzkequ0ordhims4wdmon3ywmkvhf",
                "stacking": true,
                "turnover": false,
                "margin_width": 0,
                "margin_length": 0,
                "stacking_limit": 0
            },
            {
                "info": {
                    "color": "#ce2bc0",
                    "title": "6",
                    "article": "",
                    "group_id": "1vn4gr0jy4udwja0wcyec8m2fhciyzb8",
                    "group_title": "Группа 1"
                },
                "mass": 1040.0,
                "size": {
                    "width": 468,
                    "height": 885,
                    "length": 1550
                },
                "sort": 1,
                "type": "box",
                "count": 4,
                "margin": {
                    "width": 0,
                    "height": 0,
                    "length": 0
                },
                "cargo_id": "v0szo2rdku43asfts9ilbz1zrflzoyn0",
                "stacking": true,
                "turnover": false,
                "margin_width": 0,
                "margin_length": 0,
                "stacking_limit": 0
            },
            {
                "info": {
                    "color": "#8fe258",
                    "title": "5",
                    "article": "",
                    "group_id": "1vn4gr0jy4udwja0wcyec8m2fhciyzb8",
                    "group_title": "Группа 1"
                },
                "mass": 870.0,
                "size": {
                    "width": 340,
                    "height": 885,
                    "length": 1840
                },
                "sort": 1,
                "type": "box",
                "count": 2,
                "margin": {
                    "width": 0,
                    "height": 0,
                    "length": 0
                },
                "cargo_id": "ekqzjymnkvoommjf6qs7mimedtitqetj",
                "stacking": true,
                "turnover": false,
                "margin_width": 0,
                "margin_length": 0,
                "stacking_limit": 0
            },
            {
                "info": {
                    "color": "#e23d40",
                    "title": "4",
                    "article": "",
                    "group_id": "1vn4gr0jy4udwja0wcyec8m2fhciyzb8",
                    "group_title": "Группа 1"
                },
                "mass": 223.0,
                "size": {
                    "width": 484,
                    "height": 437,
                    "length": 565
                },
                "sort": 1,
                "type": "box",
                "count": 1,
                "margin": {
                    "width": 0,
                    "height": 0,
                    "length": 0
                },
                "cargo_id": "6s7453ztqrexd3zqcos6sedpf8n5bad9",
                "stacking": true,
                "turnover": false,
                "margin_width": 0,
                "margin_length": 0,
                "stacking_limit": 0
            },
            {
                "info": {
                    "color": "#486eea",
                    "title": "3",
                    "article": "",
                    "group_id": "1vn4gr0jy4udwja0wcyec8m2fhciyzb8",
                    "group_title": "Группа 1"
                },
                "mass": 308.0,
                "size": {
                    "width": 548,
                    "height": 394,
                    "length": 885
                },
                "sort": 1,
                "type": "box",
                "count": 3,
                "margin": {
                    "width": 0,
                    "height": 0,
                    "length": 0
                },
                "cargo_id": "il8bjpjcc8p9jn8axni9foft6zffeate",
                "stacking": true,
                "turnover": false,
                "margin_width": 0,
                "margin_length": 0,
                "stacking_limit": 0
            },
            {
                "info": {
                    "color": "#6bc431",
                    "title": "1",
                    "article": "",
                    "group_id": "1vn4gr0jy4udwja0wcyec8m2fhciyzb8",
                    "group_title": "Группа 1"
                },
                "mass": 1039.0,
                "size": {
                    "width": 368,
                    "height": 885,
                    "length": 1981
                },
                "sort": 1,
                "type": "box",
                "count": 35,
                "margin": {
                    "width": 0,
                    "height": 0,
                    "length": 0
                },
                "cargo_id": "myxpmhdtlvkbfoudi54bpppbwepeu4vg",
                "stacking": true,
                "turnover": false,
                "margin_width": 0,
                "margin_length": 0,
                "stacking_limit": 0
            },
            {
                "info": {
                    "color": "#6bc431",
                    "title": "2",
                    "article": "",
                    "group_id": "1vn4gr0jy4udwja0wcyec8m2fhciyzb8",
                    "group_title": "Группа 1"
                },
                "mass": 312.0,
                "size": {
                    "width": 196,
                    "height": 885,
                    "length": 1491
                },
                "sort": 1,
                "type": "box",
                "count": 1,
                "margin": {
                    "width": 0,
                    "height": 0,
                    "length": 0
                },
                "cargo_id": "3mjdbjcgrxmokvchk4lrg9hzqw4hf81r",
                "stacking": true,
                "turnover": false,
                "margin_width": 0,
                "margin_length": 0,
                "stacking_limit": 0
            }
        ],
        "settings": {
            "rank": false,
            "max_step": 100,
            "min_step": 50,
            "usersort": false,
            "hardlimit": 1801,
            "timelimit": 1800,
            "step_scaling": 10
        },
        "put_boxes": [],
        "initial_id": 0,
        "cargo_space": {
            "id": 306,
            "info": {
                "uid": "306_0",
                "sort": 0,
                "title": "20' DC (valid)"
            },
            "mass": 2370,
            "size": {
                "width": 2438,
                "height": 2591,
                "length": 6058
            },
            "type": "container",
            "axles": [],
            "title": "20' DC (valid)",
            "indentation": {
                "width": 43,
                "height": 0,
                "length": 80,
                "height_top": 198,
                "length_end": 80,
                "width_right": 43
            },
            "loading_size": {
                "width": 2352,
                "height": 2393,
                "length": 5898
            },
            "carrying_capacity": 28335
        },
        "calculation_id": "16668"
    },
    "data_result": {
        "boxes": [
            {
                "id": 16,
                "info": {
                    "color": "#3659c1",
                    "title": "18",
                    "article": "",
                    "group_id": "1vn4gr0jy4udwja0wcyec8m2fhciyzb8",
                    "group_title": "Группа 1"
                },
                "mass": 705.0,
                "size": {
                    "width": 548.0,
                    "height": 587.0,
                    "length": 1300.0
                },
                "sort": 1,
                "step": 1,
                "type": "box",
                "margin": {
                    "width": 0.0,
                    "height": 0.0,
                    "length": 0.0
                },
                "cargo_id": "maqheilg0mptobwtlywqsffdfu2osi1d",
                "position": {
                    "x": 270.0,
                    "y": 0.0,
                    "z": 1764.0
                },
                "stacking": true,
                "turnover": false,
                "rotation_state": 0,
                "stacking_limit": 0.0,
                "calculated_size": {
                    "width": 548.0,
                    "height": 587.0,
                    "length": 1300.0
                },
                "virtual_positions": null
            },
            {
                "id": 15,
                "info": {
                    "color": "#3659c1",
                    "title": "18",
                    "article": "",
                    "group_id": "1vn4gr0jy4udwja0wcyec8m2fhciyzb8",
                    "group_title": "Группа 1"
                },
                "mass": 705.0,
                "size": {
                    "width": 548.0,
                    "height": 587.0,
                    "length": 1300.0
                },
                "sort": 1,
                "step": 2,
                "type": "box",
                "margin": {
                    "width": 0.0,
                    "height": 0.0,
                    "length": 0.0
                },
                "cargo_id": "maqheilg0mptobwtlywqsffdfu2osi1d",
                "position": {
                    "x": 270.0,
                    "y": 0.0,
                    "z": 1216.0
                },
                "stacking": true,
                "turnover": false,
                "rotation_state": 0,
                "stacking_limit": 0.0,
                "calculated_size": {
                    "width": 548.0,
                    "height": 587.0,
                    "length": 1300.0
                },
                "virtual_positions": null
            },
            {
                "id": 20,
                "info": {
                    "color": "#3659c1",
                    "title": "18",
                    "article": "",
                    "group_id": "1vn4gr0jy4udwja0wcyec8m2fhciyzb8",
                    "group_title": "Группа 1"
                },
                "mass": 705.0,
                "size": {
                    "width": 548.0,
                    "height": 587.0,
                    "length": 1300.0
                },
                "sort": 1,
                "step": 3,
                "type": "box",
                "margin": {
                    "width": 0.0,
                    "height": 0.0,
                    "length": 0.0
                },
                "cargo_id": "maqheilg0mptobwtlywqsffdfu2osi1d",
                "position": {
                    "x": 270.0,
                    "y": 587.0,
                    "z": 1764.0
                },
                "stacking": true,
                "turnover": false,
                "rotation_state": 0,
                "stacking_limit": 0.0,
                "calculated_size": {
                    "width": 548.0,
                    "height": 587.0,
                    "length": 1300.0
                },
                "virtual_positions": null
            },
            {
                "id": 19,
                "info": {
                    "color": "#3659c1",
                    "title": "18",
                    "article": "",
                    "group_id": "1vn4gr0jy4udwja0wcyec8m2fhciyzb8",
                    "group_title": "Группа 1"
                },
                "mass": 705.0,
                "size": {
                    "width": 548.0,
                    "height": 587.0,
                    "length": 1300.0
                },
                "sort": 1,
                "step": 4,
                "type": "box",
                "margin": {
                    "width": 0.0,
                    "height": 0.0,
                    "length": 0.0
                },
                "cargo_id": "maqheilg0mptobwtlywqsffdfu2osi1d",
                "position": {
                    "x": 270.0,
                    "y": 587.0,
                    "z": 1216.0
                },
                "stacking": true,
                "turnover": false,
                "rotation_state": 0,
                "stacking_limit": 0.0,
                "calculated_size": {
                    "width": 548.0,
                    "height": 587.0,
                    "length": 1300.0
                },
                "virtual_positions": null
            },
            {
                "id": 18,
                "info": {
                    "color": "#3659c1",
                    "title": "18",
                    "article": "",
                    "group_id": "1vn4gr0jy4udwja0wcyec8m2fhciyzb8",
                    "group_title": "Группа 1"
                },
                "mass": 705.0,
                "size": {
                    "width": 548.0,
                    "height": 587.0,
                    "length": 1300.0
                },
                "sort": 1,
                "step": 5,
                "type": "box",
                "margin": {
                    "width": 0.0,
                    "height": 0.0,
                    "length": 0.0
                },
                "cargo_id": "maqheilg0mptobwtlywqsffdfu2osi1d",
                "position": {
                    "x": 1570.0,
                    "y": 0.0,
                    "z": 1764.0
                },
                "stacking": true,
                "turnover": false,
                "rotation_state": 0,
                "stacking_limit": 0.0,
                "calculated_size": {
                    "width": 548.0,
                    "height": 587.0,
                    "length": 1300.0
                },
                "virtual_positions": null
            },
            {
                "id": 17,
                "info": {
                    "color": "#3659c1",
                    "title": "18",
                    "article": "",
                    "group_id": "1vn4gr0jy4udwja0wcyec8m2fhciyzb8",
                    "group_title": "Группа 1"
                },
                "mass": 705.0,
                "size": {
                    "width": 548.0,
                    "height": 587.0,
                    "length": 1300.0
                },
                "sort": 1,
                "step": 6,
                "type": "box",
                "margin": {
                    "width": 0.0,
                    "height": 0.0,
                    "length": 0.0
                },
                "cargo_id": "maqheilg0mptobwtlywqsffdfu2osi1d",
                "position": {
                    "x": 1570.0,
                    "y": 0.0,
                    "z": 1216.0
                },
                "stacking": true,
                "turnover": false,
                "rotation_state": 0,
                "stacking_limit": 0.0,
                "calculated_size": {
                    "width": 548.0,
                    "height": 587.0,
                    "length": 1300.0
                },
                "virtual_positions": null
            },
            {
                "id": 22,
                "info": {
                    "color": "#3659c1",
                    "title": "18",
                    "article": "",
                    "group_id": "1vn4gr0jy4udwja0wcyec8m2fhciyzb8",
                    "group_title": "Группа 1"
                },
                "mass": 705.0,
                "size": {
                    "width": 548.0,
                    "height": 587.0,
                    "length": 1300.0
                },
                "sort": 1,
                "step": 7,
                "type": "box",
                "margin": {
                    "width": 0.0,
                    "height": 0.0,
                    "length": 0.0
                },
                "cargo_id": "maqheilg0mptobwtlywqsffdfu2osi1d",
                "position": {
                    "x": 1570.0,
                    "y": 587.0,
                    "z": 1764.0
                },
                "stacking": true,
                "turnover": false,
                "rotation_state": 0,
                "stacking_limit": 0.0,
                "calculated_size": {
                    "width": 548.0,
                    "height": 587.0,
                    "length": 1300.0
                },
                "virtual_positions": null
            },
            {
                "id": 21,
                "info": {
                    "color": "#3659c1",
                    "title": "18",
                    "article": "",
                    "group_id": "1vn4gr0jy4udwja0wcyec8m2fhciyzb8",
                    "group_title": "Группа 1"
                },
                "mass": 705.0,
                "size": {
                    "width": 548.0,
                    "height": 587.0,
                    "length": 1300.0
                },
                "sort": 1,
                "step": 8,
                "type": "box",
                "margin": {
                    "width": 0.0,
                    "height": 0.0,
                    "length": 0.0
                },
                "cargo_id": "maqheilg0mptobwtlywqsffdfu2osi1d",
                "position": {
                    "x": 1570.0,
                    "y": 587.0,
                    "z": 1216.0
                },
                "stacking": true,
                "turnover": false,
                "rotation_state": 0,
                "stacking_limit": 0.0,
                "calculated_size": {
                    "width": 548.0,
                    "height": 587.0,
                    "length": 1300.0
                },
                "virtual_positions": null
            },
            {
                "id": 473,
                "info": {
                    "color": "#71f43d",
                    "title": "10",
                    "article": "",
                    "group_id": "1vn4gr0jy4udwja0wcyec8m2fhciyzb8",
                    "group_title": "Группа 1"
                },
                "mass": 1054.0,
                "size": {
                    "width": 384.0,
                    "height": 885.0,
                    "length": 1876.0
                },
                "sort": 1,
                "step": 9,
                "type": "box",
                "margin": {
                    "width": 0.0,
                    "height": 0.0,
                    "length": 0.0
                },
                "cargo_id": "ulcuvqjpmv3eztuqa70ztrobxycr14ti",
                "position": {
                    "x": 270.0,
                    "y": 0.0,
                    "z": 832.0
                },
                "stacking": true,
                "turnover": false,
                "rotation_state": 0,
                "stacking_limit": 0.0,
                "calculated_size": {
                    "width": 384.0,
                    "height": 885.0,
                    "length": 1876.0
                },
                "virtual_positions": null
            },
            {
                "id": 482,
                "info": {
                    "color": "#71f43d",
                    "title": "10",
                    "article": "",
                    "group_id": "1vn4gr0jy4udwja0wcyec8m2fhciyzb8",
                    "group_title": "Группа 1"
                },
                "mass": 1054.0,
                "size": {
                    "width": 384.0,
                    "height": 885.0,
                    "length": 1876.0
                },
                "sort": 1,
                "step": 10,
                "type": "box",
                "margin": {
                    "width": 0.0,
                    "height": 0.0,
                    "length": 0.0
                },
                "cargo_id": "ulcuvqjpmv3eztuqa70ztrobxycr14ti",
                "position": {
                    "x": 270.0,
                    "y": 885.0,
                    "z": 832.0
                },
                "stacking": true,
                "turnover": false,
                "rotation_state": 0,
                "stacking_limit": 0.0,
                "calculated_size": {
                    "width": 384.0,
                    "height": 885.0,
                    "length": 1876.0
                },
                "virtual_positions": null
            },
            {
                "id": 472,
                "info": {
                    "color": "#71f43d",
                    "title": "10",
                    "article": "",
                    "group_id": "1vn4gr0jy4udwja0wcyec8m2fhciyzb8",
                    "group_title": "Группа 1"
                },
                "mass": 1054.0,
                "size": {
                    "width": 384.0,
                    "height": 885.0,
                    "length": 1876.0
                },
                "sort": 1,
                "step": 11,
                "type": "box",
                "margin": {
                    "width": 0.0,
                    "height": 0.0,
                    "length": 0.0
                },
                "cargo_id": "ulcuvqjpmv3eztuqa70ztrobxycr14ti",
                "position": {
                    "x": 270.0,
                    "y": 0.0,
                    "z": 448.0
                },
                "stacking": true,
                "turnover": false,
                "rotation_state": 0,
                "stacking_limit": 0.0,
                "calculated_size": {
                    "width": 384.0,
                    "height": 885.0,
                    "length": 1876.0
                },
                "virtual_positions": null
            },
            {
                "id": 481,
                "info": {
                    "color": "#71f43d",
                    "title": "10",
                    "article": "",
                    "group_id": "1vn4gr0jy4udwja0wcyec8m2fhciyzb8",
                    "group_title": "Группа 1"
                },
                "mass": 1054.0,
                "size": {
                    "width": 384.0,
                    "height": 885.0,
                    "length": 1876.0
                },
                "sort": 1,
                "step": 12,
                "type": "box",
                "margin": {
                    "width": 0.0,
                    "height": 0.0,
                    "length": 0.0
                },
                "cargo_id": "ulcuvqjpmv3eztuqa70ztrobxycr14ti",
                "position": {
                    "x": 270.0,
                    "y": 885.0,
                    "z": 448.0
                },
                "stacking": true,
                "turnover": false,
                "rotation_state": 0,
                "stacking_limit": 0.0,
                "calculated_size": {
                    "width": 384.0,
                    "height": 885.0,
                    "length": 1876.0
                },
                "virtual_positions": null
            },
            {
                "id": 471,
                "info": {
                    "color": "#71f43d",
                    "title": "10",
                    "article": "",
                    "group_id": "1vn4gr0jy4udwja0wcyec8m2fhciyzb8",
                    "group_title": "Группа 1"
                },
                "mass": 1054.0,
                "size": {
                    "width": 384.0,
                    "height": 885.0,
                    "length": 1876.0
                },
                "sort": 1,
                "step": 13,
                "type": "box",
                "margin": {
                    "width": 0.0,
                    "height": 0.0,
                    "length": 0.0
                },
                "cargo_id": "ulcuvqjpmv3eztuqa70ztrobxycr14ti",
                "position": {
                    "x": 270.0,
                    "y": 0.0,
                    "z": 64.0
                },
                "stacking": true,
                "turnover": false,
                "rotation_state": 0,
                "stacking_limit": 0.0,
                "calculated_size": {
                    "width": 384.0,
                    "height": 885.0,
                    "length": 1876.0
                },
                "virtual_positions": null
            },
            {
                "id": 480,
                "info": {
                    "color": "#71f43d",
                    "title": "10",
                    "article": "",
                    "group_id": "1vn4gr0jy4udwja0wcyec8m2fhciyzb8",
                    "group_title": "Группа 1"
                },
                "mass": 1054.0,
                "size": {
                    "width": 384.0,
                    "height": 885.0,
                    "length": 1876.0
                },
                "sort": 1,
                "step": 14,
                "type": "box",
                "margin": {
                    "width": 0.0,
                    "height": 0.0,
                    "length": 0.0
                },
                "cargo_id": "ulcuvqjpmv3eztuqa70ztrobxycr14ti",
                "position": {
                    "x": 270.0,
                    "y": 885.0,
                    "z": 64.0
                },
                "stacking": true,
                "turnover": false,
                "rotation_state": 0,
                "stacking_limit": 0.0,
                "calculated_size": {
                    "width": 384.0,
                    "height": 885.0,
                    "length": 1876.0
                },
                "virtual_positions": null
            },
            {
                "id": 0,
                "info": {
                    "color": "#34eaed",
                    "title": "22",
                    "article": "",
                    "group_id": "1vn4gr0jy4udwja0wcyec8m2fhciyzb8",
                    "group_title": "Группа 1"
                },
                "mass": 100.0,
                "size": {
                    "width": 132.0,
                    "height": 395.0,
                    "length": 2213.0
                },
                "sort": 1,
                "step": 15,
                "type": "box",
                "margin": {
                    "width": 0.0,
                    "height": 0.0,
                    "length": 0.0
                },
                "cargo_id": "gcfiwqboujt9cbcukjt2qmye70rnby4h",
                "position": {
                    "x": 2870.0,
                    "y": 0.0,
                    "z": 2220.0
                },
                "stacking": true,
                "turnover": false,
                "rotation_state": 0,
                "stacking_limit": 0.0,
                "calculated_size": {
                    "width": 132.0,
                    "height": 395.0,
                    "length": 2213.0
                },
                "virtual_positions": null
            },
            {
                "id": 562,
                "info": {
                    "color": "#6bc431",
                    "title": "2",
                    "article": "",
                    "group_id": "1vn4gr0jy4udwja0wcyec8m2fhciyzb8",
                    "group_title": "Группа 1"
                },
                "mass": 312.0,
                "size": {
                    "width": 196.0,
                    "height": 885.0,
                    "length": 1491.0
                },
                "sort": 1,
                "step": 16,
                "type": "box",
                "margin": {
                    "width": 0.0,
                    "height": 0.0,
                    "length": 0.0
                },
                "cargo_id": "3mjdbjcgrxmokvchk4lrg9hzqw4hf81r",
                "position": {
                    "x": 2870.0,
                    "y": 0.0,
                    "z": 2024.0
                },
                "stacking": true,
                "turnover": false,
                "rotation_state": 0,
                "stacking_limit": 0.0,
                "calculated_size": {
                    "width": 196.0,
                    "height": 885.0,
                    "length": 1491.0
                },
                "virtual_positions": null
            },
            {
                "id": 463,
                "info": {
                    "color": "#0b4770",
                    "title": "12",
                    "article": "",
                    "group_id": "1vn4gr0jy4udwja0wcyec8m2fhciyzb8",
                    "group_title": "Группа 1"
                },
                "mass": 1098.0,
                "size": {
                    "width": 404.0,
                    "height": 885.0,
                    "length": 1856.0
                },
                "sort": 1,
                "step": 17,
                "type": "box",
                "margin": {
                    "width": 0.0,
                    "height": 0.0,
                    "length": 0.0
                },
                "cargo_id": "04ehig6lnpjqvcsnz4sjuuhddvzvryw7",
                "position": {
                    "x": 2870.0,
                    "y": 0.0,
                    "z": 1620.0
                },
                "stacking": true,
                "turnover": false,
                "rotation_state": 0,
                "stacking_limit": 0.0,
                "calculated_size": {
                    "width": 404.0,
                    "height": 885.0,
                    "length": 1856.0
                },
                "virtual_positions": null
            },
            {
                "id": 462,
                "info": {
                    "color": "#0b4770",
                    "title": "12",
                    "article": "",
                    "group_id": "1vn4gr0jy4udwja0wcyec8m2fhciyzb8",
                    "group_title": "Группа 1"
                },
                "mass": 1098.0,
                "size": {
                    "width": 404.0,
                    "height": 885.0,
                    "length": 1856.0
                },
                "sort": 1,
                "step": 18,
                "type": "box",
                "margin": {
                    "width": 0.0,
                    "height": 0.0,
                    "length": 0.0
                },
                "cargo_id": "04ehig6lnpjqvcsnz4sjuuhddvzvryw7",
                "position": {
                    "x": 2870.0,
                    "y": 0.0,
                    "z": 1216.0
                },
                "stacking": true,
                "turnover": false,
                "rotation_state": 0,
                "stacking_limit": 0.0,
                "calculated_size": {
                    "width": 404.0,
                    "height": 885.0,
                    "length": 1856.0
                },
                "virtual_positions": null
            },
            {
                "id": 476,
                "info": {
                    "color": "#71f43d",
                    "title": "10",
                    "article": "",
                    "group_id": "1vn4gr0jy4udwja0wcyec8m2fhciyzb8",
                    "group_title": "Группа 1"
                },
                "mass": 1054.0,
                "size": {
                    "width": 384.0,
                    "height": 885.0,
                    "length": 1876.0
                },
                "sort": 1,
                "step": 19,
                "type": "box",
                "margin": {
                    "width": 0.0,
                    "height": 0.0,
                    "length": 0.0
                },
                "cargo_id": "ulcuvqjpmv3eztuqa70ztrobxycr14ti",
                "position": {
                    "x": 2146.0,
                    "y": 0.0,
                    "z": 832.0
                },
                "stacking": true,
                "turnover": false,
                "rotation_state": 0,
                "stacking_limit": 0.0,
                "calculated_size": {
                    "width": 384.0,
                    "height": 885.0,
                    "length": 1876.0
                },
                "virtual_positions": null
            },
            {
                "id": 475,
                "info": {
                    "color": "#71f43d",
                    "title": "10",
                    "article": "",
                    "group_id": "1vn4gr0jy4udwja0wcyec8m2fhciyzb8",
                    "group_title": "Группа 1"
                },
                "mass": 1054.0,
                "size": {
                    "width": 384.0,
                    "height": 885.0,
                    "length": 1876.0
                },
                "sort": 1,
                "step": 20,
                "type": "box",
                "margin": {
                    "width": 0.0,
                    "height": 0.0,
                    "length": 0.0
                },
                "cargo_id": "ulcuvqjpmv3eztuqa70ztrobxycr14ti",
                "position": {
                    "x": 2146.0,
                    "y": 0.0,
                    "z": 448.0
                },
                "stacking": true,
                "turnover": false,
                "rotation_state": 0,
                "stacking_limit": 0.0,
                "calculated_size": {
                    "width": 384.0,
                    "height": 885.0,
                    "length": 1876.0
                },
                "virtual_positions": null
            },
            {
                "id": 474,
                "info": {
                    "color": "#71f43d",
                    "title": "10",
                    "article": "",
                    "group_id": "1vn4gr0jy4udwja0wcyec8m2fhciyzb8",
                    "group_title": "Группа 1"
                },
                "mass": 1054.0,
                "size": {
                    "width": 384.0,
                    "height": 885.0,
                    "length": 1876.0
                },
                "sort": 1,
                "step": 21,
                "type": "box",
                "margin": {
                    "width": 0.0,
                    "height": 0.0,
                    "length": 0.0
                },
                "cargo_id": "ulcuvqjpmv3eztuqa70ztrobxycr14ti",
                "position": {
                    "x": 2146.0,
                    "y": 0.0,
                    "z": 64.0
                },
                "stacking": true,
                "turnover": false,
                "rotation_state": 0,
                "stacking_limit": 0.0,
                "calculated_size": {
                    "width": 384.0,
                    "height": 885.0,
                    "length": 1876.0
                },
                "virtual_positions": null
            },
            {
                "id": 464,
                "info": {
                    "color": "#0b4770",
                    "title": "12",
                    "article": "",
                    "group_id": "1vn4gr0jy4udwja0wcyec8m2fhciyzb8",
                    "group_title": "Группа 1"
                },
                "mass": 1098.0,
                "size": {
                    "width": 404.0,
                    "height": 885.0,
                    "length": 1856.0
                },
                "sort": 1,
                "step": 22,
                "type": "box",
                "margin": {
                    "width": 0.0,
                    "height": 0.0,
                    "length": 0.0
                },
                "cargo_id": "04ehig6lnpjqvcsnz4sjuuhddvzvryw7",
                "position": {
                    "x": 2870.0,
                    "y": 885.0,
                    "z": 1216.0
                },
                "stacking": true,
                "turnover": false,
                "rotation_state": 0,
                "stacking_limit": 0.0,
                "calculated_size": {
                    "width": 404.0,
                    "height": 885.0,
                    "length": 1856.0
                },
                "virtual_positions": null
            },
            {
                "id": 485,
                "info": {
                    "color": "#71f43d",
                    "title": "10",
                    "article": "",
                    "group_id": "1vn4gr0jy4udwja0wcyec8m2fhciyzb8",
                    "group_title": "Группа 1"
                },
                "mass": 1054.0,
                "size": {
                    "width": 384.0,
                    "height": 885.0,
                    "length": 1876.0
                },
                "sort": 1,
                "step": 23,
                "type": "box",
                "margin": {
                    "width": 0.0,
                    "height": 0.0,
                    "length": 0.0
                },
                "cargo_id": "ulcuvqjpmv3eztuqa70ztrobxycr14ti",
                "position": {
                    "x": 2146.0,
                    "y": 885.0,
                    "z": 832.0
                },
                "stacking": true,
                "turnover": false,
                "rotation_state": 0,
                "stacking_limit": 0.0,
                "calculated_size": {
                    "width": 384.0,
                    "height": 885.0,
                    "length": 1876.0
                },
                "virtual_positions": null
            },
            {
                "id": 484,
                "info": {
                    "color": "#71f43d",
                    "title": "10",
                    "article": "",
                    "group_id": "1vn4gr0jy4udwja0wcyec8m2fhciyzb8",
                    "group_title": "Группа 1"
                },
                "mass": 1054.0,
                "size": {
                    "width": 384.0,
                    "height": 885.0,
                    "length": 1876.0
                },
                "sort": 1,
                "step": 24,
                "type": "box",
                "margin": {
                    "width": 0.0,
                    "height": 0.0,
                    "length": 0.0
                },
                "cargo_id": "ulcuvqjpmv3eztuqa70ztrobxycr14ti",
                "position": {
                    "x": 2146.0,
                    "y": 885.0,
                    "z": 448.0
                },
                "stacking": true,
                "turnover": false,
                "rotation_state": 0,
                "stacking_limit": 0.0,
                "calculated_size": {
                    "width": 384.0,
                    "height": 885.0,
                    "length": 1876.0
                },
                "virtual_positions": null
            },
            {
                "id": 483,
                "info": {
                    "color": "#71f43d",
                    "title": "10",
                    "article": "",
                    "group_id": "1vn4gr0jy4udwja0wcyec8m2fhciyzb8",
                    "group_title": "Группа 1"
                },
                "mass": 1054.0,
                "size": {
                    "width": 384.0,
                    "height": 885.0,
                    "length": 1876.0
                },
                "sort": 1,
                "step": 25,
                "type": "box",
                "margin": {
                    "width": 0.0,
                    "height": 0.0,
                    "length": 0.0
                },
                "cargo_id": "ulcuvqjpmv3eztuqa70ztrobxycr14ti",
                "position": {
                    "x": 2146.0,
                    "y": 885.0,
                    "z": 64.0
                },
                "stacking": true,
                "turnover": false,
                "rotation_state": 0,
                "stacking_limit": 0.0,
                "calculated_size": {
                    "width": 384.0,
                    "height": 885.0,
                    "length": 1876.0
                },
                "virtual_positions": null
            },
            {
                "id": 479,
                "info": {
                    "color": "#71f43d",
                    "title": "10",
                    "article": "",
                    "group_id": "1vn4gr0jy4udwja0wcyec8m2fhciyzb8",
                    "group_title": "Группа 1"
                },
                "mass": 1054.0,
                "size": {
                    "width": 384.0,
                    "height": 885.0,
                    "length": 1876.0
                },
                "sort": 1,
                "step": 26,
                "type": "box",
                "margin": {
                    "width": 0.0,
                    "height": 0.0,
                    "length": 0.0
                },
                "cargo_id": "ulcuvqjpmv3eztuqa70ztrobxycr14ti",
                "position": {
                    "x": 4022.0,
                    "y": 0.0,
                    "z": 832.0
                },
                "stacking": true,
                "turnover": false,
                "rotation_state": 0,
                "stacking_limit": 0.0,
                "calculated_size": {
                    "width": 384.0,
                    "height": 885.0,
                    "length": 1876.0
                },
                "virtual_positions": null
            },
            {
                "id": 478,
                "info": {
                    "color": "#71f43d",
                    "title": "10",
                    "article": "",
                    "group_id": "1vn4gr0jy4udwja0wcyec8m2fhciyzb8",
                    "group_title": "Группа 1"
                },
                "mass": 1054.0,
                "size": {
                    "width": 384.0,
                    "height": 885.0,
                    "length": 1876.0
                },
                "sort": 1,
                "step": 27,
                "type": "box",
                "margin": {
                    "width": 0.0,
                    "height": 0.0,
                    "length": 0.0
                },
                "cargo_id": "ulcuvqjpmv3eztuqa70ztrobxycr14ti",
                "position": {
                    "x": 4022.0,
                    "y": 0.0,
                    "z": 448.0
                },
                "stacking": true,
                "turnover": false,
                "rotation_state": 0,
                "stacking_limit": 0.0,
                "calculated_size": {
                    "width": 384.0,
                    "height": 885.0,
                    "length": 1876.0
                },
                "virtual_positions": null
            },
            {
                "id": 477,
                "info": {
                    "color": "#71f43d",
                    "title": "10",
                    "article": "",
                    "group_id": "1vn4gr0jy4udwja0wcyec8m2fhciyzb8",
                    "group_title": "Группа 1"
                },
                "mass": 1054.0,
                "size": {
                    "width": 384.0,
                    "height": 885.0,
                    "length": 1876.0
                },
                "sort": 1,
                "step": 28,
                "type": "box",
                "margin": {
                    "width": 0.0,
                    "height": 0.0,
                    "length": 0.0
                },
                "cargo_id": "ulcuvqjpmv3eztuqa70ztrobxycr14ti",
                "position": {
                    "x": 4022.0,
                    "y": 0.0,
                    "z": 64.0
                },
                "stacking": true,
                "turnover": false,
                "rotation_state": 0,
                "stacking_limit": 0.0,
                "calculated_size": {
                    "width": 384.0,
                    "height": 885.0,
                    "length": 1876.0
                },
                "virtual_positions": null
            },
            {
                "id": 488,
                "info": {
                    "color": "#71f43d",
                    "title": "10",
                    "article": "",
                    "group_id": "1vn4gr0jy4udwja0wcyec8m2fhciyzb8",
                    "group_title": "Группа 1"
                },
                "mass": 1054.0,
                "size": {
                    "width": 384.0,
                    "height": 885.0,
                    "length": 1876.0
                },
                "sort": 1,
                "step": 29,
                "type": "box",
                "margin": {
                    "width": 0.0,
                    "height": 0.0,
                    "length": 0.0
                },
                "cargo_id": "ulcuvqjpmv3eztuqa70ztrobxycr14ti",
                "position": {
                    "x": 4022.0,
                    "y": 885.0,
                    "z": 832.0
                },
                "stacking": true,
                "turnover": false,
                "rotation_state": 0,
                "stacking_limit": 0.0,
                "calculated_size": {
                    "width": 384.0,
                    "height": 885.0,
                    "length": 1876.0
                },
                "virtual_positions": null
            },
            {
                "id": 487,
                "info": {
                    "color": "#71f43d",
                    "title": "10",
                    "article": "",
                    "group_id": "1vn4gr0jy4udwja0wcyec8m2fhciyzb8",
                    "group_title": "Группа 1"
                },
                "mass": 1054.0,
                "size": {
                    "width": 384.0,
                    "height": 885.0,
                    "length": 1876.0
                },
                "sort": 1,
                "step": 30,
                "type": "box",
                "margin": {
                    "width": 0.0,
                    "height": 0.0,
                    "length": 0.0
                },
                "cargo_id": "ulcuvqjpmv3eztuqa70ztrobxycr14ti",
                "position": {
                    "x": 4022.0,
                    "y": 885.0,
                    "z": 448.0
                },
                "stacking": true,
                "turnover": false,
                "rotation_state": 0,
                "stacking_limit": 0.0,
                "calculated_size": {
                    "width": 384.0,
                    "height": 885.0,
                    "length": 1876.0
                },
                "virtual_positions": null
            },
            {
                "id": 486,
                "info": {
                    "color": "#71f43d",
                    "title": "10",
                    "article": "",
                    "group_id": "1vn4gr0jy4udwja0wcyec8m2fhciyzb8",
                    "group_title": "Группа 1"
                },
                "mass": 1054.0,
                "size": {
                    "width": 384.0,
                    "height": 885.0,
                    "length": 1876.0
                },
                "sort": 1,
                "step": 31,
                "type": "box",
                "margin": {
                    "width": 0.0,
                    "height": 0.0,
                    "length": 0.0
                },
                "cargo_id": "ulcuvqjpmv3eztuqa70ztrobxycr14ti",
                "position": {
                    "x": 4022.0,
                    "y": 885.0,
                    "z": 64.0
                },
                "stacking": true,
                "turnover": false,
                "rotation_state": 0,
                "stacking_limit": 0.0,
                "calculated_size": {
                    "width": 384.0,
                    "height": 885.0,
                    "length": 1876.0
                },
                "virtual_positions": null
            }
        ],
        "version": 5,
        "cargo_space": {
            "id": 306,
            "info": {
                "uid": "306_0",
                "sort": 0,
                "title": "20' DC (valid)"
            },
            "mass": 2370.0,
            "size": {
                "width": 2438.0,
                "height": 2591.0,
                "length": 6058.0
            },
            "type": "container",
            "indentation": {
                "width": 43.0,
                "height": 0.0,
                "length": 80.0,
                "height_top": 198.0,
                "length_end": 80.0,
                "width_right": 43.0
            },
            "loading_size": {
                "width": 2352.0,
                "height": 2393.0,
                "length": 5898.0
            },
            "calculation_info": {
                "step_count": 31,
                "cargos_mass": 28.318,
                "load_volume": 33.195925728,
                "cargos_volume": 17.18594,
                "count_cargoes": 31,
                "load_capacity": 28.335,
                "loading_height": 1.77,
                "density_percent": 75.40325,
                "remaining_volume": 16.00998,
                "void_space_percent": 48.22875,
                "filling_space_percent": 51.77125
            },
            "carrying_capacity": 28335.0,
            "real_center_of_gravity": [
                2874.5231301645595,
                801.187760435059,
                992.1671021964828
            ],
            "ideal_center_of_gravity": [
                2949.0,
                0.0,
                1176.0
            ]
        },
        "cargo_groups": [
            {
                "info": {
                    "color": "#c00eed",
                    "title": "21",
                    "article": "",
                    "group_id": "1vn4gr0jy4udwja0wcyec8m2fhciyzb8",
                    "group_title": "Группа 1"
                },
                "mass": 517.0,
                "size": {
                    "width": 548.0,
                    "height": 330.0,
                    "length": 2213.0
                },
                "sort": 1,
                "type": "box",
                "count": 2.0,
                "margin": {
                    "width": 0.0,
                    "height": 0.0,
                    "length": 0.0
                },
                "cargo_id": "ilene2plxvsowv1diova1icbocywvxoq",
                "stacking": true,
                "turnover": false,
                "stacking_limit": 0.0,
                "prepare_last_result": "success"
            },
            {
                "info": {
                    "color": "#e04c93",
                    "title": "17",
                    "article": "",
                    "group_id": "1vn4gr0jy4udwja0wcyec8m2fhciyzb8",
                    "group_title": "Группа 1"
                },
                "mass": 1050.0,
                "size": {
                    "width": 528.0,
                    "height": 1039.0,
                    "length": 1039.0
                },
                "sort": 1,
                "type": "box",
                "count": 57.0,
                "margin": {
                    "width": 0.0,
                    "height": 0.0,
                    "length": 0.0
                },
                "cargo_id": "y2mmow4joa6tvdu2wc1b3w1fmxzyodkm",
                "stacking": true,
                "turnover": false,
                "stacking_limit": 0.0,
                "prepare_last_result": "success"
            },
            {
                "info": {
                    "color": "#84687d",
                    "title": "16",
                    "article": "",
                    "group_id": "1vn4gr0jy4udwja0wcyec8m2fhciyzb8",
                    "group_title": "Группа 1"
                },
                "mass": 1045.0,
                "size": {
                    "width": 436.0,
                    "height": 1087.0,
                    "length": 1300.0
                },
                "sort": 1,
                "type": "box",
                "count": 76.0,
                "margin": {
                    "width": 0.0,
                    "height": 0.0,
                    "length": 0.0
                },
                "cargo_id": "fqprbbycz2x1lcgtne9zeroht232jypn",
                "stacking": true,
                "turnover": false,
                "stacking_limit": 0.0,
                "prepare_last_result": "success"
            },
            {
                "info": {
                    "color": "#3659c1",
                    "title": "18",
                    "article": "",
                    "group_id": "1vn4gr0jy4udwja0wcyec8m2fhciyzb8",
                    "group_title": "Группа 1"
                },
                "mass": 705.0,
                "size": {
                    "width": 548.0,
                    "height": 587.0,
                    "length": 1300.0
                },
                "sort": 1,
                "type": "box",
                "count": 3.0,
                "margin": {
                    "width": 0.0,
                    "height": 0.0,
                    "length": 0.0
                },
                "cargo_id": "maqheilg0mptobwtlywqsffdfu2osi1d",
                "stacking": true,
                "turnover": false,
                "stacking_limit": 0.0,
                "prepare_last_result": "success"
            },
            {
                "info": {
                    "color": "#bd3bed",
                    "title": "19",
                    "article": "",
                    "group_id": "1vn4gr0jy4udwja0wcyec8m2fhciyzb8",
                    "group_title": "Группа 1"
                },
                "mass": 575.0,
                "size": {
                    "width": 548.0,
                    "height": 595.0,
                    "length": 1039.0
                },
                "sort": 1,
                "type": "box",
                "count": 10.0,
                "margin": {
                    "width": 0.0,
                    "height": 0.0,
                    "length": 0.0
                },
                "cargo_id": "r2dtvicp5pnxvxnsdccz8hishukvqruy",
                "stacking": true,
                "turnover": false,
                "stacking_limit": 0.0,
                "prepare_last_result": "success"
            },
            {
                "info": {
                    "color": "#f754c0",
                    "title": "20",
                    "article": "",
                    "group_id": "1vn4gr0jy4udwja0wcyec8m2fhciyzb8",
                    "group_title": "Группа 1"
                },
                "mass": 626.0,
                "size": {
                    "width": 548.0,
                    "height": 362.0,
                    "length": 2213.0
                },
                "sort": 1,
                "type": "box",
                "count": 2.0,
                "margin": {
                    "width": 0.0,
                    "height": 0.0,
                    "length": 0.0
                },
                "cargo_id": "ukrskbqr52zkywlhyqqv412vdcuh0qzm",
                "stacking": true,
                "turnover": false,
                "stacking_limit": 0.0,
                "prepare_last_result": "success"
            },
            {
                "info": {
                    "color": "#9c5b90",
                    "title": "15",
                    "article": "",
                    "group_id": "1vn4gr0jy4udwja0wcyec8m2fhciyzb8",
                    "group_title": "Группа 1"
                },
                "mass": 1044.0,
                "size": {
                    "width": 480.0,
                    "height": 595.0,
                    "length": 2213.0
                },
                "sort": 1,
                "type": "box",
                "count": 41.0,
                "margin": {
                    "width": 0.0,
                    "height": 0.0,
                    "length": 0.0
                },
                "cargo_id": "ik8esmqb849vs3fxai1wwsyq74txpufe",
                "stacking": true,
                "turnover": false,
                "stacking_limit": 0.0,
                "prepare_last_result": "success"
            },
            {
                "info": {
                    "color": "#dd27bc",
                    "title": "14",
                    "article": "",
                    "group_id": "1vn4gr0jy4udwja0wcyec8m2fhciyzb8",
                    "group_title": "Группа 1"
                },
                "mass": 1038.0,
                "size": {
                    "width": 288.0,
                    "height": 1095.0,
                    "length": 2213.0
                },
                "sort": 1,
                "type": "box",
                "count": 231.0,
                "margin": {
                    "width": 0.0,
                    "height": 0.0,
                    "length": 0.0
                },
                "cargo_id": "hy4clhyhbrgo5dlxymd5ihwj2xeeyb6b",
                "stacking": true,
                "turnover": false,
                "stacking_limit": 0.0,
                "prepare_last_result": "success"
            },
            {
                "info": {
                    "color": "#90bf03",
                    "title": "13",
                    "article": "",
                    "group_id": "1vn4gr0jy4udwja0wcyec8m2fhciyzb8",
                    "group_title": "Группа 1"
                },
                "mass": 318.0,
                "size": {
                    "width": 292.0,
                    "height": 485.0,
                    "length": 1550.0
                },
                "sort": 1,
                "type": "box",
                "count": 1.0,
                "margin": {
                    "width": 0.0,
                    "height": 0.0,
                    "length": 0.0
                },
                "cargo_id": "kvhx1cfjdn5lebpugc2vxfaz4i0ej9ed",
                "stacking": true,
                "turnover": false,
                "stacking_limit": 0.0,
                "prepare_last_result": "success"
            },
            {
                "info": {
                    "color": "#0b4770",
                    "title": "12",
                    "article": "",
                    "group_id": "1vn4gr0jy4udwja0wcyec8m2fhciyzb8",
                    "group_title": "Группа 1"
                },
                "mass": 1098.0,
                "size": {
                    "width": 404.0,
                    "height": 885.0,
                    "length": 1856.0
                },
                "sort": 1,
                "type": "box",
                "count": 32.0,
                "margin": {
                    "width": 0.0,
                    "height": 0.0,
                    "length": 0.0
                },
                "cargo_id": "04ehig6lnpjqvcsnz4sjuuhddvzvryw7",
                "stacking": true,
                "turnover": false,
                "stacking_limit": 0.0,
                "prepare_last_result": "success"
            },
            {
                "info": {
                    "color": "#db2b5d",
                    "title": "11",
                    "article": "",
                    "group_id": "1vn4gr0jy4udwja0wcyec8m2fhciyzb8",
                    "group_title": "Группа 1"
                },
                "mass": 326.0,
                "size": {
                    "width": 548.0,
                    "height": 406.0,
                    "length": 885.0
                },
                "sort": 1,
                "type": "box",
                "count": 4.0,
                "margin": {
                    "width": 0.0,
                    "height": 0.0,
                    "length": 0.0
                },
                "cargo_id": "llmfucvetqihkiq9tt6uhj7ymk31i4rv",
                "stacking": true,
                "turnover": false,
                "stacking_limit": 0.0,
                "prepare_last_result": "success"
            },
            {
                "info": {
                    "color": "#71f43d",
                    "title": "10",
                    "article": "",
                    "group_id": "1vn4gr0jy4udwja0wcyec8m2fhciyzb8",
                    "group_title": "Группа 1"
                },
                "mass": 1054.0,
                "size": {
                    "width": 384.0,
                    "height": 885.0,
                    "length": 1876.0
                },
                "sort": 1,
                "type": "box",
                "count": 19.0,
                "margin": {
                    "width": 0.0,
                    "height": 0.0,
                    "length": 0.0
                },
                "cargo_id": "ulcuvqjpmv3eztuqa70ztrobxycr14ti",
                "stacking": true,
                "turnover": false,
                "stacking_limit": 0.0,
                "prepare_last_result": "success"
            },
            {
                "info": {
                    "color": "#34c96b",
                    "title": "9",
                    "article": "",
                    "group_id": "1vn4gr0jy4udwja0wcyec8m2fhciyzb8",
                    "group_title": "Группа 1"
                },
                "mass": 861.0,
                "size": {
                    "width": 580.0,
                    "height": 485.0,
                    "length": 1856.0
                },
                "sort": 1,
                "type": "box",
                "count": 4.0,
                "margin": {
                    "width": 0.0,
                    "height": 0.0,
                    "length": 0.0
                },
                "cargo_id": "2ypkbfvin20pnqvyzwdmqyjtsjnux6xf",
                "stacking": true,
                "turnover": false,
                "stacking_limit": 0.0,
                "prepare_last_result": "success"
            },
            {
                "info": {
                    "color": "#dbcc02",
                    "title": "8",
                    "article": "",
                    "group_id": "1vn4gr0jy4udwja0wcyec8m2fhciyzb8",
                    "group_title": "Группа 1"
                },
                "mass": 144.0,
                "size": {
                    "width": 420.0,
                    "height": 406.0,
                    "length": 548.0
                },
                "sort": 1,
                "type": "box",
                "count": 1.0,
                "margin": {
                    "width": 0.0,
                    "height": 0.0,
                    "length": 0.0
                },
                "cargo_id": "sijdc9bnkicga2haksjl536smgnlaf0j",
                "stacking": true,
                "turnover": false,
                "stacking_limit": 0.0,
                "prepare_last_result": "success"
            },
            {
                "info": {
                    "color": "#7945c1",
                    "title": "7",
                    "article": "",
                    "group_id": "1vn4gr0jy4udwja0wcyec8m2fhciyzb8",
                    "group_title": "Группа 1"
                },
                "mass": 871.0,
                "size": {
                    "width": 580.0,
                    "height": 485.0,
                    "length": 1876.0
                },
                "sort": 1,
                "type": "box",
                "count": 4.0,
                "margin": {
                    "width": 0.0,
                    "height": 0.0,
                    "length": 0.0
                },
                "cargo_id": "nsxvjzkequ0ordhims4wdmon3ywmkvhf",
                "stacking": true,
                "turnover": false,
                "stacking_limit": 0.0,
                "prepare_last_result": "success"
            },
            {
                "info": {
                    "color": "#ce2bc0",
                    "title": "6",
                    "article": "",
                    "group_id": "1vn4gr0jy4udwja0wcyec8m2fhciyzb8",
                    "group_title": "Группа 1"
                },
                "mass": 1040.0,
                "size": {
                    "width": 468.0,
                    "height": 885.0,
                    "length": 1550.0
                },
                "sort": 1,
                "type": "box",
                "count": 4.0,
                "margin": {
                    "width": 0.0,
                    "height": 0.0,
                    "length": 0.0
                },
                "cargo_id": "v0szo2rdku43asfts9ilbz1zrflzoyn0",
                "stacking": true,
                "turnover": false,
                "stacking_limit": 0.0,
                "prepare_last_result": "success"
            },
            {
                "info": {
                    "color": "#8fe258",
                    "title": "5",
                    "article": "",
                    "group_id": "1vn4gr0jy4udwja0wcyec8m2fhciyzb8",
                    "group_title": "Группа 1"
                },
                "mass": 870.0,
                "size": {
                    "width": 340.0,
                    "height": 885.0,
                    "length": 1840.0
                },
                "sort": 1,
                "type": "box",
                "count": 2.0,
                "margin": {
                    "width": 0.0,
                    "height": 0.0,
                    "length": 0.0
                },
                "cargo_id": "ekqzjymnkvoommjf6qs7mimedtitqetj",
                "stacking": true,
                "turnover": false,
                "stacking_limit": 0.0,
                "prepare_last_result": "success"
            },
            {
                "info": {
                    "color": "#e23d40",
                    "title": "4",
                    "article": "",
                    "group_id": "1vn4gr0jy4udwja0wcyec8m2fhciyzb8",
                    "group_title": "Группа 1"
                },
                "mass": 223.0,
                "size": {
                    "width": 484.0,
                    "height": 437.0,
                    "length": 565.0
                },
                "sort": 1,
                "type": "box",
                "count": 1.0,
                "margin": {
                    "width": 0.0,
                    "height": 0.0,
                    "length": 0.0
                },
                "cargo_id": "6s7453ztqrexd3zqcos6sedpf8n5bad9",
                "stacking": true,
                "turnover": false,
                "stacking_limit": 0.0,
                "prepare_last_result": "success"
            },
            {
                "info": {
                    "color": "#486eea",
                    "title": "3",
                    "article": "",
                    "group_id": "1vn4gr0jy4udwja0wcyec8m2fhciyzb8",
                    "group_title": "Группа 1"
                },
                "mass": 308.0,
                "size": {
                    "width": 548.0,
                    "height": 394.0,
                    "length": 885.0
                },
                "sort": 1,
                "type": "box",
                "count": 3.0,
                "margin": {
                    "width": 0.0,
                    "height": 0.0,
                    "length": 0.0
                },
                "cargo_id": "il8bjpjcc8p9jn8axni9foft6zffeate",
                "stacking": true,
                "turnover": false,
                "stacking_limit": 0.0,
                "prepare_last_result": "success"
            },
            {
                "info": {
                    "color": "#6bc431",
                    "title": "1",
                    "article": "",
                    "group_id": "1vn4gr0jy4udwja0wcyec8m2fhciyzb8",
                    "group_title": "Группа 1"
                },
                "mass": 1039.0,
                "size": {
                    "width": 368.0,
                    "height": 885.0,
                    "length": 1981.0
                },
                "sort": 1,
                "type": "box",
                "count": 35.0,
                "margin": {
                    "width": 0.0,
                    "height": 0.0,
                    "length": 0.0
                },
                "cargo_id": "myxpmhdtlvkbfoudi54bpppbwepeu4vg",
                "stacking": true,
                "turnover": false,
                "stacking_limit": 0.0,
                "prepare_last_result": "success"
            }
        ],
        "packing_type": "PackingBigBlocks",
        "calculation_id": 16668,
        "invalid_errors": [],
        "unpacked_errors": [
            {
                "key": 0,
                "name": "success",
                "boxes": [
                    {
                        "id": "ilene2plxvsowv1diova1icbocywvxoq",
                        "info": {
                            "color": "#c00eed",
                            "title": "21",
                            "article": "",
                            "group_id": "1vn4gr0jy4udwja0wcyec8m2fhciyzb8",
                            "group_title": "Группа 1"
                        }
                    },
                    {
                        "id": "y2mmow4joa6tvdu2wc1b3w1fmxzyodkm",
                        "info": {
                            "color": "#e04c93",
                            "title": "17",
                            "article": "",
                            "group_id": "1vn4gr0jy4udwja0wcyec8m2fhciyzb8",
                            "group_title": "Группа 1"
                        }
                    },
                    {
                        "id": "fqprbbycz2x1lcgtne9zeroht232jypn",
                        "info": {
                            "color": "#84687d",
                            "title": "16",
                            "article": "",
                            "group_id": "1vn4gr0jy4udwja0wcyec8m2fhciyzb8",
                            "group_title": "Группа 1"
                        }
                    },
                    {
                        "id": "maqheilg0mptobwtlywqsffdfu2osi1d",
                        "info": {
                            "color": "#3659c1",
                            "title": "18",
                            "article": "",
                            "group_id": "1vn4gr0jy4udwja0wcyec8m2fhciyzb8",
                            "group_title": "Группа 1"
                        }
                    },
                    {
                        "id": "r2dtvicp5pnxvxnsdccz8hishukvqruy",
                        "info": {
                            "color": "#bd3bed",
                            "title": "19",
                            "article": "",
                            "group_id": "1vn4gr0jy4udwja0wcyec8m2fhciyzb8",
                            "group_title": "Группа 1"
                        }
                    },
                    {
                        "id": "ukrskbqr52zkywlhyqqv412vdcuh0qzm",
                        "info": {
                            "color": "#f754c0",
                            "title": "20",
                            "article": "",
                            "group_id": "1vn4gr0jy4udwja0wcyec8m2fhciyzb8",
                            "group_title": "Группа 1"
                        }
                    },
                    {
                        "id": "ik8esmqb849vs3fxai1wwsyq74txpufe",
                        "info": {
                            "color": "#9c5b90",
                            "title": "15",
                            "article": "",
                            "group_id": "1vn4gr0jy4udwja0wcyec8m2fhciyzb8",
                            "group_title": "Группа 1"
                        }
                    },
                    {
                        "id": "hy4clhyhbrgo5dlxymd5ihwj2xeeyb6b",
                        "info": {
                            "color": "#dd27bc",
                            "title": "14",
                            "article": "",
                            "group_id": "1vn4gr0jy4udwja0wcyec8m2fhciyzb8",
                            "group_title": "Группа 1"
                        }
                    },
                    {
                        "id": "kvhx1cfjdn5lebpugc2vxfaz4i0ej9ed",
                        "info": {
                            "color": "#90bf03",
                            "title": "13",
                            "article": "",
                            "group_id": "1vn4gr0jy4udwja0wcyec8m2fhciyzb8",
                            "group_title": "Группа 1"
                        }
                    },
                    {
                        "id": "04ehig6lnpjqvcsnz4sjuuhddvzvryw7",
                        "info": {
                            "color": "#0b4770",
                            "title": "12",
                            "article": "",
                            "group_id": "1vn4gr0jy4udwja0wcyec8m2fhciyzb8",
                            "group_title": "Группа 1"
                        }
                    },
                    {
                        "id": "llmfucvetqihkiq9tt6uhj7ymk31i4rv",
                        "info": {
                            "color": "#db2b5d",
                            "title": "11",
                            "article": "",
                            "group_id": "1vn4gr0jy4udwja0wcyec8m2fhciyzb8",
                            "group_title": "Группа 1"
                        }
                    },
                    {
                        "id": "ulcuvqjpmv3eztuqa70ztrobxycr14ti",
                        "info": {
                            "color": "#71f43d",
                            "title": "10",
                            "article": "",
                            "group_id": "1vn4gr0jy4udwja0wcyec8m2fhciyzb8",
                            "group_title": "Группа 1"
                        }
                    },
                    {
                        "id": "2ypkbfvin20pnqvyzwdmqyjtsjnux6xf",
                        "info": {
                            "color": "#34c96b",
                            "title": "9",
                            "article": "",
                            "group_id": "1vn4gr0jy4udwja0wcyec8m2fhciyzb8",
                            "group_title": "Группа 1"
                        }
                    },
                    {
                        "id": "sijdc9bnkicga2haksjl536smgnlaf0j",
                        "info": {
                            "color": "#dbcc02",
                            "title": "8",
                            "article": "",
                            "group_id": "1vn4gr0jy4udwja0wcyec8m2fhciyzb8",
                            "group_title": "Группа 1"
                        }
                    },
                    {
                        "id": "nsxvjzkequ0ordhims4wdmon3ywmkvhf",
                        "info": {
                            "color": "#7945c1",
                            "title": "7",
                            "article": "",
                            "group_id": "1vn4gr0jy4udwja0wcyec8m2fhciyzb8",
                            "group_title": "Группа 1"
                        }
                    },
                    {
                        "id": "v0szo2rdku43asfts9ilbz1zrflzoyn0",
                        "info": {
                            "color": "#ce2bc0",
                            "title": "6",
                            "article": "",
                            "group_id": "1vn4gr0jy4udwja0wcyec8m2fhciyzb8",
                            "group_title": "Группа 1"
                        }
                    },
                    {
                        "id": "ekqzjymnkvoommjf6qs7mimedtitqetj",
                        "info": {
                            "color": "#8fe258",
                            "title": "5",
                            "article": "",
                            "group_id": "1vn4gr0jy4udwja0wcyec8m2fhciyzb8",
                            "group_title": "Группа 1"
                        }
                    },
                    {
                        "id": "6s7453ztqrexd3zqcos6sedpf8n5bad9",
                        "info": {
                            "color": "#e23d40",
                            "title": "4",
                            "article": "",
                            "group_id": "1vn4gr0jy4udwja0wcyec8m2fhciyzb8",
                            "group_title": "Группа 1"
                        }
                    },
                    {
                        "id": "il8bjpjcc8p9jn8axni9foft6zffeate",
                        "info": {
                            "color": "#486eea",
                            "title": "3",
                            "article": "",
                            "group_id": "1vn4gr0jy4udwja0wcyec8m2fhciyzb8",
                            "group_title": "Группа 1"
                        }
                    },
                    {
                        "id": "myxpmhdtlvkbfoudi54bpppbwepeu4vg",
                        "info": {
                            "color": "#6bc431",
                            "title": "1",
                            "article": "",
                            "group_id": "1vn4gr0jy4udwja0wcyec8m2fhciyzb8",
                            "group_title": "Группа 1"
                        }
                    }
                ]
            }
        ],
        "validate_errors": [],
        "is_packed_same_boxes": false
    }
}