{
    "data": {
        "cargoes": [
            {
                "info": {
                    "color": "#e54bd0",
                    "title": "Кофе Арабика 1 кг",
                    "article": "123",
                    "group_id": "1cf0cpebj8v6jrwjox80swktmpfslqd4",
                    "group_title": "Группа 1"
                },
                "mass": 6.0,
                "size": {
                    "width": 250,
                    "height": 220,
                    "length": 290
                },
                "sort": 1,
                "type": "box",
                "count": 50,
                "margin": {
                    "width": 0,
                    "height": 0,
                    "length": 0
                },
                "cargo_id": "lttybriazabjejnwyaf6aylqdipuoxgs",
                "stacking": true,
                "turnover": false,
                "margin_width": 0,
                "margin_length": 0,
                "stacking_limit": 0
            }
        ],
        "settings": {
            "rank": false,
            "max_step": 100,
            "min_step": 50,
            "usersort": false,
            "hardlimit": 1801,
            "timelimit": 1800,
            "step_scaling": 10
        },
        "put_boxes": [],
        "initial_id": 0,
        "cargo_space": {
            "id": 97,
            "info": {
                "uid": "97_0",
                "sort": 0,
                "title": "EURO",
                "margin": {
                    "width": 0,
                    "height": 0,
                    "length": 0
                }
            },
            "mass": 20,
            "size": {
                "width": 800,
                "height": 200,
                "length": 1200
            },
            "type": "pallet",
            "axles": [],
            "title": "EURO",
            "margin": {
                "width": 0,
                "height": 0,
                "length": 0
            },
            "indentation": {
                "width": 0,
                "height": 0,
                "length": 0,
                "height_top": 0,
                "length_end": 0,
                "width_right": 0
            },
            "loading_size": {
                "width": 800,
                "height": 2000,
                "length": 1200
            },
            "carrying_capacity": 1000
        },
        "calculation_id": "16380"
    },
    "data_result": {
        "boxes": [
            {
                "id": 6,
                "info": {
                    "color": "#e54bd0",
                    "title": "Кофе Арабика 1 кг",
                    "article": "123",
                    "group_id": "1cf0cpebj8v6jrwjox80swktmpfslqd4",
                    "group_title": "Группа 1"
                },
                "mass": 6.0,
                "size": {
                    "width": 250.0,
                    "height": 220.0,
                    "length": 290.0
                },
                "sort": 1,
                "step": 1,
                "type": "box",
                "margin": {
                    "width": 0.0,
                    "height": 0.0,
                    "length": 0.0
                },
                "cargo_id": "lttybriazabjejnwyaf6aylqdipuoxgs",
                "position": {
                    "x": 0.0,
                    "y": 0.0,
                    "z": 500.0
                },
                "stacking": true,
                "turnover": false,
                "rotation_state": 1,
                "stacking_limit": 0.0,
                "calculated_size": {
                    "width": 290.0,
                    "height": 220.0,
                    "length": 250.0
                },
                "virtual_positions": null
            },
            {
                "id": 1,
                "info": {
                    "color": "#e54bd0",
                    "title": "Кофе Арабика 1 кг",
                    "article": "123",
                    "group_id": "1cf0cpebj8v6jrwjox80swktmpfslqd4",
                    "group_title": "Группа 1"
                },
                "mass": 6.0,
                "size": {
                    "width": 250.0,
                    "height": 220.0,
                    "length": 290.0
                },
                "sort": 1,
                "step": 2,
                "type": "box",
                "margin": {
                    "width": 0.0,
                    "height": 0.0,
                    "length": 0.0
                },
                "cargo_id": "lttybriazabjejnwyaf6aylqdipuoxgs",
                "position": {
                    "x": 0.0,
                    "y": 0.0,
                    "z": 250.0
                },
                "stacking": true,
                "turnover": false,
                "rotation_state": 0,
                "stacking_limit": 0.0,
                "calculated_size": {
                    "width": 250.0,
                    "height": 220.0,
                    "length": 290.0
                },
                "virtual_positions": null
            },
            {
                "id": 0,
                "info": {
                    "color": "#e54bd0",
                    "title": "Кофе Арабика 1 кг",
                    "article": "123",
                    "group_id": "1cf0cpebj8v6jrwjox80swktmpfslqd4",
                    "group_title": "Группа 1"
                },
                "mass": 6.0,
                "size": {
                    "width": 250.0,
                    "height": 220.0,
                    "length": 290.0
                },
                "sort": 1,
                "step": 3,
                "type": "box",
                "margin": {
                    "width": 0.0,
                    "height": 0.0,
                    "length": 0.0
                },
                "cargo_id": "lttybriazabjejnwyaf6aylqdipuoxgs",
                "position": {
                    "x": 0.0,
                    "y": 0.0,
                    "z": 0.0
                },
                "stacking": true,
                "turnover": false,
                "rotation_state": 0,
                "stacking_limit": 0.0,
                "calculated_size": {
                    "width": 250.0,
                    "height": 220.0,
                    "length": 290.0
                },
                "virtual_positions": null
            },
            {
                "id": 7,
                "info": {
                    "color": "#e54bd0",
                    "title": "Кофе Арабика 1 кг",
                    "article": "123",
                    "group_id": "1cf0cpebj8v6jrwjox80swktmpfslqd4",
                    "group_title": "Группа 1"
                },
                "mass": 6.0,
                "size": {
                    "width": 250.0,
                    "height": 220.0,
                    "length": 290.0
                },
                "sort": 1,
                "step": 4,
                "type": "box",
                "margin": {
                    "width": 0.0,
                    "height": 0.0,
                    "length": 0.0
                },
                "cargo_id": "lttybriazabjejnwyaf6aylqdipuoxgs",
                "position": {
                    "x": 290.0,
                    "y": 0.0,
                    "z": 500.0
                },
                "stacking": true,
                "turnover": false,
                "rotation_state": 1,
                "stacking_limit": 0.0,
                "calculated_size": {
                    "width": 290.0,
                    "height": 220.0,
                    "length": 250.0
                },
                "virtual_positions": null
            },
            {
                "id": 3,
                "info": {
                    "color": "#e54bd0",
                    "title": "Кофе Арабика 1 кг",
                    "article": "123",
                    "group_id": "1cf0cpebj8v6jrwjox80swktmpfslqd4",
                    "group_title": "Группа 1"
                },
                "mass": 6.0,
                "size": {
                    "width": 250.0,
                    "height": 220.0,
                    "length": 290.0
                },
                "sort": 1,
                "step": 5,
                "type": "box",
                "margin": {
                    "width": 0.0,
                    "height": 0.0,
                    "length": 0.0
                },
                "cargo_id": "lttybriazabjejnwyaf6aylqdipuoxgs",
                "position": {
                    "x": 290.0,
                    "y": 0.0,
                    "z": 250.0
                },
                "stacking": true,
                "turnover": false,
                "rotation_state": 0,
                "stacking_limit": 0.0,
                "calculated_size": {
                    "width": 250.0,
                    "height": 220.0,
                    "length": 290.0
                },
                "virtual_positions": null
            },
            {
                "id": 2,
                "info": {
                    "color": "#e54bd0",
                    "title": "Кофе Арабика 1 кг",
                    "article": "123",
                    "group_id": "1cf0cpebj8v6jrwjox80swktmpfslqd4",
                    "group_title": "Группа 1"
                },
                "mass": 6.0,
                "size": {
                    "width": 250.0,
                    "height": 220.0,
                    "length": 290.0
                },
                "sort": 1,
                "step": 6,
                "type": "box",
                "margin": {
                    "width": 0.0,
                    "height": 0.0,
                    "length": 0.0
                },
                "cargo_id": "lttybriazabjejnwyaf6aylqdipuoxgs",
                "position": {
                    "x": 290.0,
                    "y": 0.0,
                    "z": 0.0
                },
                "stacking": true,
                "turnover": false,
                "rotation_state": 0,
                "stacking_limit": 0.0,
                "calculated_size": {
                    "width": 250.0,
                    "height": 220.0,
                    "length": 290.0
                },
                "virtual_positions": null
            },
            {
                "id": 9,
                "info": {
                    "color": "#e54bd0",
                    "title": "Кофе Арабика 1 кг",
                    "article": "123",
                    "group_id": "1cf0cpebj8v6jrwjox80swktmpfslqd4",
                    "group_title": "Группа 1"
                },
                "mass": 6.0,
                "size": {
                    "width": 250.0,
                    "height": 220.0,
                    "length": 290.0
                },
                "sort": 1,
                "step": 7,
                "type": "box",
                "margin": {
                    "width": 0.0,
                    "height": 0.0,
                    "length": 0.0
                },
                "cargo_id": "lttybriazabjejnwyaf6aylqdipuoxgs",
                "position": {
                    "x": 580.0,
                    "y": 0.0,
                    "z": 540.0
                },
                "stacking": true,
                "turnover": false,
                "rotation_state": 0,
                "stacking_limit": 0.0,
                "calculated_size": {
                    "width": 250.0,
                    "height": 220.0,
                    "length": 290.0
                },
                "virtual_positions": null
            },
            {
                "id": 8,
                "info": {
                    "color": "#e54bd0",
                    "title": "Кофе Арабика 1 кг",
                    "article": "123",
                    "group_id": "1cf0cpebj8v6jrwjox80swktmpfslqd4",
                    "group_title": "Группа 1"
                },
                "mass": 6.0,
                "size": {
                    "width": 250.0,
                    "height": 220.0,
                    "length": 290.0
                },
                "sort": 1,
                "step": 8,
                "type": "box",
                "margin": {
                    "width": 0.0,
                    "height": 0.0,
                    "length": 0.0
                },
                "cargo_id": "lttybriazabjejnwyaf6aylqdipuoxgs",
                "position": {
                    "x": 580.0,
                    "y": 0.0,
                    "z": 290.0
                },
                "stacking": true,
                "turnover": false,
                "rotation_state": 0,
                "stacking_limit": 0.0,
                "calculated_size": {
                    "width": 250.0,
                    "height": 220.0,
                    "length": 290.0
                },
                "virtual_positions": null
            },
            {
                "id": 4,
                "info": {
                    "color": "#e54bd0",
                    "title": "Кофе Арабика 1 кг",
                    "article": "123",
                    "group_id": "1cf0cpebj8v6jrwjox80swktmpfslqd4",
                    "group_title": "Группа 1"
                },
                "mass": 6.0,
                "size": {
                    "width": 250.0,
                    "height": 220.0,
                    "length": 290.0
                },
                "sort": 1,
                "step": 9,
                "type": "box",
                "margin": {
                    "width": 0.0,
                    "height": 0.0,
                    "length": 0.0
                },
                "cargo_id": "lttybriazabjejnwyaf6aylqdipuoxgs",
                "position": {
                    "x": 620.0,
                    "y": 0.0,
                    "z": 0.0
                },
                "stacking": true,
                "turnover": false,
                "rotation_state": 1,
                "stacking_limit": 0.0,
                "calculated_size": {
                    "width": 290.0,
                    "height": 220.0,
                    "length": 250.0
                },
                "virtual_positions": null
            },
            {
                "id": 11,
                "info": {
                    "color": "#e54bd0",
                    "title": "Кофе Арабика 1 кг",
                    "article": "123",
                    "group_id": "1cf0cpebj8v6jrwjox80swktmpfslqd4",
                    "group_title": "Группа 1"
                },
                "mass": 6.0,
                "size": {
                    "width": 250.0,
                    "height": 220.0,
                    "length": 290.0
                },
                "sort": 1,
                "step": 10,
                "type": "box",
                "margin": {
                    "width": 0.0,
                    "height": 0.0,
                    "length": 0.0
                },
                "cargo_id": "lttybriazabjejnwyaf6aylqdipuoxgs",
                "position": {
                    "x": 870.0,
                    "y": 0.0,
                    "z": 540.0
                },
                "stacking": true,
                "turnover": false,
                "rotation_state": 0,
                "stacking_limit": 0.0,
                "calculated_size": {
                    "width": 250.0,
                    "height": 220.0,
                    "length": 290.0
                },
                "virtual_positions": null
            },
            {
                "id": 10,
                "info": {
                    "color": "#e54bd0",
                    "title": "Кофе Арабика 1 кг",
                    "article": "123",
                    "group_id": "1cf0cpebj8v6jrwjox80swktmpfslqd4",
                    "group_title": "Группа 1"
                },
                "mass": 6.0,
                "size": {
                    "width": 250.0,
                    "height": 220.0,
                    "length": 290.0
                },
                "sort": 1,
                "step": 11,
                "type": "box",
                "margin": {
                    "width": 0.0,
                    "height": 0.0,
                    "length": 0.0
                },
                "cargo_id": "lttybriazabjejnwyaf6aylqdipuoxgs",
                "position": {
                    "x": 870.0,
                    "y": 0.0,
                    "z": 290.0
                },
                "stacking": true,
                "turnover": false,
                "rotation_state": 0,
                "stacking_limit": 0.0,
                "calculated_size": {
                    "width": 250.0,
                    "height": 220.0,
                    "length": 290.0
                },
                "virtual_positions": null
            },
            {
                "id": 5,
                "info": {
                    "color": "#e54bd0",
                    "title": "Кофе Арабика 1 кг",
                    "article": "123",
                    "group_id": "1cf0cpebj8v6jrwjox80swktmpfslqd4",
                    "group_title": "Группа 1"
                },
                "mass": 6.0,
                "size": {
                    "width": 250.0,
                    "height": 220.0,
                    "length": 290.0
                },
                "sort": 1,
                "step": 12,
                "type": "box",
                "margin": {
                    "width": 0.0,
                    "height": 0.0,
                    "length": 0.0
                },
                "cargo_id": "lttybriazabjejnwyaf6aylqdipuoxgs",
                "position": {
                    "x": 910.0,
                    "y": 0.0,
                    "z": 0.0
                },
                "stacking": true,
                "turnover": false,
                "rotation_state": 1,
                "stacking_limit": 0.0,
                "calculated_size": {
                    "width": 290.0,
                    "height": 220.0,
                    "length": 250.0
                },
                "virtual_positions": null
            },
            {
                "id": 23,
                "info": {
                    "color": "#e54bd0",
                    "title": "Кофе Арабика 1 кг",
                    "article": "123",
                    "group_id": "1cf0cpebj8v6jrwjox80swktmpfslqd4",
                    "group_title": "Группа 1"
                },
                "mass": 6.0,
                "size": {
                    "width": 250.0,
                    "height": 220.0,
                    "length": 290.0
                },
                "sort": 1,
                "step": 13,
                "type": "box",
                "margin": {
                    "width": 0.0,
                    "height": 0.0,
                    "length": 0.0
                },
                "cargo_id": "lttybriazabjejnwyaf6aylqdipuoxgs",
                "position": {
                    "x": 0.0,
                    "y": 220.0,
                    "z": 540.0
                },
                "stacking": true,
                "turnover": false,
                "rotation_state": 0,
                "stacking_limit": 0.0,
                "calculated_size": {
                    "width": 250.0,
                    "height": 220.0,
                    "length": 290.0
                },
                "virtual_positions": null
            },
            {
                "id": 22,
                "info": {
                    "color": "#e54bd0",
                    "title": "Кофе Арабика 1 кг",
                    "article": "123",
                    "group_id": "1cf0cpebj8v6jrwjox80swktmpfslqd4",
                    "group_title": "Группа 1"
                },
                "mass": 6.0,
                "size": {
                    "width": 250.0,
                    "height": 220.0,
                    "length": 290.0
                },
                "sort": 1,
                "step": 14,
                "type": "box",
                "margin": {
                    "width": 0.0,
                    "height": 0.0,
                    "length": 0.0
                },
                "cargo_id": "lttybriazabjejnwyaf6aylqdipuoxgs",
                "position": {
                    "x": 0.0,
                    "y": 220.0,
                    "z": 290.0
                },
                "stacking": true,
                "turnover": false,
                "rotation_state": 0,
                "stacking_limit": 0.0,
                "calculated_size": {
                    "width": 250.0,
                    "height": 220.0,
                    "length": 290.0
                },
                "virtual_positions": null
            },
            {
                "id": 17,
                "info": {
                    "color": "#e54bd0",
                    "title": "Кофе Арабика 1 кг",
                    "article": "123",
                    "group_id": "1cf0cpebj8v6jrwjox80swktmpfslqd4",
                    "group_title": "Группа 1"
                },
                "mass": 6.0,
                "size": {
                    "width": 250.0,
                    "height": 220.0,
                    "length": 290.0
                },
                "sort": 1,
                "step": 15,
                "type": "box",
                "margin": {
                    "width": 0.0,
                    "height": 0.0,
                    "length": 0.0
                },
                "cargo_id": "lttybriazabjejnwyaf6aylqdipuoxgs",
                "position": {
                    "x": 0.0,
                    "y": 220.0,
                    "z": 0.0
                },
                "stacking": true,
                "turnover": false,
                "rotation_state": 1,
                "stacking_limit": 0.0,
                "calculated_size": {
                    "width": 290.0,
                    "height": 220.0,
                    "length": 250.0
                },
                "virtual_positions": null
            },
            {
                "id": 21,
                "info": {
                    "color": "#e54bd0",
                    "title": "Кофе Арабика 1 кг",
                    "article": "123",
                    "group_id": "1cf0cpebj8v6jrwjox80swktmpfslqd4",
                    "group_title": "Группа 1"
                },
                "mass": 6.0,
                "size": {
                    "width": 250.0,
                    "height": 220.0,
                    "length": 290.0
                },
                "sort": 1,
                "step": 16,
                "type": "box",
                "margin": {
                    "width": 0.0,
                    "height": 0.0,
                    "length": 0.0
                },
                "cargo_id": "lttybriazabjejnwyaf6aylqdipuoxgs",
                "position": {
                    "x": 290.0,
                    "y": 220.0,
                    "z": 540.0
                },
                "stacking": true,
                "turnover": false,
                "rotation_state": 0,
                "stacking_limit": 0.0,
                "calculated_size": {
                    "width": 250.0,
                    "height": 220.0,
                    "length": 290.0
                },
                "virtual_positions": null
            },
            {
                "id": 20,
                "info": {
                    "color": "#e54bd0",
                    "title": "Кофе Арабика 1 кг",
                    "article": "123",
                    "group_id": "1cf0cpebj8v6jrwjox80swktmpfslqd4",
                    "group_title": "Группа 1"
                },
                "mass": 6.0,
                "size": {
                    "width": 250.0,
                    "height": 220.0,
                    "length": 290.0
                },
                "sort": 1,
                "step": 17,
                "type": "box",
                "margin": {
                    "width": 0.0,
                    "height": 0.0,
                    "length": 0.0
                },
                "cargo_id": "lttybriazabjejnwyaf6aylqdipuoxgs",
                "position": {
                    "x": 290.0,
                    "y": 220.0,
                    "z": 290.0
                },
                "stacking": true,
                "turnover": false,
                "rotation_state": 0,
                "stacking_limit": 0.0,
                "calculated_size": {
                    "width": 250.0,
                    "height": 220.0,
                    "length": 290.0
                },
                "virtual_positions": null
            },
            {
                "id": 16,
                "info": {
                    "color": "#e54bd0",
                    "title": "Кофе Арабика 1 кг",
                    "article": "123",
                    "group_id": "1cf0cpebj8v6jrwjox80swktmpfslqd4",
                    "group_title": "Группа 1"
                },
                "mass": 6.0,
                "size": {
                    "width": 250.0,
                    "height": 220.0,
                    "length": 290.0
                },
                "sort": 1,
                "step": 18,
                "type": "box",
                "margin": {
                    "width": 0.0,
                    "height": 0.0,
                    "length": 0.0
                },
                "cargo_id": "lttybriazabjejnwyaf6aylqdipuoxgs",
                "position": {
                    "x": 290.0,
                    "y": 220.0,
                    "z": 0.0
                },
                "stacking": true,
                "turnover": false,
                "rotation_state": 1,
                "stacking_limit": 0.0,
                "calculated_size": {
                    "width": 290.0,
                    "height": 220.0,
                    "length": 250.0
                },
                "virtual_positions": null
            },
            {
                "id": 15,
                "info": {
                    "color": "#e54bd0",
                    "title": "Кофе Арабика 1 кг",
                    "article": "123",
                    "group_id": "1cf0cpebj8v6jrwjox80swktmpfslqd4",
                    "group_title": "Группа 1"
                },
                "mass": 6.0,
                "size": {
                    "width": 250.0,
                    "height": 220.0,
                    "length": 290.0
                },
                "sort": 1,
                "step": 19,
                "type": "box",
                "margin": {
                    "width": 0.0,
                    "height": 0.0,
                    "length": 0.0
                },
                "cargo_id": "lttybriazabjejnwyaf6aylqdipuoxgs",
                "position": {
                    "x": 580.0,
                    "y": 220.0,
                    "z": 250.0
                },
                "stacking": true,
                "turnover": false,
                "rotation_state": 0,
                "stacking_limit": 0.0,
                "calculated_size": {
                    "width": 250.0,
                    "height": 220.0,
                    "length": 290.0
                },
                "virtual_positions": null
            },
            {
                "id": 14,
                "info": {
                    "color": "#e54bd0",
                    "title": "Кофе Арабика 1 кг",
                    "article": "123",
                    "group_id": "1cf0cpebj8v6jrwjox80swktmpfslqd4",
                    "group_title": "Группа 1"
                },
                "mass": 6.0,
                "size": {
                    "width": 250.0,
                    "height": 220.0,
                    "length": 290.0
                },
                "sort": 1,
                "step": 20,
                "type": "box",
                "margin": {
                    "width": 0.0,
                    "height": 0.0,
                    "length": 0.0
                },
                "cargo_id": "lttybriazabjejnwyaf6aylqdipuoxgs",
                "position": {
                    "x": 580.0,
                    "y": 220.0,
                    "z": 0.0
                },
                "stacking": true,
                "turnover": false,
                "rotation_state": 0,
                "stacking_limit": 0.0,
                "calculated_size": {
                    "width": 250.0,
                    "height": 220.0,
                    "length": 290.0
                },
                "virtual_positions": null
            },
            {
                "id": 19,
                "info": {
                    "color": "#e54bd0",
                    "title": "Кофе Арабика 1 кг",
                    "article": "123",
                    "group_id": "1cf0cpebj8v6jrwjox80swktmpfslqd4",
                    "group_title": "Группа 1"
                },
                "mass": 6.0,
                "size": {
                    "width": 250.0,
                    "height": 220.0,
                    "length": 290.0
                },
                "sort": 1,
                "step": 21,
                "type": "box",
                "margin": {
                    "width": 0.0,
                    "height": 0.0,
                    "length": 0.0
                },
                "cargo_id": "lttybriazabjejnwyaf6aylqdipuoxgs",
                "position": {
                    "x": 620.0,
                    "y": 220.0,
                    "z": 500.0
                },
                "stacking": true,
                "turnover": false,
                "rotation_state": 1,
                "stacking_limit": 0.0,
                "calculated_size": {
                    "width": 290.0,
                    "height": 220.0,
                    "length": 250.0
                },
                "virtual_positions": null
            },
            {
                "id": 13,
                "info": {
                    "color": "#e54bd0",
                    "title": "Кофе Арабика 1 кг",
                    "article": "123",
                    "group_id": "1cf0cpebj8v6jrwjox80swktmpfslqd4",
                    "group_title": "Группа 1"
                },
                "mass": 6.0,
                "size": {
                    "width": 250.0,
                    "height": 220.0,
                    "length": 290.0
                },
                "sort": 1,
                "step": 22,
                "type": "box",
                "margin": {
                    "width": 0.0,
                    "height": 0.0,
                    "length": 0.0
                },
                "cargo_id": "lttybriazabjejnwyaf6aylqdipuoxgs",
                "position": {
                    "x": 870.0,
                    "y": 220.0,
                    "z": 250.0
                },
                "stacking": true,
                "turnover": false,
                "rotation_state": 0,
                "stacking_limit": 0.0,
                "calculated_size": {
                    "width": 250.0,
                    "height": 220.0,
                    "length": 290.0
                },
                "virtual_positions": null
            },
            {
                "id": 12,
                "info": {
                    "color": "#e54bd0",
                    "title": "Кофе Арабика 1 кг",
                    "article": "123",
                    "group_id": "1cf0cpebj8v6jrwjox80swktmpfslqd4",
                    "group_title": "Группа 1"
                },
                "mass": 6.0,
                "size": {
                    "width": 250.0,
                    "height": 220.0,
                    "length": 290.0
                },
                "sort": 1,
                "step": 23,
                "type": "box",
                "margin": {
                    "width": 0.0,
                    "height": 0.0,
                    "length": 0.0
                },
                "cargo_id": "lttybriazabjejnwyaf6aylqdipuoxgs",
                "position": {
                    "x": 870.0,
                    "y": 220.0,
                    "z": 0.0
                },
                "stacking": true,
                "turnover": false,
                "rotation_state": 0,
                "stacking_limit": 0.0,
                "calculated_size": {
                    "width": 250.0,
                    "height": 220.0,
                    "length": 290.0
                },
                "virtual_positions": null
            },
            {
                "id": 18,
                "info": {
                    "color": "#e54bd0",
                    "title": "Кофе Арабика 1 кг",
                    "article": "123",
                    "group_id": "1cf0cpebj8v6jrwjox80swktmpfslqd4",
                    "group_title": "Группа 1"
                },
                "mass": 6.0,
                "size": {
                    "width": 250.0,
                    "height": 220.0,
                    "length": 290.0
                },
                "sort": 1,
                "step": 24,
                "type": "box",
                "margin": {
                    "width": 0.0,
                    "height": 0.0,
                    "length": 0.0
                },
                "cargo_id": "lttybriazabjejnwyaf6aylqdipuoxgs",
                "position": {
                    "x": 910.0,
                    "y": 220.0,
                    "z": 500.0
                },
                "stacking": true,
                "turnover": false,
                "rotation_state": 1,
                "stacking_limit": 0.0,
                "calculated_size": {
                    "width": 290.0,
                    "height": 220.0,
                    "length": 250.0
                },
                "virtual_positions": null
            },
            {
                "id": 30,
                "info": {
                    "color": "#e54bd0",
                    "title": "Кофе Арабика 1 кг",
                    "article": "123",
                    "group_id": "1cf0cpebj8v6jrwjox80swktmpfslqd4",
                    "group_title": "Группа 1"
                },
                "mass": 6.0,
                "size": {
                    "width": 250.0,
                    "height": 220.0,
                    "length": 290.0
                },
                "sort": 1,
                "step": 25,
                "type": "box",
                "margin": {
                    "width": 0.0,
                    "height": 0.0,
                    "length": 0.0
                },
                "cargo_id": "lttybriazabjejnwyaf6aylqdipuoxgs",
                "position": {
                    "x": 0.0,
                    "y": 440.0,
                    "z": 500.0
                },
                "stacking": true,
                "turnover": false,
                "rotation_state": 1,
                "stacking_limit": 0.0,
                "calculated_size": {
                    "width": 290.0,
                    "height": 220.0,
                    "length": 250.0
                },
                "virtual_positions": null
            },
            {
                "id": 25,
                "info": {
                    "color": "#e54bd0",
                    "title": "Кофе Арабика 1 кг",
                    "article": "123",
                    "group_id": "1cf0cpebj8v6jrwjox80swktmpfslqd4",
                    "group_title": "Группа 1"
                },
                "mass": 6.0,
                "size": {
                    "width": 250.0,
                    "height": 220.0,
                    "length": 290.0
                },
                "sort": 1,
                "step": 26,
                "type": "box",
                "margin": {
                    "width": 0.0,
                    "height": 0.0,
                    "length": 0.0
                },
                "cargo_id": "lttybriazabjejnwyaf6aylqdipuoxgs",
                "position": {
                    "x": 0.0,
                    "y": 440.0,
                    "z": 250.0
                },
                "stacking": true,
                "turnover": false,
                "rotation_state": 0,
                "stacking_limit": 0.0,
                "calculated_size": {
                    "width": 250.0,
                    "height": 220.0,
                    "length": 290.0
                },
                "virtual_positions": null
            },
            {
                "id": 24,
                "info": {
                    "color": "#e54bd0",
                    "title": "Кофе Арабика 1 кг",
                    "article": "123",
                    "group_id": "1cf0cpebj8v6jrwjox80swktmpfslqd4",
                    "group_title": "Группа 1"
                },
                "mass": 6.0,
                "size": {
                    "width": 250.0,
                    "height": 220.0,
                    "length": 290.0
                },
                "sort": 1,
                "step": 27,
                "type": "box",
                "margin": {
                    "width": 0.0,
                    "height": 0.0,
                    "length": 0.0
                },
                "cargo_id": "lttybriazabjejnwyaf6aylqdipuoxgs",
                "position": {
                    "x": 0.0,
                    "y": 440.0,
                    "z": 0.0
                },
                "stacking": true,
                "turnover": false,
                "rotation_state": 0,
                "stacking_limit": 0.0,
                "calculated_size": {
                    "width": 250.0,
                    "height": 220.0,
                    "length": 290.0
                },
                "virtual_positions": null
            },
            {
                "id": 31,
                "info": {
                    "color": "#e54bd0",
                    "title": "Кофе Арабика 1 кг",
                    "article": "123",
                    "group_id": "1cf0cpebj8v6jrwjox80swktmpfslqd4",
                    "group_title": "Группа 1"
                },
                "mass": 6.0,
                "size": {
                    "width": 250.0,
                    "height": 220.0,
                    "length": 290.0
                },
                "sort": 1,
                "step": 28,
                "type": "box",
                "margin": {
                    "width": 0.0,
                    "height": 0.0,
                    "length": 0.0
                },
                "cargo_id": "lttybriazabjejnwyaf6aylqdipuoxgs",
                "position": {
                    "x": 290.0,
                    "y": 440.0,
                    "z": 500.0
                },
                "stacking": true,
                "turnover": false,
                "rotation_state": 1,
                "stacking_limit": 0.0,
                "calculated_size": {
                    "width": 290.0,
                    "height": 220.0,
                    "length": 250.0
                },
                "virtual_positions": null
            },
            {
                "id": 27,
                "info": {
                    "color": "#e54bd0",
                    "title": "Кофе Арабика 1 кг",
                    "article": "123",
                    "group_id": "1cf0cpebj8v6jrwjox80swktmpfslqd4",
                    "group_title": "Группа 1"
                },
                "mass": 6.0,
                "size": {
                    "width": 250.0,
                    "height": 220.0,
                    "length": 290.0
                },
                "sort": 1,
                "step": 29,
                "type": "box",
                "margin": {
                    "width": 0.0,
                    "height": 0.0,
                    "length": 0.0
                },
                "cargo_id": "lttybriazabjejnwyaf6aylqdipuoxgs",
                "position": {
                    "x": 290.0,
                    "y": 440.0,
                    "z": 250.0
                },
                "stacking": true,
                "turnover": false,
                "rotation_state": 0,
                "stacking_limit": 0.0,
                "calculated_size": {
                    "width": 250.0,
                    "height": 220.0,
                    "length": 290.0
                },
                "virtual_positions": null
            },
            {
                "id": 26,
                "info": {
                    "color": "#e54bd0",
                    "title": "Кофе Арабика 1 кг",
                    "article": "123",
                    "group_id": "1cf0cpebj8v6jrwjox80swktmpfslqd4",
                    "group_title": "Группа 1"
                },
                "mass": 6.0,
                "size": {
                    "width": 250.0,
                    "height": 220.0,
                    "length": 290.0
                },
                "sort": 1,
                "step": 30,
                "type": "box",
                "margin": {
                    "width": 0.0,
                    "height": 0.0,
                    "length": 0.0
                },
                "cargo_id": "lttybriazabjejnwyaf6aylqdipuoxgs",
                "position": {
                    "x": 290.0,
                    "y": 440.0,
                    "z": 0.0
                },
                "stacking": true,
                "turnover": false,
                "rotation_state": 0,
                "stacking_limit": 0.0,
                "calculated_size": {
                    "width": 250.0,
                    "height": 220.0,
                    "length": 290.0
                },
                "virtual_positions": null
            },
            {
                "id": 33,
                "info": {
                    "color": "#e54bd0",
                    "title": "Кофе Арабика 1 кг",
                    "article": "123",
                    "group_id": "1cf0cpebj8v6jrwjox80swktmpfslqd4",
                    "group_title": "Группа 1"
                },
                "mass": 6.0,
                "size": {
                    "width": 250.0,
                    "height": 220.0,
                    "length": 290.0
                },
                "sort": 1,
                "step": 31,
                "type": "box",
                "margin": {
                    "width": 0.0,
                    "height": 0.0,
                    "length": 0.0
                },
                "cargo_id": "lttybriazabjejnwyaf6aylqdipuoxgs",
                "position": {
                    "x": 580.0,
                    "y": 440.0,
                    "z": 540.0
                },
                "stacking": true,
                "turnover": false,
                "rotation_state": 0,
                "stacking_limit": 0.0,
                "calculated_size": {
                    "width": 250.0,
                    "height": 220.0,
                    "length": 290.0
                },
                "virtual_positions": null
            },
            {
                "id": 32,
                "info": {
                    "color": "#e54bd0",
                    "title": "Кофе Арабика 1 кг",
                    "article": "123",
                    "group_id": "1cf0cpebj8v6jrwjox80swktmpfslqd4",
                    "group_title": "Группа 1"
                },
                "mass": 6.0,
                "size": {
                    "width": 250.0,
                    "height": 220.0,
                    "length": 290.0
                },
                "sort": 1,
                "step": 32,
                "type": "box",
                "margin": {
                    "width": 0.0,
                    "height": 0.0,
                    "length": 0.0
                },
                "cargo_id": "lttybriazabjejnwyaf6aylqdipuoxgs",
                "position": {
                    "x": 580.0,
                    "y": 440.0,
                    "z": 290.0
                },
                "stacking": true,
                "turnover": false,
                "rotation_state": 0,
                "stacking_limit": 0.0,
                "calculated_size": {
                    "width": 250.0,
                    "height": 220.0,
                    "length": 290.0
                },
                "virtual_positions": null
            },
            {
                "id": 28,
                "info": {
                    "color": "#e54bd0",
                    "title": "Кофе Арабика 1 кг",
                    "article": "123",
                    "group_id": "1cf0cpebj8v6jrwjox80swktmpfslqd4",
                    "group_title": "Группа 1"
                },
                "mass": 6.0,
                "size": {
                    "width": 250.0,
                    "height": 220.0,
                    "length": 290.0
                },
                "sort": 1,
                "step": 33,
                "type": "box",
                "margin": {
                    "width": 0.0,
                    "height": 0.0,
                    "length": 0.0
                },
                "cargo_id": "lttybriazabjejnwyaf6aylqdipuoxgs",
                "position": {
                    "x": 620.0,
                    "y": 440.0,
                    "z": 0.0
                },
                "stacking": true,
                "turnover": false,
                "rotation_state": 1,
                "stacking_limit": 0.0,
                "calculated_size": {
                    "width": 290.0,
                    "height": 220.0,
                    "length": 250.0
                },
                "virtual_positions": null
            },
            {
                "id": 35,
                "info": {
                    "color": "#e54bd0",
                    "title": "Кофе Арабика 1 кг",
                    "article": "123",
                    "group_id": "1cf0cpebj8v6jrwjox80swktmpfslqd4",
                    "group_title": "Группа 1"
                },
                "mass": 6.0,
                "size": {
                    "width": 250.0,
                    "height": 220.0,
                    "length": 290.0
                },
                "sort": 1,
                "step": 34,
                "type": "box",
                "margin": {
                    "width": 0.0,
                    "height": 0.0,
                    "length": 0.0
                },
                "cargo_id": "lttybriazabjejnwyaf6aylqdipuoxgs",
                "position": {
                    "x": 870.0,
                    "y": 440.0,
                    "z": 540.0
                },
                "stacking": true,
                "turnover": false,
                "rotation_state": 0,
                "stacking_limit": 0.0,
                "calculated_size": {
                    "width": 250.0,
                    "height": 220.0,
                    "length": 290.0
                },
                "virtual_positions": null
            },
            {
                "id": 34,
                "info": {
                    "color": "#e54bd0",
                    "title": "Кофе Арабика 1 кг",
                    "article": "123",
                    "group_id": "1cf0cpebj8v6jrwjox80swktmpfslqd4",
                    "group_title": "Группа 1"
                },
                "mass": 6.0,
                "size": {
                    "width": 250.0,
                    "height": 220.0,
                    "length": 290.0
                },
                "sort": 1,
                "step": 35,
                "type": "box",
                "margin": {
                    "width": 0.0,
                    "height": 0.0,
                    "length": 0.0
                },
                "cargo_id": "lttybriazabjejnwyaf6aylqdipuoxgs",
                "position": {
                    "x": 870.0,
                    "y": 440.0,
                    "z": 290.0
                },
                "stacking": true,
                "turnover": false,
                "rotation_state": 0,
                "stacking_limit": 0.0,
                "calculated_size": {
                    "width": 250.0,
                    "height": 220.0,
                    "length": 290.0
                },
                "virtual_positions": null
            },
            {
                "id": 29,
                "info": {
                    "color": "#e54bd0",
                    "title": "Кофе Арабика 1 кг",
                    "article": "123",
                    "group_id": "1cf0cpebj8v6jrwjox80swktmpfslqd4",
                    "group_title": "Группа 1"
                },
                "mass": 6.0,
                "size": {
                    "width": 250.0,
                    "height": 220.0,
                    "length": 290.0
                },
                "sort": 1,
                "step": 36,
                "type": "box",
                "margin": {
                    "width": 0.0,
                    "height": 0.0,
                    "length": 0.0
                },
                "cargo_id": "lttybriazabjejnwyaf6aylqdipuoxgs",
                "position": {
                    "x": 910.0,
                    "y": 440.0,
                    "z": 0.0
                },
                "stacking": true,
                "turnover": false,
                "rotation_state": 1,
                "stacking_limit": 0.0,
                "calculated_size": {
                    "width": 290.0,
                    "height": 220.0,
                    "length": 250.0
                },
                "virtual_positions": null
            },
            {
                "id": 47,
                "info": {
                    "color": "#e54bd0",
                    "title": "Кофе Арабика 1 кг",
                    "article": "123",
                    "group_id": "1cf0cpebj8v6jrwjox80swktmpfslqd4",
                    "group_title": "Группа 1"
                },
                "mass": 6.0,
                "size": {
                    "width": 250.0,
                    "height": 220.0,
                    "length": 290.0
                },
                "sort": 1,
                "step": 37,
                "type": "box",
                "margin": {
                    "width": 0.0,
                    "height": 0.0,
                    "length": 0.0
                },
                "cargo_id": "lttybriazabjejnwyaf6aylqdipuoxgs",
                "position": {
                    "x": 0.0,
                    "y": 660.0,
                    "z": 540.0
                },
                "stacking": true,
                "turnover": false,
                "rotation_state": 0,
                "stacking_limit": 0.0,
                "calculated_size": {
                    "width": 250.0,
                    "height": 220.0,
                    "length": 290.0
                },
                "virtual_positions": null
            },
            {
                "id": 46,
                "info": {
                    "color": "#e54bd0",
                    "title": "Кофе Арабика 1 кг",
                    "article": "123",
                    "group_id": "1cf0cpebj8v6jrwjox80swktmpfslqd4",
                    "group_title": "Группа 1"
                },
                "mass": 6.0,
                "size": {
                    "width": 250.0,
                    "height": 220.0,
                    "length": 290.0
                },
                "sort": 1,
                "step": 38,
                "type": "box",
                "margin": {
                    "width": 0.0,
                    "height": 0.0,
                    "length": 0.0
                },
                "cargo_id": "lttybriazabjejnwyaf6aylqdipuoxgs",
                "position": {
                    "x": 0.0,
                    "y": 660.0,
                    "z": 290.0
                },
                "stacking": true,
                "turnover": false,
                "rotation_state": 0,
                "stacking_limit": 0.0,
                "calculated_size": {
                    "width": 250.0,
                    "height": 220.0,
                    "length": 290.0
                },
                "virtual_positions": null
            },
            {
                "id": 41,
                "info": {
                    "color": "#e54bd0",
                    "title": "Кофе Арабика 1 кг",
                    "article": "123",
                    "group_id": "1cf0cpebj8v6jrwjox80swktmpfslqd4",
                    "group_title": "Группа 1"
                },
                "mass": 6.0,
                "size": {
                    "width": 250.0,
                    "height": 220.0,
                    "length": 290.0
                },
                "sort": 1,
                "step": 39,
                "type": "box",
                "margin": {
                    "width": 0.0,
                    "height": 0.0,
                    "length": 0.0
                },
                "cargo_id": "lttybriazabjejnwyaf6aylqdipuoxgs",
                "position": {
                    "x": 0.0,
                    "y": 660.0,
                    "z": 0.0
                },
                "stacking": true,
                "turnover": false,
                "rotation_state": 1,
                "stacking_limit": 0.0,
                "calculated_size": {
                    "width": 290.0,
                    "height": 220.0,
                    "length": 250.0
                },
                "virtual_positions": null
            },
            {
                "id": 45,
                "info": {
                    "color": "#e54bd0",
                    "title": "Кофе Арабика 1 кг",
                    "article": "123",
                    "group_id": "1cf0cpebj8v6jrwjox80swktmpfslqd4",
                    "group_title": "Группа 1"
                },
                "mass": 6.0,
                "size": {
                    "width": 250.0,
                    "height": 220.0,
                    "length": 290.0
                },
                "sort": 1,
                "step": 40,
                "type": "box",
                "margin": {
                    "width": 0.0,
                    "height": 0.0,
                    "length": 0.0
                },
                "cargo_id": "lttybriazabjejnwyaf6aylqdipuoxgs",
                "position": {
                    "x": 290.0,
                    "y": 660.0,
                    "z": 540.0
                },
                "stacking": true,
                "turnover": false,
                "rotation_state": 0,
                "stacking_limit": 0.0,
                "calculated_size": {
                    "width": 250.0,
                    "height": 220.0,
                    "length": 290.0
                },
                "virtual_positions": null
            },
            {
                "id": 44,
                "info": {
                    "color": "#e54bd0",
                    "title": "Кофе Арабика 1 кг",
                    "article": "123",
                    "group_id": "1cf0cpebj8v6jrwjox80swktmpfslqd4",
                    "group_title": "Группа 1"
                },
                "mass": 6.0,
                "size": {
                    "width": 250.0,
                    "height": 220.0,
                    "length": 290.0
                },
                "sort": 1,
                "step": 41,
                "type": "box",
                "margin": {
                    "width": 0.0,
                    "height": 0.0,
                    "length": 0.0
                },
                "cargo_id": "lttybriazabjejnwyaf6aylqdipuoxgs",
                "position": {
                    "x": 290.0,
                    "y": 660.0,
                    "z": 290.0
                },
                "stacking": true,
                "turnover": false,
                "rotation_state": 0,
                "stacking_limit": 0.0,
                "calculated_size": {
                    "width": 250.0,
                    "height": 220.0,
                    "length": 290.0
                },
                "virtual_positions": null
            },
            {
                "id": 40,
                "info": {
                    "color": "#e54bd0",
                    "title": "Кофе Арабика 1 кг",
                    "article": "123",
                    "group_id": "1cf0cpebj8v6jrwjox80swktmpfslqd4",
                    "group_title": "Группа 1"
                },
                "mass": 6.0,
                "size": {
                    "width": 250.0,
                    "height": 220.0,
                    "length": 290.0
                },
                "sort": 1,
                "step": 42,
                "type": "box",
                "margin": {
                    "width": 0.0,
                    "height": 0.0,
                    "length": 0.0
                },
                "cargo_id": "lttybriazabjejnwyaf6aylqdipuoxgs",
                "position": {
                    "x": 290.0,
                    "y": 660.0,
                    "z": 0.0
                },
                "stacking": true,
                "turnover": false,
                "rotation_state": 1,
                "stacking_limit": 0.0,
                "calculated_size": {
                    "width": 290.0,
                    "height": 220.0,
                    "length": 250.0
                },
                "virtual_positions": null
            },
            {
                "id": 39,
                "info": {
                    "color": "#e54bd0",
                    "title": "Кофе Арабика 1 кг",
                    "article": "123",
                    "group_id": "1cf0cpebj8v6jrwjox80swktmpfslqd4",
                    "group_title": "Группа 1"
                },
                "mass": 6.0,
                "size": {
                    "width": 250.0,
                    "height": 220.0,
                    "length": 290.0
                },
                "sort": 1,
                "step": 43,
                "type": "box",
                "margin": {
                    "width": 0.0,
                    "height": 0.0,
                    "length": 0.0
                },
                "cargo_id": "lttybriazabjejnwyaf6aylqdipuoxgs",
                "position": {
                    "x": 580.0,
                    "y": 660.0,
                    "z": 250.0
                },
                "stacking": true,
                "turnover": false,
                "rotation_state": 0,
                "stacking_limit": 0.0,
                "calculated_size": {
                    "width": 250.0,
                    "height": 220.0,
                    "length": 290.0
                },
                "virtual_positions": null
            },
            {
                "id": 38,
                "info": {
                    "color": "#e54bd0",
                    "title": "Кофе Арабика 1 кг",
                    "article": "123",
                    "group_id": "1cf0cpebj8v6jrwjox80swktmpfslqd4",
                    "group_title": "Группа 1"
                },
                "mass": 6.0,
                "size": {
                    "width": 250.0,
                    "height": 220.0,
                    "length": 290.0
                },
                "sort": 1,
                "step": 44,
                "type": "box",
                "margin": {
                    "width": 0.0,
                    "height": 0.0,
                    "length": 0.0
                },
                "cargo_id": "lttybriazabjejnwyaf6aylqdipuoxgs",
                "position": {
                    "x": 580.0,
                    "y": 660.0,
                    "z": 0.0
                },
                "stacking": true,
                "turnover": false,
                "rotation_state": 0,
                "stacking_limit": 0.0,
                "calculated_size": {
                    "width": 250.0,
                    "height": 220.0,
                    "length": 290.0
                },
                "virtual_positions": null
            },
            {
                "id": 43,
                "info": {
                    "color": "#e54bd0",
                    "title": "Кофе Арабика 1 кг",
                    "article": "123",
                    "group_id": "1cf0cpebj8v6jrwjox80swktmpfslqd4",
                    "group_title": "Группа 1"
                },
                "mass": 6.0,
                "size": {
                    "width": 250.0,
                    "height": 220.0,
                    "length": 290.0
                },
                "sort": 1,
                "step": 45,
                "type": "box",
                "margin": {
                    "width": 0.0,
                    "height": 0.0,
                    "length": 0.0
                },
                "cargo_id": "lttybriazabjejnwyaf6aylqdipuoxgs",
                "position": {
                    "x": 620.0,
                    "y": 660.0,
                    "z": 500.0
                },
                "stacking": true,
                "turnover": false,
                "rotation_state": 1,
                "stacking_limit": 0.0,
                "calculated_size": {
                    "width": 290.0,
                    "height": 220.0,
                    "length": 250.0
                },
                "virtual_positions": null
            },
            {
                "id": 37,
                "info": {
                    "color": "#e54bd0",
                    "title": "Кофе Арабика 1 кг",
                    "article": "123",
                    "group_id": "1cf0cpebj8v6jrwjox80swktmpfslqd4",
                    "group_title": "Группа 1"
                },
                "mass": 6.0,
                "size": {
                    "width": 250.0,
                    "height": 220.0,
                    "length": 290.0
                },
                "sort": 1,
                "step": 46,
                "type": "box",
                "margin": {
                    "width": 0.0,
                    "height": 0.0,
                    "length": 0.0
                },
                "cargo_id": "lttybriazabjejnwyaf6aylqdipuoxgs",
                "position": {
                    "x": 870.0,
                    "y": 660.0,
                    "z": 250.0
                },
                "stacking": true,
                "turnover": false,
                "rotation_state": 0,
                "stacking_limit": 0.0,
                "calculated_size": {
                    "width": 250.0,
                    "height": 220.0,
                    "length": 290.0
                },
                "virtual_positions": null
            },
            {
                "id": 36,
                "info": {
                    "color": "#e54bd0",
                    "title": "Кофе Арабика 1 кг",
                    "article": "123",
                    "group_id": "1cf0cpebj8v6jrwjox80swktmpfslqd4",
                    "group_title": "Группа 1"
                },
                "mass": 6.0,
                "size": {
                    "width": 250.0,
                    "height": 220.0,
                    "length": 290.0
                },
                "sort": 1,
                "step": 47,
                "type": "box",
                "margin": {
                    "width": 0.0,
                    "height": 0.0,
                    "length": 0.0
                },
                "cargo_id": "lttybriazabjejnwyaf6aylqdipuoxgs",
                "position": {
                    "x": 870.0,
                    "y": 660.0,
                    "z": 0.0
                },
                "stacking": true,
                "turnover": false,
                "rotation_state": 0,
                "stacking_limit": 0.0,
                "calculated_size": {
                    "width": 250.0,
                    "height": 220.0,
                    "length": 290.0
                },
                "virtual_positions": null
            },
            {
                "id": 42,
                "info": {
                    "color": "#e54bd0",
                    "title": "Кофе Арабика 1 кг",
                    "article": "123",
                    "group_id": "1cf0cpebj8v6jrwjox80swktmpfslqd4",
                    "group_title": "Группа 1"
                },
                "mass": 6.0,
                "size": {
                    "width": 250.0,
                    "height": 220.0,
                    "length": 290.0
                },
                "sort": 1,
                "step": 48,
                "type": "box",
                "margin": {
                    "width": 0.0,
                    "height": 0.0,
                    "length": 0.0
                },
                "cargo_id": "lttybriazabjejnwyaf6aylqdipuoxgs",
                "position": {
                    "x": 910.0,
                    "y": 660.0,
                    "z": 500.0
                },
                "stacking": true,
                "turnover": false,
                "rotation_state": 1,
                "stacking_limit": 0.0,
                "calculated_size": {
                    "width": 290.0,
                    "height": 220.0,
                    "length": 250.0
                },
                "virtual_positions": null
            },
            {
                "id": 49,
                "info": {
                    "color": "#e54bd0",
                    "title": "Кофе Арабика 1 кг",
                    "article": "123",
                    "group_id": "1cf0cpebj8v6jrwjox80swktmpfslqd4",
                    "group_title": "Группа 1"
                },
                "mass": 6.0,
                "size": {
                    "width": 250.0,
                    "height": 220.0,
                    "length": 290.0
                },
                "sort": 1,
                "step": 49,
                "type": "box",
                "margin": {
                    "width": 0.0,
                    "height": 0.0,
                    "length": 0.0
                },
                "cargo_id": "lttybriazabjejnwyaf6aylqdipuoxgs",
                "position": {
                    "x": 0.0,
                    "y": 880.0,
                    "z": 290.0
                },
                "stacking": true,
                "turnover": false,
                "rotation_state": 1,
                "stacking_limit": 0.0,
                "calculated_size": {
                    "width": 290.0,
                    "height": 220.0,
                    "length": 250.0
                },
                "virtual_positions": null
            },
            {
                "id": 48,
                "info": {
                    "color": "#e54bd0",
                    "title": "Кофе Арабика 1 кг",
                    "article": "123",
                    "group_id": "1cf0cpebj8v6jrwjox80swktmpfslqd4",
                    "group_title": "Группа 1"
                },
                "mass": 6.0,
                "size": {
                    "width": 250.0,
                    "height": 220.0,
                    "length": 290.0
                },
                "sort": 1,
                "step": 50,
                "type": "box",
                "margin": {
                    "width": 0.0,
                    "height": 0.0,
                    "length": 0.0
                },
                "cargo_id": "lttybriazabjejnwyaf6aylqdipuoxgs",
                "position": {
                    "x": 0.0,
                    "y": 880.0,
                    "z": 0.0
                },
                "stacking": true,
                "turnover": false,
                "rotation_state": 1,
                "stacking_limit": 0.0,
                "calculated_size": {
                    "width": 290.0,
                    "height": 220.0,
                    "length": 250.0
                },
                "virtual_positions": null
            }
        ],
        "version": 5,
        "cargo_space": {
            "id": 97,
            "info": {
                "uid": "97_0",
                "sort": 0,
                "title": "EURO",
                "margin": {
                    "width": 0,
                    "height": 0,
                    "length": 0
                }
            },
            "mass": 20.0,
            "size": {
                "width": 800.0,
                "height": 200.0,
                "length": 1200.0
            },
            "type": "pallet",
            "indentation": {
                "width": 0.0,
                "height": 0.0,
                "length": 0.0,
                "height_top": -1800.0,
                "length_end": 0.0,
                "width_right": 0.0
            },
            "loading_size": {
                "width": 800.0,
                "height": 2000.0,
                "length": 1200.0
            },
            "calculation_info": {
                "step_count": 50,
                "cargos_mass": 0.3,
                "load_volume": 1.92,
                "cargos_volume": 0.7975,
                "count_cargoes": 50,
                "load_capacity": 1.0,
                "loading_height": 1.1,
                "density_percent": 79.11392,
                "remaining_volume": 1.1225,
                "void_space_percent": 58.46354,
                "filling_space_percent": 41.53646
            },
            "carrying_capacity": 1000.0,
            "real_center_of_gravity": [
                561.8000000000002,
                462.0000000000001,
                390.8
            ],
            "ideal_center_of_gravity": [
                600.0,
                0.0,
                400.0
            ]
        },
        "cargo_groups": [],
        "packing_type": "PackingPalletBlocks",
        "calculation_id": 16380,
        "invalid_errors": [],
        "unpacked_errors": [],
        "validate_errors": [
            "ERROR_INDENTATION"
        ],
        "is_packed_same_boxes": true
    }
}