{
    "data": {
        "cargoes": [
            {
                "info": {
                    "color": "#d88b3e",
                    "title": "Внутренний блок  ЗЕВС -П5 ВЖК.5.2.ОВ.ОЛ8",
                    "article": "",
                    "group_id": "11eprrkgtieosdfjsu1woani4ftmw9dq",
                    "group_title": "Группа 1"
                },
                "mass": 300.0,
                "size": {
                    "width": 900,
                    "height": 2300,
                    "length": 900
                },
                "sort": 1,
                "type": "box",
                "count": 2,
                "margin": {
                    "width": 0,
                    "height": 0,
                    "length": 0
                },
                "cargo_id": "mwlqwdgxpewdqeu0kzvwexgtxkoqbw6t",
                "stacking": false,
                "turnover": false,
                "margin_width": 0,
                "margin_length": 0,
                "stacking_limit": 0
            },
            {
                "info": {
                    "color": "#aecc39",
                    "title": "Выносной конд.  ЗЕВС-П5 ВЖК.5.2.ОВ.ОЛ8",
                    "article": "",
                    "group_id": "11eprrkgtieosdfjsu1woani4ftmw9dq",
                    "group_title": "Группа 1"
                },
                "mass": 300.0,
                "size": {
                    "width": 1050,
                    "height": 1000,
                    "length": 1450
                },
                "sort": 1,
                "type": "box",
                "count": 2,
                "margin": {
                    "width": 0,
                    "height": 0,
                    "length": 0
                },
                "cargo_id": "ptwfon925rkqlz0ik5drlpifc451vpxy",
                "stacking": true,
                "turnover": false,
                "margin_width": 0,
                "margin_length": 0,
                "stacking_limit": 0
            },
            {
                "info": {
                    "color": "#fc3751",
                    "title": "Выносной конд. ЗЕВС П19. П18. П22 ВЖК.5.2.ОВ.ОЛ7 . КС.5.22.ОВ.Н9. К4 5.22.ОВ.Н11",
                    "article": "",
                    "group_id": "11eprrkgtieosdfjsu1woani4ftmw9dq",
                    "group_title": "Группа 1"
                },
                "mass": 350.0,
                "size": {
                    "width": 1100,
                    "height": 1050,
                    "length": 2150
                },
                "sort": 1,
                "type": "box",
                "count": 6,
                "margin": {
                    "width": 0,
                    "height": 0,
                    "length": 0
                },
                "cargo_id": "440fwnmbze7wflo7nc7xf7zsb884opky",
                "stacking": true,
                "turnover": false,
                "margin_width": 0,
                "margin_length": 0,
                "stacking_limit": 0
            },
            {
                "info": {
                    "color": "#9161f9",
                    "title": "НизкоТемп.Комплект ЗЕВС-П5.П19.П18.П22 (все опросные листы)",
                    "article": "",
                    "group_id": "11eprrkgtieosdfjsu1woani4ftmw9dq",
                    "group_title": "Группа 1"
                },
                "mass": 100.0,
                "size": {
                    "width": 900,
                    "height": 1000,
                    "length": 900
                },
                "sort": 1,
                "type": "box",
                "count": 8,
                "margin": {
                    "width": 0,
                    "height": 0,
                    "length": 0
                },
                "cargo_id": "auwcqogkyhsboo2423uo4q4mq2xeylmx",
                "stacking": true,
                "turnover": false,
                "margin_width": 0,
                "margin_length": 0,
                "stacking_limit": 0
            },
            {
                "info": {
                    "color": "#20d87c",
                    "title": "Пленум ЗЕВС-П5  ВЖК.5.2.ОВ.ОЛ8",
                    "article": "",
                    "group_id": "11eprrkgtieosdfjsu1woani4ftmw9dq",
                    "group_title": "Группа 1"
                },
                "mass": 150.0,
                "size": {
                    "width": 900,
                    "height": 1550,
                    "length": 900
                },
                "sort": 1,
                "type": "box",
                "count": 1,
                "margin": {
                    "width": 0,
                    "height": 0,
                    "length": 0
                },
                "cargo_id": "smfhfuurbglrjopoclv1soq9y05ltesn",
                "stacking": true,
                "turnover": false,
                "margin_width": 0,
                "margin_length": 0,
                "stacking_limit": 0
            },
            {
                "info": {
                    "color": "#0f9934",
                    "title": "Пленум ЗЕВС П19. П18. П22 ВЖК.5.2.ОВ.ОЛ7 . КС.5.22.ОВ.Н9. К4 5.22.ОВ.Н11",
                    "article": "",
                    "group_id": "11eprrkgtieosdfjsu1woani4ftmw9dq",
                    "group_title": "Группа 1"
                },
                "mass": 150.0,
                "size": {
                    "width": 800,
                    "height": 1500,
                    "length": 1000
                },
                "sort": 1,
                "type": "box",
                "count": 3,
                "margin": {
                    "width": 0,
                    "height": 0,
                    "length": 0
                },
                "cargo_id": "wcmfcljs479pwd0dmyfw7jpodgrgcgna",
                "stacking": true,
                "turnover": false,
                "margin_width": 0,
                "margin_length": 0,
                "stacking_limit": 0
            },
            {
                "info": {
                    "color": "#d37d0c",
                    "title": "Подставка ЗЕВС-П5  ВЖК.5.2.ОВ.ОЛ8",
                    "article": "",
                    "group_id": "11eprrkgtieosdfjsu1woani4ftmw9dq",
                    "group_title": "Группа 1"
                },
                "mass": 80.0,
                "size": {
                    "width": 800,
                    "height": 800,
                    "length": 800
                },
                "sort": 1,
                "type": "box",
                "count": 1,
                "margin": {
                    "width": 0,
                    "height": 0,
                    "length": 0
                },
                "cargo_id": "mb3wj4dczussptpcgqumyjwvzteick6k",
                "stacking": true,
                "turnover": false,
                "margin_width": 0,
                "margin_length": 0,
                "stacking_limit": 0
            },
            {
                "info": {
                    "color": "#552ef2",
                    "title": "Подставка ЗЕВС П19. П18. П22 ВЖК.5.2.ОВ.ОЛ7 . КС.5.22.ОВ.Н9. К4 5.22.ОВ.Н11",
                    "article": "",
                    "group_id": "11eprrkgtieosdfjsu1woani4ftmw9dq",
                    "group_title": "Группа 1"
                },
                "mass": 100.0,
                "size": {
                    "width": 850,
                    "height": 800,
                    "length": 1000
                },
                "sort": 1,
                "type": "box",
                "count": 3,
                "margin": {
                    "width": 0,
                    "height": 0,
                    "length": 0
                },
                "cargo_id": "shojnozh0uapflpx5zyonr6jydc6ryig",
                "stacking": true,
                "turnover": false,
                "margin_width": 0,
                "margin_length": 0,
                "stacking_limit": 0
            },
            {
                "info": {
                    "color": "#f45fe3",
                    "title": "Внутренний блок  ЗЕВС П19. П18. П22 ВЖК.5.2.ОВ.ОЛ7 . КС.5.22.ОВ.Н9. К4 5.22.ОВ.Н11",
                    "article": "",
                    "group_id": "11eprrkgtieosdfjsu1woani4ftmw9dq",
                    "group_title": "Группа 1"
                },
                "mass": 300.0,
                "size": {
                    "width": 900,
                    "height": 2300,
                    "length": 1100
                },
                "sort": 1,
                "type": "box",
                "count": 6,
                "margin": {
                    "width": 0,
                    "height": 0,
                    "length": 0
                },
                "cargo_id": "i84yficwtonqsk8lqszhjpjj4b5cslon",
                "stacking": false,
                "turnover": false,
                "margin_width": 0,
                "margin_length": 0,
                "stacking_limit": 0
            }
        ],
        "settings": {
            "rank": false,
            "max_step": 100,
            "min_step": 50,
            "usersort": false,
            "hardlimit": 1801,
            "timelimit": 1800,
            "step_scaling": 10
        },
        "put_boxes": [],
        "initial_id": 0,
        "cargo_space": {
            "id": 491,
            "info": {
                "uid": "491_0",
                "sort": 0,
                "title": "Евро Фура"
            },
            "mass": 6500,
            "size": {
                "width": 2480,
                "height": 2860,
                "length": 13692
            },
            "type": "truck",
            "axles": [
                {
                    "title": "Ось 1",
                    "distance": 1155,
                    "max_load": 9000,
                    "default_load": 1665
                },
                {
                    "title": "Ось 2",
                    "distance": 1282,
                    "max_load": 9000,
                    "default_load": 1665
                },
                {
                    "title": "Ось 3",
                    "distance": 1300,
                    "max_load": 9000,
                    "default_load": 1670
                }
            ],
            "hitch": {
                "title": "",
                "distance": 7000,
                "max_load": 12000,
                "default_load": 1500
            },
            "title": "Евро Фура",
            "tractor": {
                "mass": 9000,
                "axles": [
                    {
                        "title": "Ось 1",
                        "distance": 1410,
                        "max_load": 8000,
                        "default_load": 6000
                    },
                    {
                        "title": "Ось 2",
                        "distance": 2827,
                        "max_load": 11000,
                        "default_load": 2300
                    },
                    {
                        "title": "Ось 3",
                        "distance": 1395,
                        "max_load": 10000,
                        "default_load": 2200
                    }
                ],
                "title": "IVECO STRALIS AT440S42",
                "length": 6140,
                "hitch_distance": 778
            },
            "indentation": {
                "width": 40,
                "height": 0,
                "length": 46,
                "height_top": 210,
                "length_end": 46,
                "width_right": 40
            },
            "loading_size": {
                "width": 2400,
                "height": 2650,
                "length": 13600
            },
            "carrying_capacity": 32500
        },
        "calculation_id": "15374"
    },
    "data_result": {
        "boxes": [
            {
                "id": 4,
                "info": {
                    "color": "#fc3751",
                    "title": "Выносной конд. ЗЕВС П19. П18. П22 ВЖК.5.2.ОВ.ОЛ7 . КС.5.22.ОВ.Н9. К4 5.22.ОВ.Н11",
                    "article": "",
                    "group_id": "11eprrkgtieosdfjsu1woani4ftmw9dq",
                    "group_title": "Группа 1"
                },
                "mass": 350.0,
                "size": {
                    "width": 1100.0,
                    "height": 1050.0,
                    "length": 2150.0
                },
                "sort": 1,
                "step": 1,
                "type": "box",
                "margin": {
                    "width": 0.0,
                    "height": 0.0,
                    "length": 0.0
                },
                "cargo_id": "440fwnmbze7wflo7nc7xf7zsb884opky",
                "position": {
                    "x": 0.0,
                    "y": 0.0,
                    "z": 0.0
                },
                "stacking": true,
                "turnover": false,
                "rotation_state": 1,
                "stacking_limit": 0.0,
                "calculated_size": {
                    "width": 2150.0,
                    "height": 1050.0,
                    "length": 1100.0
                },
                "virtual_positions": null
            },
            {
                "id": 5,
                "info": {
                    "color": "#fc3751",
                    "title": "Выносной конд. ЗЕВС П19. П18. П22 ВЖК.5.2.ОВ.ОЛ7 . КС.5.22.ОВ.Н9. К4 5.22.ОВ.Н11",
                    "article": "",
                    "group_id": "11eprrkgtieosdfjsu1woani4ftmw9dq",
                    "group_title": "Группа 1"
                },
                "mass": 350.0,
                "size": {
                    "width": 1100.0,
                    "height": 1050.0,
                    "length": 2150.0
                },
                "sort": 1,
                "step": 2,
                "type": "box",
                "margin": {
                    "width": 0.0,
                    "height": 0.0,
                    "length": 0.0
                },
                "cargo_id": "440fwnmbze7wflo7nc7xf7zsb884opky",
                "position": {
                    "x": 1100.0,
                    "y": 0.0,
                    "z": 0.0
                },
                "stacking": true,
                "turnover": false,
                "rotation_state": 1,
                "stacking_limit": 0.0,
                "calculated_size": {
                    "width": 2150.0,
                    "height": 1050.0,
                    "length": 1100.0
                },
                "virtual_positions": null
            },
            {
                "id": 6,
                "info": {
                    "color": "#fc3751",
                    "title": "Выносной конд. ЗЕВС П19. П18. П22 ВЖК.5.2.ОВ.ОЛ7 . КС.5.22.ОВ.Н9. К4 5.22.ОВ.Н11",
                    "article": "",
                    "group_id": "11eprrkgtieosdfjsu1woani4ftmw9dq",
                    "group_title": "Группа 1"
                },
                "mass": 350.0,
                "size": {
                    "width": 1100.0,
                    "height": 1050.0,
                    "length": 2150.0
                },
                "sort": 1,
                "step": 3,
                "type": "box",
                "margin": {
                    "width": 0.0,
                    "height": 0.0,
                    "length": 0.0
                },
                "cargo_id": "440fwnmbze7wflo7nc7xf7zsb884opky",
                "position": {
                    "x": 2200.0,
                    "y": 0.0,
                    "z": 0.0
                },
                "stacking": true,
                "turnover": false,
                "rotation_state": 1,
                "stacking_limit": 0.0,
                "calculated_size": {
                    "width": 2150.0,
                    "height": 1050.0,
                    "length": 1100.0
                },
                "virtual_positions": null
            },
            {
                "id": 22,
                "info": {
                    "color": "#d37d0c",
                    "title": "Подставка ЗЕВС-П5  ВЖК.5.2.ОВ.ОЛ8",
                    "article": "",
                    "group_id": "11eprrkgtieosdfjsu1woani4ftmw9dq",
                    "group_title": "Группа 1"
                },
                "mass": 80.0,
                "size": {
                    "width": 800.0,
                    "height": 800.0,
                    "length": 800.0
                },
                "sort": 1,
                "step": 4,
                "type": "box",
                "margin": {
                    "width": 0.0,
                    "height": 0.0,
                    "length": 0.0
                },
                "cargo_id": "mb3wj4dczussptpcgqumyjwvzteick6k",
                "position": {
                    "x": 2250.0,
                    "y": 1050.0,
                    "z": 1000.0
                },
                "stacking": true,
                "turnover": false,
                "rotation_state": 0,
                "stacking_limit": 0.0,
                "calculated_size": {
                    "width": 800.0,
                    "height": 800.0,
                    "length": 800.0
                },
                "virtual_positions": null
            },
            {
                "id": 25,
                "info": {
                    "color": "#552ef2",
                    "title": "Подставка ЗЕВС П19. П18. П22 ВЖК.5.2.ОВ.ОЛ7 . КС.5.22.ОВ.Н9. К4 5.22.ОВ.Н11",
                    "article": "",
                    "group_id": "11eprrkgtieosdfjsu1woani4ftmw9dq",
                    "group_title": "Группа 1"
                },
                "mass": 100.0,
                "size": {
                    "width": 850.0,
                    "height": 800.0,
                    "length": 1000.0
                },
                "sort": 1,
                "step": 5,
                "type": "box",
                "margin": {
                    "width": 0.0,
                    "height": 0.0,
                    "length": 0.0
                },
                "cargo_id": "shojnozh0uapflpx5zyonr6jydc6ryig",
                "position": {
                    "x": 2200.0,
                    "y": 1050.0,
                    "z": 0.0
                },
                "stacking": true,
                "turnover": false,
                "rotation_state": 1,
                "stacking_limit": 0.0,
                "calculated_size": {
                    "width": 1000.0,
                    "height": 800.0,
                    "length": 850.0
                },
                "virtual_positions": null
            },
            {
                "id": 7,
                "info": {
                    "color": "#fc3751",
                    "title": "Выносной конд. ЗЕВС П19. П18. П22 ВЖК.5.2.ОВ.ОЛ7 . КС.5.22.ОВ.Н9. К4 5.22.ОВ.Н11",
                    "article": "",
                    "group_id": "11eprrkgtieosdfjsu1woani4ftmw9dq",
                    "group_title": "Группа 1"
                },
                "mass": 350.0,
                "size": {
                    "width": 1100.0,
                    "height": 1050.0,
                    "length": 2150.0
                },
                "sort": 1,
                "step": 6,
                "type": "box",
                "margin": {
                    "width": 0.0,
                    "height": 0.0,
                    "length": 0.0
                },
                "cargo_id": "440fwnmbze7wflo7nc7xf7zsb884opky",
                "position": {
                    "x": 3300.0,
                    "y": 0.0,
                    "z": 0.0
                },
                "stacking": true,
                "turnover": false,
                "rotation_state": 1,
                "stacking_limit": 0.0,
                "calculated_size": {
                    "width": 2150.0,
                    "height": 1050.0,
                    "length": 1100.0
                },
                "virtual_positions": null
            },
            {
                "id": 24,
                "info": {
                    "color": "#552ef2",
                    "title": "Подставка ЗЕВС П19. П18. П22 ВЖК.5.2.ОВ.ОЛ7 . КС.5.22.ОВ.Н9. К4 5.22.ОВ.Н11",
                    "article": "",
                    "group_id": "11eprrkgtieosdfjsu1woani4ftmw9dq",
                    "group_title": "Группа 1"
                },
                "mass": 100.0,
                "size": {
                    "width": 850.0,
                    "height": 800.0,
                    "length": 1000.0
                },
                "sort": 1,
                "step": 7,
                "type": "box",
                "margin": {
                    "width": 0.0,
                    "height": 0.0,
                    "length": 0.0
                },
                "cargo_id": "shojnozh0uapflpx5zyonr6jydc6ryig",
                "position": {
                    "x": 3050.0,
                    "y": 1050.0,
                    "z": 1000.0
                },
                "stacking": true,
                "turnover": false,
                "rotation_state": 1,
                "stacking_limit": 0.0,
                "calculated_size": {
                    "width": 1000.0,
                    "height": 800.0,
                    "length": 850.0
                },
                "virtual_positions": null
            },
            {
                "id": 23,
                "info": {
                    "color": "#552ef2",
                    "title": "Подставка ЗЕВС П19. П18. П22 ВЖК.5.2.ОВ.ОЛ7 . КС.5.22.ОВ.Н9. К4 5.22.ОВ.Н11",
                    "article": "",
                    "group_id": "11eprrkgtieosdfjsu1woani4ftmw9dq",
                    "group_title": "Группа 1"
                },
                "mass": 100.0,
                "size": {
                    "width": 850.0,
                    "height": 800.0,
                    "length": 1000.0
                },
                "sort": 1,
                "step": 8,
                "type": "box",
                "margin": {
                    "width": 0.0,
                    "height": 0.0,
                    "length": 0.0
                },
                "cargo_id": "shojnozh0uapflpx5zyonr6jydc6ryig",
                "position": {
                    "x": 3050.0,
                    "y": 1050.0,
                    "z": 0.0
                },
                "stacking": true,
                "turnover": false,
                "rotation_state": 1,
                "stacking_limit": 0.0,
                "calculated_size": {
                    "width": 1000.0,
                    "height": 800.0,
                    "length": 850.0
                },
                "virtual_positions": null
            },
            {
                "id": 8,
                "info": {
                    "color": "#fc3751",
                    "title": "Выносной конд. ЗЕВС П19. П18. П22 ВЖК.5.2.ОВ.ОЛ7 . КС.5.22.ОВ.Н9. К4 5.22.ОВ.Н11",
                    "article": "",
                    "group_id": "11eprrkgtieosdfjsu1woani4ftmw9dq",
                    "group_title": "Группа 1"
                },
                "mass": 350.0,
                "size": {
                    "width": 1100.0,
                    "height": 1050.0,
                    "length": 2150.0
                },
                "sort": 1,
                "step": 9,
                "type": "box",
                "margin": {
                    "width": 0.0,
                    "height": 0.0,
                    "length": 0.0
                },
                "cargo_id": "440fwnmbze7wflo7nc7xf7zsb884opky",
                "position": {
                    "x": 4400.0,
                    "y": 0.0,
                    "z": 0.0
                },
                "stacking": true,
                "turnover": false,
                "rotation_state": 1,
                "stacking_limit": 0.0,
                "calculated_size": {
                    "width": 2150.0,
                    "height": 1050.0,
                    "length": 1100.0
                },
                "virtual_positions": null
            },
            {
                "id": 17,
                "info": {
                    "color": "#9161f9",
                    "title": "НизкоТемп.Комплект ЗЕВС-П5.П19.П18.П22 (все опросные листы)",
                    "article": "",
                    "group_id": "11eprrkgtieosdfjsu1woani4ftmw9dq",
                    "group_title": "Группа 1"
                },
                "mass": 100.0,
                "size": {
                    "width": 900.0,
                    "height": 1000.0,
                    "length": 900.0
                },
                "sort": 1,
                "step": 10,
                "type": "box",
                "margin": {
                    "width": 0.0,
                    "height": 0.0,
                    "length": 0.0
                },
                "cargo_id": "auwcqogkyhsboo2423uo4q4mq2xeylmx",
                "position": {
                    "x": 3900.0,
                    "y": 1050.0,
                    "z": 900.0
                },
                "stacking": true,
                "turnover": false,
                "rotation_state": 0,
                "stacking_limit": 0.0,
                "calculated_size": {
                    "width": 900.0,
                    "height": 1000.0,
                    "length": 900.0
                },
                "virtual_positions": null
            },
            {
                "id": 16,
                "info": {
                    "color": "#9161f9",
                    "title": "НизкоТемп.Комплект ЗЕВС-П5.П19.П18.П22 (все опросные листы)",
                    "article": "",
                    "group_id": "11eprrkgtieosdfjsu1woani4ftmw9dq",
                    "group_title": "Группа 1"
                },
                "mass": 100.0,
                "size": {
                    "width": 900.0,
                    "height": 1000.0,
                    "length": 900.0
                },
                "sort": 1,
                "step": 11,
                "type": "box",
                "margin": {
                    "width": 0.0,
                    "height": 0.0,
                    "length": 0.0
                },
                "cargo_id": "auwcqogkyhsboo2423uo4q4mq2xeylmx",
                "position": {
                    "x": 3900.0,
                    "y": 1050.0,
                    "z": 0.0
                },
                "stacking": true,
                "turnover": false,
                "rotation_state": 0,
                "stacking_limit": 0.0,
                "calculated_size": {
                    "width": 900.0,
                    "height": 1000.0,
                    "length": 900.0
                },
                "virtual_positions": null
            },
            {
                "id": 9,
                "info": {
                    "color": "#fc3751",
                    "title": "Выносной конд. ЗЕВС П19. П18. П22 ВЖК.5.2.ОВ.ОЛ7 . КС.5.22.ОВ.Н9. К4 5.22.ОВ.Н11",
                    "article": "",
                    "group_id": "11eprrkgtieosdfjsu1woani4ftmw9dq",
                    "group_title": "Группа 1"
                },
                "mass": 350.0,
                "size": {
                    "width": 1100.0,
                    "height": 1050.0,
                    "length": 2150.0
                },
                "sort": 1,
                "step": 12,
                "type": "box",
                "margin": {
                    "width": 0.0,
                    "height": 0.0,
                    "length": 0.0
                },
                "cargo_id": "440fwnmbze7wflo7nc7xf7zsb884opky",
                "position": {
                    "x": 5500.0,
                    "y": 0.0,
                    "z": 0.0
                },
                "stacking": true,
                "turnover": false,
                "rotation_state": 1,
                "stacking_limit": 0.0,
                "calculated_size": {
                    "width": 2150.0,
                    "height": 1050.0,
                    "length": 1100.0
                },
                "virtual_positions": null
            },
            {
                "id": 15,
                "info": {
                    "color": "#9161f9",
                    "title": "НизкоТемп.Комплект ЗЕВС-П5.П19.П18.П22 (все опросные листы)",
                    "article": "",
                    "group_id": "11eprrkgtieosdfjsu1woani4ftmw9dq",
                    "group_title": "Группа 1"
                },
                "mass": 100.0,
                "size": {
                    "width": 900.0,
                    "height": 1000.0,
                    "length": 900.0
                },
                "sort": 1,
                "step": 13,
                "type": "box",
                "margin": {
                    "width": 0.0,
                    "height": 0.0,
                    "length": 0.0
                },
                "cargo_id": "auwcqogkyhsboo2423uo4q4mq2xeylmx",
                "position": {
                    "x": 4800.0,
                    "y": 1050.0,
                    "z": 900.0
                },
                "stacking": true,
                "turnover": false,
                "rotation_state": 0,
                "stacking_limit": 0.0,
                "calculated_size": {
                    "width": 900.0,
                    "height": 1000.0,
                    "length": 900.0
                },
                "virtual_positions": null
            },
            {
                "id": 14,
                "info": {
                    "color": "#9161f9",
                    "title": "НизкоТемп.Комплект ЗЕВС-П5.П19.П18.П22 (все опросные листы)",
                    "article": "",
                    "group_id": "11eprrkgtieosdfjsu1woani4ftmw9dq",
                    "group_title": "Группа 1"
                },
                "mass": 100.0,
                "size": {
                    "width": 900.0,
                    "height": 1000.0,
                    "length": 900.0
                },
                "sort": 1,
                "step": 14,
                "type": "box",
                "margin": {
                    "width": 0.0,
                    "height": 0.0,
                    "length": 0.0
                },
                "cargo_id": "auwcqogkyhsboo2423uo4q4mq2xeylmx",
                "position": {
                    "x": 4800.0,
                    "y": 1050.0,
                    "z": 0.0
                },
                "stacking": true,
                "turnover": false,
                "rotation_state": 0,
                "stacking_limit": 0.0,
                "calculated_size": {
                    "width": 900.0,
                    "height": 1000.0,
                    "length": 900.0
                },
                "virtual_positions": null
            },
            {
                "id": 13,
                "info": {
                    "color": "#9161f9",
                    "title": "НизкоТемп.Комплект ЗЕВС-П5.П19.П18.П22 (все опросные листы)",
                    "article": "",
                    "group_id": "11eprrkgtieosdfjsu1woani4ftmw9dq",
                    "group_title": "Группа 1"
                },
                "mass": 100.0,
                "size": {
                    "width": 900.0,
                    "height": 1000.0,
                    "length": 900.0
                },
                "sort": 1,
                "step": 15,
                "type": "box",
                "margin": {
                    "width": 0.0,
                    "height": 0.0,
                    "length": 0.0
                },
                "cargo_id": "auwcqogkyhsboo2423uo4q4mq2xeylmx",
                "position": {
                    "x": 5700.0,
                    "y": 1050.0,
                    "z": 900.0
                },
                "stacking": true,
                "turnover": false,
                "rotation_state": 0,
                "stacking_limit": 0.0,
                "calculated_size": {
                    "width": 900.0,
                    "height": 1000.0,
                    "length": 900.0
                },
                "virtual_positions": null
            },
            {
                "id": 12,
                "info": {
                    "color": "#9161f9",
                    "title": "НизкоТемп.Комплект ЗЕВС-П5.П19.П18.П22 (все опросные листы)",
                    "article": "",
                    "group_id": "11eprrkgtieosdfjsu1woani4ftmw9dq",
                    "group_title": "Группа 1"
                },
                "mass": 100.0,
                "size": {
                    "width": 900.0,
                    "height": 1000.0,
                    "length": 900.0
                },
                "sort": 1,
                "step": 16,
                "type": "box",
                "margin": {
                    "width": 0.0,
                    "height": 0.0,
                    "length": 0.0
                },
                "cargo_id": "auwcqogkyhsboo2423uo4q4mq2xeylmx",
                "position": {
                    "x": 5700.0,
                    "y": 1050.0,
                    "z": 0.0
                },
                "stacking": true,
                "turnover": false,
                "rotation_state": 0,
                "stacking_limit": 0.0,
                "calculated_size": {
                    "width": 900.0,
                    "height": 1000.0,
                    "length": 900.0
                },
                "virtual_positions": null
            },
            {
                "id": 27,
                "info": {
                    "color": "#f45fe3",
                    "title": "Внутренний блок  ЗЕВС П19. П18. П22 ВЖК.5.2.ОВ.ОЛ7 . КС.5.22.ОВ.Н9. К4 5.22.ОВ.Н11",
                    "article": "",
                    "group_id": "11eprrkgtieosdfjsu1woani4ftmw9dq",
                    "group_title": "Группа 1"
                },
                "mass": 300.0,
                "size": {
                    "width": 900.0,
                    "height": 2300.0,
                    "length": 1100.0
                },
                "sort": 1,
                "step": 17,
                "type": "box",
                "margin": {
                    "width": 0.0,
                    "height": 0.0,
                    "length": 0.0
                },
                "cargo_id": "i84yficwtonqsk8lqszhjpjj4b5cslon",
                "position": {
                    "x": 6600.0,
                    "y": 0.0,
                    "z": 1100.0
                },
                "stacking": false,
                "turnover": false,
                "rotation_state": 1,
                "stacking_limit": 0.0,
                "calculated_size": {
                    "width": 1100.0,
                    "height": 2300.0,
                    "length": 900.0
                },
                "virtual_positions": null
            },
            {
                "id": 26,
                "info": {
                    "color": "#f45fe3",
                    "title": "Внутренний блок  ЗЕВС П19. П18. П22 ВЖК.5.2.ОВ.ОЛ7 . КС.5.22.ОВ.Н9. К4 5.22.ОВ.Н11",
                    "article": "",
                    "group_id": "11eprrkgtieosdfjsu1woani4ftmw9dq",
                    "group_title": "Группа 1"
                },
                "mass": 300.0,
                "size": {
                    "width": 900.0,
                    "height": 2300.0,
                    "length": 1100.0
                },
                "sort": 1,
                "step": 18,
                "type": "box",
                "margin": {
                    "width": 0.0,
                    "height": 0.0,
                    "length": 0.0
                },
                "cargo_id": "i84yficwtonqsk8lqszhjpjj4b5cslon",
                "position": {
                    "x": 6600.0,
                    "y": 0.0,
                    "z": 0.0
                },
                "stacking": false,
                "turnover": false,
                "rotation_state": 1,
                "stacking_limit": 0.0,
                "calculated_size": {
                    "width": 1100.0,
                    "height": 2300.0,
                    "length": 900.0
                },
                "virtual_positions": null
            },
            {
                "id": 29,
                "info": {
                    "color": "#f45fe3",
                    "title": "Внутренний блок  ЗЕВС П19. П18. П22 ВЖК.5.2.ОВ.ОЛ7 . КС.5.22.ОВ.Н9. К4 5.22.ОВ.Н11",
                    "article": "",
                    "group_id": "11eprrkgtieosdfjsu1woani4ftmw9dq",
                    "group_title": "Группа 1"
                },
                "mass": 300.0,
                "size": {
                    "width": 900.0,
                    "height": 2300.0,
                    "length": 1100.0
                },
                "sort": 1,
                "step": 19,
                "type": "box",
                "margin": {
                    "width": 0.0,
                    "height": 0.0,
                    "length": 0.0
                },
                "cargo_id": "i84yficwtonqsk8lqszhjpjj4b5cslon",
                "position": {
                    "x": 7500.0,
                    "y": 0.0,
                    "z": 1100.0
                },
                "stacking": false,
                "turnover": false,
                "rotation_state": 1,
                "stacking_limit": 0.0,
                "calculated_size": {
                    "width": 1100.0,
                    "height": 2300.0,
                    "length": 900.0
                },
                "virtual_positions": null
            },
            {
                "id": 28,
                "info": {
                    "color": "#f45fe3",
                    "title": "Внутренний блок  ЗЕВС П19. П18. П22 ВЖК.5.2.ОВ.ОЛ7 . КС.5.22.ОВ.Н9. К4 5.22.ОВ.Н11",
                    "article": "",
                    "group_id": "11eprrkgtieosdfjsu1woani4ftmw9dq",
                    "group_title": "Группа 1"
                },
                "mass": 300.0,
                "size": {
                    "width": 900.0,
                    "height": 2300.0,
                    "length": 1100.0
                },
                "sort": 1,
                "step": 20,
                "type": "box",
                "margin": {
                    "width": 0.0,
                    "height": 0.0,
                    "length": 0.0
                },
                "cargo_id": "i84yficwtonqsk8lqszhjpjj4b5cslon",
                "position": {
                    "x": 7500.0,
                    "y": 0.0,
                    "z": 0.0
                },
                "stacking": false,
                "turnover": false,
                "rotation_state": 1,
                "stacking_limit": 0.0,
                "calculated_size": {
                    "width": 1100.0,
                    "height": 2300.0,
                    "length": 900.0
                },
                "virtual_positions": null
            },
            {
                "id": 31,
                "info": {
                    "color": "#f45fe3",
                    "title": "Внутренний блок  ЗЕВС П19. П18. П22 ВЖК.5.2.ОВ.ОЛ7 . КС.5.22.ОВ.Н9. К4 5.22.ОВ.Н11",
                    "article": "",
                    "group_id": "11eprrkgtieosdfjsu1woani4ftmw9dq",
                    "group_title": "Группа 1"
                },
                "mass": 300.0,
                "size": {
                    "width": 900.0,
                    "height": 2300.0,
                    "length": 1100.0
                },
                "sort": 1,
                "step": 21,
                "type": "box",
                "margin": {
                    "width": 0.0,
                    "height": 0.0,
                    "length": 0.0
                },
                "cargo_id": "i84yficwtonqsk8lqszhjpjj4b5cslon",
                "position": {
                    "x": 8400.0,
                    "y": 0.0,
                    "z": 1100.0
                },
                "stacking": false,
                "turnover": false,
                "rotation_state": 1,
                "stacking_limit": 0.0,
                "calculated_size": {
                    "width": 1100.0,
                    "height": 2300.0,
                    "length": 900.0
                },
                "virtual_positions": null
            },
            {
                "id": 30,
                "info": {
                    "color": "#f45fe3",
                    "title": "Внутренний блок  ЗЕВС П19. П18. П22 ВЖК.5.2.ОВ.ОЛ7 . КС.5.22.ОВ.Н9. К4 5.22.ОВ.Н11",
                    "article": "",
                    "group_id": "11eprrkgtieosdfjsu1woani4ftmw9dq",
                    "group_title": "Группа 1"
                },
                "mass": 300.0,
                "size": {
                    "width": 900.0,
                    "height": 2300.0,
                    "length": 1100.0
                },
                "sort": 1,
                "step": 22,
                "type": "box",
                "margin": {
                    "width": 0.0,
                    "height": 0.0,
                    "length": 0.0
                },
                "cargo_id": "i84yficwtonqsk8lqszhjpjj4b5cslon",
                "position": {
                    "x": 8400.0,
                    "y": 0.0,
                    "z": 0.0
                },
                "stacking": false,
                "turnover": false,
                "rotation_state": 1,
                "stacking_limit": 0.0,
                "calculated_size": {
                    "width": 1100.0,
                    "height": 2300.0,
                    "length": 900.0
                },
                "virtual_positions": null
            },
            {
                "id": 1,
                "info": {
                    "color": "#d88b3e",
                    "title": "Внутренний блок  ЗЕВС -П5 ВЖК.5.2.ОВ.ОЛ8",
                    "article": "",
                    "group_id": "11eprrkgtieosdfjsu1woani4ftmw9dq",
                    "group_title": "Группа 1"
                },
                "mass": 300.0,
                "size": {
                    "width": 900.0,
                    "height": 2300.0,
                    "length": 900.0
                },
                "sort": 1,
                "step": 23,
                "type": "box",
                "margin": {
                    "width": 0.0,
                    "height": 0.0,
                    "length": 0.0
                },
                "cargo_id": "mwlqwdgxpewdqeu0kzvwexgtxkoqbw6t",
                "position": {
                    "x": 9300.0,
                    "y": 0.0,
                    "z": 900.0
                },
                "stacking": false,
                "turnover": false,
                "rotation_state": 0,
                "stacking_limit": 0.0,
                "calculated_size": {
                    "width": 900.0,
                    "height": 2300.0,
                    "length": 900.0
                },
                "virtual_positions": null
            },
            {
                "id": 0,
                "info": {
                    "color": "#d88b3e",
                    "title": "Внутренний блок  ЗЕВС -П5 ВЖК.5.2.ОВ.ОЛ8",
                    "article": "",
                    "group_id": "11eprrkgtieosdfjsu1woani4ftmw9dq",
                    "group_title": "Группа 1"
                },
                "mass": 300.0,
                "size": {
                    "width": 900.0,
                    "height": 2300.0,
                    "length": 900.0
                },
                "sort": 1,
                "step": 24,
                "type": "box",
                "margin": {
                    "width": 0.0,
                    "height": 0.0,
                    "length": 0.0
                },
                "cargo_id": "mwlqwdgxpewdqeu0kzvwexgtxkoqbw6t",
                "position": {
                    "x": 9300.0,
                    "y": 0.0,
                    "z": 0.0
                },
                "stacking": false,
                "turnover": false,
                "rotation_state": 0,
                "stacking_limit": 0.0,
                "calculated_size": {
                    "width": 900.0,
                    "height": 2300.0,
                    "length": 900.0
                },
                "virtual_positions": null
            },
            {
                "id": 18,
                "info": {
                    "color": "#20d87c",
                    "title": "Пленум ЗЕВС-П5  ВЖК.5.2.ОВ.ОЛ8",
                    "article": "",
                    "group_id": "11eprrkgtieosdfjsu1woani4ftmw9dq",
                    "group_title": "Группа 1"
                },
                "mass": 150.0,
                "size": {
                    "width": 900.0,
                    "height": 1550.0,
                    "length": 900.0
                },
                "sort": 1,
                "step": 25,
                "type": "box",
                "margin": {
                    "width": 0.0,
                    "height": 0.0,
                    "length": 0.0
                },
                "cargo_id": "smfhfuurbglrjopoclv1soq9y05ltesn",
                "position": {
                    "x": 10200.0,
                    "y": 0.0,
                    "z": 1450.0
                },
                "stacking": true,
                "turnover": false,
                "rotation_state": 0,
                "stacking_limit": 0.0,
                "calculated_size": {
                    "width": 900.0,
                    "height": 1550.0,
                    "length": 900.0
                },
                "virtual_positions": null
            },
            {
                "id": 2,
                "info": {
                    "color": "#aecc39",
                    "title": "Выносной конд.  ЗЕВС-П5 ВЖК.5.2.ОВ.ОЛ8",
                    "article": "",
                    "group_id": "11eprrkgtieosdfjsu1woani4ftmw9dq",
                    "group_title": "Группа 1"
                },
                "mass": 300.0,
                "size": {
                    "width": 1050.0,
                    "height": 1000.0,
                    "length": 1450.0
                },
                "sort": 1,
                "step": 26,
                "type": "box",
                "margin": {
                    "width": 0.0,
                    "height": 0.0,
                    "length": 0.0
                },
                "cargo_id": "ptwfon925rkqlz0ik5drlpifc451vpxy",
                "position": {
                    "x": 10200.0,
                    "y": 0.0,
                    "z": 0.0
                },
                "stacking": true,
                "turnover": false,
                "rotation_state": 1,
                "stacking_limit": 0.0,
                "calculated_size": {
                    "width": 1450.0,
                    "height": 1000.0,
                    "length": 1050.0
                },
                "virtual_positions": null
            },
            {
                "id": 10,
                "info": {
                    "color": "#9161f9",
                    "title": "НизкоТемп.Комплект ЗЕВС-П5.П19.П18.П22 (все опросные листы)",
                    "article": "",
                    "group_id": "11eprrkgtieosdfjsu1woani4ftmw9dq",
                    "group_title": "Группа 1"
                },
                "mass": 100.0,
                "size": {
                    "width": 900.0,
                    "height": 1000.0,
                    "length": 900.0
                },
                "sort": 1,
                "step": 27,
                "type": "box",
                "margin": {
                    "width": 0.0,
                    "height": 0.0,
                    "length": 0.0
                },
                "cargo_id": "auwcqogkyhsboo2423uo4q4mq2xeylmx",
                "position": {
                    "x": 10200.0,
                    "y": 1000.0,
                    "z": 550.0
                },
                "stacking": true,
                "turnover": false,
                "rotation_state": 0,
                "stacking_limit": 0.0,
                "calculated_size": {
                    "width": 900.0,
                    "height": 1000.0,
                    "length": 900.0
                },
                "virtual_positions": null
            },
            {
                "id": 19,
                "info": {
                    "color": "#0f9934",
                    "title": "Пленум ЗЕВС П19. П18. П22 ВЖК.5.2.ОВ.ОЛ7 . КС.5.22.ОВ.Н9. К4 5.22.ОВ.Н11",
                    "article": "",
                    "group_id": "11eprrkgtieosdfjsu1woani4ftmw9dq",
                    "group_title": "Группа 1"
                },
                "mass": 150.0,
                "size": {
                    "width": 800.0,
                    "height": 1500.0,
                    "length": 1000.0
                },
                "sort": 1,
                "step": 28,
                "type": "box",
                "margin": {
                    "width": 0.0,
                    "height": 0.0,
                    "length": 0.0
                },
                "cargo_id": "wcmfcljs479pwd0dmyfw7jpodgrgcgna",
                "position": {
                    "x": 11100.0,
                    "y": 0.0,
                    "z": 1450.0
                },
                "stacking": true,
                "turnover": false,
                "rotation_state": 0,
                "stacking_limit": 0.0,
                "calculated_size": {
                    "width": 800.0,
                    "height": 1500.0,
                    "length": 1000.0
                },
                "virtual_positions": null
            },
            {
                "id": 3,
                "info": {
                    "color": "#aecc39",
                    "title": "Выносной конд.  ЗЕВС-П5 ВЖК.5.2.ОВ.ОЛ8",
                    "article": "",
                    "group_id": "11eprrkgtieosdfjsu1woani4ftmw9dq",
                    "group_title": "Группа 1"
                },
                "mass": 300.0,
                "size": {
                    "width": 1050.0,
                    "height": 1000.0,
                    "length": 1450.0
                },
                "sort": 1,
                "step": 29,
                "type": "box",
                "margin": {
                    "width": 0.0,
                    "height": 0.0,
                    "length": 0.0
                },
                "cargo_id": "ptwfon925rkqlz0ik5drlpifc451vpxy",
                "position": {
                    "x": 11250.0,
                    "y": 0.0,
                    "z": 0.0
                },
                "stacking": true,
                "turnover": false,
                "rotation_state": 1,
                "stacking_limit": 0.0,
                "calculated_size": {
                    "width": 1450.0,
                    "height": 1000.0,
                    "length": 1050.0
                },
                "virtual_positions": null
            },
            {
                "id": 11,
                "info": {
                    "color": "#9161f9",
                    "title": "НизкоТемп.Комплект ЗЕВС-П5.П19.П18.П22 (все опросные листы)",
                    "article": "",
                    "group_id": "11eprrkgtieosdfjsu1woani4ftmw9dq",
                    "group_title": "Группа 1"
                },
                "mass": 100.0,
                "size": {
                    "width": 900.0,
                    "height": 1000.0,
                    "length": 900.0
                },
                "sort": 1,
                "step": 30,
                "type": "box",
                "margin": {
                    "width": 0.0,
                    "height": 0.0,
                    "length": 0.0
                },
                "cargo_id": "auwcqogkyhsboo2423uo4q4mq2xeylmx",
                "position": {
                    "x": 11100.0,
                    "y": 1000.0,
                    "z": 550.0
                },
                "stacking": true,
                "turnover": false,
                "rotation_state": 0,
                "stacking_limit": 0.0,
                "calculated_size": {
                    "width": 900.0,
                    "height": 1000.0,
                    "length": 900.0
                },
                "virtual_positions": null
            },
            {
                "id": 21,
                "info": {
                    "color": "#0f9934",
                    "title": "Пленум ЗЕВС П19. П18. П22 ВЖК.5.2.ОВ.ОЛ7 . КС.5.22.ОВ.Н9. К4 5.22.ОВ.Н11",
                    "article": "",
                    "group_id": "11eprrkgtieosdfjsu1woani4ftmw9dq",
                    "group_title": "Группа 1"
                },
                "mass": 150.0,
                "size": {
                    "width": 800.0,
                    "height": 1500.0,
                    "length": 1000.0
                },
                "sort": 1,
                "step": 31,
                "type": "box",
                "margin": {
                    "width": 0.0,
                    "height": 0.0,
                    "length": 0.0
                },
                "cargo_id": "wcmfcljs479pwd0dmyfw7jpodgrgcgna",
                "position": {
                    "x": 12300.0,
                    "y": 0.0,
                    "z": 1000.0
                },
                "stacking": true,
                "turnover": false,
                "rotation_state": 1,
                "stacking_limit": 0.0,
                "calculated_size": {
                    "width": 1000.0,
                    "height": 1500.0,
                    "length": 800.0
                },
                "virtual_positions": null
            },
            {
                "id": 20,
                "info": {
                    "color": "#0f9934",
                    "title": "Пленум ЗЕВС П19. П18. П22 ВЖК.5.2.ОВ.ОЛ7 . КС.5.22.ОВ.Н9. К4 5.22.ОВ.Н11",
                    "article": "",
                    "group_id": "11eprrkgtieosdfjsu1woani4ftmw9dq",
                    "group_title": "Группа 1"
                },
                "mass": 150.0,
                "size": {
                    "width": 800.0,
                    "height": 1500.0,
                    "length": 1000.0
                },
                "sort": 1,
                "step": 32,
                "type": "box",
                "margin": {
                    "width": 0.0,
                    "height": 0.0,
                    "length": 0.0
                },
                "cargo_id": "wcmfcljs479pwd0dmyfw7jpodgrgcgna",
                "position": {
                    "x": 12300.0,
                    "y": 0.0,
                    "z": 0.0
                },
                "stacking": true,
                "turnover": false,
                "rotation_state": 1,
                "stacking_limit": 0.0,
                "calculated_size": {
                    "width": 1000.0,
                    "height": 1500.0,
                    "length": 800.0
                },
                "virtual_positions": null
            }
        ],
        "version": 5,
        "cargo_space": {
            "id": 491,
            "info": {
                "uid": "491_0",
                "sort": 0,
                "title": "Евро Фура"
            },
            "mass": 6500.0,
            "size": {
                "width": 2480.0,
                "height": 2860.0,
                "length": 13692.0
            },
            "type": "truck",
            "axles": [
                {
                    "title": "Ось 1",
                    "distance": 1155.0,
                    "max_load": 9000.0,
                    "default_load": 1665.0,
                    "calculated_load": 3435.46847
                },
                {
                    "title": "Ось 2",
                    "distance": 1282.0,
                    "max_load": 9000.0,
                    "default_load": 1665.0,
                    "calculated_load": 3435.46847
                },
                {
                    "title": "Ось 3",
                    "distance": 1300.0,
                    "max_load": 9000.0,
                    "default_load": 1670.0,
                    "calculated_load": 3440.46847
                }
            ],
            "hitch": {
                "title": "",
                "distance": 7000.0,
                "max_load": 12000.0,
                "default_load": 1500.0,
                "calculated_load": 3068.59459
            },
            "tractor": {
                "mass": 9000.0,
                "axles": [
                    {
                        "title": "Ось 1",
                        "distance": 1410.0,
                        "max_load": 8000.0,
                        "default_load": 6000.0,
                        "calculated_load": 6346.2524
                    },
                    {
                        "title": "Ось 2",
                        "distance": 2827.0,
                        "max_load": 11000.0,
                        "default_load": 2300.0,
                        "calculated_load": 2911.1711
                    },
                    {
                        "title": "Ось 3",
                        "distance": 1395.0,
                        "max_load": 10000.0,
                        "default_load": 2200.0,
                        "calculated_load": 2811.1711
                    }
                ],
                "length": 6140.0,
                "hitch_distance": 778.0
            },
            "full_length": 13692.0,
            "indentation": {
                "width": 40.0,
                "height": 0.0,
                "length": 46.0,
                "height_top": 210.0,
                "length_end": 46.0,
                "width_right": 40.0
            },
            "loading_size": {
                "width": 2400.0,
                "height": 2650.0,
                "length": 13600.0
            },
            "calculation_info": {
                "step_count": 32,
                "cargos_mass": 6.88,
                "load_volume": 86.496,
                "cargos_volume": 49.22,
                "count_cargoes": 32,
                "load_capacity": 32.5,
                "loading_height": 2.3,
                "density_percent": 69.51437,
                "remaining_volume": 37.276,
                "void_space_percent": 43.09563,
                "filling_space_percent": 56.90437
            },
            "carrying_capacity": 32500.0,
            "real_center_of_gravity": [
                6907.9941860465115,
                929.8328488372093,
                1043.1686046511634
            ],
            "ideal_center_of_gravity": [
                6800.0,
                0.0,
                1200.0
            ]
        },
        "cargo_groups": [],
        "packing_type": "PackingTruck PackingStepByStep",
        "calculation_id": 15374,
        "invalid_errors": [],
        "unpacked_errors": [],
        "validate_errors": [],
        "is_packed_same_boxes": false
    }
}