{
    "data": {
        "cargoes": [
            {
                "info": {
                    "color": "#c65647",
                    "title": "ящик 14",
                    "article": "",
                    "group_id": "1izium799xbremqbcepkzxjgunedcpys",
                    "group_title": "Группа 2"
                },
                "mass": 397.0,
                "size": {
                    "width": 760,
                    "height": 740,
                    "length": 1400
                },
                "sort": 1,
                "type": "box",
                "count": 16,
                "margin": {
                    "width": 0,
                    "height": 0,
                    "length": 0
                },
                "cargo_id": "29ygkjunaybkpc9bgyhwfg9ucmtrkday",
                "stacking": false,
                "turnover": false,
                "margin_width": 0,
                "margin_length": 0,
                "stacking_limit": 0
            },
            {
                "info": {
                    "color": "#56ccce",
                    "title": "ящик 13",
                    "article": "",
                    "group_id": "2qdwle9givtvbl9nyztxuugzzvimcnkg",
                    "group_title": "Группа 1"
                },
                "mass": 242.0,
                "size": {
                    "width": 600,
                    "height": 700,
                    "length": 1300
                },
                "sort": 2,
                "type": "box",
                "count": 14,
                "margin": {
                    "width": 0,
                    "height": 0,
                    "length": 0
                },
                "cargo_id": "1nyzs8j6eymtgwnrgj1wflihnwgvgrdi",
                "stacking": true,
                "turnover": false,
                "margin_width": 0,
                "margin_length": 0,
                "stacking_limit": 0
            }
        ],
        "settings": {
            "rank": false,
            "max_step": 100,
            "min_step": 50,
            "usersort": false,
            "hardlimit": 1801,
            "timelimit": 1800,
            "step_scaling": 10
        },
        "put_boxes": [],
        "initial_id": 0,
        "cargo_space": {
            "id": 267,
            "info": {
                "uid": "267_0",
                "sort": 0,
                "title": "40' DV (valid)"
            },
            "mass": 4000,
            "size": {
                "width": 2438,
                "height": 2591,
                "length": 12192
            },
            "type": "container",
            "axles": [],
            "title": "40' DV (valid)",
            "indentation": {
                "width": 43,
                "height": 0,
                "length": 80,
                "height_top": 198,
                "length_end": 80,
                "width_right": 43
            },
            "loading_size": {
                "width": 2352,
                "height": 2393,
                "length": 12032
            },
            "carrying_capacity": 26840
        },
        "calculation_id": "16306"
    },
    "data_result": {
        "boxes": [
            {
                "id": 23,
                "info": {
                    "color": "#56ccce",
                    "title": "ящик 13",
                    "article": "",
                    "group_id": "2qdwle9givtvbl9nyztxuugzzvimcnkg",
                    "group_title": "Группа 1"
                },
                "mass": 242.0,
                "size": {
                    "width": 600.0,
                    "height": 700.0,
                    "length": 1300.0
                },
                "sort": 2,
                "step": 1,
                "type": "box",
                "margin": {
                    "width": 0.0,
                    "height": 0.0,
                    "length": 0.0
                },
                "cargo_id": "1nyzs8j6eymtgwnrgj1wflihnwgvgrdi",
                "position": {
                    "x": 412.0,
                    "y": 0.0,
                    "z": 1752.0
                },
                "stacking": true,
                "turnover": false,
                "rotation_state": 0,
                "stacking_limit": 0.0,
                "calculated_size": {
                    "width": 600.0,
                    "height": 700.0,
                    "length": 1300.0
                },
                "virtual_positions": null
            },
            {
                "id": 17,
                "info": {
                    "color": "#56ccce",
                    "title": "ящик 13",
                    "article": "",
                    "group_id": "2qdwle9givtvbl9nyztxuugzzvimcnkg",
                    "group_title": "Группа 1"
                },
                "mass": 242.0,
                "size": {
                    "width": 600.0,
                    "height": 700.0,
                    "length": 1300.0
                },
                "sort": 2,
                "step": 2,
                "type": "box",
                "margin": {
                    "width": 0.0,
                    "height": 0.0,
                    "length": 0.0
                },
                "cargo_id": "1nyzs8j6eymtgwnrgj1wflihnwgvgrdi",
                "position": {
                    "x": 192.0,
                    "y": 0.0,
                    "z": 0.0
                },
                "stacking": true,
                "turnover": false,
                "rotation_state": 1,
                "stacking_limit": 0.0,
                "calculated_size": {
                    "width": 1300.0,
                    "height": 700.0,
                    "length": 600.0
                },
                "virtual_positions": null
            },
            {
                "id": 25,
                "info": {
                    "color": "#56ccce",
                    "title": "ящик 13",
                    "article": "",
                    "group_id": "2qdwle9givtvbl9nyztxuugzzvimcnkg",
                    "group_title": "Группа 1"
                },
                "mass": 242.0,
                "size": {
                    "width": 600.0,
                    "height": 700.0,
                    "length": 1300.0
                },
                "sort": 2,
                "step": 3,
                "type": "box",
                "margin": {
                    "width": 0.0,
                    "height": 0.0,
                    "length": 0.0
                },
                "cargo_id": "1nyzs8j6eymtgwnrgj1wflihnwgvgrdi",
                "position": {
                    "x": 192.0,
                    "y": 700.0,
                    "z": 0.0
                },
                "stacking": true,
                "turnover": false,
                "rotation_state": 1,
                "stacking_limit": 0.0,
                "calculated_size": {
                    "width": 1300.0,
                    "height": 700.0,
                    "length": 600.0
                },
                "virtual_positions": null
            },
            {
                "id": 13,
                "info": {
                    "color": "#c65647",
                    "title": "ящик 14",
                    "article": "",
                    "group_id": "1izium799xbremqbcepkzxjgunedcpys",
                    "group_title": "Группа 2"
                },
                "mass": 397.0,
                "size": {
                    "width": 760.0,
                    "height": 740.0,
                    "length": 1400.0
                },
                "sort": 1,
                "step": 4,
                "type": "box",
                "margin": {
                    "width": 0.0,
                    "height": 0.0,
                    "length": 0.0
                },
                "cargo_id": "29ygkjunaybkpc9bgyhwfg9ucmtrkday",
                "position": {
                    "x": 792.0,
                    "y": 0.0,
                    "z": 0.0
                },
                "stacking": false,
                "turnover": false,
                "rotation_state": 1,
                "stacking_limit": 0.0,
                "calculated_size": {
                    "width": 1400.0,
                    "height": 740.0,
                    "length": 760.0
                },
                "virtual_positions": null
            },
            {
                "id": 21,
                "info": {
                    "color": "#56ccce",
                    "title": "ящик 13",
                    "article": "",
                    "group_id": "2qdwle9givtvbl9nyztxuugzzvimcnkg",
                    "group_title": "Группа 1"
                },
                "mass": 242.0,
                "size": {
                    "width": 600.0,
                    "height": 700.0,
                    "length": 1300.0
                },
                "sort": 2,
                "step": 5,
                "type": "box",
                "margin": {
                    "width": 0.0,
                    "height": 0.0,
                    "length": 0.0
                },
                "cargo_id": "1nyzs8j6eymtgwnrgj1wflihnwgvgrdi",
                "position": {
                    "x": 1712.0,
                    "y": 0.0,
                    "z": 1752.0
                },
                "stacking": true,
                "turnover": false,
                "rotation_state": 0,
                "stacking_limit": 0.0,
                "calculated_size": {
                    "width": 600.0,
                    "height": 700.0,
                    "length": 1300.0
                },
                "virtual_positions": null
            },
            {
                "id": 11,
                "info": {
                    "color": "#c65647",
                    "title": "ящик 14",
                    "article": "",
                    "group_id": "1izium799xbremqbcepkzxjgunedcpys",
                    "group_title": "Группа 2"
                },
                "mass": 397.0,
                "size": {
                    "width": 760.0,
                    "height": 740.0,
                    "length": 1400.0
                },
                "sort": 1,
                "step": 6,
                "type": "box",
                "margin": {
                    "width": 0.0,
                    "height": 0.0,
                    "length": 0.0
                },
                "cargo_id": "29ygkjunaybkpc9bgyhwfg9ucmtrkday",
                "position": {
                    "x": 1552.0,
                    "y": 0.0,
                    "z": 0.0
                },
                "stacking": false,
                "turnover": false,
                "rotation_state": 1,
                "stacking_limit": 0.0,
                "calculated_size": {
                    "width": 1400.0,
                    "height": 740.0,
                    "length": 760.0
                },
                "virtual_positions": null
            },
            {
                "id": 29,
                "info": {
                    "color": "#56ccce",
                    "title": "ящик 13",
                    "article": "",
                    "group_id": "2qdwle9givtvbl9nyztxuugzzvimcnkg",
                    "group_title": "Группа 1"
                },
                "mass": 242.0,
                "size": {
                    "width": 600.0,
                    "height": 700.0,
                    "length": 1300.0
                },
                "sort": 2,
                "step": 7,
                "type": "box",
                "margin": {
                    "width": 0.0,
                    "height": 0.0,
                    "length": 0.0
                },
                "cargo_id": "1nyzs8j6eymtgwnrgj1wflihnwgvgrdi",
                "position": {
                    "x": 1712.0,
                    "y": 700.0,
                    "z": 1752.0
                },
                "stacking": true,
                "turnover": false,
                "rotation_state": 0,
                "stacking_limit": 0.0,
                "calculated_size": {
                    "width": 600.0,
                    "height": 700.0,
                    "length": 1300.0
                },
                "virtual_positions": null
            },
            {
                "id": 9,
                "info": {
                    "color": "#c65647",
                    "title": "ящик 14",
                    "article": "",
                    "group_id": "1izium799xbremqbcepkzxjgunedcpys",
                    "group_title": "Группа 2"
                },
                "mass": 397.0,
                "size": {
                    "width": 760.0,
                    "height": 740.0,
                    "length": 1400.0
                },
                "sort": 1,
                "step": 8,
                "type": "box",
                "margin": {
                    "width": 0.0,
                    "height": 0.0,
                    "length": 0.0
                },
                "cargo_id": "29ygkjunaybkpc9bgyhwfg9ucmtrkday",
                "position": {
                    "x": 2312.0,
                    "y": 0.0,
                    "z": 0.0
                },
                "stacking": false,
                "turnover": false,
                "rotation_state": 1,
                "stacking_limit": 0.0,
                "calculated_size": {
                    "width": 1400.0,
                    "height": 740.0,
                    "length": 760.0
                },
                "virtual_positions": null
            },
            {
                "id": 19,
                "info": {
                    "color": "#56ccce",
                    "title": "ящик 13",
                    "article": "",
                    "group_id": "2qdwle9givtvbl9nyztxuugzzvimcnkg",
                    "group_title": "Группа 1"
                },
                "mass": 242.0,
                "size": {
                    "width": 600.0,
                    "height": 700.0,
                    "length": 1300.0
                },
                "sort": 2,
                "step": 9,
                "type": "box",
                "margin": {
                    "width": 0.0,
                    "height": 0.0,
                    "length": 0.0
                },
                "cargo_id": "1nyzs8j6eymtgwnrgj1wflihnwgvgrdi",
                "position": {
                    "x": 3012.0,
                    "y": 0.0,
                    "z": 1752.0
                },
                "stacking": true,
                "turnover": false,
                "rotation_state": 0,
                "stacking_limit": 0.0,
                "calculated_size": {
                    "width": 600.0,
                    "height": 700.0,
                    "length": 1300.0
                },
                "virtual_positions": null
            },
            {
                "id": 27,
                "info": {
                    "color": "#56ccce",
                    "title": "ящик 13",
                    "article": "",
                    "group_id": "2qdwle9givtvbl9nyztxuugzzvimcnkg",
                    "group_title": "Группа 1"
                },
                "mass": 242.0,
                "size": {
                    "width": 600.0,
                    "height": 700.0,
                    "length": 1300.0
                },
                "sort": 2,
                "step": 10,
                "type": "box",
                "margin": {
                    "width": 0.0,
                    "height": 0.0,
                    "length": 0.0
                },
                "cargo_id": "1nyzs8j6eymtgwnrgj1wflihnwgvgrdi",
                "position": {
                    "x": 3012.0,
                    "y": 700.0,
                    "z": 1752.0
                },
                "stacking": true,
                "turnover": false,
                "rotation_state": 0,
                "stacking_limit": 0.0,
                "calculated_size": {
                    "width": 600.0,
                    "height": 700.0,
                    "length": 1300.0
                },
                "virtual_positions": null
            },
            {
                "id": 7,
                "info": {
                    "color": "#c65647",
                    "title": "ящик 14",
                    "article": "",
                    "group_id": "1izium799xbremqbcepkzxjgunedcpys",
                    "group_title": "Группа 2"
                },
                "mass": 397.0,
                "size": {
                    "width": 760.0,
                    "height": 740.0,
                    "length": 1400.0
                },
                "sort": 1,
                "step": 11,
                "type": "box",
                "margin": {
                    "width": 0.0,
                    "height": 0.0,
                    "length": 0.0
                },
                "cargo_id": "29ygkjunaybkpc9bgyhwfg9ucmtrkday",
                "position": {
                    "x": 3072.0,
                    "y": 0.0,
                    "z": 0.0
                },
                "stacking": false,
                "turnover": false,
                "rotation_state": 1,
                "stacking_limit": 0.0,
                "calculated_size": {
                    "width": 1400.0,
                    "height": 740.0,
                    "length": 760.0
                },
                "virtual_positions": null
            },
            {
                "id": 5,
                "info": {
                    "color": "#c65647",
                    "title": "ящик 14",
                    "article": "",
                    "group_id": "1izium799xbremqbcepkzxjgunedcpys",
                    "group_title": "Группа 2"
                },
                "mass": 397.0,
                "size": {
                    "width": 760.0,
                    "height": 740.0,
                    "length": 1400.0
                },
                "sort": 1,
                "step": 12,
                "type": "box",
                "margin": {
                    "width": 0.0,
                    "height": 0.0,
                    "length": 0.0
                },
                "cargo_id": "29ygkjunaybkpc9bgyhwfg9ucmtrkday",
                "position": {
                    "x": 3832.0,
                    "y": 0.0,
                    "z": 0.0
                },
                "stacking": false,
                "turnover": false,
                "rotation_state": 1,
                "stacking_limit": 0.0,
                "calculated_size": {
                    "width": 1400.0,
                    "height": 740.0,
                    "length": 760.0
                },
                "virtual_positions": null
            },
            {
                "id": 15,
                "info": {
                    "color": "#c65647",
                    "title": "ящик 14",
                    "article": "",
                    "group_id": "1izium799xbremqbcepkzxjgunedcpys",
                    "group_title": "Группа 2"
                },
                "mass": 397.0,
                "size": {
                    "width": 760.0,
                    "height": 740.0,
                    "length": 1400.0
                },
                "sort": 1,
                "step": 13,
                "type": "box",
                "margin": {
                    "width": 0.0,
                    "height": 0.0,
                    "length": 0.0
                },
                "cargo_id": "29ygkjunaybkpc9bgyhwfg9ucmtrkday",
                "position": {
                    "x": 4312.0,
                    "y": 0.0,
                    "z": 1592.0
                },
                "stacking": false,
                "turnover": false,
                "rotation_state": 0,
                "stacking_limit": 0.0,
                "calculated_size": {
                    "width": 760.0,
                    "height": 740.0,
                    "length": 1400.0
                },
                "virtual_positions": null
            },
            {
                "id": 3,
                "info": {
                    "color": "#c65647",
                    "title": "ящик 14",
                    "article": "",
                    "group_id": "1izium799xbremqbcepkzxjgunedcpys",
                    "group_title": "Группа 2"
                },
                "mass": 397.0,
                "size": {
                    "width": 760.0,
                    "height": 740.0,
                    "length": 1400.0
                },
                "sort": 1,
                "step": 14,
                "type": "box",
                "margin": {
                    "width": 0.0,
                    "height": 0.0,
                    "length": 0.0
                },
                "cargo_id": "29ygkjunaybkpc9bgyhwfg9ucmtrkday",
                "position": {
                    "x": 4592.0,
                    "y": 0.0,
                    "z": 0.0
                },
                "stacking": false,
                "turnover": false,
                "rotation_state": 1,
                "stacking_limit": 0.0,
                "calculated_size": {
                    "width": 1400.0,
                    "height": 740.0,
                    "length": 760.0
                },
                "virtual_positions": null
            },
            {
                "id": 14,
                "info": {
                    "color": "#c65647",
                    "title": "ящик 14",
                    "article": "",
                    "group_id": "1izium799xbremqbcepkzxjgunedcpys",
                    "group_title": "Группа 2"
                },
                "mass": 397.0,
                "size": {
                    "width": 760.0,
                    "height": 740.0,
                    "length": 1400.0
                },
                "sort": 1,
                "step": 15,
                "type": "box",
                "margin": {
                    "width": 0.0,
                    "height": 0.0,
                    "length": 0.0
                },
                "cargo_id": "29ygkjunaybkpc9bgyhwfg9ucmtrkday",
                "position": {
                    "x": 5712.0,
                    "y": 0.0,
                    "z": 1592.0
                },
                "stacking": false,
                "turnover": false,
                "rotation_state": 0,
                "stacking_limit": 0.0,
                "calculated_size": {
                    "width": 760.0,
                    "height": 740.0,
                    "length": 1400.0
                },
                "virtual_positions": null
            },
            {
                "id": 1,
                "info": {
                    "color": "#c65647",
                    "title": "ящик 14",
                    "article": "",
                    "group_id": "1izium799xbremqbcepkzxjgunedcpys",
                    "group_title": "Группа 2"
                },
                "mass": 397.0,
                "size": {
                    "width": 760.0,
                    "height": 740.0,
                    "length": 1400.0
                },
                "sort": 1,
                "step": 16,
                "type": "box",
                "margin": {
                    "width": 0.0,
                    "height": 0.0,
                    "length": 0.0
                },
                "cargo_id": "29ygkjunaybkpc9bgyhwfg9ucmtrkday",
                "position": {
                    "x": 5352.0,
                    "y": 0.0,
                    "z": 0.0
                },
                "stacking": false,
                "turnover": false,
                "rotation_state": 1,
                "stacking_limit": 0.0,
                "calculated_size": {
                    "width": 1400.0,
                    "height": 740.0,
                    "length": 760.0
                },
                "virtual_positions": null
            },
            {
                "id": 0,
                "info": {
                    "color": "#c65647",
                    "title": "ящик 14",
                    "article": "",
                    "group_id": "1izium799xbremqbcepkzxjgunedcpys",
                    "group_title": "Группа 2"
                },
                "mass": 397.0,
                "size": {
                    "width": 760.0,
                    "height": 740.0,
                    "length": 1400.0
                },
                "sort": 1,
                "step": 17,
                "type": "box",
                "margin": {
                    "width": 0.0,
                    "height": 0.0,
                    "length": 0.0
                },
                "cargo_id": "29ygkjunaybkpc9bgyhwfg9ucmtrkday",
                "position": {
                    "x": 6112.0,
                    "y": 0.0,
                    "z": 0.0
                },
                "stacking": false,
                "turnover": false,
                "rotation_state": 1,
                "stacking_limit": 0.0,
                "calculated_size": {
                    "width": 1400.0,
                    "height": 740.0,
                    "length": 760.0
                },
                "virtual_positions": null
            },
            {
                "id": 18,
                "info": {
                    "color": "#56ccce",
                    "title": "ящик 13",
                    "article": "",
                    "group_id": "2qdwle9givtvbl9nyztxuugzzvimcnkg",
                    "group_title": "Группа 1"
                },
                "mass": 242.0,
                "size": {
                    "width": 600.0,
                    "height": 700.0,
                    "length": 1300.0
                },
                "sort": 2,
                "step": 18,
                "type": "box",
                "margin": {
                    "width": 0.0,
                    "height": 0.0,
                    "length": 0.0
                },
                "cargo_id": "1nyzs8j6eymtgwnrgj1wflihnwgvgrdi",
                "position": {
                    "x": 7112.0,
                    "y": 0.0,
                    "z": 1752.0
                },
                "stacking": true,
                "turnover": false,
                "rotation_state": 0,
                "stacking_limit": 0.0,
                "calculated_size": {
                    "width": 600.0,
                    "height": 700.0,
                    "length": 1300.0
                },
                "virtual_positions": null
            },
            {
                "id": 2,
                "info": {
                    "color": "#c65647",
                    "title": "ящик 14",
                    "article": "",
                    "group_id": "1izium799xbremqbcepkzxjgunedcpys",
                    "group_title": "Группа 2"
                },
                "mass": 397.0,
                "size": {
                    "width": 760.0,
                    "height": 740.0,
                    "length": 1400.0
                },
                "sort": 1,
                "step": 19,
                "type": "box",
                "margin": {
                    "width": 0.0,
                    "height": 0.0,
                    "length": 0.0
                },
                "cargo_id": "29ygkjunaybkpc9bgyhwfg9ucmtrkday",
                "position": {
                    "x": 6872.0,
                    "y": 0.0,
                    "z": 0.0
                },
                "stacking": false,
                "turnover": false,
                "rotation_state": 1,
                "stacking_limit": 0.0,
                "calculated_size": {
                    "width": 1400.0,
                    "height": 740.0,
                    "length": 760.0
                },
                "virtual_positions": null
            },
            {
                "id": 26,
                "info": {
                    "color": "#56ccce",
                    "title": "ящик 13",
                    "article": "",
                    "group_id": "2qdwle9givtvbl9nyztxuugzzvimcnkg",
                    "group_title": "Группа 1"
                },
                "mass": 242.0,
                "size": {
                    "width": 600.0,
                    "height": 700.0,
                    "length": 1300.0
                },
                "sort": 2,
                "step": 20,
                "type": "box",
                "margin": {
                    "width": 0.0,
                    "height": 0.0,
                    "length": 0.0
                },
                "cargo_id": "1nyzs8j6eymtgwnrgj1wflihnwgvgrdi",
                "position": {
                    "x": 7112.0,
                    "y": 700.0,
                    "z": 1752.0
                },
                "stacking": true,
                "turnover": false,
                "rotation_state": 0,
                "stacking_limit": 0.0,
                "calculated_size": {
                    "width": 600.0,
                    "height": 700.0,
                    "length": 1300.0
                },
                "virtual_positions": null
            },
            {
                "id": 4,
                "info": {
                    "color": "#c65647",
                    "title": "ящик 14",
                    "article": "",
                    "group_id": "1izium799xbremqbcepkzxjgunedcpys",
                    "group_title": "Группа 2"
                },
                "mass": 397.0,
                "size": {
                    "width": 760.0,
                    "height": 740.0,
                    "length": 1400.0
                },
                "sort": 1,
                "step": 21,
                "type": "box",
                "margin": {
                    "width": 0.0,
                    "height": 0.0,
                    "length": 0.0
                },
                "cargo_id": "29ygkjunaybkpc9bgyhwfg9ucmtrkday",
                "position": {
                    "x": 7632.0,
                    "y": 0.0,
                    "z": 0.0
                },
                "stacking": false,
                "turnover": false,
                "rotation_state": 1,
                "stacking_limit": 0.0,
                "calculated_size": {
                    "width": 1400.0,
                    "height": 740.0,
                    "length": 760.0
                },
                "virtual_positions": null
            },
            {
                "id": 20,
                "info": {
                    "color": "#56ccce",
                    "title": "ящик 13",
                    "article": "",
                    "group_id": "2qdwle9givtvbl9nyztxuugzzvimcnkg",
                    "group_title": "Группа 1"
                },
                "mass": 242.0,
                "size": {
                    "width": 600.0,
                    "height": 700.0,
                    "length": 1300.0
                },
                "sort": 2,
                "step": 22,
                "type": "box",
                "margin": {
                    "width": 0.0,
                    "height": 0.0,
                    "length": 0.0
                },
                "cargo_id": "1nyzs8j6eymtgwnrgj1wflihnwgvgrdi",
                "position": {
                    "x": 8412.0,
                    "y": 0.0,
                    "z": 1752.0
                },
                "stacking": true,
                "turnover": false,
                "rotation_state": 0,
                "stacking_limit": 0.0,
                "calculated_size": {
                    "width": 600.0,
                    "height": 700.0,
                    "length": 1300.0
                },
                "virtual_positions": null
            },
            {
                "id": 6,
                "info": {
                    "color": "#c65647",
                    "title": "ящик 14",
                    "article": "",
                    "group_id": "1izium799xbremqbcepkzxjgunedcpys",
                    "group_title": "Группа 2"
                },
                "mass": 397.0,
                "size": {
                    "width": 760.0,
                    "height": 740.0,
                    "length": 1400.0
                },
                "sort": 1,
                "step": 23,
                "type": "box",
                "margin": {
                    "width": 0.0,
                    "height": 0.0,
                    "length": 0.0
                },
                "cargo_id": "29ygkjunaybkpc9bgyhwfg9ucmtrkday",
                "position": {
                    "x": 8392.0,
                    "y": 0.0,
                    "z": 0.0
                },
                "stacking": false,
                "turnover": false,
                "rotation_state": 1,
                "stacking_limit": 0.0,
                "calculated_size": {
                    "width": 1400.0,
                    "height": 740.0,
                    "length": 760.0
                },
                "virtual_positions": null
            },
            {
                "id": 28,
                "info": {
                    "color": "#56ccce",
                    "title": "ящик 13",
                    "article": "",
                    "group_id": "2qdwle9givtvbl9nyztxuugzzvimcnkg",
                    "group_title": "Группа 1"
                },
                "mass": 242.0,
                "size": {
                    "width": 600.0,
                    "height": 700.0,
                    "length": 1300.0
                },
                "sort": 2,
                "step": 24,
                "type": "box",
                "margin": {
                    "width": 0.0,
                    "height": 0.0,
                    "length": 0.0
                },
                "cargo_id": "1nyzs8j6eymtgwnrgj1wflihnwgvgrdi",
                "position": {
                    "x": 8412.0,
                    "y": 700.0,
                    "z": 1752.0
                },
                "stacking": true,
                "turnover": false,
                "rotation_state": 0,
                "stacking_limit": 0.0,
                "calculated_size": {
                    "width": 600.0,
                    "height": 700.0,
                    "length": 1300.0
                },
                "virtual_positions": null
            },
            {
                "id": 8,
                "info": {
                    "color": "#c65647",
                    "title": "ящик 14",
                    "article": "",
                    "group_id": "1izium799xbremqbcepkzxjgunedcpys",
                    "group_title": "Группа 2"
                },
                "mass": 397.0,
                "size": {
                    "width": 760.0,
                    "height": 740.0,
                    "length": 1400.0
                },
                "sort": 1,
                "step": 25,
                "type": "box",
                "margin": {
                    "width": 0.0,
                    "height": 0.0,
                    "length": 0.0
                },
                "cargo_id": "29ygkjunaybkpc9bgyhwfg9ucmtrkday",
                "position": {
                    "x": 9152.0,
                    "y": 0.0,
                    "z": 0.0
                },
                "stacking": false,
                "turnover": false,
                "rotation_state": 1,
                "stacking_limit": 0.0,
                "calculated_size": {
                    "width": 1400.0,
                    "height": 740.0,
                    "length": 760.0
                },
                "virtual_positions": null
            },
            {
                "id": 22,
                "info": {
                    "color": "#56ccce",
                    "title": "ящик 13",
                    "article": "",
                    "group_id": "2qdwle9givtvbl9nyztxuugzzvimcnkg",
                    "group_title": "Группа 1"
                },
                "mass": 242.0,
                "size": {
                    "width": 600.0,
                    "height": 700.0,
                    "length": 1300.0
                },
                "sort": 2,
                "step": 26,
                "type": "box",
                "margin": {
                    "width": 0.0,
                    "height": 0.0,
                    "length": 0.0
                },
                "cargo_id": "1nyzs8j6eymtgwnrgj1wflihnwgvgrdi",
                "position": {
                    "x": 9712.0,
                    "y": 0.0,
                    "z": 1752.0
                },
                "stacking": true,
                "turnover": false,
                "rotation_state": 0,
                "stacking_limit": 0.0,
                "calculated_size": {
                    "width": 600.0,
                    "height": 700.0,
                    "length": 1300.0
                },
                "virtual_positions": null
            },
            {
                "id": 10,
                "info": {
                    "color": "#c65647",
                    "title": "ящик 14",
                    "article": "",
                    "group_id": "1izium799xbremqbcepkzxjgunedcpys",
                    "group_title": "Группа 2"
                },
                "mass": 397.0,
                "size": {
                    "width": 760.0,
                    "height": 740.0,
                    "length": 1400.0
                },
                "sort": 1,
                "step": 27,
                "type": "box",
                "margin": {
                    "width": 0.0,
                    "height": 0.0,
                    "length": 0.0
                },
                "cargo_id": "29ygkjunaybkpc9bgyhwfg9ucmtrkday",
                "position": {
                    "x": 9912.0,
                    "y": 0.0,
                    "z": 0.0
                },
                "stacking": false,
                "turnover": false,
                "rotation_state": 1,
                "stacking_limit": 0.0,
                "calculated_size": {
                    "width": 1400.0,
                    "height": 740.0,
                    "length": 760.0
                },
                "virtual_positions": null
            },
            {
                "id": 12,
                "info": {
                    "color": "#c65647",
                    "title": "ящик 14",
                    "article": "",
                    "group_id": "1izium799xbremqbcepkzxjgunedcpys",
                    "group_title": "Группа 2"
                },
                "mass": 397.0,
                "size": {
                    "width": 760.0,
                    "height": 740.0,
                    "length": 1400.0
                },
                "sort": 1,
                "step": 28,
                "type": "box",
                "margin": {
                    "width": 0.0,
                    "height": 0.0,
                    "length": 0.0
                },
                "cargo_id": "29ygkjunaybkpc9bgyhwfg9ucmtrkday",
                "position": {
                    "x": 10672.0,
                    "y": 0.0,
                    "z": 0.0
                },
                "stacking": false,
                "turnover": false,
                "rotation_state": 1,
                "stacking_limit": 0.0,
                "calculated_size": {
                    "width": 1400.0,
                    "height": 740.0,
                    "length": 760.0
                },
                "virtual_positions": null
            },
            {
                "id": 16,
                "info": {
                    "color": "#56ccce",
                    "title": "ящик 13",
                    "article": "",
                    "group_id": "2qdwle9givtvbl9nyztxuugzzvimcnkg",
                    "group_title": "Группа 1"
                },
                "mass": 242.0,
                "size": {
                    "width": 600.0,
                    "height": 700.0,
                    "length": 1300.0
                },
                "sort": 2,
                "step": 29,
                "type": "box",
                "margin": {
                    "width": 0.0,
                    "height": 0.0,
                    "length": 0.0
                },
                "cargo_id": "1nyzs8j6eymtgwnrgj1wflihnwgvgrdi",
                "position": {
                    "x": 11432.0,
                    "y": 0.0,
                    "z": 0.0
                },
                "stacking": true,
                "turnover": false,
                "rotation_state": 1,
                "stacking_limit": 0.0,
                "calculated_size": {
                    "width": 1300.0,
                    "height": 700.0,
                    "length": 600.0
                },
                "virtual_positions": null
            },
            {
                "id": 24,
                "info": {
                    "color": "#56ccce",
                    "title": "ящик 13",
                    "article": "",
                    "group_id": "2qdwle9givtvbl9nyztxuugzzvimcnkg",
                    "group_title": "Группа 1"
                },
                "mass": 242.0,
                "size": {
                    "width": 600.0,
                    "height": 700.0,
                    "length": 1300.0
                },
                "sort": 2,
                "step": 30,
                "type": "box",
                "margin": {
                    "width": 0.0,
                    "height": 0.0,
                    "length": 0.0
                },
                "cargo_id": "1nyzs8j6eymtgwnrgj1wflihnwgvgrdi",
                "position": {
                    "x": 11432.0,
                    "y": 700.0,
                    "z": 0.0
                },
                "stacking": true,
                "turnover": false,
                "rotation_state": 1,
                "stacking_limit": 0.0,
                "calculated_size": {
                    "width": 1300.0,
                    "height": 700.0,
                    "length": 600.0
                },
                "virtual_positions": null
            }
        ],
        "version": 5,
        "cargo_space": {
            "id": 267,
            "info": {
                "uid": "267_0",
                "sort": 0,
                "title": "40' DV (valid)"
            },
            "mass": 4000.0,
            "size": {
                "width": 2438.0,
                "height": 2591.0,
                "length": 12192.0
            },
            "type": "container",
            "indentation": {
                "width": 43.0,
                "height": 0.0,
                "length": 80.0,
                "height_top": 198.0,
                "length_end": 80.0,
                "width_right": 43.0
            },
            "loading_size": {
                "width": 2352.0,
                "height": 2393.0,
                "length": 12032.0
            },
            "calculation_info": {
                "step_count": 30,
                "cargos_mass": 9.74,
                "load_volume": 67.720138752,
                "cargos_volume": 20.24176,
                "count_cargoes": 30,
                "load_capacity": 26.84,
                "loading_height": 1.4,
                "density_percent": 51.57113,
                "remaining_volume": 47.47838,
                "void_space_percent": 70.10969,
                "filling_space_percent": 29.89031
            },
            "carrying_capacity": 26840.0,
            "real_center_of_gravity": [
                5980.008213552363,
                467.39630390143736,
                1134.641478439425
            ],
            "ideal_center_of_gravity": [
                6016.0,
                0.0,
                1176.0
            ]
        },
        "cargo_groups": [],
        "packing_type": "PackingContainerPoint",
        "calculation_id": 16306,
        "invalid_errors": [],
        "unpacked_errors": [],
        "validate_errors": [],
        "is_packed_same_boxes": false
    }
}