{
    "data": {
        "cargoes": [
            {
                "info": {
                    "color": "#25589b",
                    "title": "1",
                    "article": "",
                    "group_id": "135qs89czbx1ixv8f3juwtttyzdftz6w",
                    "group_title": "Группа 1"
                },
                "mass": 3.0,
                "size": {
                    "width": 550,
                    "height": 810,
                    "length": 330
                },
                "sort": 1,
                "type": "box",
                "count": 12,
                "margin": {
                    "width": 0,
                    "height": 0,
                    "length": 0
                },
                "cargo_id": "p5jkeoe3vtizaolfpdlmi6w6aoyxrtkh",
                "stacking": true,
                "turnover": true,
                "margin_width": 0,
                "margin_length": 0,
                "stacking_limit": 0
            }
        ],
        "settings": {
            "rank": false,
            "max_step": 100,
            "min_step": 50,
            "usersort": false,
            "hardlimit": 1801,
            "timelimit": 1800,
            "step_scaling": 10
        },
        "put_boxes": [],
        "initial_id": 0,
        "cargo_space": {
            "id": 98,
            "info": {
                "uid": "98_0",
                "sort": 0,
                "title": "American 1",
                "margin": {
                    "width": 0,
                    "height": 0,
                    "length": 0
                }
            },
            "mass": 24,
            "size": {
                "width": 1000,
                "height": 200,
                "length": 1200
            },
            "type": "pallet",
            "axles": [],
            "title": "American 1",
            "margin": {
                "width": 0,
                "height": 0,
                "length": 0
            },
            "indentation": {
                "width": 0,
                "height": 0,
                "length": 0,
                "height_top": 0,
                "length_end": 0,
                "width_right": 0
            },
            "loading_size": {
                "width": 1000,
                "height": 2000,
                "length": 1200
            },
            "carrying_capacity": 1500
        },
        "calculation_id": "16677"
    },
    "data_result": {
        "boxes": [
            {
                "id": 0,
                "info": {
                    "color": "#25589b",
                    "title": "1",
                    "article": "",
                    "group_id": "135qs89czbx1ixv8f3juwtttyzdftz6w",
                    "group_title": "Группа 1"
                },
                "mass": 3.0,
                "size": {
                    "width": 550.0,
                    "height": 810.0,
                    "length": 330.0
                },
                "sort": 1,
                "step": 1,
                "type": "box",
                "margin": {
                    "width": 0.0,
                    "height": 0.0,
                    "length": 0.0
                },
                "cargo_id": "p5jkeoe3vtizaolfpdlmi6w6aoyxrtkh",
                "position": {
                    "x": 0.0,
                    "y": 0.0,
                    "z": 0.0
                },
                "stacking": true,
                "turnover": true,
                "rotation_state": 4,
                "stacking_limit": 0.0,
                "calculated_size": {
                    "width": 810.0,
                    "height": 330.0,
                    "length": 550.0
                },
                "virtual_positions": null
            },
            {
                "id": 1,
                "info": {
                    "color": "#25589b",
                    "title": "1",
                    "article": "",
                    "group_id": "135qs89czbx1ixv8f3juwtttyzdftz6w",
                    "group_title": "Группа 1"
                },
                "mass": 3.0,
                "size": {
                    "width": 550.0,
                    "height": 810.0,
                    "length": 330.0
                },
                "sort": 1,
                "step": 2,
                "type": "box",
                "margin": {
                    "width": 0.0,
                    "height": 0.0,
                    "length": 0.0
                },
                "cargo_id": "p5jkeoe3vtizaolfpdlmi6w6aoyxrtkh",
                "position": {
                    "x": 550.0,
                    "y": 0.0,
                    "z": 0.0
                },
                "stacking": true,
                "turnover": true,
                "rotation_state": 4,
                "stacking_limit": 0.0,
                "calculated_size": {
                    "width": 810.0,
                    "height": 330.0,
                    "length": 550.0
                },
                "virtual_positions": null
            },
            {
                "id": 2,
                "info": {
                    "color": "#25589b",
                    "title": "1",
                    "article": "",
                    "group_id": "135qs89czbx1ixv8f3juwtttyzdftz6w",
                    "group_title": "Группа 1"
                },
                "mass": 3.0,
                "size": {
                    "width": 550.0,
                    "height": 810.0,
                    "length": 330.0
                },
                "sort": 1,
                "step": 3,
                "type": "box",
                "margin": {
                    "width": 0.0,
                    "height": 0.0,
                    "length": 0.0
                },
                "cargo_id": "p5jkeoe3vtizaolfpdlmi6w6aoyxrtkh",
                "position": {
                    "x": 0.0,
                    "y": 330.0,
                    "z": 0.0
                },
                "stacking": true,
                "turnover": true,
                "rotation_state": 4,
                "stacking_limit": 0.0,
                "calculated_size": {
                    "width": 810.0,
                    "height": 330.0,
                    "length": 550.0
                },
                "virtual_positions": null
            },
            {
                "id": 3,
                "info": {
                    "color": "#25589b",
                    "title": "1",
                    "article": "",
                    "group_id": "135qs89czbx1ixv8f3juwtttyzdftz6w",
                    "group_title": "Группа 1"
                },
                "mass": 3.0,
                "size": {
                    "width": 550.0,
                    "height": 810.0,
                    "length": 330.0
                },
                "sort": 1,
                "step": 4,
                "type": "box",
                "margin": {
                    "width": 0.0,
                    "height": 0.0,
                    "length": 0.0
                },
                "cargo_id": "p5jkeoe3vtizaolfpdlmi6w6aoyxrtkh",
                "position": {
                    "x": 550.0,
                    "y": 330.0,
                    "z": 0.0
                },
                "stacking": true,
                "turnover": true,
                "rotation_state": 4,
                "stacking_limit": 0.0,
                "calculated_size": {
                    "width": 810.0,
                    "height": 330.0,
                    "length": 550.0
                },
                "virtual_positions": null
            },
            {
                "id": 4,
                "info": {
                    "color": "#25589b",
                    "title": "1",
                    "article": "",
                    "group_id": "135qs89czbx1ixv8f3juwtttyzdftz6w",
                    "group_title": "Группа 1"
                },
                "mass": 3.0,
                "size": {
                    "width": 550.0,
                    "height": 810.0,
                    "length": 330.0
                },
                "sort": 1,
                "step": 5,
                "type": "box",
                "margin": {
                    "width": 0.0,
                    "height": 0.0,
                    "length": 0.0
                },
                "cargo_id": "p5jkeoe3vtizaolfpdlmi6w6aoyxrtkh",
                "position": {
                    "x": 0.0,
                    "y": 660.0,
                    "z": 0.0
                },
                "stacking": true,
                "turnover": true,
                "rotation_state": 4,
                "stacking_limit": 0.0,
                "calculated_size": {
                    "width": 810.0,
                    "height": 330.0,
                    "length": 550.0
                },
                "virtual_positions": null
            },
            {
                "id": 5,
                "info": {
                    "color": "#25589b",
                    "title": "1",
                    "article": "",
                    "group_id": "135qs89czbx1ixv8f3juwtttyzdftz6w",
                    "group_title": "Группа 1"
                },
                "mass": 3.0,
                "size": {
                    "width": 550.0,
                    "height": 810.0,
                    "length": 330.0
                },
                "sort": 1,
                "step": 6,
                "type": "box",
                "margin": {
                    "width": 0.0,
                    "height": 0.0,
                    "length": 0.0
                },
                "cargo_id": "p5jkeoe3vtizaolfpdlmi6w6aoyxrtkh",
                "position": {
                    "x": 550.0,
                    "y": 660.0,
                    "z": 0.0
                },
                "stacking": true,
                "turnover": true,
                "rotation_state": 4,
                "stacking_limit": 0.0,
                "calculated_size": {
                    "width": 810.0,
                    "height": 330.0,
                    "length": 550.0
                },
                "virtual_positions": null
            },
            {
                "id": 6,
                "info": {
                    "color": "#25589b",
                    "title": "1",
                    "article": "",
                    "group_id": "135qs89czbx1ixv8f3juwtttyzdftz6w",
                    "group_title": "Группа 1"
                },
                "mass": 3.0,
                "size": {
                    "width": 550.0,
                    "height": 810.0,
                    "length": 330.0
                },
                "sort": 1,
                "step": 7,
                "type": "box",
                "margin": {
                    "width": 0.0,
                    "height": 0.0,
                    "length": 0.0
                },
                "cargo_id": "p5jkeoe3vtizaolfpdlmi6w6aoyxrtkh",
                "position": {
                    "x": 0.0,
                    "y": 990.0,
                    "z": 0.0
                },
                "stacking": true,
                "turnover": true,
                "rotation_state": 4,
                "stacking_limit": 0.0,
                "calculated_size": {
                    "width": 810.0,
                    "height": 330.0,
                    "length": 550.0
                },
                "virtual_positions": null
            },
            {
                "id": 7,
                "info": {
                    "color": "#25589b",
                    "title": "1",
                    "article": "",
                    "group_id": "135qs89czbx1ixv8f3juwtttyzdftz6w",
                    "group_title": "Группа 1"
                },
                "mass": 3.0,
                "size": {
                    "width": 550.0,
                    "height": 810.0,
                    "length": 330.0
                },
                "sort": 1,
                "step": 8,
                "type": "box",
                "margin": {
                    "width": 0.0,
                    "height": 0.0,
                    "length": 0.0
                },
                "cargo_id": "p5jkeoe3vtizaolfpdlmi6w6aoyxrtkh",
                "position": {
                    "x": 550.0,
                    "y": 990.0,
                    "z": 0.0
                },
                "stacking": true,
                "turnover": true,
                "rotation_state": 4,
                "stacking_limit": 0.0,
                "calculated_size": {
                    "width": 810.0,
                    "height": 330.0,
                    "length": 550.0
                },
                "virtual_positions": null
            },
            {
                "id": 8,
                "info": {
                    "color": "#25589b",
                    "title": "1",
                    "article": "",
                    "group_id": "135qs89czbx1ixv8f3juwtttyzdftz6w",
                    "group_title": "Группа 1"
                },
                "mass": 3.0,
                "size": {
                    "width": 550.0,
                    "height": 810.0,
                    "length": 330.0
                },
                "sort": 1,
                "step": 9,
                "type": "box",
                "margin": {
                    "width": 0.0,
                    "height": 0.0,
                    "length": 0.0
                },
                "cargo_id": "p5jkeoe3vtizaolfpdlmi6w6aoyxrtkh",
                "position": {
                    "x": 0.0,
                    "y": 1320.0,
                    "z": 0.0
                },
                "stacking": true,
                "turnover": true,
                "rotation_state": 4,
                "stacking_limit": 0.0,
                "calculated_size": {
                    "width": 810.0,
                    "height": 330.0,
                    "length": 550.0
                },
                "virtual_positions": null
            },
            {
                "id": 9,
                "info": {
                    "color": "#25589b",
                    "title": "1",
                    "article": "",
                    "group_id": "135qs89czbx1ixv8f3juwtttyzdftz6w",
                    "group_title": "Группа 1"
                },
                "mass": 3.0,
                "size": {
                    "width": 550.0,
                    "height": 810.0,
                    "length": 330.0
                },
                "sort": 1,
                "step": 10,
                "type": "box",
                "margin": {
                    "width": 0.0,
                    "height": 0.0,
                    "length": 0.0
                },
                "cargo_id": "p5jkeoe3vtizaolfpdlmi6w6aoyxrtkh",
                "position": {
                    "x": 550.0,
                    "y": 1320.0,
                    "z": 0.0
                },
                "stacking": true,
                "turnover": true,
                "rotation_state": 4,
                "stacking_limit": 0.0,
                "calculated_size": {
                    "width": 810.0,
                    "height": 330.0,
                    "length": 550.0
                },
                "virtual_positions": null
            },
            {
                "id": 10,
                "info": {
                    "color": "#25589b",
                    "title": "1",
                    "article": "",
                    "group_id": "135qs89czbx1ixv8f3juwtttyzdftz6w",
                    "group_title": "Группа 1"
                },
                "mass": 3.0,
                "size": {
                    "width": 550.0,
                    "height": 810.0,
                    "length": 330.0
                },
                "sort": 1,
                "step": 11,
                "type": "box",
                "margin": {
                    "width": 0.0,
                    "height": 0.0,
                    "length": 0.0
                },
                "cargo_id": "p5jkeoe3vtizaolfpdlmi6w6aoyxrtkh",
                "position": {
                    "x": 0.0,
                    "y": 1650.0,
                    "z": 0.0
                },
                "stacking": true,
                "turnover": true,
                "rotation_state": 4,
                "stacking_limit": 0.0,
                "calculated_size": {
                    "width": 810.0,
                    "height": 330.0,
                    "length": 550.0
                },
                "virtual_positions": null
            },
            {
                "id": 11,
                "info": {
                    "color": "#25589b",
                    "title": "1",
                    "article": "",
                    "group_id": "135qs89czbx1ixv8f3juwtttyzdftz6w",
                    "group_title": "Группа 1"
                },
                "mass": 3.0,
                "size": {
                    "width": 550.0,
                    "height": 810.0,
                    "length": 330.0
                },
                "sort": 1,
                "step": 12,
                "type": "box",
                "margin": {
                    "width": 0.0,
                    "height": 0.0,
                    "length": 0.0
                },
                "cargo_id": "p5jkeoe3vtizaolfpdlmi6w6aoyxrtkh",
                "position": {
                    "x": 550.0,
                    "y": 1650.0,
                    "z": 0.0
                },
                "stacking": true,
                "turnover": true,
                "rotation_state": 4,
                "stacking_limit": 0.0,
                "calculated_size": {
                    "width": 810.0,
                    "height": 330.0,
                    "length": 550.0
                },
                "virtual_positions": null
            }
        ],
        "version": 5,
        "cargo_space": {
            "id": 98,
            "info": {
                "uid": "98_0",
                "sort": 0,
                "title": "American 1",
                "margin": {
                    "width": 0,
                    "height": 0,
                    "length": 0
                }
            },
            "mass": 24.0,
            "size": {
                "width": 1000.0,
                "height": 200.0,
                "length": 1200.0
            },
            "type": "pallet",
            "indentation": {
                "width": 0.0,
                "height": 0.0,
                "length": 0.0,
                "height_top": -1800.0,
                "length_end": 0.0,
                "width_right": 0.0
            },
            "loading_size": {
                "width": 1000.0,
                "height": 2000.0,
                "length": 1200.0
            },
            "calculation_info": {
                "step_count": 12,
                "cargos_mass": 0.036,
                "load_volume": 2.4,
                "cargos_volume": 1.76418,
                "count_cargoes": 12,
                "load_capacity": 1.5,
                "loading_height": 1.98,
                "density_percent": 100.0,
                "remaining_volume": 0.63582,
                "void_space_percent": 26.4925,
                "filling_space_percent": 73.5075
            },
            "carrying_capacity": 1500.0,
            "real_center_of_gravity": [
                550.0,
                990.0,
                405.0
            ],
            "ideal_center_of_gravity": [
                600.0,
                0.0,
                500.0
            ]
        },
        "cargo_groups": [],
        "packing_type": "PackingPalletBlocks",
        "calculation_id": 16677,
        "invalid_errors": [],
        "unpacked_errors": [],
        "validate_errors": [
            "ERROR_INDENTATION"
        ],
        "is_packed_same_boxes": true
    }
}