{
    "data": {
        "cargoes": [
            {
                "info": {
                    "color": "#bf701c",
                    "title": "G35597480 Gedina A T15T24 NE 600x600x15",
                    "article": "G35597480",
                    "group_id": "1fla6bsrqp4ffg9m5nk3as6vdkpclaee",
                    "group_title": "Группа 1"
                },
                "mass": 18.0,
                "size": {
                    "width": 1220,
                    "height": 2600,
                    "length": 1220
                },
                "sort": 1,
                "type": "box",
                "count": 1,
                "margin": {
                    "width": 0,
                    "height": 0,
                    "length": 0
                },
                "cargo_id": "huf9oh8adftazwgl32cwmyhh1pwo0yfr",
                "stacking": false,
                "turnover": false,
                "margin_width": 0,
                "margin_length": 0,
                "stacking_limit": 0
            },
            {
                "info": {
                    "color": "#bf701c",
                    "title": "G35597480 Gedina A T15T24 NE 600x600x15",
                    "article": "G35597480",
                    "group_id": "1fla6bsrqp4ffg9m5nk3as6vdkpclaee",
                    "group_title": "Группа 1"
                },
                "mass": 2.0,
                "size": {
                    "width": 1220,
                    "height": 500,
                    "length": 1220
                },
                "sort": 1,
                "type": "box",
                "count": 1,
                "margin": {
                    "width": 0,
                    "height": 0,
                    "length": 0
                },
                "cargo_id": "c1rtkn3jsyfgsa0cj5oeivmuzudunlel",
                "stacking": false,
                "turnover": false,
                "margin_width": 0,
                "margin_length": 0,
                "stacking_limit": 0
            },
            {
                "info": {
                    "color": "#ffbb4f",
                    "title": "G35446739 Solo Baffleanchor  1800x300x40",
                    "article": "G35446739",
                    "group_id": "1fla6bsrqp4ffg9m5nk3as6vdkpclaee",
                    "group_title": "Группа 1"
                },
                "mass": 22.5,
                "size": {
                    "width": 800,
                    "height": 2370,
                    "length": 2000
                },
                "sort": 1,
                "type": "box",
                "count": 7,
                "margin": {
                    "width": 0,
                    "height": 0,
                    "length": 0
                },
                "cargo_id": "oeu7ccdlpukphtus9kqm9jkskbhmupi1",
                "stacking": false,
                "turnover": false,
                "margin_width": 0,
                "margin_length": 0,
                "stacking_limit": 0
            },
            {
                "info": {
                    "color": "#ffbb4f",
                    "title": "G35446739 Solo Baffleanchor  1800x300x40",
                    "article": "G35446739",
                    "group_id": "1fla6bsrqp4ffg9m5nk3as6vdkpclaee",
                    "group_title": "Группа 1"
                },
                "mass": 7.0,
                "size": {
                    "width": 800,
                    "height": 1000,
                    "length": 2000
                },
                "sort": 1,
                "type": "box",
                "count": 1,
                "margin": {
                    "width": 0,
                    "height": 0,
                    "length": 0
                },
                "cargo_id": "e6mnhzpf6ievlibjdcwmttz7bn4vsgpj",
                "stacking": false,
                "turnover": false,
                "margin_width": 0,
                "margin_length": 0,
                "stacking_limit": 0
            }
        ],
        "settings": {
            "rank": false,
            "max_step": 100,
            "min_step": 50,
            "usersort": false,
            "hardlimit": 1801,
            "timelimit": 1800,
            "step_scaling": 10
        },
        "put_boxes": [],
        "initial_id": 0,
        "cargo_space": {
            "id": 201,
            "info": {
                "uid": "201_0",
                "sort": 0,
                "title": "KRONE SDP 27"
            },
            "mass": 6500,
            "size": {
                "width": 2480,
                "height": 2860,
                "length": 13692
            },
            "type": "truck",
            "axles": [
                {
                    "title": "Ось 1",
                    "distance": 1155,
                    "max_load": 9000,
                    "default_load": 1665
                },
                {
                    "title": "Ось 2",
                    "distance": 1282,
                    "max_load": 9000,
                    "default_load": 1665
                },
                {
                    "title": "Ось 3",
                    "distance": 1300,
                    "max_load": 9000,
                    "default_load": 1670
                }
            ],
            "hitch": {
                "title": "",
                "distance": 7000,
                "max_load": 12000,
                "default_load": 1500
            },
            "title": "KRONE SDP 27",
            "tractor": {
                "mass": 9000,
                "axles": [
                    {
                        "title": "Ось 1",
                        "distance": 1410,
                        "max_load": 8000,
                        "default_load": 6000
                    },
                    {
                        "title": "Ось 2",
                        "distance": 2827,
                        "max_load": 11000,
                        "default_load": 2300
                    },
                    {
                        "title": "Ось 3",
                        "distance": 1395,
                        "max_load": 10000,
                        "default_load": 2200
                    }
                ],
                "title": "IVECO STRALIS AT440S42",
                "length": 6140,
                "hitch_distance": 778
            },
            "indentation": {
                "width": 0,
                "height": 0,
                "length": 46,
                "height_top": 0,
                "length_end": 46,
                "width_right": 0
            },
            "loading_size": {
                "width": 2480,
                "height": 2860,
                "length": 13600
            },
            "carrying_capacity": 32500
        },
        "calculation_id": "16088"
    },
    "data_result": {
        "boxes": [
            {
                "id": 2,
                "info": {
                    "color": "#ffbb4f",
                    "title": "G35446739 Solo Baffleanchor  1800x300x40",
                    "article": "G35446739",
                    "group_id": "1fla6bsrqp4ffg9m5nk3as6vdkpclaee",
                    "group_title": "Группа 1"
                },
                "mass": 22.5,
                "size": {
                    "width": 800.0,
                    "height": 2370.0,
                    "length": 2000.0
                },
                "sort": 1,
                "step": 1,
                "type": "box",
                "margin": {
                    "width": 0.0,
                    "height": 0.0,
                    "length": 0.0
                },
                "cargo_id": "oeu7ccdlpukphtus9kqm9jkskbhmupi1",
                "position": {
                    "x": 0.0,
                    "y": 0.0,
                    "z": 0.0
                },
                "stacking": false,
                "turnover": false,
                "rotation_state": 1,
                "stacking_limit": 0.0,
                "calculated_size": {
                    "width": 2000.0,
                    "height": 2370.0,
                    "length": 800.0
                },
                "virtual_positions": null
            },
            {
                "id": 3,
                "info": {
                    "color": "#ffbb4f",
                    "title": "G35446739 Solo Baffleanchor  1800x300x40",
                    "article": "G35446739",
                    "group_id": "1fla6bsrqp4ffg9m5nk3as6vdkpclaee",
                    "group_title": "Группа 1"
                },
                "mass": 22.5,
                "size": {
                    "width": 800.0,
                    "height": 2370.0,
                    "length": 2000.0
                },
                "sort": 1,
                "step": 2,
                "type": "box",
                "margin": {
                    "width": 0.0,
                    "height": 0.0,
                    "length": 0.0
                },
                "cargo_id": "oeu7ccdlpukphtus9kqm9jkskbhmupi1",
                "position": {
                    "x": 800.0,
                    "y": 0.0,
                    "z": 0.0
                },
                "stacking": false,
                "turnover": false,
                "rotation_state": 1,
                "stacking_limit": 0.0,
                "calculated_size": {
                    "width": 2000.0,
                    "height": 2370.0,
                    "length": 800.0
                },
                "virtual_positions": null
            },
            {
                "id": 4,
                "info": {
                    "color": "#ffbb4f",
                    "title": "G35446739 Solo Baffleanchor  1800x300x40",
                    "article": "G35446739",
                    "group_id": "1fla6bsrqp4ffg9m5nk3as6vdkpclaee",
                    "group_title": "Группа 1"
                },
                "mass": 22.5,
                "size": {
                    "width": 800.0,
                    "height": 2370.0,
                    "length": 2000.0
                },
                "sort": 1,
                "step": 3,
                "type": "box",
                "margin": {
                    "width": 0.0,
                    "height": 0.0,
                    "length": 0.0
                },
                "cargo_id": "oeu7ccdlpukphtus9kqm9jkskbhmupi1",
                "position": {
                    "x": 1600.0,
                    "y": 0.0,
                    "z": 0.0
                },
                "stacking": false,
                "turnover": false,
                "rotation_state": 1,
                "stacking_limit": 0.0,
                "calculated_size": {
                    "width": 2000.0,
                    "height": 2370.0,
                    "length": 800.0
                },
                "virtual_positions": null
            },
            {
                "id": 5,
                "info": {
                    "color": "#ffbb4f",
                    "title": "G35446739 Solo Baffleanchor  1800x300x40",
                    "article": "G35446739",
                    "group_id": "1fla6bsrqp4ffg9m5nk3as6vdkpclaee",
                    "group_title": "Группа 1"
                },
                "mass": 22.5,
                "size": {
                    "width": 800.0,
                    "height": 2370.0,
                    "length": 2000.0
                },
                "sort": 1,
                "step": 4,
                "type": "box",
                "margin": {
                    "width": 0.0,
                    "height": 0.0,
                    "length": 0.0
                },
                "cargo_id": "oeu7ccdlpukphtus9kqm9jkskbhmupi1",
                "position": {
                    "x": 2400.0,
                    "y": 0.0,
                    "z": 0.0
                },
                "stacking": false,
                "turnover": false,
                "rotation_state": 1,
                "stacking_limit": 0.0,
                "calculated_size": {
                    "width": 2000.0,
                    "height": 2370.0,
                    "length": 800.0
                },
                "virtual_positions": null
            },
            {
                "id": 6,
                "info": {
                    "color": "#ffbb4f",
                    "title": "G35446739 Solo Baffleanchor  1800x300x40",
                    "article": "G35446739",
                    "group_id": "1fla6bsrqp4ffg9m5nk3as6vdkpclaee",
                    "group_title": "Группа 1"
                },
                "mass": 22.5,
                "size": {
                    "width": 800.0,
                    "height": 2370.0,
                    "length": 2000.0
                },
                "sort": 1,
                "step": 5,
                "type": "box",
                "margin": {
                    "width": 0.0,
                    "height": 0.0,
                    "length": 0.0
                },
                "cargo_id": "oeu7ccdlpukphtus9kqm9jkskbhmupi1",
                "position": {
                    "x": 3200.0,
                    "y": 0.0,
                    "z": 0.0
                },
                "stacking": false,
                "turnover": false,
                "rotation_state": 1,
                "stacking_limit": 0.0,
                "calculated_size": {
                    "width": 2000.0,
                    "height": 2370.0,
                    "length": 800.0
                },
                "virtual_positions": null
            },
            {
                "id": 7,
                "info": {
                    "color": "#ffbb4f",
                    "title": "G35446739 Solo Baffleanchor  1800x300x40",
                    "article": "G35446739",
                    "group_id": "1fla6bsrqp4ffg9m5nk3as6vdkpclaee",
                    "group_title": "Группа 1"
                },
                "mass": 22.5,
                "size": {
                    "width": 800.0,
                    "height": 2370.0,
                    "length": 2000.0
                },
                "sort": 1,
                "step": 6,
                "type": "box",
                "margin": {
                    "width": 0.0,
                    "height": 0.0,
                    "length": 0.0
                },
                "cargo_id": "oeu7ccdlpukphtus9kqm9jkskbhmupi1",
                "position": {
                    "x": 4000.0,
                    "y": 0.0,
                    "z": 0.0
                },
                "stacking": false,
                "turnover": false,
                "rotation_state": 1,
                "stacking_limit": 0.0,
                "calculated_size": {
                    "width": 2000.0,
                    "height": 2370.0,
                    "length": 800.0
                },
                "virtual_positions": null
            },
            {
                "id": 8,
                "info": {
                    "color": "#ffbb4f",
                    "title": "G35446739 Solo Baffleanchor  1800x300x40",
                    "article": "G35446739",
                    "group_id": "1fla6bsrqp4ffg9m5nk3as6vdkpclaee",
                    "group_title": "Группа 1"
                },
                "mass": 22.5,
                "size": {
                    "width": 800.0,
                    "height": 2370.0,
                    "length": 2000.0
                },
                "sort": 1,
                "step": 7,
                "type": "box",
                "margin": {
                    "width": 0.0,
                    "height": 0.0,
                    "length": 0.0
                },
                "cargo_id": "oeu7ccdlpukphtus9kqm9jkskbhmupi1",
                "position": {
                    "x": 4800.0,
                    "y": 0.0,
                    "z": 0.0
                },
                "stacking": false,
                "turnover": false,
                "rotation_state": 1,
                "stacking_limit": 0.0,
                "calculated_size": {
                    "width": 2000.0,
                    "height": 2370.0,
                    "length": 800.0
                },
                "virtual_positions": null
            },
            {
                "id": 9,
                "info": {
                    "color": "#ffbb4f",
                    "title": "G35446739 Solo Baffleanchor  1800x300x40",
                    "article": "G35446739",
                    "group_id": "1fla6bsrqp4ffg9m5nk3as6vdkpclaee",
                    "group_title": "Группа 1"
                },
                "mass": 7.0,
                "size": {
                    "width": 800.0,
                    "height": 1000.0,
                    "length": 2000.0
                },
                "sort": 1,
                "step": 8,
                "type": "box",
                "margin": {
                    "width": 0.0,
                    "height": 0.0,
                    "length": 0.0
                },
                "cargo_id": "e6mnhzpf6ievlibjdcwmttz7bn4vsgpj",
                "position": {
                    "x": 5600.0,
                    "y": 0.0,
                    "z": 1220.0
                },
                "stacking": false,
                "turnover": false,
                "rotation_state": 0,
                "stacking_limit": 0.0,
                "calculated_size": {
                    "width": 800.0,
                    "height": 1000.0,
                    "length": 2000.0
                },
                "virtual_positions": null
            },
            {
                "id": 0,
                "info": {
                    "color": "#bf701c",
                    "title": "G35597480 Gedina A T15T24 NE 600x600x15",
                    "article": "G35597480",
                    "group_id": "1fla6bsrqp4ffg9m5nk3as6vdkpclaee",
                    "group_title": "Группа 1"
                },
                "mass": 18.0,
                "size": {
                    "width": 1220.0,
                    "height": 2600.0,
                    "length": 1220.0
                },
                "sort": 1,
                "step": 9,
                "type": "box",
                "margin": {
                    "width": 0.0,
                    "height": 0.0,
                    "length": 0.0
                },
                "cargo_id": "huf9oh8adftazwgl32cwmyhh1pwo0yfr",
                "position": {
                    "x": 5600.0,
                    "y": 0.0,
                    "z": 0.0
                },
                "stacking": false,
                "turnover": false,
                "rotation_state": 0,
                "stacking_limit": 0.0,
                "calculated_size": {
                    "width": 1220.0,
                    "height": 2600.0,
                    "length": 1220.0
                },
                "virtual_positions": null
            },
            {
                "id": 1,
                "info": {
                    "color": "#bf701c",
                    "title": "G35597480 Gedina A T15T24 NE 600x600x15",
                    "article": "G35597480",
                    "group_id": "1fla6bsrqp4ffg9m5nk3as6vdkpclaee",
                    "group_title": "Группа 1"
                },
                "mass": 2.0,
                "size": {
                    "width": 1220.0,
                    "height": 500.0,
                    "length": 1220.0
                },
                "sort": 1,
                "step": 10,
                "type": "box",
                "margin": {
                    "width": 0.0,
                    "height": 0.0,
                    "length": 0.0
                },
                "cargo_id": "c1rtkn3jsyfgsa0cj5oeivmuzudunlel",
                "position": {
                    "x": 6820.0,
                    "y": 0.0,
                    "z": 0.0
                },
                "stacking": false,
                "turnover": false,
                "rotation_state": 0,
                "stacking_limit": 0.0,
                "calculated_size": {
                    "width": 1220.0,
                    "height": 500.0,
                    "length": 1220.0
                },
                "virtual_positions": null
            }
        ],
        "version": 5,
        "cargo_space": {
            "id": 201,
            "info": {
                "uid": "201_0",
                "sort": 0,
                "title": "KRONE SDP 27"
            },
            "mass": 6500.0,
            "size": {
                "width": 2480.0,
                "height": 2860.0,
                "length": 13692.0
            },
            "type": "truck",
            "axles": [
                {
                    "title": "Ось 1",
                    "distance": 1155.0,
                    "max_load": 9000.0,
                    "default_load": 1665.0,
                    "calculated_load": 1669.96329
                },
                {
                    "title": "Ось 2",
                    "distance": 1282.0,
                    "max_load": 9000.0,
                    "default_load": 1665.0,
                    "calculated_load": 1669.96329
                },
                {
                    "title": "Ось 3",
                    "distance": 1300.0,
                    "max_load": 9000.0,
                    "default_load": 1670.0,
                    "calculated_load": 1674.96329
                }
            ],
            "hitch": {
                "title": "",
                "distance": 7000.0,
                "max_load": 12000.0,
                "default_load": 1500.0,
                "calculated_load": 1669.61014
            },
            "tractor": {
                "mass": 9000.0,
                "axles": [
                    {
                        "title": "Ось 1",
                        "distance": 1410.0,
                        "max_load": 8000.0,
                        "default_load": 6000.0,
                        "calculated_load": 6037.43983
                    },
                    {
                        "title": "Ось 2",
                        "distance": 2827.0,
                        "max_load": 11000.0,
                        "default_load": 2300.0,
                        "calculated_load": 2366.08515
                    },
                    {
                        "title": "Ось 3",
                        "distance": 1395.0,
                        "max_load": 10000.0,
                        "default_load": 2200.0,
                        "calculated_load": 2266.08515
                    }
                ],
                "length": 6140.0,
                "hitch_distance": 778.0
            },
            "full_length": 13692.0,
            "indentation": {
                "width": 0.0,
                "height": 0.0,
                "length": 46.0,
                "height_top": 0.0,
                "length_end": 46.0,
                "width_right": 0.0
            },
            "loading_size": {
                "width": 2480.0,
                "height": 2860.0,
                "length": 13600.0
            },
            "calculation_info": {
                "step_count": 10,
                "cargos_mass": 0.1845,
                "load_volume": 96.46208,
                "cargos_volume": 32.75804,
                "count_cargoes": 10,
                "load_capacity": 32.5,
                "loading_height": 2.6,
                "density_percent": 77.57774,
                "remaining_volume": 63.70404,
                "void_space_percent": 66.0405,
                "filling_space_percent": 33.9595
            },
            "carrying_capacity": 32500.0,
            "real_center_of_gravity": [
                3327.0460704607044,
                1160.0948509485092,
                981.2466124661247
            ],
            "ideal_center_of_gravity": [
                6800.0,
                0.0,
                1240.0
            ]
        },
        "cargo_groups": [],
        "packing_type": "PackingTruck PackingLayers",
        "calculation_id": 16088,
        "invalid_errors": [],
        "unpacked_errors": [],
        "validate_errors": [],
        "is_packed_same_boxes": false
    }
}