{
    "data": {
        "cargoes": [
            {
                "info": {
                    "color": "#60f84a",
                    "title": "CASE 1",
                    "article": "",
                    "group_id": "1kptcttb9t67iaqd4pwuyeftf4ozyeuj",
                    "group_title": "Группа не определена"
                },
                "mass": 569.43,
                "size": {
                    "width": 800,
                    "height": 2000,
                    "length": 1200
                },
                "sort": 1,
                "type": "box",
                "count": 1,
                "margin": {
                    "width": 0,
                    "height": 0,
                    "length": 0
                },
                "cargo_id": "6jxhiddjtmm0wnznlpefwyv10deoyi2n",
                "stacking": false,
                "turnover": false,
                "stacking_limit": 0
            },
            {
                "info": {
                    "color": "#3dbfb4",
                    "title": "CASE 2",
                    "article": "",
                    "group_id": "1kptcttb9t67iaqd4pwuyeftf4ozyeuj",
                    "group_title": "Группа не определена"
                },
                "mass": 216.0,
                "size": {
                    "width": 800,
                    "height": 2000,
                    "length": 1200
                },
                "sort": 1,
                "type": "box",
                "count": 1,
                "margin": {
                    "width": 0,
                    "height": 0,
                    "length": 0
                },
                "cargo_id": "cglul4b6cq1d1edzaai4azkbnvwcjgye",
                "stacking": false,
                "turnover": false,
                "stacking_limit": 0
            },
            {
                "info": {
                    "color": "#c3dfb9",
                    "title": "CASE 3",
                    "article": "",
                    "group_id": "1kptcttb9t67iaqd4pwuyeftf4ozyeuj",
                    "group_title": "Группа не определена"
                },
                "mass": 213.0,
                "size": {
                    "width": 800,
                    "height": 2000,
                    "length": 1200
                },
                "sort": 1,
                "type": "box",
                "count": 1,
                "margin": {
                    "width": 0,
                    "height": 0,
                    "length": 0
                },
                "cargo_id": "a0lq2y8dzt6flhpstyxcw7f9rdj20irc",
                "stacking": false,
                "turnover": false,
                "stacking_limit": 0
            },
            {
                "info": {
                    "color": "#144fc0",
                    "title": "CASE 4",
                    "article": "",
                    "group_id": "1kptcttb9t67iaqd4pwuyeftf4ozyeuj",
                    "group_title": "Группа не определена"
                },
                "mass": 441.0,
                "size": {
                    "width": 800,
                    "height": 2000,
                    "length": 1200
                },
                "sort": 1,
                "type": "box",
                "count": 1,
                "margin": {
                    "width": 0,
                    "height": 0,
                    "length": 0
                },
                "cargo_id": "hdgtwqfrgeuozqem9tbwtifi7s06esbc",
                "stacking": false,
                "turnover": false,
                "stacking_limit": 0
            },
            {
                "info": {
                    "color": "#795dcc",
                    "title": "CASE 5",
                    "article": "",
                    "group_id": "1kptcttb9t67iaqd4pwuyeftf4ozyeuj",
                    "group_title": "Группа не определена"
                },
                "mass": 521.0,
                "size": {
                    "width": 800,
                    "height": 2000,
                    "length": 1200
                },
                "sort": 1,
                "type": "box",
                "count": 1,
                "margin": {
                    "width": 0,
                    "height": 0,
                    "length": 0
                },
                "cargo_id": "la85xwq0kvah8ybje5gu0ctea4acvdr9",
                "stacking": false,
                "turnover": false,
                "stacking_limit": 0
            },
            {
                "info": {
                    "color": "#8fb9d0",
                    "title": "CASE 6",
                    "article": "",
                    "group_id": "1kptcttb9t67iaqd4pwuyeftf4ozyeuj",
                    "group_title": "Группа не определена"
                },
                "mass": 496.0,
                "size": {
                    "width": 800,
                    "height": 2000,
                    "length": 1200
                },
                "sort": 1,
                "type": "box",
                "count": 1,
                "margin": {
                    "width": 0,
                    "height": 0,
                    "length": 0
                },
                "cargo_id": "nr73laivr9m8ytovfjey1sq70tphzanr",
                "stacking": false,
                "turnover": false,
                "stacking_limit": 0
            },
            {
                "info": {
                    "color": "#7e6113",
                    "title": "CASE 7",
                    "article": "",
                    "group_id": "1kptcttb9t67iaqd4pwuyeftf4ozyeuj",
                    "group_title": "Группа не определена"
                },
                "mass": 430.0,
                "size": {
                    "width": 800,
                    "height": 2000,
                    "length": 1200
                },
                "sort": 1,
                "type": "box",
                "count": 1,
                "margin": {
                    "width": 0,
                    "height": 0,
                    "length": 0
                },
                "cargo_id": "l2ranetgizunjsyurnawtsz6vaq0lohq",
                "stacking": false,
                "turnover": false,
                "stacking_limit": 0
            },
            {
                "info": {
                    "color": "#b55022",
                    "title": "CASE 8",
                    "article": "",
                    "group_id": "1kptcttb9t67iaqd4pwuyeftf4ozyeuj",
                    "group_title": "Группа не определена"
                },
                "mass": 427.0,
                "size": {
                    "width": 800,
                    "height": 2000,
                    "length": 1200
                },
                "sort": 1,
                "type": "box",
                "count": 1,
                "margin": {
                    "width": 0,
                    "height": 0,
                    "length": 0
                },
                "cargo_id": "3wi2hgofzhwd28rfcuughfk0ixjoatyn",
                "stacking": false,
                "turnover": false,
                "stacking_limit": 0
            },
            {
                "info": {
                    "color": "#ae7afe",
                    "title": "CASE 9",
                    "article": "",
                    "group_id": "1kptcttb9t67iaqd4pwuyeftf4ozyeuj",
                    "group_title": "Группа не определена"
                },
                "mass": 43.0,
                "size": {
                    "width": 1700,
                    "height": 550,
                    "length": 2050
                },
                "sort": 1,
                "type": "box",
                "count": 1,
                "margin": {
                    "width": 0,
                    "height": 0,
                    "length": 0
                },
                "cargo_id": "iwqopqbl9mb1cyrd1nfahlmgyhppbfqz",
                "stacking": false,
                "turnover": false,
                "stacking_limit": 0
            },
            {
                "info": {
                    "color": "#70f0f6",
                    "title": "CASE 10",
                    "article": "",
                    "group_id": "1kptcttb9t67iaqd4pwuyeftf4ozyeuj",
                    "group_title": "Группа не определена"
                },
                "mass": 195.0,
                "size": {
                    "width": 1750,
                    "height": 1300,
                    "length": 1000
                },
                "sort": 1,
                "type": "box",
                "count": 1,
                "margin": {
                    "width": 0,
                    "height": 0,
                    "length": 0
                },
                "cargo_id": "xqgphuo1qjogfpzuzkeecm7ubv3cwkyu",
                "stacking": false,
                "turnover": false,
                "stacking_limit": 0
            },
            {
                "info": {
                    "color": "#719a20",
                    "title": "TCM1",
                    "article": "",
                    "group_id": "1kptcttb9t67iaqd4pwuyeftf4ozyeuj",
                    "group_title": "Группа не определена"
                },
                "mass": 228.0,
                "size": {
                    "width": 1000,
                    "height": 1950,
                    "length": 1200
                },
                "sort": 1,
                "type": "box",
                "count": 1,
                "margin": {
                    "width": 0,
                    "height": 0,
                    "length": 0
                },
                "cargo_id": "uyuq5l8ojxzypj3x81thhiym2axxxovq",
                "stacking": false,
                "turnover": false,
                "stacking_limit": 0
            },
            {
                "info": {
                    "color": "#3a491d",
                    "title": "TCM2",
                    "article": "",
                    "group_id": "1kptcttb9t67iaqd4pwuyeftf4ozyeuj",
                    "group_title": "Группа не определена"
                },
                "mass": 250.0,
                "size": {
                    "width": 1000,
                    "height": 1950,
                    "length": 1200
                },
                "sort": 1,
                "type": "box",
                "count": 1,
                "margin": {
                    "width": 0,
                    "height": 0,
                    "length": 0
                },
                "cargo_id": "t0ppsgzryszkju16jzkeq1dj8ugykxij",
                "stacking": false,
                "turnover": false,
                "stacking_limit": 0
            },
            {
                "info": {
                    "color": "#ddf10d",
                    "title": "TCM3",
                    "article": "",
                    "group_id": "1kptcttb9t67iaqd4pwuyeftf4ozyeuj",
                    "group_title": "Группа не определена"
                },
                "mass": 120.0,
                "size": {
                    "width": 1000,
                    "height": 1950,
                    "length": 1200
                },
                "sort": 1,
                "type": "box",
                "count": 1,
                "margin": {
                    "width": 0,
                    "height": 0,
                    "length": 0
                },
                "cargo_id": "dbz0woy5mpr5alyddqvllrsixhh6kpl2",
                "stacking": false,
                "turnover": false,
                "stacking_limit": 0
            }
        ],
        "settings": {
            "rank": false,
            "max_step": 100,
            "min_step": 50,
            "usersort": false,
            "hardlimit": 1801,
            "timelimit": 1800,
            "step_scaling": 10
        },
        "put_boxes": [],
        "initial_id": 0,
        "cargo_space": {
            "id": 263,
            "info": {
                "uid": "263_0",
                "sort": 0,
                "title": "20' HC (valid)"
            },
            "mass": 2340,
            "size": {
                "width": 2438,
                "height": 2896,
                "length": 6058
            },
            "type": "container",
            "axles": [],
            "title": "20' HC (valid)",
            "indentation": {
                "width": 43,
                "height": 0,
                "length": 80,
                "height_top": 198,
                "length_end": 80,
                "width_right": 43
            },
            "loading_size": {
                "width": 2352,
                "height": 2698,
                "length": 5898
            },
            "carrying_capacity": 28140
        },
        "calculation_id": "16616"
    },
    "data_result": {
        "boxes": [
            {
                "id": 4,
                "info": {
                    "color": "#795dcc",
                    "title": "CASE 5",
                    "article": "",
                    "group_id": "1kptcttb9t67iaqd4pwuyeftf4ozyeuj",
                    "group_title": "Группа не определена"
                },
                "mass": 521.0,
                "size": {
                    "width": 800.0,
                    "height": 2000.0,
                    "length": 1200.0
                },
                "sort": 1,
                "step": 1,
                "type": "box",
                "margin": {
                    "width": 0.0,
                    "height": 0.0,
                    "length": 0.0
                },
                "cargo_id": "la85xwq0kvah8ybje5gu0ctea4acvdr9",
                "position": {
                    "x": 98.0,
                    "y": 0.0,
                    "z": 1552.0
                },
                "stacking": false,
                "turnover": false,
                "rotation_state": 0,
                "stacking_limit": 0.0,
                "calculated_size": {
                    "width": 800.0,
                    "height": 2000.0,
                    "length": 1200.0
                },
                "virtual_positions": null
            },
            {
                "id": 0,
                "info": {
                    "color": "#60f84a",
                    "title": "CASE 1",
                    "article": "",
                    "group_id": "1kptcttb9t67iaqd4pwuyeftf4ozyeuj",
                    "group_title": "Группа не определена"
                },
                "mass": 569.43,
                "size": {
                    "width": 800.0,
                    "height": 2000.0,
                    "length": 1200.0
                },
                "sort": 1,
                "step": 2,
                "type": "box",
                "margin": {
                    "width": 0.0,
                    "height": 0.0,
                    "length": 0.0
                },
                "cargo_id": "6jxhiddjtmm0wnznlpefwyv10deoyi2n",
                "position": {
                    "x": 98.0,
                    "y": 0.0,
                    "z": 0.0
                },
                "stacking": false,
                "turnover": false,
                "rotation_state": 1,
                "stacking_limit": 0.0,
                "calculated_size": {
                    "width": 1200.0,
                    "height": 2000.0,
                    "length": 800.0
                },
                "virtual_positions": null
            },
            {
                "id": 3,
                "info": {
                    "color": "#144fc0",
                    "title": "CASE 4",
                    "article": "",
                    "group_id": "1kptcttb9t67iaqd4pwuyeftf4ozyeuj",
                    "group_title": "Группа не определена"
                },
                "mass": 441.0,
                "size": {
                    "width": 800.0,
                    "height": 2000.0,
                    "length": 1200.0
                },
                "sort": 1,
                "step": 3,
                "type": "box",
                "margin": {
                    "width": 0.0,
                    "height": 0.0,
                    "length": 0.0
                },
                "cargo_id": "hdgtwqfrgeuozqem9tbwtifi7s06esbc",
                "position": {
                    "x": 1298.0,
                    "y": 0.0,
                    "z": 1552.0
                },
                "stacking": false,
                "turnover": false,
                "rotation_state": 0,
                "stacking_limit": 0.0,
                "calculated_size": {
                    "width": 800.0,
                    "height": 2000.0,
                    "length": 1200.0
                },
                "virtual_positions": null
            },
            {
                "id": 5,
                "info": {
                    "color": "#8fb9d0",
                    "title": "CASE 6",
                    "article": "",
                    "group_id": "1kptcttb9t67iaqd4pwuyeftf4ozyeuj",
                    "group_title": "Группа не определена"
                },
                "mass": 496.0,
                "size": {
                    "width": 800.0,
                    "height": 2000.0,
                    "length": 1200.0
                },
                "sort": 1,
                "step": 4,
                "type": "box",
                "margin": {
                    "width": 0.0,
                    "height": 0.0,
                    "length": 0.0
                },
                "cargo_id": "nr73laivr9m8ytovfjey1sq70tphzanr",
                "position": {
                    "x": 898.0,
                    "y": 0.0,
                    "z": 0.0
                },
                "stacking": false,
                "turnover": false,
                "rotation_state": 1,
                "stacking_limit": 0.0,
                "calculated_size": {
                    "width": 1200.0,
                    "height": 2000.0,
                    "length": 800.0
                },
                "virtual_positions": null
            },
            {
                "id": 6,
                "info": {
                    "color": "#7e6113",
                    "title": "CASE 7",
                    "article": "",
                    "group_id": "1kptcttb9t67iaqd4pwuyeftf4ozyeuj",
                    "group_title": "Группа не определена"
                },
                "mass": 430.0,
                "size": {
                    "width": 800.0,
                    "height": 2000.0,
                    "length": 1200.0
                },
                "sort": 1,
                "step": 5,
                "type": "box",
                "margin": {
                    "width": 0.0,
                    "height": 0.0,
                    "length": 0.0
                },
                "cargo_id": "l2ranetgizunjsyurnawtsz6vaq0lohq",
                "position": {
                    "x": 1698.0,
                    "y": 0.0,
                    "z": 0.0
                },
                "stacking": false,
                "turnover": false,
                "rotation_state": 1,
                "stacking_limit": 0.0,
                "calculated_size": {
                    "width": 1200.0,
                    "height": 2000.0,
                    "length": 800.0
                },
                "virtual_positions": null
            },
            {
                "id": 11,
                "info": {
                    "color": "#3a491d",
                    "title": "TCM2",
                    "article": "",
                    "group_id": "1kptcttb9t67iaqd4pwuyeftf4ozyeuj",
                    "group_title": "Группа не определена"
                },
                "mass": 250.0,
                "size": {
                    "width": 1000.0,
                    "height": 1950.0,
                    "length": 1200.0
                },
                "sort": 1,
                "step": 6,
                "type": "box",
                "margin": {
                    "width": 0.0,
                    "height": 0.0,
                    "length": 0.0
                },
                "cargo_id": "t0ppsgzryszkju16jzkeq1dj8ugykxij",
                "position": {
                    "x": 2498.0,
                    "y": 0.0,
                    "z": 1352.0
                },
                "stacking": false,
                "turnover": false,
                "rotation_state": 0,
                "stacking_limit": 0.0,
                "calculated_size": {
                    "width": 1000.0,
                    "height": 1950.0,
                    "length": 1200.0
                },
                "virtual_positions": null
            },
            {
                "id": 7,
                "info": {
                    "color": "#b55022",
                    "title": "CASE 8",
                    "article": "",
                    "group_id": "1kptcttb9t67iaqd4pwuyeftf4ozyeuj",
                    "group_title": "Группа не определена"
                },
                "mass": 427.0,
                "size": {
                    "width": 800.0,
                    "height": 2000.0,
                    "length": 1200.0
                },
                "sort": 1,
                "step": 7,
                "type": "box",
                "margin": {
                    "width": 0.0,
                    "height": 0.0,
                    "length": 0.0
                },
                "cargo_id": "3wi2hgofzhwd28rfcuughfk0ixjoatyn",
                "position": {
                    "x": 2498.0,
                    "y": 0.0,
                    "z": 0.0
                },
                "stacking": false,
                "turnover": false,
                "rotation_state": 1,
                "stacking_limit": 0.0,
                "calculated_size": {
                    "width": 1200.0,
                    "height": 2000.0,
                    "length": 800.0
                },
                "virtual_positions": null
            },
            {
                "id": 9,
                "info": {
                    "color": "#70f0f6",
                    "title": "CASE 10",
                    "article": "",
                    "group_id": "1kptcttb9t67iaqd4pwuyeftf4ozyeuj",
                    "group_title": "Группа не определена"
                },
                "mass": 195.0,
                "size": {
                    "width": 1750.0,
                    "height": 1300.0,
                    "length": 1000.0
                },
                "sort": 1,
                "step": 8,
                "type": "box",
                "margin": {
                    "width": 0.0,
                    "height": 0.0,
                    "length": 0.0
                },
                "cargo_id": "xqgphuo1qjogfpzuzkeecm7ubv3cwkyu",
                "position": {
                    "x": 3698.0,
                    "y": 0.0,
                    "z": 1352.0
                },
                "stacking": false,
                "turnover": false,
                "rotation_state": 0,
                "stacking_limit": 0.0,
                "calculated_size": {
                    "width": 1000.0,
                    "height": 1300.0,
                    "length": 1750.0
                },
                "virtual_positions": null
            },
            {
                "id": 10,
                "info": {
                    "color": "#719a20",
                    "title": "TCM1",
                    "article": "",
                    "group_id": "1kptcttb9t67iaqd4pwuyeftf4ozyeuj",
                    "group_title": "Группа не определена"
                },
                "mass": 228.0,
                "size": {
                    "width": 1000.0,
                    "height": 1950.0,
                    "length": 1200.0
                },
                "sort": 1,
                "step": 9,
                "type": "box",
                "margin": {
                    "width": 0.0,
                    "height": 0.0,
                    "length": 0.0
                },
                "cargo_id": "uyuq5l8ojxzypj3x81thhiym2axxxovq",
                "position": {
                    "x": 3298.0,
                    "y": 0.0,
                    "z": 0.0
                },
                "stacking": false,
                "turnover": false,
                "rotation_state": 1,
                "stacking_limit": 0.0,
                "calculated_size": {
                    "width": 1200.0,
                    "height": 1950.0,
                    "length": 1000.0
                },
                "virtual_positions": null
            },
            {
                "id": 1,
                "info": {
                    "color": "#3dbfb4",
                    "title": "CASE 2",
                    "article": "",
                    "group_id": "1kptcttb9t67iaqd4pwuyeftf4ozyeuj",
                    "group_title": "Группа не определена"
                },
                "mass": 216.0,
                "size": {
                    "width": 800.0,
                    "height": 2000.0,
                    "length": 1200.0
                },
                "sort": 1,
                "step": 10,
                "type": "box",
                "margin": {
                    "width": 0.0,
                    "height": 0.0,
                    "length": 0.0
                },
                "cargo_id": "cglul4b6cq1d1edzaai4azkbnvwcjgye",
                "position": {
                    "x": 4298.0,
                    "y": 0.0,
                    "z": 0.0
                },
                "stacking": false,
                "turnover": false,
                "rotation_state": 1,
                "stacking_limit": 0.0,
                "calculated_size": {
                    "width": 1200.0,
                    "height": 2000.0,
                    "length": 800.0
                },
                "virtual_positions": null
            },
            {
                "id": 2,
                "info": {
                    "color": "#c3dfb9",
                    "title": "CASE 3",
                    "article": "",
                    "group_id": "1kptcttb9t67iaqd4pwuyeftf4ozyeuj",
                    "group_title": "Группа не определена"
                },
                "mass": 213.0,
                "size": {
                    "width": 800.0,
                    "height": 2000.0,
                    "length": 1200.0
                },
                "sort": 1,
                "step": 11,
                "type": "box",
                "margin": {
                    "width": 0.0,
                    "height": 0.0,
                    "length": 0.0
                },
                "cargo_id": "a0lq2y8dzt6flhpstyxcw7f9rdj20irc",
                "position": {
                    "x": 5098.0,
                    "y": 0.0,
                    "z": 0.0
                },
                "stacking": false,
                "turnover": false,
                "rotation_state": 1,
                "stacking_limit": 0.0,
                "calculated_size": {
                    "width": 1200.0,
                    "height": 2000.0,
                    "length": 800.0
                },
                "virtual_positions": null
            }
        ],
        "version": 5,
        "cargo_space": {
            "id": 263,
            "info": {
                "uid": "263_0",
                "sort": 0,
                "title": "20' HC (valid)"
            },
            "mass": 2340.0,
            "size": {
                "width": 2438.0,
                "height": 2896.0,
                "length": 6058.0
            },
            "type": "container",
            "indentation": {
                "width": 43.0,
                "height": 0.0,
                "length": 80.0,
                "height_top": 198.0,
                "length_end": 80.0,
                "width_right": 43.0
            },
            "loading_size": {
                "width": 2352.0,
                "height": 2698.0,
                "length": 5898.0
            },
            "calculation_info": {
                "step_count": 11,
                "cargos_mass": 3.98643,
                "load_volume": 37.426915008,
                "cargos_volume": 22.315,
                "count_cargoes": 11,
                "load_capacity": 28.14,
                "loading_height": 2.0,
                "density_percent": 81.79026,
                "remaining_volume": 15.11192,
                "void_space_percent": 40.37713,
                "filling_space_percent": 59.62287
            },
            "carrying_capacity": 28140.0,
            "real_center_of_gravity": [
                2254.063696088982,
                979.8817488329157,
                1066.0219795656767
            ],
            "ideal_center_of_gravity": [
                2949.0,
                0.0,
                1176.0
            ]
        },
        "cargo_groups": [
            {
                "info": {
                    "color": "#ddf10d",
                    "title": "TCM3",
                    "article": "",
                    "group_id": "1kptcttb9t67iaqd4pwuyeftf4ozyeuj",
                    "group_title": "Группа не определена"
                },
                "mass": 120.0,
                "size": {
                    "width": 1000.0,
                    "height": 1950.0,
                    "length": 1200.0
                },
                "sort": 1,
                "type": "box",
                "count": 1.0,
                "margin": {
                    "width": 0.0,
                    "height": 0.0,
                    "length": 0.0
                },
                "cargo_id": "dbz0woy5mpr5alyddqvllrsixhh6kpl2",
                "stacking": false,
                "turnover": false,
                "stacking_limit": 0.0,
                "prepare_last_result": "errorIntersectionContainer"
            },
            {
                "info": {
                    "color": "#ae7afe",
                    "title": "CASE 9",
                    "article": "",
                    "group_id": "1kptcttb9t67iaqd4pwuyeftf4ozyeuj",
                    "group_title": "Группа не определена"
                },
                "mass": 43.0,
                "size": {
                    "width": 1700.0,
                    "height": 550.0,
                    "length": 2050.0
                },
                "sort": 1,
                "type": "box",
                "count": 1.0,
                "margin": {
                    "width": 0.0,
                    "height": 0.0,
                    "length": 0.0
                },
                "cargo_id": "iwqopqbl9mb1cyrd1nfahlmgyhppbfqz",
                "stacking": false,
                "turnover": false,
                "stacking_limit": 0.0,
                "prepare_last_result": "errorStayOnOtherStacking"
            }
        ],
        "packing_type": "PackingStepByStep",
        "calculation_id": 16616,
        "invalid_errors": [],
        "unpacked_errors": [
            {
                "key": 5,
                "name": "errorStayOnOtherStacking",
                "boxes": [
                    {
                        "id": "iwqopqbl9mb1cyrd1nfahlmgyhppbfqz",
                        "info": {
                            "color": "#ae7afe",
                            "title": "CASE 9",
                            "article": "",
                            "group_id": "1kptcttb9t67iaqd4pwuyeftf4ozyeuj",
                            "group_title": "Группа не определена"
                        }
                    }
                ]
            },
            {
                "key": 11,
                "name": "errorIntersectionContainer",
                "boxes": [
                    {
                        "id": "dbz0woy5mpr5alyddqvllrsixhh6kpl2",
                        "info": {
                            "color": "#ddf10d",
                            "title": "TCM3",
                            "article": "",
                            "group_id": "1kptcttb9t67iaqd4pwuyeftf4ozyeuj",
                            "group_title": "Группа не определена"
                        }
                    }
                ]
            }
        ],
        "validate_errors": [],
        "is_packed_same_boxes": false
    }
}