{
    "data": {
        "cargoes": [
            {
                "info": {
                    "color": "#25589b",
                    "title": "1",
                    "article": "",
                    "group_id": "1ri2k5yphw2t3r0zkkyqpopfjtq7ojxk",
                    "group_title": "Группа 1"
                },
                "mass": 3.0,
                "size": {
                    "width": 550,
                    "height": 330,
                    "length": 810
                },
                "sort": 1,
                "type": "box",
                "count": 12,
                "margin": {
                    "width": 0,
                    "height": 0,
                    "length": 0
                },
                "cargo_id": "xpzvcaityxv1wesk55vvlujpf7vjus4x",
                "stacking": true,
                "turnover": true,
                "margin_width": 0,
                "margin_length": 0,
                "stacking_limit": 0
            }
        ],
        "settings": {
            "rank": false,
            "max_step": 100,
            "min_step": 50,
            "usersort": false,
            "hardlimit": 1801,
            "timelimit": 1800,
            "step_scaling": 10
        },
        "put_boxes": [],
        "initial_id": 0,
        "cargo_space": {
            "id": 97,
            "info": {
                "uid": "97_0",
                "sort": 0,
                "title": "EURO",
                "margin": {
                    "width": 0,
                    "height": 0,
                    "length": 0
                }
            },
            "mass": 20,
            "size": {
                "width": 800,
                "height": 200,
                "length": 1200
            },
            "type": "pallet",
            "axles": [],
            "title": "EURO",
            "margin": {
                "width": 0,
                "height": 0,
                "length": 0
            },
            "indentation": {
                "width": 0,
                "height": 0,
                "length": 0,
                "height_top": 0,
                "length_end": 0,
                "width_right": 0
            },
            "loading_size": {
                "width": 800,
                "height": 2000,
                "length": 1200
            },
            "carrying_capacity": 1000
        },
        "calculation_id": "16618"
    },
    "data_result": {
        "boxes": [
            {
                "id": 0,
                "info": {
                    "color": "#25589b",
                    "title": "1",
                    "article": "",
                    "group_id": "1ri2k5yphw2t3r0zkkyqpopfjtq7ojxk",
                    "group_title": "Группа 1"
                },
                "mass": 3.0,
                "size": {
                    "width": 550.0,
                    "height": 330.0,
                    "length": 810.0
                },
                "sort": 1,
                "step": 1,
                "type": "box",
                "margin": {
                    "width": 0.0,
                    "height": 0.0,
                    "length": 0.0
                },
                "cargo_id": "xpzvcaityxv1wesk55vvlujpf7vjus4x",
                "position": {
                    "x": 0.0,
                    "y": 0.0,
                    "z": 0.0
                },
                "stacking": true,
                "turnover": true,
                "rotation_state": 0,
                "stacking_limit": 0.0,
                "calculated_size": {
                    "width": 550.0,
                    "height": 330.0,
                    "length": 810.0
                },
                "virtual_positions": null
            },
            {
                "id": 3,
                "info": {
                    "color": "#25589b",
                    "title": "1",
                    "article": "",
                    "group_id": "1ri2k5yphw2t3r0zkkyqpopfjtq7ojxk",
                    "group_title": "Группа 1"
                },
                "mass": 3.0,
                "size": {
                    "width": 550.0,
                    "height": 330.0,
                    "length": 810.0
                },
                "sort": 1,
                "step": 2,
                "type": "box",
                "margin": {
                    "width": 0.0,
                    "height": 0.0,
                    "length": 0.0
                },
                "cargo_id": "xpzvcaityxv1wesk55vvlujpf7vjus4x",
                "position": {
                    "x": 810.0,
                    "y": 0.0,
                    "z": 0.0
                },
                "stacking": true,
                "turnover": true,
                "rotation_state": 2,
                "stacking_limit": 0.0,
                "calculated_size": {
                    "width": 550.0,
                    "height": 810.0,
                    "length": 330.0
                },
                "virtual_positions": null
            },
            {
                "id": 1,
                "info": {
                    "color": "#25589b",
                    "title": "1",
                    "article": "",
                    "group_id": "1ri2k5yphw2t3r0zkkyqpopfjtq7ojxk",
                    "group_title": "Группа 1"
                },
                "mass": 3.0,
                "size": {
                    "width": 550.0,
                    "height": 330.0,
                    "length": 810.0
                },
                "sort": 1,
                "step": 3,
                "type": "box",
                "margin": {
                    "width": 0.0,
                    "height": 0.0,
                    "length": 0.0
                },
                "cargo_id": "xpzvcaityxv1wesk55vvlujpf7vjus4x",
                "position": {
                    "x": 0.0,
                    "y": 330.0,
                    "z": 0.0
                },
                "stacking": true,
                "turnover": true,
                "rotation_state": 0,
                "stacking_limit": 0.0,
                "calculated_size": {
                    "width": 550.0,
                    "height": 330.0,
                    "length": 810.0
                },
                "virtual_positions": null
            },
            {
                "id": 2,
                "info": {
                    "color": "#25589b",
                    "title": "1",
                    "article": "",
                    "group_id": "1ri2k5yphw2t3r0zkkyqpopfjtq7ojxk",
                    "group_title": "Группа 1"
                },
                "mass": 3.0,
                "size": {
                    "width": 550.0,
                    "height": 330.0,
                    "length": 810.0
                },
                "sort": 1,
                "step": 4,
                "type": "box",
                "margin": {
                    "width": 0.0,
                    "height": 0.0,
                    "length": 0.0
                },
                "cargo_id": "xpzvcaityxv1wesk55vvlujpf7vjus4x",
                "position": {
                    "x": 0.0,
                    "y": 660.0,
                    "z": 0.0
                },
                "stacking": true,
                "turnover": true,
                "rotation_state": 0,
                "stacking_limit": 0.0,
                "calculated_size": {
                    "width": 550.0,
                    "height": 330.0,
                    "length": 810.0
                },
                "virtual_positions": null
            },
            {
                "id": 6,
                "info": {
                    "color": "#25589b",
                    "title": "1",
                    "article": "",
                    "group_id": "1ri2k5yphw2t3r0zkkyqpopfjtq7ojxk",
                    "group_title": "Группа 1"
                },
                "mass": 3.0,
                "size": {
                    "width": 550.0,
                    "height": 330.0,
                    "length": 810.0
                },
                "sort": 1,
                "step": 5,
                "type": "box",
                "margin": {
                    "width": 0.0,
                    "height": 0.0,
                    "length": 0.0
                },
                "cargo_id": "xpzvcaityxv1wesk55vvlujpf7vjus4x",
                "position": {
                    "x": 810.0,
                    "y": 810.0,
                    "z": 0.0
                },
                "stacking": true,
                "turnover": true,
                "rotation_state": 2,
                "stacking_limit": 0.0,
                "calculated_size": {
                    "width": 550.0,
                    "height": 810.0,
                    "length": 330.0
                },
                "virtual_positions": null
            },
            {
                "id": 4,
                "info": {
                    "color": "#25589b",
                    "title": "1",
                    "article": "",
                    "group_id": "1ri2k5yphw2t3r0zkkyqpopfjtq7ojxk",
                    "group_title": "Группа 1"
                },
                "mass": 3.0,
                "size": {
                    "width": 550.0,
                    "height": 330.0,
                    "length": 810.0
                },
                "sort": 1,
                "step": 6,
                "type": "box",
                "margin": {
                    "width": 0.0,
                    "height": 0.0,
                    "length": 0.0
                },
                "cargo_id": "xpzvcaityxv1wesk55vvlujpf7vjus4x",
                "position": {
                    "x": 0.0,
                    "y": 990.0,
                    "z": 0.0
                },
                "stacking": true,
                "turnover": true,
                "rotation_state": 0,
                "stacking_limit": 0.0,
                "calculated_size": {
                    "width": 550.0,
                    "height": 330.0,
                    "length": 810.0
                },
                "virtual_positions": null
            },
            {
                "id": 5,
                "info": {
                    "color": "#25589b",
                    "title": "1",
                    "article": "",
                    "group_id": "1ri2k5yphw2t3r0zkkyqpopfjtq7ojxk",
                    "group_title": "Группа 1"
                },
                "mass": 3.0,
                "size": {
                    "width": 550.0,
                    "height": 330.0,
                    "length": 810.0
                },
                "sort": 1,
                "step": 7,
                "type": "box",
                "margin": {
                    "width": 0.0,
                    "height": 0.0,
                    "length": 0.0
                },
                "cargo_id": "xpzvcaityxv1wesk55vvlujpf7vjus4x",
                "position": {
                    "x": 0.0,
                    "y": 1320.0,
                    "z": 0.0
                },
                "stacking": true,
                "turnover": true,
                "rotation_state": 0,
                "stacking_limit": 0.0,
                "calculated_size": {
                    "width": 550.0,
                    "height": 330.0,
                    "length": 810.0
                },
                "virtual_positions": null
            },
            {
                "id": 7,
                "info": {
                    "color": "#25589b",
                    "title": "1",
                    "article": "",
                    "group_id": "1ri2k5yphw2t3r0zkkyqpopfjtq7ojxk",
                    "group_title": "Группа 1"
                },
                "mass": 3.0,
                "size": {
                    "width": 550.0,
                    "height": 330.0,
                    "length": 810.0
                },
                "sort": 1,
                "step": 8,
                "type": "box",
                "margin": {
                    "width": 0.0,
                    "height": 0.0,
                    "length": 0.0
                },
                "cargo_id": "xpzvcaityxv1wesk55vvlujpf7vjus4x",
                "position": {
                    "x": 0.0,
                    "y": 1650.0,
                    "z": 0.0
                },
                "stacking": true,
                "turnover": true,
                "rotation_state": 0,
                "stacking_limit": 0.0,
                "calculated_size": {
                    "width": 550.0,
                    "height": 330.0,
                    "length": 810.0
                },
                "virtual_positions": null
            }
        ],
        "version": 5,
        "cargo_space": {
            "id": 97,
            "info": {
                "uid": "97_0",
                "sort": 0,
                "title": "EURO",
                "margin": {
                    "width": 0,
                    "height": 0,
                    "length": 0
                }
            },
            "mass": 20.0,
            "size": {
                "width": 800.0,
                "height": 200.0,
                "length": 1200.0
            },
            "type": "pallet",
            "indentation": {
                "width": 0.0,
                "height": 0.0,
                "length": 0.0,
                "height_top": -1800.0,
                "length_end": 0.0,
                "width_right": 0.0
            },
            "loading_size": {
                "width": 800.0,
                "height": 2000.0,
                "length": 1200.0
            },
            "calculation_info": {
                "step_count": 8,
                "cargos_mass": 0.024,
                "load_volume": 1.92,
                "cargos_volume": 1.17612,
                "count_cargoes": 8,
                "load_capacity": 1.0,
                "loading_height": 1.98,
                "density_percent": 94.73684,
                "remaining_volume": 0.74388,
                "void_space_percent": 38.74375,
                "filling_space_percent": 61.25625
            },
            "carrying_capacity": 1000.0,
            "real_center_of_gravity": [
                547.5,
                945.0,
                275.0
            ],
            "ideal_center_of_gravity": [
                600.0,
                0.0,
                400.0
            ]
        },
        "cargo_groups": [
            {
                "info": {
                    "color": "#25589b",
                    "title": "1",
                    "article": "",
                    "group_id": "1ri2k5yphw2t3r0zkkyqpopfjtq7ojxk",
                    "group_title": "Группа 1"
                },
                "mass": 3.0,
                "size": {
                    "width": 550.0,
                    "height": 330.0,
                    "length": 810.0
                },
                "sort": 1,
                "type": "box",
                "count": 4.0,
                "margin": {
                    "width": 0.0,
                    "height": 0.0,
                    "length": 0.0
                },
                "cargo_id": "xpzvcaityxv1wesk55vvlujpf7vjus4x",
                "stacking": true,
                "turnover": true,
                "stacking_limit": 0.0,
                "prepare_last_result": "success"
            }
        ],
        "packing_type": "PackingPalletBlocks",
        "calculation_id": 16618,
        "invalid_errors": [],
        "unpacked_errors": [
            {
                "key": 0,
                "name": "success",
                "boxes": [
                    {
                        "id": "xpzvcaityxv1wesk55vvlujpf7vjus4x",
                        "info": {
                            "color": "#25589b",
                            "title": "1",
                            "article": "",
                            "group_id": "1ri2k5yphw2t3r0zkkyqpopfjtq7ojxk",
                            "group_title": "Группа 1"
                        }
                    }
                ]
            }
        ],
        "validate_errors": [
            "ERROR_INDENTATION"
        ],
        "is_packed_same_boxes": true
    }
}