{
    "data": {
        "cargoes": [
            {
                "info": {
                    "color": "#ea1c94",
                    "title": "M806A",
                    "article": "18",
                    "group_id": "1quo8ujomb9nssx7rn3zkm4yb5mrvbwl",
                    "group_title": "Группа 2"
                },
                "mass": 61.4,
                "size": {
                    "width": 870,
                    "height": 510,
                    "length": 1410
                },
                "sort": 1,
                "type": "box",
                "count": 1,
                "margin": {
                    "width": 0,
                    "height": 0,
                    "length": 0
                },
                "cargo_id": "nryal0f3dodtqgwgdaw0iuxddjfhtjyj",
                "stacking": true,
                "turnover": true,
                "margin_width": 0,
                "margin_length": 0,
                "stacking_limit": 0
            },
            {
                "info": {
                    "color": "#e4d454",
                    "title": "SUB10G",
                    "article": "20",
                    "group_id": "2uzx2hwfgzzxd7x8wozklfk30nfftsgo",
                    "group_title": "Группа 1"
                },
                "mass": 21.5,
                "size": {
                    "width": 450,
                    "height": 470,
                    "length": 440
                },
                "sort": 2,
                "type": "box",
                "count": 8,
                "margin": {
                    "width": 0,
                    "height": 0,
                    "length": 0
                },
                "cargo_id": "misznscewjsgwgeuwlrknf9ebk1jt07b",
                "stacking": true,
                "turnover": true,
                "margin_width": 0,
                "margin_length": 0,
                "stacking_limit": 0
            },
            {
                "info": {
                    "color": "#5ec381",
                    "title": "M300MKII",
                    "article": "17",
                    "group_id": "2uzx2hwfgzzxd7x8wozklfk30nfftsgo",
                    "group_title": "Группа 1"
                },
                "mass": 29.5,
                "size": {
                    "width": 380,
                    "height": 520,
                    "length": 650
                },
                "sort": 2,
                "type": "box",
                "count": 3,
                "margin": {
                    "width": 0,
                    "height": 0,
                    "length": 0
                },
                "cargo_id": "z8pc9s6df2tpaq5rdwckxrbxeqn8ayph",
                "stacking": true,
                "turnover": true,
                "margin_width": 0,
                "margin_length": 0,
                "stacking_limit": 0
            },
            {
                "info": {
                    "color": "#ae7254",
                    "title": "D300",
                    "article": "16",
                    "group_id": "2uzx2hwfgzzxd7x8wozklfk30nfftsgo",
                    "group_title": "Группа 1"
                },
                "mass": 20.0,
                "size": {
                    "width": 400,
                    "height": 450,
                    "length": 630
                },
                "sort": 2,
                "type": "box",
                "count": 1,
                "margin": {
                    "width": 0,
                    "height": 0,
                    "length": 0
                },
                "cargo_id": "kjboa56upso5e05gydguedbzuehgmvvi",
                "stacking": true,
                "turnover": true,
                "margin_width": 0,
                "margin_length": 0,
                "stacking_limit": 0
            },
            {
                "info": {
                    "color": "#fcf3fa",
                    "title": "RM600AMKII-R",
                    "article": "11",
                    "group_id": "2uzx2hwfgzzxd7x8wozklfk30nfftsgo",
                    "group_title": "Группа 1"
                },
                "mass": 18.2,
                "size": {
                    "width": 430,
                    "height": 400,
                    "length": 740
                },
                "sort": 2,
                "type": "box",
                "count": 5,
                "margin": {
                    "width": 0,
                    "height": 0,
                    "length": 0
                },
                "cargo_id": "hbzmsqhknxn4pthj6zq8tkqpwhrfpxcw",
                "stacking": true,
                "turnover": true,
                "margin_width": 0,
                "margin_length": 0,
                "stacking_limit": 0
            },
            {
                "info": {
                    "color": "#2edd66",
                    "title": "D3.2C",
                    "article": "7",
                    "group_id": "2uzx2hwfgzzxd7x8wozklfk30nfftsgo",
                    "group_title": "Группа 1"
                },
                "mass": 16.0,
                "size": {
                    "width": 380,
                    "height": 330,
                    "length": 740
                },
                "sort": 2,
                "type": "box",
                "count": 1,
                "margin": {
                    "width": 0,
                    "height": 0,
                    "length": 0
                },
                "cargo_id": "ozbgbglztadkzbbtccuqdatys6exp0lx",
                "stacking": true,
                "turnover": true,
                "margin_width": 0,
                "margin_length": 0,
                "stacking_limit": 0
            },
            {
                "info": {
                    "color": "#29a7bc",
                    "title": "D3.2R",
                    "article": "6",
                    "group_id": "2uzx2hwfgzzxd7x8wozklfk30nfftsgo",
                    "group_title": "Группа 1"
                },
                "mass": 13.5,
                "size": {
                    "width": 400,
                    "height": 440,
                    "length": 440
                },
                "sort": 2,
                "type": "box",
                "count": 2,
                "margin": {
                    "width": 0,
                    "height": 0,
                    "length": 0
                },
                "cargo_id": "l7do8vlmfmbnto1yawluulrybra9ltmx",
                "stacking": true,
                "turnover": true,
                "margin_width": 0,
                "margin_length": 0,
                "stacking_limit": 0
            },
            {
                "info": {
                    "color": "#680009",
                    "title": "JamLab 6R",
                    "article": "4",
                    "group_id": "2uzx2hwfgzzxd7x8wozklfk30nfftsgo",
                    "group_title": "Группа 1"
                },
                "mass": 9.5,
                "size": {
                    "width": 280,
                    "height": 380,
                    "length": 490
                },
                "sort": 2,
                "type": "box",
                "count": 1,
                "margin": {
                    "width": 0,
                    "height": 0,
                    "length": 0
                },
                "cargo_id": "o6cnf4waia7uaxly03bg3c4uokckclhx",
                "stacking": true,
                "turnover": true,
                "margin_width": 0,
                "margin_length": 0,
                "stacking_limit": 0
            },
            {
                "info": {
                    "color": "#6a5d24",
                    "title": "JamLab 6C",
                    "article": "3",
                    "group_id": "2uzx2hwfgzzxd7x8wozklfk30nfftsgo",
                    "group_title": "Группа 1"
                },
                "mass": 7.5,
                "size": {
                    "width": 290,
                    "height": 290,
                    "length": 520
                },
                "sort": 2,
                "type": "box",
                "count": 9,
                "margin": {
                    "width": 0,
                    "height": 0,
                    "length": 0
                },
                "cargo_id": "5fyidcwg8q7khoylxhy1yvutpmjihd4f",
                "stacking": true,
                "turnover": true,
                "margin_width": 0,
                "margin_length": 0,
                "stacking_limit": 0
            }
        ],
        "settings": {
            "rank": false,
            "max_step": 100,
            "min_step": 50,
            "usersort": true,
            "hardlimit": 1801,
            "timelimit": 1800,
            "step_scaling": 10
        },
        "put_boxes": [],
        "initial_id": 0,
        "cargo_space": {
            "id": 1067,
            "info": {
                "uid": "1067_0",
                "sort": 0,
                "title": "Азия",
                "margin": {
                    "width": 0,
                    "height": 0,
                    "length": 0
                }
            },
            "mass": 20,
            "size": {
                "width": 1000,
                "height": 145,
                "length": 1100
            },
            "type": "pallet",
            "axles": [],
            "title": "Азия",
            "margin": {
                "width": 0,
                "height": 0,
                "length": 0
            },
            "indentation": {
                "width": 0,
                "height": 0,
                "length": 0,
                "height_top": 0,
                "length_end": 0,
                "width_right": 0
            },
            "loading_size": {
                "width": 1000,
                "height": 2330,
                "length": 1100
            },
            "carrying_capacity": 300
        },
        "calculation_id": "15762"
    },
    "data_result": {
        "boxes": [
            {
                "id": 0,
                "info": {
                    "color": "#ea1c94",
                    "title": "M806A",
                    "article": "18",
                    "group_id": "1quo8ujomb9nssx7rn3zkm4yb5mrvbwl",
                    "group_title": "Группа 2"
                },
                "mass": 61.4,
                "size": {
                    "width": 870.0,
                    "height": 510.0,
                    "length": 1410.0
                },
                "sort": 1,
                "step": 1,
                "type": "box",
                "margin": {
                    "width": 0.0,
                    "height": 0.0,
                    "length": 0.0
                },
                "cargo_id": "nryal0f3dodtqgwgdaw0iuxddjfhtjyj",
                "position": {
                    "x": 0.0,
                    "y": 0.0,
                    "z": 490.0
                },
                "stacking": true,
                "turnover": true,
                "rotation_state": 3,
                "stacking_limit": 0.0,
                "calculated_size": {
                    "width": 510.0,
                    "height": 1410.0,
                    "length": 870.0
                },
                "virtual_positions": null
            },
            {
                "id": 1,
                "info": {
                    "color": "#e4d454",
                    "title": "SUB10G",
                    "article": "20",
                    "group_id": "2uzx2hwfgzzxd7x8wozklfk30nfftsgo",
                    "group_title": "Группа 1"
                },
                "mass": 21.5,
                "size": {
                    "width": 450.0,
                    "height": 470.0,
                    "length": 440.0
                },
                "sort": 2,
                "step": 2,
                "type": "box",
                "margin": {
                    "width": 0.0,
                    "height": 0.0,
                    "length": 0.0
                },
                "cargo_id": "misznscewjsgwgeuwlrknf9ebk1jt07b",
                "position": {
                    "x": 0.0,
                    "y": 0.0,
                    "z": 0.0
                },
                "stacking": true,
                "turnover": true,
                "rotation_state": 4,
                "stacking_limit": 0.0,
                "calculated_size": {
                    "width": 470.0,
                    "height": 440.0,
                    "length": 450.0
                },
                "virtual_positions": null
            },
            {
                "id": 2,
                "info": {
                    "color": "#e4d454",
                    "title": "SUB10G",
                    "article": "20",
                    "group_id": "2uzx2hwfgzzxd7x8wozklfk30nfftsgo",
                    "group_title": "Группа 1"
                },
                "mass": 21.5,
                "size": {
                    "width": 450.0,
                    "height": 470.0,
                    "length": 440.0
                },
                "sort": 2,
                "step": 3,
                "type": "box",
                "margin": {
                    "width": 0.0,
                    "height": 0.0,
                    "length": 0.0
                },
                "cargo_id": "misznscewjsgwgeuwlrknf9ebk1jt07b",
                "position": {
                    "x": 450.0,
                    "y": 0.0,
                    "z": 0.0
                },
                "stacking": true,
                "turnover": true,
                "rotation_state": 3,
                "stacking_limit": 0.0,
                "calculated_size": {
                    "width": 470.0,
                    "height": 450.0,
                    "length": 440.0
                },
                "virtual_positions": null
            },
            {
                "id": 3,
                "info": {
                    "color": "#e4d454",
                    "title": "SUB10G",
                    "article": "20",
                    "group_id": "2uzx2hwfgzzxd7x8wozklfk30nfftsgo",
                    "group_title": "Группа 1"
                },
                "mass": 21.5,
                "size": {
                    "width": 450.0,
                    "height": 470.0,
                    "length": 440.0
                },
                "sort": 2,
                "step": 4,
                "type": "box",
                "margin": {
                    "width": 0.0,
                    "height": 0.0,
                    "length": 0.0
                },
                "cargo_id": "misznscewjsgwgeuwlrknf9ebk1jt07b",
                "position": {
                    "x": 0.0,
                    "y": 440.0,
                    "z": 0.0
                },
                "stacking": true,
                "turnover": true,
                "rotation_state": 4,
                "stacking_limit": 0.0,
                "calculated_size": {
                    "width": 470.0,
                    "height": 440.0,
                    "length": 450.0
                },
                "virtual_positions": null
            },
            {
                "id": 4,
                "info": {
                    "color": "#e4d454",
                    "title": "SUB10G",
                    "article": "20",
                    "group_id": "2uzx2hwfgzzxd7x8wozklfk30nfftsgo",
                    "group_title": "Группа 1"
                },
                "mass": 21.5,
                "size": {
                    "width": 450.0,
                    "height": 470.0,
                    "length": 440.0
                },
                "sort": 2,
                "step": 5,
                "type": "box",
                "margin": {
                    "width": 0.0,
                    "height": 0.0,
                    "length": 0.0
                },
                "cargo_id": "misznscewjsgwgeuwlrknf9ebk1jt07b",
                "position": {
                    "x": 450.0,
                    "y": 450.0,
                    "z": 0.0
                },
                "stacking": true,
                "turnover": true,
                "rotation_state": 3,
                "stacking_limit": 0.0,
                "calculated_size": {
                    "width": 470.0,
                    "height": 450.0,
                    "length": 440.0
                },
                "virtual_positions": null
            },
            {
                "id": 5,
                "info": {
                    "color": "#e4d454",
                    "title": "SUB10G",
                    "article": "20",
                    "group_id": "2uzx2hwfgzzxd7x8wozklfk30nfftsgo",
                    "group_title": "Группа 1"
                },
                "mass": 21.5,
                "size": {
                    "width": 450.0,
                    "height": 470.0,
                    "length": 440.0
                },
                "sort": 2,
                "step": 6,
                "type": "box",
                "margin": {
                    "width": 0.0,
                    "height": 0.0,
                    "length": 0.0
                },
                "cargo_id": "misznscewjsgwgeuwlrknf9ebk1jt07b",
                "position": {
                    "x": 0.0,
                    "y": 880.0,
                    "z": 0.0
                },
                "stacking": true,
                "turnover": true,
                "rotation_state": 4,
                "stacking_limit": 0.0,
                "calculated_size": {
                    "width": 470.0,
                    "height": 440.0,
                    "length": 450.0
                },
                "virtual_positions": null
            },
            {
                "id": 6,
                "info": {
                    "color": "#e4d454",
                    "title": "SUB10G",
                    "article": "20",
                    "group_id": "2uzx2hwfgzzxd7x8wozklfk30nfftsgo",
                    "group_title": "Группа 1"
                },
                "mass": 21.5,
                "size": {
                    "width": 450.0,
                    "height": 470.0,
                    "length": 440.0
                },
                "sort": 2,
                "step": 7,
                "type": "box",
                "margin": {
                    "width": 0.0,
                    "height": 0.0,
                    "length": 0.0
                },
                "cargo_id": "misznscewjsgwgeuwlrknf9ebk1jt07b",
                "position": {
                    "x": 450.0,
                    "y": 900.0,
                    "z": 0.0
                },
                "stacking": true,
                "turnover": true,
                "rotation_state": 3,
                "stacking_limit": 0.0,
                "calculated_size": {
                    "width": 470.0,
                    "height": 450.0,
                    "length": 440.0
                },
                "virtual_positions": null
            },
            {
                "id": 9,
                "info": {
                    "color": "#5ec381",
                    "title": "M300MKII",
                    "article": "17",
                    "group_id": "2uzx2hwfgzzxd7x8wozklfk30nfftsgo",
                    "group_title": "Группа 1"
                },
                "mass": 29.5,
                "size": {
                    "width": 380.0,
                    "height": 520.0,
                    "length": 650.0
                },
                "sort": 2,
                "step": 8,
                "type": "box",
                "margin": {
                    "width": 0.0,
                    "height": 0.0,
                    "length": 0.0
                },
                "cargo_id": "z8pc9s6df2tpaq5rdwckxrbxeqn8ayph",
                "position": {
                    "x": 0.0,
                    "y": 1410.0,
                    "z": 480.0
                },
                "stacking": true,
                "turnover": true,
                "rotation_state": 4,
                "stacking_limit": 0.0,
                "calculated_size": {
                    "width": 520.0,
                    "height": 380.0,
                    "length": 650.0
                },
                "virtual_positions": null
            },
            {
                "id": 7,
                "info": {
                    "color": "#e4d454",
                    "title": "SUB10G",
                    "article": "20",
                    "group_id": "2uzx2hwfgzzxd7x8wozklfk30nfftsgo",
                    "group_title": "Группа 1"
                },
                "mass": 21.5,
                "size": {
                    "width": 450.0,
                    "height": 470.0,
                    "length": 440.0
                },
                "sort": 2,
                "step": 9,
                "type": "box",
                "margin": {
                    "width": 0.0,
                    "height": 0.0,
                    "length": 0.0
                },
                "cargo_id": "misznscewjsgwgeuwlrknf9ebk1jt07b",
                "position": {
                    "x": 0.0,
                    "y": 1320.0,
                    "z": 0.0
                },
                "stacking": true,
                "turnover": true,
                "rotation_state": 4,
                "stacking_limit": 0.0,
                "calculated_size": {
                    "width": 470.0,
                    "height": 440.0,
                    "length": 450.0
                },
                "virtual_positions": null
            },
            {
                "id": 22,
                "info": {
                    "color": "#6a5d24",
                    "title": "JamLab 6C",
                    "article": "3",
                    "group_id": "2uzx2hwfgzzxd7x8wozklfk30nfftsgo",
                    "group_title": "Группа 1"
                },
                "mass": 7.5,
                "size": {
                    "width": 290.0,
                    "height": 290.0,
                    "length": 520.0
                },
                "sort": 2,
                "step": 10,
                "type": "box",
                "margin": {
                    "width": 0.0,
                    "height": 0.0,
                    "length": 0.0
                },
                "cargo_id": "5fyidcwg8q7khoylxhy1yvutpmjihd4f",
                "position": {
                    "x": 650.0,
                    "y": 1410.0,
                    "z": 480.0
                },
                "stacking": true,
                "turnover": true,
                "rotation_state": 1,
                "stacking_limit": 0.0,
                "calculated_size": {
                    "width": 520.0,
                    "height": 290.0,
                    "length": 290.0
                },
                "virtual_positions": null
            },
            {
                "id": 8,
                "info": {
                    "color": "#e4d454",
                    "title": "SUB10G",
                    "article": "20",
                    "group_id": "2uzx2hwfgzzxd7x8wozklfk30nfftsgo",
                    "group_title": "Группа 1"
                },
                "mass": 21.5,
                "size": {
                    "width": 450.0,
                    "height": 470.0,
                    "length": 440.0
                },
                "sort": 2,
                "step": 11,
                "type": "box",
                "margin": {
                    "width": 0.0,
                    "height": 0.0,
                    "length": 0.0
                },
                "cargo_id": "misznscewjsgwgeuwlrknf9ebk1jt07b",
                "position": {
                    "x": 450.0,
                    "y": 1350.0,
                    "z": 0.0
                },
                "stacking": true,
                "turnover": true,
                "rotation_state": 3,
                "stacking_limit": 0.0,
                "calculated_size": {
                    "width": 470.0,
                    "height": 450.0,
                    "length": 440.0
                },
                "virtual_positions": null
            },
            {
                "id": 10,
                "info": {
                    "color": "#5ec381",
                    "title": "M300MKII",
                    "article": "17",
                    "group_id": "2uzx2hwfgzzxd7x8wozklfk30nfftsgo",
                    "group_title": "Группа 1"
                },
                "mass": 29.5,
                "size": {
                    "width": 380.0,
                    "height": 520.0,
                    "length": 650.0
                },
                "sort": 2,
                "step": 12,
                "type": "box",
                "margin": {
                    "width": 0.0,
                    "height": 0.0,
                    "length": 0.0
                },
                "cargo_id": "z8pc9s6df2tpaq5rdwckxrbxeqn8ayph",
                "position": {
                    "x": 0.0,
                    "y": 1790.0,
                    "z": 480.0
                },
                "stacking": true,
                "turnover": true,
                "rotation_state": 4,
                "stacking_limit": 0.0,
                "calculated_size": {
                    "width": 520.0,
                    "height": 380.0,
                    "length": 650.0
                },
                "virtual_positions": null
            }
        ],
        "version": 5,
        "cargo_space": {
            "id": 1067,
            "info": {
                "uid": "1067_0",
                "sort": 0,
                "title": "Азия",
                "margin": {
                    "width": 0,
                    "height": 0,
                    "length": 0
                }
            },
            "mass": 20.0,
            "size": {
                "width": 1000.0,
                "height": 145.0,
                "length": 1100.0
            },
            "type": "pallet",
            "indentation": {
                "width": 0.0,
                "height": 0.0,
                "length": 0.0,
                "height_top": -2185.0,
                "length_end": 0.0,
                "width_right": 0.0
            },
            "loading_size": {
                "width": 1000.0,
                "height": 2330.0,
                "length": 1100.0
            },
            "calculation_info": {
                "step_count": 12,
                "cargos_mass": 0.2999,
                "load_volume": 2.563,
                "cargos_volume": 1.67071,
                "count_cargoes": 12,
                "load_capacity": 0.3,
                "loading_height": 2.17,
                "density_percent": 81.90553,
                "remaining_volume": 0.89229,
                "void_space_percent": 34.81432,
                "filling_space_percent": 65.18568
            },
            "carrying_capacity": 300.0,
            "real_center_of_gravity": [
                429.5315105035011,
                1045.8136045348451,
                451.39379793264425
            ],
            "ideal_center_of_gravity": [
                550.0,
                0.0,
                500.0
            ]
        },
        "cargo_groups": [
            {
                "info": {
                    "color": "#5ec381",
                    "title": "M300MKII",
                    "article": "17",
                    "group_id": "2uzx2hwfgzzxd7x8wozklfk30nfftsgo",
                    "group_title": "Группа 1"
                },
                "mass": 29.5,
                "size": {
                    "width": 380.0,
                    "height": 520.0,
                    "length": 650.0
                },
                "sort": 2,
                "type": "box",
                "count": 1.0,
                "margin": {
                    "width": 0.0,
                    "height": 0.0,
                    "length": 0.0
                },
                "cargo_id": "z8pc9s6df2tpaq5rdwckxrbxeqn8ayph",
                "stacking": true,
                "turnover": true,
                "stacking_limit": 0.0,
                "prepare_last_result": "errorLoadCapacity"
            },
            {
                "info": {
                    "color": "#2edd66",
                    "title": "D3.2C",
                    "article": "7",
                    "group_id": "2uzx2hwfgzzxd7x8wozklfk30nfftsgo",
                    "group_title": "Группа 1"
                },
                "mass": 16.0,
                "size": {
                    "width": 380.0,
                    "height": 330.0,
                    "length": 740.0
                },
                "sort": 2,
                "type": "box",
                "count": 1.0,
                "margin": {
                    "width": 0.0,
                    "height": 0.0,
                    "length": 0.0
                },
                "cargo_id": "ozbgbglztadkzbbtccuqdatys6exp0lx",
                "stacking": true,
                "turnover": true,
                "stacking_limit": 0.0,
                "prepare_last_result": "errorLoadCapacity"
            },
            {
                "info": {
                    "color": "#29a7bc",
                    "title": "D3.2R",
                    "article": "6",
                    "group_id": "2uzx2hwfgzzxd7x8wozklfk30nfftsgo",
                    "group_title": "Группа 1"
                },
                "mass": 13.5,
                "size": {
                    "width": 400.0,
                    "height": 440.0,
                    "length": 440.0
                },
                "sort": 2,
                "type": "box",
                "count": 2.0,
                "margin": {
                    "width": 0.0,
                    "height": 0.0,
                    "length": 0.0
                },
                "cargo_id": "l7do8vlmfmbnto1yawluulrybra9ltmx",
                "stacking": true,
                "turnover": true,
                "stacking_limit": 0.0,
                "prepare_last_result": "errorLoadCapacity"
            },
            {
                "info": {
                    "color": "#680009",
                    "title": "JamLab 6R",
                    "article": "4",
                    "group_id": "2uzx2hwfgzzxd7x8wozklfk30nfftsgo",
                    "group_title": "Группа 1"
                },
                "mass": 9.5,
                "size": {
                    "width": 280.0,
                    "height": 380.0,
                    "length": 490.0
                },
                "sort": 2,
                "type": "box",
                "count": 1.0,
                "margin": {
                    "width": 0.0,
                    "height": 0.0,
                    "length": 0.0
                },
                "cargo_id": "o6cnf4waia7uaxly03bg3c4uokckclhx",
                "stacking": true,
                "turnover": true,
                "stacking_limit": 0.0,
                "prepare_last_result": "errorLoadCapacity"
            },
            {
                "info": {
                    "color": "#6a5d24",
                    "title": "JamLab 6C",
                    "article": "3",
                    "group_id": "2uzx2hwfgzzxd7x8wozklfk30nfftsgo",
                    "group_title": "Группа 1"
                },
                "mass": 7.5,
                "size": {
                    "width": 290.0,
                    "height": 290.0,
                    "length": 520.0
                },
                "sort": 2,
                "type": "box",
                "count": 8.0,
                "margin": {
                    "width": 0.0,
                    "height": 0.0,
                    "length": 0.0
                },
                "cargo_id": "5fyidcwg8q7khoylxhy1yvutpmjihd4f",
                "stacking": true,
                "turnover": true,
                "stacking_limit": 0.0,
                "prepare_last_result": "errorLoadCapacity"
            },
            {
                "info": {
                    "color": "#fcf3fa",
                    "title": "RM600AMKII-R",
                    "article": "11",
                    "group_id": "2uzx2hwfgzzxd7x8wozklfk30nfftsgo",
                    "group_title": "Группа 1"
                },
                "mass": 18.2,
                "size": {
                    "width": 430.0,
                    "height": 400.0,
                    "length": 740.0
                },
                "sort": 2,
                "type": "box",
                "count": 5.0,
                "margin": {
                    "width": 0.0,
                    "height": 0.0,
                    "length": 0.0
                },
                "cargo_id": "hbzmsqhknxn4pthj6zq8tkqpwhrfpxcw",
                "stacking": true,
                "turnover": true,
                "stacking_limit": 0.0,
                "prepare_last_result": "errorLoadCapacity"
            },
            {
                "info": {
                    "color": "#ae7254",
                    "title": "D300",
                    "article": "16",
                    "group_id": "2uzx2hwfgzzxd7x8wozklfk30nfftsgo",
                    "group_title": "Группа 1"
                },
                "mass": 20.0,
                "size": {
                    "width": 400.0,
                    "height": 450.0,
                    "length": 630.0
                },
                "sort": 2,
                "type": "box",
                "count": 1.0,
                "margin": {
                    "width": 0.0,
                    "height": 0.0,
                    "length": 0.0
                },
                "cargo_id": "kjboa56upso5e05gydguedbzuehgmvvi",
                "stacking": true,
                "turnover": true,
                "stacking_limit": 0.0,
                "prepare_last_result": "errorLoadCapacity"
            }
        ],
        "packing_type": "PackingLayers",
        "calculation_id": 15762,
        "invalid_errors": [],
        "unpacked_errors": [
            {
                "key": 0,
                "name": "success",
                "boxes": [
                    {
                        "id": "l7do8vlmfmbnto1yawluulrybra9ltmx",
                        "info": {
                            "color": "#29a7bc",
                            "title": "D3.2R",
                            "article": "6",
                            "group_id": "2uzx2hwfgzzxd7x8wozklfk30nfftsgo",
                            "group_title": "Группа 1"
                        }
                    },
                    {
                        "id": "5fyidcwg8q7khoylxhy1yvutpmjihd4f",
                        "info": {
                            "color": "#6a5d24",
                            "title": "JamLab 6C",
                            "article": "3",
                            "group_id": "2uzx2hwfgzzxd7x8wozklfk30nfftsgo",
                            "group_title": "Группа 1"
                        }
                    },
                    {
                        "id": "hbzmsqhknxn4pthj6zq8tkqpwhrfpxcw",
                        "info": {
                            "color": "#fcf3fa",
                            "title": "RM600AMKII-R",
                            "article": "11",
                            "group_id": "2uzx2hwfgzzxd7x8wozklfk30nfftsgo",
                            "group_title": "Группа 1"
                        }
                    }
                ]
            },
            {
                "key": 4,
                "name": "errorLoadCapacity",
                "boxes": [
                    {
                        "id": "z8pc9s6df2tpaq5rdwckxrbxeqn8ayph",
                        "info": {
                            "color": "#5ec381",
                            "title": "M300MKII",
                            "article": "17",
                            "group_id": "2uzx2hwfgzzxd7x8wozklfk30nfftsgo",
                            "group_title": "Группа 1"
                        }
                    },
                    {
                        "id": "ozbgbglztadkzbbtccuqdatys6exp0lx",
                        "info": {
                            "color": "#2edd66",
                            "title": "D3.2C",
                            "article": "7",
                            "group_id": "2uzx2hwfgzzxd7x8wozklfk30nfftsgo",
                            "group_title": "Группа 1"
                        }
                    },
                    {
                        "id": "l7do8vlmfmbnto1yawluulrybra9ltmx",
                        "info": {
                            "color": "#29a7bc",
                            "title": "D3.2R",
                            "article": "6",
                            "group_id": "2uzx2hwfgzzxd7x8wozklfk30nfftsgo",
                            "group_title": "Группа 1"
                        }
                    },
                    {
                        "id": "o6cnf4waia7uaxly03bg3c4uokckclhx",
                        "info": {
                            "color": "#680009",
                            "title": "JamLab 6R",
                            "article": "4",
                            "group_id": "2uzx2hwfgzzxd7x8wozklfk30nfftsgo",
                            "group_title": "Группа 1"
                        }
                    },
                    {
                        "id": "5fyidcwg8q7khoylxhy1yvutpmjihd4f",
                        "info": {
                            "color": "#6a5d24",
                            "title": "JamLab 6C",
                            "article": "3",
                            "group_id": "2uzx2hwfgzzxd7x8wozklfk30nfftsgo",
                            "group_title": "Группа 1"
                        }
                    },
                    {
                        "id": "hbzmsqhknxn4pthj6zq8tkqpwhrfpxcw",
                        "info": {
                            "color": "#fcf3fa",
                            "title": "RM600AMKII-R",
                            "article": "11",
                            "group_id": "2uzx2hwfgzzxd7x8wozklfk30nfftsgo",
                            "group_title": "Группа 1"
                        }
                    },
                    {
                        "id": "kjboa56upso5e05gydguedbzuehgmvvi",
                        "info": {
                            "color": "#ae7254",
                            "title": "D300",
                            "article": "16",
                            "group_id": "2uzx2hwfgzzxd7x8wozklfk30nfftsgo",
                            "group_title": "Группа 1"
                        }
                    }
                ]
            }
        ],
        "validate_errors": [
            "ERROR_INDENTATION"
        ],
        "is_packed_same_boxes": false
    }
}