{
    "data": {
        "cargoes": [
            {
                "info": {
                    "color": "#f9fc2f",
                    "title": "станд",
                    "article": "",
                    "group_id": "1l3gq0uukxfnbq22ojtaccs8viuvypyo",
                    "group_title": "Группа 1"
                },
                "mass": 100.0,
                "size": {
                    "width": 800,
                    "height": 100,
                    "length": 1200
                },
                "sort": 1,
                "type": "box",
                "count": 3,
                "margin": {
                    "width": 0,
                    "height": 0,
                    "length": 0
                },
                "cargo_id": "qy1tt3scb11kbxmflep8tkksqygupedj",
                "stacking": false,
                "turnover": true,
                "margin_width": 0,
                "margin_length": 0,
                "stacking_limit": 0
            },
            {
                "info": {
                    "color": "#17edb0",
                    "title": "4",
                    "article": "",
                    "group_id": "1l3gq0uukxfnbq22ojtaccs8viuvypyo",
                    "group_title": "Группа 1"
                },
                "mass": 1300.0,
                "size": {
                    "width": 2300,
                    "height": 2500,
                    "length": 2700
                },
                "sort": 1,
                "type": "box",
                "count": 1,
                "margin": {
                    "width": 0,
                    "height": 0,
                    "length": 0
                },
                "cargo_id": "3srfkj7nznntxrklankpclsaakhjkjd1",
                "stacking": false,
                "turnover": true,
                "margin_width": 0,
                "margin_length": 0,
                "stacking_limit": 0
            },
            {
                "info": {
                    "color": "#f26f65",
                    "title": "3",
                    "article": "",
                    "group_id": "1l3gq0uukxfnbq22ojtaccs8viuvypyo",
                    "group_title": "Группа 1"
                },
                "mass": 350.0,
                "size": {
                    "width": 1350,
                    "height": 1100,
                    "length": 1250
                },
                "sort": 1,
                "type": "box",
                "count": 6,
                "margin": {
                    "width": 0,
                    "height": 0,
                    "length": 0
                },
                "cargo_id": "edz72nzzl4edvjhlkqgvbqlbcyri4zse",
                "stacking": true,
                "turnover": true,
                "margin_width": 0,
                "margin_length": 0,
                "stacking_limit": 0
            },
            {
                "info": {
                    "color": "#c6633f",
                    "title": "2",
                    "article": "",
                    "group_id": "1l3gq0uukxfnbq22ojtaccs8viuvypyo",
                    "group_title": "Группа 1"
                },
                "mass": 1450.0,
                "size": {
                    "width": 1550,
                    "height": 2200,
                    "length": 2700
                },
                "sort": 1,
                "type": "box",
                "count": 1,
                "margin": {
                    "width": 0,
                    "height": 0,
                    "length": 0
                },
                "cargo_id": "5fh8xlbqwjdf2ppktnnzuwikmjw52fxj",
                "stacking": false,
                "turnover": true,
                "margin_width": 0,
                "margin_length": 0,
                "stacking_limit": 0
            },
            {
                "info": {
                    "color": "#64a81f",
                    "title": "1",
                    "article": "",
                    "group_id": "1l3gq0uukxfnbq22ojtaccs8viuvypyo",
                    "group_title": "Группа 1"
                },
                "mass": 1450.0,
                "size": {
                    "width": 1900,
                    "height": 2200,
                    "length": 2300
                },
                "sort": 1,
                "type": "box",
                "count": 1,
                "margin": {
                    "width": 0,
                    "height": 0,
                    "length": 0
                },
                "cargo_id": "nrv2ix3wswnvuxvrlipyoc7elkvu83gn",
                "stacking": false,
                "turnover": true,
                "margin_width": 0,
                "margin_length": 0,
                "stacking_limit": 0
            }
        ],
        "settings": {
            "rank": false,
            "max_step": 100,
            "min_step": 50,
            "usersort": false,
            "hardlimit": 1801,
            "timelimit": 1800,
            "step_scaling": 10
        },
        "put_boxes": [],
        "initial_id": 0,
        "cargo_space": {
            "id": 201,
            "info": {
                "uid": "201_0",
                "sort": 0,
                "title": "KRONE SDP 27"
            },
            "mass": 6500,
            "size": {
                "width": 2480,
                "height": 2860,
                "length": 13692
            },
            "type": "truck",
            "axles": [
                {
                    "title": "Ось 1",
                    "distance": 1155,
                    "max_load": 9000,
                    "default_load": 1665
                },
                {
                    "title": "Ось 2",
                    "distance": 1282,
                    "max_load": 9000,
                    "default_load": 1665
                },
                {
                    "title": "Ось 3",
                    "distance": 1300,
                    "max_load": 9000,
                    "default_load": 1670
                }
            ],
            "hitch": {
                "title": "",
                "distance": 7000,
                "max_load": 12000,
                "default_load": 1500
            },
            "title": "KRONE SDP 27",
            "tractor": {
                "mass": 9000,
                "axles": [
                    {
                        "title": "Ось 1",
                        "distance": 1410,
                        "max_load": 8000,
                        "default_load": 6000
                    },
                    {
                        "title": "Ось 2",
                        "distance": 2827,
                        "max_load": 11000,
                        "default_load": 2300
                    },
                    {
                        "title": "Ось 3",
                        "distance": 1395,
                        "max_load": 10000,
                        "default_load": 2200
                    }
                ],
                "title": "IVECO STRALIS AT440S42",
                "length": 6140,
                "hitch_distance": 778
            },
            "indentation": {
                "width": 0,
                "height": 0,
                "length": 46,
                "height_top": 0,
                "length_end": 46,
                "width_right": 0
            },
            "loading_size": {
                "width": 2480,
                "height": 2860,
                "length": 13600
            },
            "carrying_capacity": 32500
        },
        "calculation_id": "15948"
    },
    "data_result": {
        "boxes": [
            {
                "id": 10,
                "info": {
                    "color": "#c6633f",
                    "title": "2",
                    "article": "",
                    "group_id": "1l3gq0uukxfnbq22ojtaccs8viuvypyo",
                    "group_title": "Группа 1"
                },
                "mass": 1450.0,
                "size": {
                    "width": 1550.0,
                    "height": 2200.0,
                    "length": 2700.0
                },
                "sort": 1,
                "step": 1,
                "type": "box",
                "margin": {
                    "width": 0.0,
                    "height": 0.0,
                    "length": 0.0
                },
                "cargo_id": "5fh8xlbqwjdf2ppktnnzuwikmjw52fxj",
                "position": {
                    "x": 0.0,
                    "y": 0.0,
                    "z": 0.0
                },
                "stacking": false,
                "turnover": true,
                "rotation_state": 1,
                "stacking_limit": 0.0,
                "calculated_size": {
                    "width": 2200.0,
                    "height": 2700.0,
                    "length": 1550.0
                },
                "virtual_positions": null
            },
            {
                "id": 11,
                "info": {
                    "color": "#64a81f",
                    "title": "1",
                    "article": "",
                    "group_id": "1l3gq0uukxfnbq22ojtaccs8viuvypyo",
                    "group_title": "Группа 1"
                },
                "mass": 1450.0,
                "size": {
                    "width": 1900.0,
                    "height": 2200.0,
                    "length": 2300.0
                },
                "sort": 1,
                "step": 2,
                "type": "box",
                "margin": {
                    "width": 0.0,
                    "height": 0.0,
                    "length": 0.0
                },
                "cargo_id": "nrv2ix3wswnvuxvrlipyoc7elkvu83gn",
                "position": {
                    "x": 1550.0,
                    "y": 0.0,
                    "z": 0.0
                },
                "stacking": false,
                "turnover": true,
                "rotation_state": 1,
                "stacking_limit": 0.0,
                "calculated_size": {
                    "width": 2200.0,
                    "height": 2300.0,
                    "length": 1900.0
                },
                "virtual_positions": null
            },
            {
                "id": 4,
                "info": {
                    "color": "#f26f65",
                    "title": "3",
                    "article": "",
                    "group_id": "1l3gq0uukxfnbq22ojtaccs8viuvypyo",
                    "group_title": "Группа 1"
                },
                "mass": 350.0,
                "size": {
                    "width": 1350.0,
                    "height": 1100.0,
                    "length": 1250.0
                },
                "sort": 1,
                "step": 3,
                "type": "box",
                "margin": {
                    "width": 0.0,
                    "height": 0.0,
                    "length": 0.0
                },
                "cargo_id": "edz72nzzl4edvjhlkqgvbqlbcyri4zse",
                "position": {
                    "x": 3450.0,
                    "y": 0.0,
                    "z": 0.0
                },
                "stacking": true,
                "turnover": true,
                "rotation_state": 1,
                "stacking_limit": 0.0,
                "calculated_size": {
                    "width": 1350.0,
                    "height": 1100.0,
                    "length": 1250.0
                },
                "virtual_positions": null
            },
            {
                "id": 0,
                "info": {
                    "color": "#f9fc2f",
                    "title": "станд",
                    "article": "",
                    "group_id": "1l3gq0uukxfnbq22ojtaccs8viuvypyo",
                    "group_title": "Группа 1"
                },
                "mass": 100.0,
                "size": {
                    "width": 800.0,
                    "height": 100.0,
                    "length": 1200.0
                },
                "sort": 1,
                "step": 4,
                "type": "box",
                "margin": {
                    "width": 0.0,
                    "height": 0.0,
                    "length": 0.0
                },
                "cargo_id": "qy1tt3scb11kbxmflep8tkksqygupedj",
                "position": {
                    "x": 3450.0,
                    "y": 1100.0,
                    "z": 0.0
                },
                "stacking": false,
                "turnover": true,
                "rotation_state": 1,
                "stacking_limit": 0.0,
                "calculated_size": {
                    "width": 800.0,
                    "height": 1200.0,
                    "length": 100.0
                },
                "virtual_positions": null
            },
            {
                "id": 1,
                "info": {
                    "color": "#f9fc2f",
                    "title": "станд",
                    "article": "",
                    "group_id": "1l3gq0uukxfnbq22ojtaccs8viuvypyo",
                    "group_title": "Группа 1"
                },
                "mass": 100.0,
                "size": {
                    "width": 800.0,
                    "height": 100.0,
                    "length": 1200.0
                },
                "sort": 1,
                "step": 5,
                "type": "box",
                "margin": {
                    "width": 0.0,
                    "height": 0.0,
                    "length": 0.0
                },
                "cargo_id": "qy1tt3scb11kbxmflep8tkksqygupedj",
                "position": {
                    "x": 3550.0,
                    "y": 1100.0,
                    "z": 0.0
                },
                "stacking": false,
                "turnover": true,
                "rotation_state": 1,
                "stacking_limit": 0.0,
                "calculated_size": {
                    "width": 800.0,
                    "height": 1200.0,
                    "length": 100.0
                },
                "virtual_positions": null
            },
            {
                "id": 2,
                "info": {
                    "color": "#f9fc2f",
                    "title": "станд",
                    "article": "",
                    "group_id": "1l3gq0uukxfnbq22ojtaccs8viuvypyo",
                    "group_title": "Группа 1"
                },
                "mass": 100.0,
                "size": {
                    "width": 800.0,
                    "height": 100.0,
                    "length": 1200.0
                },
                "sort": 1,
                "step": 6,
                "type": "box",
                "margin": {
                    "width": 0.0,
                    "height": 0.0,
                    "length": 0.0
                },
                "cargo_id": "qy1tt3scb11kbxmflep8tkksqygupedj",
                "position": {
                    "x": 3650.0,
                    "y": 1100.0,
                    "z": 0.0
                },
                "stacking": false,
                "turnover": true,
                "rotation_state": 1,
                "stacking_limit": 0.0,
                "calculated_size": {
                    "width": 800.0,
                    "height": 1200.0,
                    "length": 100.0
                },
                "virtual_positions": null
            },
            {
                "id": 5,
                "info": {
                    "color": "#f26f65",
                    "title": "3",
                    "article": "",
                    "group_id": "1l3gq0uukxfnbq22ojtaccs8viuvypyo",
                    "group_title": "Группа 1"
                },
                "mass": 350.0,
                "size": {
                    "width": 1350.0,
                    "height": 1100.0,
                    "length": 1250.0
                },
                "sort": 1,
                "step": 7,
                "type": "box",
                "margin": {
                    "width": 0.0,
                    "height": 0.0,
                    "length": 0.0
                },
                "cargo_id": "edz72nzzl4edvjhlkqgvbqlbcyri4zse",
                "position": {
                    "x": 4700.0,
                    "y": 0.0,
                    "z": 0.0
                },
                "stacking": true,
                "turnover": true,
                "rotation_state": 1,
                "stacking_limit": 0.0,
                "calculated_size": {
                    "width": 1350.0,
                    "height": 1100.0,
                    "length": 1250.0
                },
                "virtual_positions": null
            },
            {
                "id": 6,
                "info": {
                    "color": "#f26f65",
                    "title": "3",
                    "article": "",
                    "group_id": "1l3gq0uukxfnbq22ojtaccs8viuvypyo",
                    "group_title": "Группа 1"
                },
                "mass": 350.0,
                "size": {
                    "width": 1350.0,
                    "height": 1100.0,
                    "length": 1250.0
                },
                "sort": 1,
                "step": 8,
                "type": "box",
                "margin": {
                    "width": 0.0,
                    "height": 0.0,
                    "length": 0.0
                },
                "cargo_id": "edz72nzzl4edvjhlkqgvbqlbcyri4zse",
                "position": {
                    "x": 5950.0,
                    "y": 0.0,
                    "z": 0.0
                },
                "stacking": true,
                "turnover": true,
                "rotation_state": 1,
                "stacking_limit": 0.0,
                "calculated_size": {
                    "width": 1350.0,
                    "height": 1100.0,
                    "length": 1250.0
                },
                "virtual_positions": null
            },
            {
                "id": 7,
                "info": {
                    "color": "#f26f65",
                    "title": "3",
                    "article": "",
                    "group_id": "1l3gq0uukxfnbq22ojtaccs8viuvypyo",
                    "group_title": "Группа 1"
                },
                "mass": 350.0,
                "size": {
                    "width": 1350.0,
                    "height": 1100.0,
                    "length": 1250.0
                },
                "sort": 1,
                "step": 9,
                "type": "box",
                "margin": {
                    "width": 0.0,
                    "height": 0.0,
                    "length": 0.0
                },
                "cargo_id": "edz72nzzl4edvjhlkqgvbqlbcyri4zse",
                "position": {
                    "x": 7200.0,
                    "y": 0.0,
                    "z": 0.0
                },
                "stacking": true,
                "turnover": true,
                "rotation_state": 1,
                "stacking_limit": 0.0,
                "calculated_size": {
                    "width": 1350.0,
                    "height": 1100.0,
                    "length": 1250.0
                },
                "virtual_positions": null
            },
            {
                "id": 8,
                "info": {
                    "color": "#f26f65",
                    "title": "3",
                    "article": "",
                    "group_id": "1l3gq0uukxfnbq22ojtaccs8viuvypyo",
                    "group_title": "Группа 1"
                },
                "mass": 350.0,
                "size": {
                    "width": 1350.0,
                    "height": 1100.0,
                    "length": 1250.0
                },
                "sort": 1,
                "step": 10,
                "type": "box",
                "margin": {
                    "width": 0.0,
                    "height": 0.0,
                    "length": 0.0
                },
                "cargo_id": "edz72nzzl4edvjhlkqgvbqlbcyri4zse",
                "position": {
                    "x": 8450.0,
                    "y": 0.0,
                    "z": 0.0
                },
                "stacking": true,
                "turnover": true,
                "rotation_state": 1,
                "stacking_limit": 0.0,
                "calculated_size": {
                    "width": 1350.0,
                    "height": 1100.0,
                    "length": 1250.0
                },
                "virtual_positions": null
            },
            {
                "id": 9,
                "info": {
                    "color": "#f26f65",
                    "title": "3",
                    "article": "",
                    "group_id": "1l3gq0uukxfnbq22ojtaccs8viuvypyo",
                    "group_title": "Группа 1"
                },
                "mass": 350.0,
                "size": {
                    "width": 1350.0,
                    "height": 1100.0,
                    "length": 1250.0
                },
                "sort": 1,
                "step": 11,
                "type": "box",
                "margin": {
                    "width": 0.0,
                    "height": 0.0,
                    "length": 0.0
                },
                "cargo_id": "edz72nzzl4edvjhlkqgvbqlbcyri4zse",
                "position": {
                    "x": 9700.0,
                    "y": 0.0,
                    "z": 0.0
                },
                "stacking": true,
                "turnover": true,
                "rotation_state": 1,
                "stacking_limit": 0.0,
                "calculated_size": {
                    "width": 1350.0,
                    "height": 1100.0,
                    "length": 1250.0
                },
                "virtual_positions": null
            },
            {
                "id": 3,
                "info": {
                    "color": "#17edb0",
                    "title": "4",
                    "article": "",
                    "group_id": "1l3gq0uukxfnbq22ojtaccs8viuvypyo",
                    "group_title": "Группа 1"
                },
                "mass": 1300.0,
                "size": {
                    "width": 2300.0,
                    "height": 2500.0,
                    "length": 2700.0
                },
                "sort": 1,
                "step": 12,
                "type": "box",
                "margin": {
                    "width": 0.0,
                    "height": 0.0,
                    "length": 0.0
                },
                "cargo_id": "3srfkj7nznntxrklankpclsaakhjkjd1",
                "position": {
                    "x": 11100.0,
                    "y": 0.0,
                    "z": 0.0
                },
                "stacking": false,
                "turnover": true,
                "rotation_state": 0,
                "stacking_limit": 0.0,
                "calculated_size": {
                    "width": 2300.0,
                    "height": 2700.0,
                    "length": 2500.0
                },
                "virtual_positions": null
            }
        ],
        "version": 5,
        "cargo_space": {
            "id": 201,
            "info": {
                "uid": "201_0",
                "sort": 0,
                "title": "KRONE SDP 27"
            },
            "mass": 6500.0,
            "size": {
                "width": 2480.0,
                "height": 2860.0,
                "length": 13692.0
            },
            "type": "truck",
            "axles": [
                {
                    "title": "Ось 1",
                    "distance": 1155.0,
                    "max_load": 9000.0,
                    "default_load": 1665.0,
                    "calculated_load": 2810.71107
                },
                {
                    "title": "Ось 2",
                    "distance": 1282.0,
                    "max_load": 9000.0,
                    "default_load": 1665.0,
                    "calculated_load": 2810.71107
                },
                {
                    "title": "Ось 3",
                    "distance": 1300.0,
                    "max_load": 9000.0,
                    "default_load": 1670.0,
                    "calculated_load": 2815.71107
                }
            ],
            "hitch": {
                "title": "",
                "distance": 7000.0,
                "max_load": 12000.0,
                "default_load": 1500.0,
                "calculated_load": 4662.8668
            },
            "tractor": {
                "mass": 9000.0,
                "axles": [
                    {
                        "title": "Ось 1",
                        "distance": 1410.0,
                        "max_load": 8000.0,
                        "default_load": 6000.0,
                        "calculated_load": 6698.17289
                    },
                    {
                        "title": "Ось 2",
                        "distance": 2827.0,
                        "max_load": 11000.0,
                        "default_load": 2300.0,
                        "calculated_load": 3532.34695
                    },
                    {
                        "title": "Ось 3",
                        "distance": 1395.0,
                        "max_load": 10000.0,
                        "default_load": 2200.0,
                        "calculated_load": 3432.34695
                    }
                ],
                "length": 6140.0,
                "hitch_distance": 778.0
            },
            "full_length": 13692.0,
            "indentation": {
                "width": 0.0,
                "height": 0.0,
                "length": 46.0,
                "height_top": 0.0,
                "length_end": 46.0,
                "width_right": 0.0
            },
            "loading_size": {
                "width": 2480.0,
                "height": 2860.0,
                "length": 13600.0
            },
            "calculation_info": {
                "step_count": 12,
                "cargos_mass": 6.6,
                "load_volume": 96.46208,
                "cargos_volume": 45.7715,
                "count_cargoes": 12,
                "load_capacity": 32.5,
                "loading_height": 2.7,
                "density_percent": 54.19568,
                "remaining_volume": 50.69058,
                "void_space_percent": 52.54975,
                "filling_space_percent": 47.45025
            },
            "carrying_capacity": 32500.0,
            "real_center_of_gravity": [
                5606.628787878788,
                1067.4242424242423,
                942.8030303030303
            ],
            "ideal_center_of_gravity": [
                6800.0,
                0.0,
                1240.0
            ]
        },
        "cargo_groups": [],
        "packing_type": "PackingTruck PackingTwoBoxesInLayer",
        "calculation_id": 15948,
        "invalid_errors": [],
        "unpacked_errors": [],
        "validate_errors": [],
        "is_packed_same_boxes": false
    }
}