{
    "data": {
        "cargoes": [
            {
                "info": {
                    "color": "#d88b3e",
                    "title": "Внутренний блок 1",
                    "article": "",
                    "group_id": "1ffxsarseogxzo1uaxwycz3cf59v9ddy",
                    "group_title": "Группа 1"
                },
                "mass": 300.0,
                "size": {
                    "width": 900,
                    "height": 2300,
                    "length": 900
                },
                "sort": 1,
                "type": "box",
                "count": 2,
                "margin": {
                    "width": 0,
                    "height": 0,
                    "length": 0
                },
                "cargo_id": "4y0efe0xkosbjw45j15stqskevvpbh4t",
                "stacking": false,
                "turnover": false,
                "margin_width": 0,
                "margin_length": 0,
                "stacking_limit": 0
            },
            {
                "info": {
                    "color": "#aecc39",
                    "title": "Выносной конд. 1",
                    "article": "",
                    "group_id": "1ffxsarseogxzo1uaxwycz3cf59v9ddy",
                    "group_title": "Группа 1"
                },
                "mass": 300.0,
                "size": {
                    "width": 1050,
                    "height": 1000,
                    "length": 1450
                },
                "sort": 1,
                "type": "box",
                "count": 2,
                "margin": {
                    "width": 0,
                    "height": 0,
                    "length": 0
                },
                "cargo_id": "exuziyj8h0augzqtqte393t4f7xy4kwg",
                "stacking": true,
                "turnover": false,
                "margin_width": 0,
                "margin_length": 0,
                "stacking_limit": 0
            },
            {
                "info": {
                    "color": "#fc3751",
                    "title": "Выносной конд. 2",
                    "article": "",
                    "group_id": "1ffxsarseogxzo1uaxwycz3cf59v9ddy",
                    "group_title": "Группа 1"
                },
                "mass": 350.0,
                "size": {
                    "width": 1100,
                    "height": 1050,
                    "length": 2150
                },
                "sort": 1,
                "type": "box",
                "count": 6,
                "margin": {
                    "width": 0,
                    "height": 0,
                    "length": 0
                },
                "cargo_id": "ib8l4e8xzit5kbfm57yink7jsmzzmevc",
                "stacking": true,
                "turnover": false,
                "margin_width": 0,
                "margin_length": 0,
                "stacking_limit": 0
            },
            {
                "info": {
                    "color": "#9161f9",
                    "title": "НТК1.2",
                    "article": "",
                    "group_id": "1ffxsarseogxzo1uaxwycz3cf59v9ddy",
                    "group_title": "Группа 1"
                },
                "mass": 100.0,
                "size": {
                    "width": 900,
                    "height": 1000,
                    "length": 900
                },
                "sort": 1,
                "type": "box",
                "count": 12,
                "margin": {
                    "width": 0,
                    "height": 0,
                    "length": 0
                },
                "cargo_id": "ljfmy3qy9ungzdzy2zlyw4cvziy6emtd",
                "stacking": true,
                "turnover": false,
                "margin_width": 0,
                "margin_length": 0,
                "stacking_limit": 0
            },
            {
                "info": {
                    "color": "#20d87c",
                    "title": "Пленум 1",
                    "article": "",
                    "group_id": "1ffxsarseogxzo1uaxwycz3cf59v9ddy",
                    "group_title": "Группа 1"
                },
                "mass": 150.0,
                "size": {
                    "width": 900,
                    "height": 1550,
                    "length": 900
                },
                "sort": 1,
                "type": "box",
                "count": 1,
                "margin": {
                    "width": 0,
                    "height": 0,
                    "length": 0
                },
                "cargo_id": "ezfol4ovfw2ibtwklzjelu6eo3werycs",
                "stacking": true,
                "turnover": false,
                "margin_width": 0,
                "margin_length": 0,
                "stacking_limit": 0
            },
            {
                "info": {
                    "color": "#0f9934",
                    "title": "Пленум 2",
                    "article": "",
                    "group_id": "1ffxsarseogxzo1uaxwycz3cf59v9ddy",
                    "group_title": "Группа 1"
                },
                "mass": 150.0,
                "size": {
                    "width": 800,
                    "height": 1500,
                    "length": 1000
                },
                "sort": 1,
                "type": "box",
                "count": 3,
                "margin": {
                    "width": 0,
                    "height": 0,
                    "length": 0
                },
                "cargo_id": "f76t7i4fmue89nobzxa7p34kx2tjsoyq",
                "stacking": true,
                "turnover": false,
                "margin_width": 0,
                "margin_length": 0,
                "stacking_limit": 0
            },
            {
                "info": {
                    "color": "#d37d0c",
                    "title": "Подставка 1",
                    "article": "",
                    "group_id": "1ffxsarseogxzo1uaxwycz3cf59v9ddy",
                    "group_title": "Группа 1"
                },
                "mass": 80.0,
                "size": {
                    "width": 800,
                    "height": 800,
                    "length": 800
                },
                "sort": 1,
                "type": "box",
                "count": 1,
                "margin": {
                    "width": 0,
                    "height": 0,
                    "length": 0
                },
                "cargo_id": "9go5ap9dk0hojrb0ndk3cey7teyezxmn",
                "stacking": true,
                "turnover": false,
                "margin_width": 0,
                "margin_length": 0,
                "stacking_limit": 0
            },
            {
                "info": {
                    "color": "#552ef2",
                    "title": "Подставка 2",
                    "article": "",
                    "group_id": "1ffxsarseogxzo1uaxwycz3cf59v9ddy",
                    "group_title": "Группа 1"
                },
                "mass": 100.0,
                "size": {
                    "width": 850,
                    "height": 800,
                    "length": 1000
                },
                "sort": 1,
                "type": "box",
                "count": 3,
                "margin": {
                    "width": 0,
                    "height": 0,
                    "length": 0
                },
                "cargo_id": "4aksaiupisuohxgvtd9hx98oksdo14zy",
                "stacking": true,
                "turnover": false,
                "margin_width": 0,
                "margin_length": 0,
                "stacking_limit": 0
            },
            {
                "info": {
                    "color": "#f45fe3",
                    "title": "Внутренний блок 2",
                    "article": "",
                    "group_id": "1ffxsarseogxzo1uaxwycz3cf59v9ddy",
                    "group_title": "Группа 1"
                },
                "mass": 300.0,
                "size": {
                    "width": 900,
                    "height": 2300,
                    "length": 1100
                },
                "sort": 1,
                "type": "box",
                "count": 6,
                "margin": {
                    "width": 0,
                    "height": 0,
                    "length": 0
                },
                "cargo_id": "j6fe6nccoxyrwusdtxqbjpyfv2ubivk3",
                "stacking": false,
                "turnover": false,
                "margin_width": 0,
                "margin_length": 0,
                "stacking_limit": 0
            }
        ],
        "settings": {
            "rank": false,
            "max_step": 100,
            "min_step": 50,
            "usersort": false,
            "hardlimit": 1801,
            "timelimit": 1800,
            "step_scaling": 10
        },
        "put_boxes": [],
        "initial_id": 0,
        "cargo_space": {
            "id": 491,
            "info": {
                "uid": "491_0",
                "sort": 0,
                "title": "Евро Фура"
            },
            "mass": 6500,
            "size": {
                "width": 2480,
                "height": 2860,
                "length": 13692
            },
            "type": "truck",
            "axles": [
                {
                    "title": "Ось 1",
                    "distance": 1155,
                    "max_load": 9000,
                    "default_load": 1665
                },
                {
                    "title": "Ось 2",
                    "distance": 1282,
                    "max_load": 9000,
                    "default_load": 1665
                },
                {
                    "title": "Ось 3",
                    "distance": 1300,
                    "max_load": 9000,
                    "default_load": 1670
                }
            ],
            "hitch": {
                "title": "",
                "distance": 7000,
                "max_load": 12000,
                "default_load": 1500
            },
            "title": "Евро Фура",
            "tractor": {
                "mass": 9000,
                "axles": [
                    {
                        "title": "Ось 1",
                        "distance": 1410,
                        "max_load": 8000,
                        "default_load": 6000
                    },
                    {
                        "title": "Ось 2",
                        "distance": 2827,
                        "max_load": 11000,
                        "default_load": 2300
                    },
                    {
                        "title": "Ось 3",
                        "distance": 1395,
                        "max_load": 10000,
                        "default_load": 2200
                    }
                ],
                "title": "IVECO STRALIS AT440S42",
                "length": 6140,
                "hitch_distance": 778
            },
            "indentation": {
                "width": 40,
                "height": 0,
                "length": 46,
                "height_top": 210,
                "length_end": 46,
                "width_right": 40
            },
            "loading_size": {
                "width": 2400,
                "height": 2650,
                "length": 13600
            },
            "carrying_capacity": 32500
        },
        "calculation_id": "15326"
    },
    "data_result": {
        "boxes": [
            {
                "id": 4,
                "info": {
                    "color": "#fc3751",
                    "title": "Выносной конд. 2",
                    "article": "",
                    "group_id": "1ffxsarseogxzo1uaxwycz3cf59v9ddy",
                    "group_title": "Группа 1"
                },
                "mass": 350.0,
                "size": {
                    "width": 1100.0,
                    "height": 1050.0,
                    "length": 2150.0
                },
                "sort": 1,
                "step": 1,
                "type": "box",
                "margin": {
                    "width": 0.0,
                    "height": 0.0,
                    "length": 0.0
                },
                "cargo_id": "ib8l4e8xzit5kbfm57yink7jsmzzmevc",
                "position": {
                    "x": 0.0,
                    "y": 0.0,
                    "z": 0.0
                },
                "stacking": true,
                "turnover": false,
                "rotation_state": 1,
                "stacking_limit": 0.0,
                "calculated_size": {
                    "width": 2150.0,
                    "height": 1050.0,
                    "length": 1100.0
                },
                "virtual_positions": null
            },
            {
                "id": 5,
                "info": {
                    "color": "#fc3751",
                    "title": "Выносной конд. 2",
                    "article": "",
                    "group_id": "1ffxsarseogxzo1uaxwycz3cf59v9ddy",
                    "group_title": "Группа 1"
                },
                "mass": 350.0,
                "size": {
                    "width": 1100.0,
                    "height": 1050.0,
                    "length": 2150.0
                },
                "sort": 1,
                "step": 2,
                "type": "box",
                "margin": {
                    "width": 0.0,
                    "height": 0.0,
                    "length": 0.0
                },
                "cargo_id": "ib8l4e8xzit5kbfm57yink7jsmzzmevc",
                "position": {
                    "x": 1100.0,
                    "y": 0.0,
                    "z": 0.0
                },
                "stacking": true,
                "turnover": false,
                "rotation_state": 1,
                "stacking_limit": 0.0,
                "calculated_size": {
                    "width": 2150.0,
                    "height": 1050.0,
                    "length": 1100.0
                },
                "virtual_positions": null
            },
            {
                "id": 26,
                "info": {
                    "color": "#d37d0c",
                    "title": "Подставка 1",
                    "article": "",
                    "group_id": "1ffxsarseogxzo1uaxwycz3cf59v9ddy",
                    "group_title": "Группа 1"
                },
                "mass": 80.0,
                "size": {
                    "width": 800.0,
                    "height": 800.0,
                    "length": 800.0
                },
                "sort": 1,
                "step": 3,
                "type": "box",
                "margin": {
                    "width": 0.0,
                    "height": 0.0,
                    "length": 0.0
                },
                "cargo_id": "9go5ap9dk0hojrb0ndk3cey7teyezxmn",
                "position": {
                    "x": 450.0,
                    "y": 1050.0,
                    "z": 1000.0
                },
                "stacking": true,
                "turnover": false,
                "rotation_state": 0,
                "stacking_limit": 0.0,
                "calculated_size": {
                    "width": 800.0,
                    "height": 800.0,
                    "length": 800.0
                },
                "virtual_positions": null
            },
            {
                "id": 29,
                "info": {
                    "color": "#552ef2",
                    "title": "Подставка 2",
                    "article": "",
                    "group_id": "1ffxsarseogxzo1uaxwycz3cf59v9ddy",
                    "group_title": "Группа 1"
                },
                "mass": 100.0,
                "size": {
                    "width": 850.0,
                    "height": 800.0,
                    "length": 1000.0
                },
                "sort": 1,
                "step": 4,
                "type": "box",
                "margin": {
                    "width": 0.0,
                    "height": 0.0,
                    "length": 0.0
                },
                "cargo_id": "4aksaiupisuohxgvtd9hx98oksdo14zy",
                "position": {
                    "x": 400.0,
                    "y": 1050.0,
                    "z": 0.0
                },
                "stacking": true,
                "turnover": false,
                "rotation_state": 1,
                "stacking_limit": 0.0,
                "calculated_size": {
                    "width": 1000.0,
                    "height": 800.0,
                    "length": 850.0
                },
                "virtual_positions": null
            },
            {
                "id": 28,
                "info": {
                    "color": "#552ef2",
                    "title": "Подставка 2",
                    "article": "",
                    "group_id": "1ffxsarseogxzo1uaxwycz3cf59v9ddy",
                    "group_title": "Группа 1"
                },
                "mass": 100.0,
                "size": {
                    "width": 850.0,
                    "height": 800.0,
                    "length": 1000.0
                },
                "sort": 1,
                "step": 5,
                "type": "box",
                "margin": {
                    "width": 0.0,
                    "height": 0.0,
                    "length": 0.0
                },
                "cargo_id": "4aksaiupisuohxgvtd9hx98oksdo14zy",
                "position": {
                    "x": 1250.0,
                    "y": 1050.0,
                    "z": 1000.0
                },
                "stacking": true,
                "turnover": false,
                "rotation_state": 1,
                "stacking_limit": 0.0,
                "calculated_size": {
                    "width": 1000.0,
                    "height": 800.0,
                    "length": 850.0
                },
                "virtual_positions": null
            },
            {
                "id": 27,
                "info": {
                    "color": "#552ef2",
                    "title": "Подставка 2",
                    "article": "",
                    "group_id": "1ffxsarseogxzo1uaxwycz3cf59v9ddy",
                    "group_title": "Группа 1"
                },
                "mass": 100.0,
                "size": {
                    "width": 850.0,
                    "height": 800.0,
                    "length": 1000.0
                },
                "sort": 1,
                "step": 6,
                "type": "box",
                "margin": {
                    "width": 0.0,
                    "height": 0.0,
                    "length": 0.0
                },
                "cargo_id": "4aksaiupisuohxgvtd9hx98oksdo14zy",
                "position": {
                    "x": 1250.0,
                    "y": 1050.0,
                    "z": 0.0
                },
                "stacking": true,
                "turnover": false,
                "rotation_state": 1,
                "stacking_limit": 0.0,
                "calculated_size": {
                    "width": 1000.0,
                    "height": 800.0,
                    "length": 850.0
                },
                "virtual_positions": null
            },
            {
                "id": 6,
                "info": {
                    "color": "#fc3751",
                    "title": "Выносной конд. 2",
                    "article": "",
                    "group_id": "1ffxsarseogxzo1uaxwycz3cf59v9ddy",
                    "group_title": "Группа 1"
                },
                "mass": 350.0,
                "size": {
                    "width": 1100.0,
                    "height": 1050.0,
                    "length": 2150.0
                },
                "sort": 1,
                "step": 7,
                "type": "box",
                "margin": {
                    "width": 0.0,
                    "height": 0.0,
                    "length": 0.0
                },
                "cargo_id": "ib8l4e8xzit5kbfm57yink7jsmzzmevc",
                "position": {
                    "x": 2200.0,
                    "y": 0.0,
                    "z": 0.0
                },
                "stacking": true,
                "turnover": false,
                "rotation_state": 1,
                "stacking_limit": 0.0,
                "calculated_size": {
                    "width": 2150.0,
                    "height": 1050.0,
                    "length": 1100.0
                },
                "virtual_positions": null
            },
            {
                "id": 21,
                "info": {
                    "color": "#9161f9",
                    "title": "НТК1.2",
                    "article": "",
                    "group_id": "1ffxsarseogxzo1uaxwycz3cf59v9ddy",
                    "group_title": "Группа 1"
                },
                "mass": 100.0,
                "size": {
                    "width": 900.0,
                    "height": 1000.0,
                    "length": 900.0
                },
                "sort": 1,
                "step": 8,
                "type": "box",
                "margin": {
                    "width": 0.0,
                    "height": 0.0,
                    "length": 0.0
                },
                "cargo_id": "ljfmy3qy9ungzdzy2zlyw4cvziy6emtd",
                "position": {
                    "x": 2100.0,
                    "y": 1050.0,
                    "z": 900.0
                },
                "stacking": true,
                "turnover": false,
                "rotation_state": 0,
                "stacking_limit": 0.0,
                "calculated_size": {
                    "width": 900.0,
                    "height": 1000.0,
                    "length": 900.0
                },
                "virtual_positions": null
            },
            {
                "id": 20,
                "info": {
                    "color": "#9161f9",
                    "title": "НТК1.2",
                    "article": "",
                    "group_id": "1ffxsarseogxzo1uaxwycz3cf59v9ddy",
                    "group_title": "Группа 1"
                },
                "mass": 100.0,
                "size": {
                    "width": 900.0,
                    "height": 1000.0,
                    "length": 900.0
                },
                "sort": 1,
                "step": 9,
                "type": "box",
                "margin": {
                    "width": 0.0,
                    "height": 0.0,
                    "length": 0.0
                },
                "cargo_id": "ljfmy3qy9ungzdzy2zlyw4cvziy6emtd",
                "position": {
                    "x": 2100.0,
                    "y": 1050.0,
                    "z": 0.0
                },
                "stacking": true,
                "turnover": false,
                "rotation_state": 0,
                "stacking_limit": 0.0,
                "calculated_size": {
                    "width": 900.0,
                    "height": 1000.0,
                    "length": 900.0
                },
                "virtual_positions": null
            },
            {
                "id": 7,
                "info": {
                    "color": "#fc3751",
                    "title": "Выносной конд. 2",
                    "article": "",
                    "group_id": "1ffxsarseogxzo1uaxwycz3cf59v9ddy",
                    "group_title": "Группа 1"
                },
                "mass": 350.0,
                "size": {
                    "width": 1100.0,
                    "height": 1050.0,
                    "length": 2150.0
                },
                "sort": 1,
                "step": 10,
                "type": "box",
                "margin": {
                    "width": 0.0,
                    "height": 0.0,
                    "length": 0.0
                },
                "cargo_id": "ib8l4e8xzit5kbfm57yink7jsmzzmevc",
                "position": {
                    "x": 3300.0,
                    "y": 0.0,
                    "z": 0.0
                },
                "stacking": true,
                "turnover": false,
                "rotation_state": 1,
                "stacking_limit": 0.0,
                "calculated_size": {
                    "width": 2150.0,
                    "height": 1050.0,
                    "length": 1100.0
                },
                "virtual_positions": null
            },
            {
                "id": 19,
                "info": {
                    "color": "#9161f9",
                    "title": "НТК1.2",
                    "article": "",
                    "group_id": "1ffxsarseogxzo1uaxwycz3cf59v9ddy",
                    "group_title": "Группа 1"
                },
                "mass": 100.0,
                "size": {
                    "width": 900.0,
                    "height": 1000.0,
                    "length": 900.0
                },
                "sort": 1,
                "step": 11,
                "type": "box",
                "margin": {
                    "width": 0.0,
                    "height": 0.0,
                    "length": 0.0
                },
                "cargo_id": "ljfmy3qy9ungzdzy2zlyw4cvziy6emtd",
                "position": {
                    "x": 3000.0,
                    "y": 1050.0,
                    "z": 900.0
                },
                "stacking": true,
                "turnover": false,
                "rotation_state": 0,
                "stacking_limit": 0.0,
                "calculated_size": {
                    "width": 900.0,
                    "height": 1000.0,
                    "length": 900.0
                },
                "virtual_positions": null
            },
            {
                "id": 18,
                "info": {
                    "color": "#9161f9",
                    "title": "НТК1.2",
                    "article": "",
                    "group_id": "1ffxsarseogxzo1uaxwycz3cf59v9ddy",
                    "group_title": "Группа 1"
                },
                "mass": 100.0,
                "size": {
                    "width": 900.0,
                    "height": 1000.0,
                    "length": 900.0
                },
                "sort": 1,
                "step": 12,
                "type": "box",
                "margin": {
                    "width": 0.0,
                    "height": 0.0,
                    "length": 0.0
                },
                "cargo_id": "ljfmy3qy9ungzdzy2zlyw4cvziy6emtd",
                "position": {
                    "x": 3000.0,
                    "y": 1050.0,
                    "z": 0.0
                },
                "stacking": true,
                "turnover": false,
                "rotation_state": 0,
                "stacking_limit": 0.0,
                "calculated_size": {
                    "width": 900.0,
                    "height": 1000.0,
                    "length": 900.0
                },
                "virtual_positions": null
            },
            {
                "id": 8,
                "info": {
                    "color": "#fc3751",
                    "title": "Выносной конд. 2",
                    "article": "",
                    "group_id": "1ffxsarseogxzo1uaxwycz3cf59v9ddy",
                    "group_title": "Группа 1"
                },
                "mass": 350.0,
                "size": {
                    "width": 1100.0,
                    "height": 1050.0,
                    "length": 2150.0
                },
                "sort": 1,
                "step": 13,
                "type": "box",
                "margin": {
                    "width": 0.0,
                    "height": 0.0,
                    "length": 0.0
                },
                "cargo_id": "ib8l4e8xzit5kbfm57yink7jsmzzmevc",
                "position": {
                    "x": 4400.0,
                    "y": 0.0,
                    "z": 0.0
                },
                "stacking": true,
                "turnover": false,
                "rotation_state": 1,
                "stacking_limit": 0.0,
                "calculated_size": {
                    "width": 2150.0,
                    "height": 1050.0,
                    "length": 1100.0
                },
                "virtual_positions": null
            },
            {
                "id": 17,
                "info": {
                    "color": "#9161f9",
                    "title": "НТК1.2",
                    "article": "",
                    "group_id": "1ffxsarseogxzo1uaxwycz3cf59v9ddy",
                    "group_title": "Группа 1"
                },
                "mass": 100.0,
                "size": {
                    "width": 900.0,
                    "height": 1000.0,
                    "length": 900.0
                },
                "sort": 1,
                "step": 14,
                "type": "box",
                "margin": {
                    "width": 0.0,
                    "height": 0.0,
                    "length": 0.0
                },
                "cargo_id": "ljfmy3qy9ungzdzy2zlyw4cvziy6emtd",
                "position": {
                    "x": 3900.0,
                    "y": 1050.0,
                    "z": 900.0
                },
                "stacking": true,
                "turnover": false,
                "rotation_state": 0,
                "stacking_limit": 0.0,
                "calculated_size": {
                    "width": 900.0,
                    "height": 1000.0,
                    "length": 900.0
                },
                "virtual_positions": null
            },
            {
                "id": 16,
                "info": {
                    "color": "#9161f9",
                    "title": "НТК1.2",
                    "article": "",
                    "group_id": "1ffxsarseogxzo1uaxwycz3cf59v9ddy",
                    "group_title": "Группа 1"
                },
                "mass": 100.0,
                "size": {
                    "width": 900.0,
                    "height": 1000.0,
                    "length": 900.0
                },
                "sort": 1,
                "step": 15,
                "type": "box",
                "margin": {
                    "width": 0.0,
                    "height": 0.0,
                    "length": 0.0
                },
                "cargo_id": "ljfmy3qy9ungzdzy2zlyw4cvziy6emtd",
                "position": {
                    "x": 3900.0,
                    "y": 1050.0,
                    "z": 0.0
                },
                "stacking": true,
                "turnover": false,
                "rotation_state": 0,
                "stacking_limit": 0.0,
                "calculated_size": {
                    "width": 900.0,
                    "height": 1000.0,
                    "length": 900.0
                },
                "virtual_positions": null
            },
            {
                "id": 9,
                "info": {
                    "color": "#fc3751",
                    "title": "Выносной конд. 2",
                    "article": "",
                    "group_id": "1ffxsarseogxzo1uaxwycz3cf59v9ddy",
                    "group_title": "Группа 1"
                },
                "mass": 350.0,
                "size": {
                    "width": 1100.0,
                    "height": 1050.0,
                    "length": 2150.0
                },
                "sort": 1,
                "step": 16,
                "type": "box",
                "margin": {
                    "width": 0.0,
                    "height": 0.0,
                    "length": 0.0
                },
                "cargo_id": "ib8l4e8xzit5kbfm57yink7jsmzzmevc",
                "position": {
                    "x": 5500.0,
                    "y": 0.0,
                    "z": 0.0
                },
                "stacking": true,
                "turnover": false,
                "rotation_state": 1,
                "stacking_limit": 0.0,
                "calculated_size": {
                    "width": 2150.0,
                    "height": 1050.0,
                    "length": 1100.0
                },
                "virtual_positions": null
            },
            {
                "id": 15,
                "info": {
                    "color": "#9161f9",
                    "title": "НТК1.2",
                    "article": "",
                    "group_id": "1ffxsarseogxzo1uaxwycz3cf59v9ddy",
                    "group_title": "Группа 1"
                },
                "mass": 100.0,
                "size": {
                    "width": 900.0,
                    "height": 1000.0,
                    "length": 900.0
                },
                "sort": 1,
                "step": 17,
                "type": "box",
                "margin": {
                    "width": 0.0,
                    "height": 0.0,
                    "length": 0.0
                },
                "cargo_id": "ljfmy3qy9ungzdzy2zlyw4cvziy6emtd",
                "position": {
                    "x": 4800.0,
                    "y": 1050.0,
                    "z": 900.0
                },
                "stacking": true,
                "turnover": false,
                "rotation_state": 0,
                "stacking_limit": 0.0,
                "calculated_size": {
                    "width": 900.0,
                    "height": 1000.0,
                    "length": 900.0
                },
                "virtual_positions": null
            },
            {
                "id": 14,
                "info": {
                    "color": "#9161f9",
                    "title": "НТК1.2",
                    "article": "",
                    "group_id": "1ffxsarseogxzo1uaxwycz3cf59v9ddy",
                    "group_title": "Группа 1"
                },
                "mass": 100.0,
                "size": {
                    "width": 900.0,
                    "height": 1000.0,
                    "length": 900.0
                },
                "sort": 1,
                "step": 18,
                "type": "box",
                "margin": {
                    "width": 0.0,
                    "height": 0.0,
                    "length": 0.0
                },
                "cargo_id": "ljfmy3qy9ungzdzy2zlyw4cvziy6emtd",
                "position": {
                    "x": 4800.0,
                    "y": 1050.0,
                    "z": 0.0
                },
                "stacking": true,
                "turnover": false,
                "rotation_state": 0,
                "stacking_limit": 0.0,
                "calculated_size": {
                    "width": 900.0,
                    "height": 1000.0,
                    "length": 900.0
                },
                "virtual_positions": null
            },
            {
                "id": 13,
                "info": {
                    "color": "#9161f9",
                    "title": "НТК1.2",
                    "article": "",
                    "group_id": "1ffxsarseogxzo1uaxwycz3cf59v9ddy",
                    "group_title": "Группа 1"
                },
                "mass": 100.0,
                "size": {
                    "width": 900.0,
                    "height": 1000.0,
                    "length": 900.0
                },
                "sort": 1,
                "step": 19,
                "type": "box",
                "margin": {
                    "width": 0.0,
                    "height": 0.0,
                    "length": 0.0
                },
                "cargo_id": "ljfmy3qy9ungzdzy2zlyw4cvziy6emtd",
                "position": {
                    "x": 5700.0,
                    "y": 1050.0,
                    "z": 900.0
                },
                "stacking": true,
                "turnover": false,
                "rotation_state": 0,
                "stacking_limit": 0.0,
                "calculated_size": {
                    "width": 900.0,
                    "height": 1000.0,
                    "length": 900.0
                },
                "virtual_positions": null
            },
            {
                "id": 12,
                "info": {
                    "color": "#9161f9",
                    "title": "НТК1.2",
                    "article": "",
                    "group_id": "1ffxsarseogxzo1uaxwycz3cf59v9ddy",
                    "group_title": "Группа 1"
                },
                "mass": 100.0,
                "size": {
                    "width": 900.0,
                    "height": 1000.0,
                    "length": 900.0
                },
                "sort": 1,
                "step": 20,
                "type": "box",
                "margin": {
                    "width": 0.0,
                    "height": 0.0,
                    "length": 0.0
                },
                "cargo_id": "ljfmy3qy9ungzdzy2zlyw4cvziy6emtd",
                "position": {
                    "x": 5700.0,
                    "y": 1050.0,
                    "z": 0.0
                },
                "stacking": true,
                "turnover": false,
                "rotation_state": 0,
                "stacking_limit": 0.0,
                "calculated_size": {
                    "width": 900.0,
                    "height": 1000.0,
                    "length": 900.0
                },
                "virtual_positions": null
            },
            {
                "id": 31,
                "info": {
                    "color": "#f45fe3",
                    "title": "Внутренний блок 2",
                    "article": "",
                    "group_id": "1ffxsarseogxzo1uaxwycz3cf59v9ddy",
                    "group_title": "Группа 1"
                },
                "mass": 300.0,
                "size": {
                    "width": 900.0,
                    "height": 2300.0,
                    "length": 1100.0
                },
                "sort": 1,
                "step": 21,
                "type": "box",
                "margin": {
                    "width": 0.0,
                    "height": 0.0,
                    "length": 0.0
                },
                "cargo_id": "j6fe6nccoxyrwusdtxqbjpyfv2ubivk3",
                "position": {
                    "x": 6600.0,
                    "y": 0.0,
                    "z": 1100.0
                },
                "stacking": false,
                "turnover": false,
                "rotation_state": 1,
                "stacking_limit": 0.0,
                "calculated_size": {
                    "width": 1100.0,
                    "height": 2300.0,
                    "length": 900.0
                },
                "virtual_positions": null
            },
            {
                "id": 30,
                "info": {
                    "color": "#f45fe3",
                    "title": "Внутренний блок 2",
                    "article": "",
                    "group_id": "1ffxsarseogxzo1uaxwycz3cf59v9ddy",
                    "group_title": "Группа 1"
                },
                "mass": 300.0,
                "size": {
                    "width": 900.0,
                    "height": 2300.0,
                    "length": 1100.0
                },
                "sort": 1,
                "step": 22,
                "type": "box",
                "margin": {
                    "width": 0.0,
                    "height": 0.0,
                    "length": 0.0
                },
                "cargo_id": "j6fe6nccoxyrwusdtxqbjpyfv2ubivk3",
                "position": {
                    "x": 6600.0,
                    "y": 0.0,
                    "z": 0.0
                },
                "stacking": false,
                "turnover": false,
                "rotation_state": 1,
                "stacking_limit": 0.0,
                "calculated_size": {
                    "width": 1100.0,
                    "height": 2300.0,
                    "length": 900.0
                },
                "virtual_positions": null
            },
            {
                "id": 33,
                "info": {
                    "color": "#f45fe3",
                    "title": "Внутренний блок 2",
                    "article": "",
                    "group_id": "1ffxsarseogxzo1uaxwycz3cf59v9ddy",
                    "group_title": "Группа 1"
                },
                "mass": 300.0,
                "size": {
                    "width": 900.0,
                    "height": 2300.0,
                    "length": 1100.0
                },
                "sort": 1,
                "step": 23,
                "type": "box",
                "margin": {
                    "width": 0.0,
                    "height": 0.0,
                    "length": 0.0
                },
                "cargo_id": "j6fe6nccoxyrwusdtxqbjpyfv2ubivk3",
                "position": {
                    "x": 7500.0,
                    "y": 0.0,
                    "z": 1100.0
                },
                "stacking": false,
                "turnover": false,
                "rotation_state": 1,
                "stacking_limit": 0.0,
                "calculated_size": {
                    "width": 1100.0,
                    "height": 2300.0,
                    "length": 900.0
                },
                "virtual_positions": null
            },
            {
                "id": 32,
                "info": {
                    "color": "#f45fe3",
                    "title": "Внутренний блок 2",
                    "article": "",
                    "group_id": "1ffxsarseogxzo1uaxwycz3cf59v9ddy",
                    "group_title": "Группа 1"
                },
                "mass": 300.0,
                "size": {
                    "width": 900.0,
                    "height": 2300.0,
                    "length": 1100.0
                },
                "sort": 1,
                "step": 24,
                "type": "box",
                "margin": {
                    "width": 0.0,
                    "height": 0.0,
                    "length": 0.0
                },
                "cargo_id": "j6fe6nccoxyrwusdtxqbjpyfv2ubivk3",
                "position": {
                    "x": 7500.0,
                    "y": 0.0,
                    "z": 0.0
                },
                "stacking": false,
                "turnover": false,
                "rotation_state": 1,
                "stacking_limit": 0.0,
                "calculated_size": {
                    "width": 1100.0,
                    "height": 2300.0,
                    "length": 900.0
                },
                "virtual_positions": null
            },
            {
                "id": 35,
                "info": {
                    "color": "#f45fe3",
                    "title": "Внутренний блок 2",
                    "article": "",
                    "group_id": "1ffxsarseogxzo1uaxwycz3cf59v9ddy",
                    "group_title": "Группа 1"
                },
                "mass": 300.0,
                "size": {
                    "width": 900.0,
                    "height": 2300.0,
                    "length": 1100.0
                },
                "sort": 1,
                "step": 25,
                "type": "box",
                "margin": {
                    "width": 0.0,
                    "height": 0.0,
                    "length": 0.0
                },
                "cargo_id": "j6fe6nccoxyrwusdtxqbjpyfv2ubivk3",
                "position": {
                    "x": 8400.0,
                    "y": 0.0,
                    "z": 1100.0
                },
                "stacking": false,
                "turnover": false,
                "rotation_state": 1,
                "stacking_limit": 0.0,
                "calculated_size": {
                    "width": 1100.0,
                    "height": 2300.0,
                    "length": 900.0
                },
                "virtual_positions": null
            },
            {
                "id": 34,
                "info": {
                    "color": "#f45fe3",
                    "title": "Внутренний блок 2",
                    "article": "",
                    "group_id": "1ffxsarseogxzo1uaxwycz3cf59v9ddy",
                    "group_title": "Группа 1"
                },
                "mass": 300.0,
                "size": {
                    "width": 900.0,
                    "height": 2300.0,
                    "length": 1100.0
                },
                "sort": 1,
                "step": 26,
                "type": "box",
                "margin": {
                    "width": 0.0,
                    "height": 0.0,
                    "length": 0.0
                },
                "cargo_id": "j6fe6nccoxyrwusdtxqbjpyfv2ubivk3",
                "position": {
                    "x": 8400.0,
                    "y": 0.0,
                    "z": 0.0
                },
                "stacking": false,
                "turnover": false,
                "rotation_state": 1,
                "stacking_limit": 0.0,
                "calculated_size": {
                    "width": 1100.0,
                    "height": 2300.0,
                    "length": 900.0
                },
                "virtual_positions": null
            },
            {
                "id": 1,
                "info": {
                    "color": "#d88b3e",
                    "title": "Внутренний блок 1",
                    "article": "",
                    "group_id": "1ffxsarseogxzo1uaxwycz3cf59v9ddy",
                    "group_title": "Группа 1"
                },
                "mass": 300.0,
                "size": {
                    "width": 900.0,
                    "height": 2300.0,
                    "length": 900.0
                },
                "sort": 1,
                "step": 27,
                "type": "box",
                "margin": {
                    "width": 0.0,
                    "height": 0.0,
                    "length": 0.0
                },
                "cargo_id": "4y0efe0xkosbjw45j15stqskevvpbh4t",
                "position": {
                    "x": 9300.0,
                    "y": 0.0,
                    "z": 900.0
                },
                "stacking": false,
                "turnover": false,
                "rotation_state": 0,
                "stacking_limit": 0.0,
                "calculated_size": {
                    "width": 900.0,
                    "height": 2300.0,
                    "length": 900.0
                },
                "virtual_positions": null
            },
            {
                "id": 0,
                "info": {
                    "color": "#d88b3e",
                    "title": "Внутренний блок 1",
                    "article": "",
                    "group_id": "1ffxsarseogxzo1uaxwycz3cf59v9ddy",
                    "group_title": "Группа 1"
                },
                "mass": 300.0,
                "size": {
                    "width": 900.0,
                    "height": 2300.0,
                    "length": 900.0
                },
                "sort": 1,
                "step": 28,
                "type": "box",
                "margin": {
                    "width": 0.0,
                    "height": 0.0,
                    "length": 0.0
                },
                "cargo_id": "4y0efe0xkosbjw45j15stqskevvpbh4t",
                "position": {
                    "x": 9300.0,
                    "y": 0.0,
                    "z": 0.0
                },
                "stacking": false,
                "turnover": false,
                "rotation_state": 0,
                "stacking_limit": 0.0,
                "calculated_size": {
                    "width": 900.0,
                    "height": 2300.0,
                    "length": 900.0
                },
                "virtual_positions": null
            },
            {
                "id": 22,
                "info": {
                    "color": "#20d87c",
                    "title": "Пленум 1",
                    "article": "",
                    "group_id": "1ffxsarseogxzo1uaxwycz3cf59v9ddy",
                    "group_title": "Группа 1"
                },
                "mass": 150.0,
                "size": {
                    "width": 900.0,
                    "height": 1550.0,
                    "length": 900.0
                },
                "sort": 1,
                "step": 29,
                "type": "box",
                "margin": {
                    "width": 0.0,
                    "height": 0.0,
                    "length": 0.0
                },
                "cargo_id": "ezfol4ovfw2ibtwklzjelu6eo3werycs",
                "position": {
                    "x": 10200.0,
                    "y": 0.0,
                    "z": 1450.0
                },
                "stacking": true,
                "turnover": false,
                "rotation_state": 0,
                "stacking_limit": 0.0,
                "calculated_size": {
                    "width": 900.0,
                    "height": 1550.0,
                    "length": 900.0
                },
                "virtual_positions": null
            },
            {
                "id": 2,
                "info": {
                    "color": "#aecc39",
                    "title": "Выносной конд. 1",
                    "article": "",
                    "group_id": "1ffxsarseogxzo1uaxwycz3cf59v9ddy",
                    "group_title": "Группа 1"
                },
                "mass": 300.0,
                "size": {
                    "width": 1050.0,
                    "height": 1000.0,
                    "length": 1450.0
                },
                "sort": 1,
                "step": 30,
                "type": "box",
                "margin": {
                    "width": 0.0,
                    "height": 0.0,
                    "length": 0.0
                },
                "cargo_id": "exuziyj8h0augzqtqte393t4f7xy4kwg",
                "position": {
                    "x": 10200.0,
                    "y": 0.0,
                    "z": 0.0
                },
                "stacking": true,
                "turnover": false,
                "rotation_state": 1,
                "stacking_limit": 0.0,
                "calculated_size": {
                    "width": 1450.0,
                    "height": 1000.0,
                    "length": 1050.0
                },
                "virtual_positions": null
            },
            {
                "id": 10,
                "info": {
                    "color": "#9161f9",
                    "title": "НТК1.2",
                    "article": "",
                    "group_id": "1ffxsarseogxzo1uaxwycz3cf59v9ddy",
                    "group_title": "Группа 1"
                },
                "mass": 100.0,
                "size": {
                    "width": 900.0,
                    "height": 1000.0,
                    "length": 900.0
                },
                "sort": 1,
                "step": 31,
                "type": "box",
                "margin": {
                    "width": 0.0,
                    "height": 0.0,
                    "length": 0.0
                },
                "cargo_id": "ljfmy3qy9ungzdzy2zlyw4cvziy6emtd",
                "position": {
                    "x": 10200.0,
                    "y": 1000.0,
                    "z": 550.0
                },
                "stacking": true,
                "turnover": false,
                "rotation_state": 0,
                "stacking_limit": 0.0,
                "calculated_size": {
                    "width": 900.0,
                    "height": 1000.0,
                    "length": 900.0
                },
                "virtual_positions": null
            },
            {
                "id": 23,
                "info": {
                    "color": "#0f9934",
                    "title": "Пленум 2",
                    "article": "",
                    "group_id": "1ffxsarseogxzo1uaxwycz3cf59v9ddy",
                    "group_title": "Группа 1"
                },
                "mass": 150.0,
                "size": {
                    "width": 800.0,
                    "height": 1500.0,
                    "length": 1000.0
                },
                "sort": 1,
                "step": 32,
                "type": "box",
                "margin": {
                    "width": 0.0,
                    "height": 0.0,
                    "length": 0.0
                },
                "cargo_id": "f76t7i4fmue89nobzxa7p34kx2tjsoyq",
                "position": {
                    "x": 11100.0,
                    "y": 0.0,
                    "z": 1450.0
                },
                "stacking": true,
                "turnover": false,
                "rotation_state": 0,
                "stacking_limit": 0.0,
                "calculated_size": {
                    "width": 800.0,
                    "height": 1500.0,
                    "length": 1000.0
                },
                "virtual_positions": null
            },
            {
                "id": 3,
                "info": {
                    "color": "#aecc39",
                    "title": "Выносной конд. 1",
                    "article": "",
                    "group_id": "1ffxsarseogxzo1uaxwycz3cf59v9ddy",
                    "group_title": "Группа 1"
                },
                "mass": 300.0,
                "size": {
                    "width": 1050.0,
                    "height": 1000.0,
                    "length": 1450.0
                },
                "sort": 1,
                "step": 33,
                "type": "box",
                "margin": {
                    "width": 0.0,
                    "height": 0.0,
                    "length": 0.0
                },
                "cargo_id": "exuziyj8h0augzqtqte393t4f7xy4kwg",
                "position": {
                    "x": 11250.0,
                    "y": 0.0,
                    "z": 0.0
                },
                "stacking": true,
                "turnover": false,
                "rotation_state": 1,
                "stacking_limit": 0.0,
                "calculated_size": {
                    "width": 1450.0,
                    "height": 1000.0,
                    "length": 1050.0
                },
                "virtual_positions": null
            },
            {
                "id": 11,
                "info": {
                    "color": "#9161f9",
                    "title": "НТК1.2",
                    "article": "",
                    "group_id": "1ffxsarseogxzo1uaxwycz3cf59v9ddy",
                    "group_title": "Группа 1"
                },
                "mass": 100.0,
                "size": {
                    "width": 900.0,
                    "height": 1000.0,
                    "length": 900.0
                },
                "sort": 1,
                "step": 34,
                "type": "box",
                "margin": {
                    "width": 0.0,
                    "height": 0.0,
                    "length": 0.0
                },
                "cargo_id": "ljfmy3qy9ungzdzy2zlyw4cvziy6emtd",
                "position": {
                    "x": 11100.0,
                    "y": 1000.0,
                    "z": 550.0
                },
                "stacking": true,
                "turnover": false,
                "rotation_state": 0,
                "stacking_limit": 0.0,
                "calculated_size": {
                    "width": 900.0,
                    "height": 1000.0,
                    "length": 900.0
                },
                "virtual_positions": null
            },
            {
                "id": 25,
                "info": {
                    "color": "#0f9934",
                    "title": "Пленум 2",
                    "article": "",
                    "group_id": "1ffxsarseogxzo1uaxwycz3cf59v9ddy",
                    "group_title": "Группа 1"
                },
                "mass": 150.0,
                "size": {
                    "width": 800.0,
                    "height": 1500.0,
                    "length": 1000.0
                },
                "sort": 1,
                "step": 35,
                "type": "box",
                "margin": {
                    "width": 0.0,
                    "height": 0.0,
                    "length": 0.0
                },
                "cargo_id": "f76t7i4fmue89nobzxa7p34kx2tjsoyq",
                "position": {
                    "x": 12300.0,
                    "y": 0.0,
                    "z": 1000.0
                },
                "stacking": true,
                "turnover": false,
                "rotation_state": 1,
                "stacking_limit": 0.0,
                "calculated_size": {
                    "width": 1000.0,
                    "height": 1500.0,
                    "length": 800.0
                },
                "virtual_positions": null
            },
            {
                "id": 24,
                "info": {
                    "color": "#0f9934",
                    "title": "Пленум 2",
                    "article": "",
                    "group_id": "1ffxsarseogxzo1uaxwycz3cf59v9ddy",
                    "group_title": "Группа 1"
                },
                "mass": 150.0,
                "size": {
                    "width": 800.0,
                    "height": 1500.0,
                    "length": 1000.0
                },
                "sort": 1,
                "step": 36,
                "type": "box",
                "margin": {
                    "width": 0.0,
                    "height": 0.0,
                    "length": 0.0
                },
                "cargo_id": "f76t7i4fmue89nobzxa7p34kx2tjsoyq",
                "position": {
                    "x": 12300.0,
                    "y": 0.0,
                    "z": 0.0
                },
                "stacking": true,
                "turnover": false,
                "rotation_state": 1,
                "stacking_limit": 0.0,
                "calculated_size": {
                    "width": 1000.0,
                    "height": 1500.0,
                    "length": 800.0
                },
                "virtual_positions": null
            }
        ],
        "version": 5,
        "cargo_space": {
            "id": 491,
            "info": {
                "uid": "491_0",
                "sort": 0,
                "title": "Евро Фура"
            },
            "mass": 6500.0,
            "size": {
                "width": 2480.0,
                "height": 2860.0,
                "length": 13692.0
            },
            "type": "truck",
            "axles": [
                {
                    "title": "Ось 1",
                    "distance": 1155.0,
                    "max_load": 9000.0,
                    "default_load": 1665.0,
                    "calculated_load": 3393.79537
                },
                {
                    "title": "Ось 2",
                    "distance": 1282.0,
                    "max_load": 9000.0,
                    "default_load": 1665.0,
                    "calculated_load": 3393.79537
                },
                {
                    "title": "Ось 3",
                    "distance": 1300.0,
                    "max_load": 9000.0,
                    "default_load": 1670.0,
                    "calculated_load": 3398.79537
                }
            ],
            "hitch": {
                "title": "",
                "distance": 7000.0,
                "max_load": 12000.0,
                "default_load": 1500.0,
                "calculated_load": 3593.6139
            },
            "tractor": {
                "mass": 9000.0,
                "axles": [
                    {
                        "title": "Ось 1",
                        "distance": 1410.0,
                        "max_load": 8000.0,
                        "default_load": 6000.0,
                        "calculated_load": 6462.14544
                    },
                    {
                        "title": "Ось 2",
                        "distance": 2827.0,
                        "max_load": 11000.0,
                        "default_load": 2300.0,
                        "calculated_load": 3115.73423
                    },
                    {
                        "title": "Ось 3",
                        "distance": 1395.0,
                        "max_load": 10000.0,
                        "default_load": 2200.0,
                        "calculated_load": 3015.73423
                    }
                ],
                "length": 6140.0,
                "hitch_distance": 778.0
            },
            "full_length": 13692.0,
            "indentation": {
                "width": 40.0,
                "height": 0.0,
                "length": 46.0,
                "height_top": 210.0,
                "length_end": 46.0,
                "width_right": 40.0
            },
            "loading_size": {
                "width": 2400.0,
                "height": 2650.0,
                "length": 13600.0
            },
            "calculation_info": {
                "step_count": 36,
                "cargos_mass": 7.28,
                "load_volume": 86.496,
                "cargos_volume": 52.46,
                "count_cargoes": 36,
                "load_capacity": 32.5,
                "loading_height": 2.3,
                "density_percent": 74.09029,
                "remaining_volume": 34.036,
                "void_space_percent": 39.3498,
                "filling_space_percent": 60.6502
            },
            "carrying_capacity": 32500.0,
            "real_center_of_gravity": [
                6599.313186813187,
                963.907967032967,
                1035.3021978021977
            ],
            "ideal_center_of_gravity": [
                6800.0,
                0.0,
                1200.0
            ]
        },
        "cargo_groups": [],
        "packing_type": "PackingTruck PackingStepByStep",
        "calculation_id": 15326,
        "invalid_errors": [],
        "unpacked_errors": [],
        "validate_errors": [],
        "is_packed_same_boxes": false
    }
}