{
    "data": {
        "cargoes": [
            {
                "info": {
                    "color": "#009327",
                    "title": "Шкаф",
                    "article": "",
                    "group_id": "1ooozlmwthbippxvewx3jlevzgalthsr",
                    "group_title": "Группа 1"
                },
                "mass": 500.0,
                "size": {
                    "width": 800,
                    "height": 2400,
                    "length": 1400
                },
                "sort": 1,
                "type": "box",
                "count": 2,
                "margin": {
                    "width": 0,
                    "height": 0,
                    "length": 0
                },
                "cargo_id": "fbcil910e5p6rmtsyfckzj8potednagb",
                "stacking": false,
                "turnover": false,
                "margin_width": 0,
                "margin_length": 0,
                "stacking_limit": 0
            },
            {
                "info": {
                    "color": "#d6660a",
                    "title": "Шина",
                    "article": "",
                    "group_id": "1ooozlmwthbippxvewx3jlevzgalthsr",
                    "group_title": "Группа 1"
                },
                "mass": 210.0,
                "size": {
                    "width": 300,
                    "height": 300,
                    "length": 2300
                },
                "sort": 1,
                "type": "box",
                "count": 1,
                "margin": {
                    "width": 0,
                    "height": 0,
                    "length": 0
                },
                "cargo_id": "xinbkmha2mjrvht8fvypj0op6misq3sp",
                "stacking": false,
                "turnover": true,
                "margin_width": 0,
                "margin_length": 0,
                "stacking_limit": 0
            },
            {
                "info": {
                    "color": "#28569b",
                    "title": "Поддон",
                    "article": "",
                    "group_id": "1ooozlmwthbippxvewx3jlevzgalthsr",
                    "group_title": "Группа 1"
                },
                "mass": 200.0,
                "size": {
                    "width": 800,
                    "height": 1400,
                    "length": 1200
                },
                "sort": 1,
                "type": "box",
                "count": 6,
                "margin": {
                    "width": 0,
                    "height": 0,
                    "length": 0
                },
                "cargo_id": "ezqwpem5588lzygrged4didityuyrmbo",
                "stacking": false,
                "turnover": true,
                "margin_width": 0,
                "margin_length": 0,
                "stacking_limit": 0
            }
        ],
        "settings": {
            "rank": false,
            "max_step": 100,
            "min_step": 50,
            "usersort": false,
            "hardlimit": 1801,
            "timelimit": 1800,
            "step_scaling": 10
        },
        "put_boxes": [],
        "initial_id": 0,
        "cargo_space": {
            "id": 1113,
            "info": {
                "uid": "1113_0",
                "sort": 0,
                "title": "Машина"
            },
            "mass": 3000,
            "size": {
                "width": 2300,
                "height": 2450,
                "length": 8000
            },
            "type": "van",
            "axles": [
                {
                    "title": "Ось 1",
                    "distance": 2000,
                    "max_load": 3000,
                    "default_load": 1000
                },
                {
                    "title": "Ось 2",
                    "distance": 3200,
                    "max_load": 90000,
                    "default_load": 2000
                }
            ],
            "title": "Машина",
            "full_length": 9000,
            "indentation": {
                "width": 0,
                "height": 0,
                "length": 0,
                "height_top": 0,
                "length_end": 0,
                "width_right": 0
            },
            "loading_size": {
                "width": 2300,
                "height": 2450,
                "length": 8000
            },
            "carrying_capacity": 10000
        },
        "calculation_id": "15442"
    },
    "data_result": {
        "boxes": [
            {
                "id": 0,
                "info": {
                    "color": "#009327",
                    "title": "Шкаф",
                    "article": "",
                    "group_id": "1ooozlmwthbippxvewx3jlevzgalthsr",
                    "group_title": "Группа 1"
                },
                "mass": 500.0,
                "size": {
                    "width": 800.0,
                    "height": 2400.0,
                    "length": 1400.0
                },
                "sort": 1,
                "step": 1,
                "type": "box",
                "margin": {
                    "width": 0.0,
                    "height": 0.0,
                    "length": 0.0
                },
                "cargo_id": "fbcil910e5p6rmtsyfckzj8potednagb",
                "position": {
                    "x": 0.0,
                    "y": 0.0,
                    "z": 0.0
                },
                "stacking": false,
                "turnover": false,
                "rotation_state": 1,
                "stacking_limit": 0.0,
                "calculated_size": {
                    "width": 1400.0,
                    "height": 2400.0,
                    "length": 800.0
                },
                "virtual_positions": null
            },
            {
                "id": 1,
                "info": {
                    "color": "#009327",
                    "title": "Шкаф",
                    "article": "",
                    "group_id": "1ooozlmwthbippxvewx3jlevzgalthsr",
                    "group_title": "Группа 1"
                },
                "mass": 500.0,
                "size": {
                    "width": 800.0,
                    "height": 2400.0,
                    "length": 1400.0
                },
                "sort": 1,
                "step": 2,
                "type": "box",
                "margin": {
                    "width": 0.0,
                    "height": 0.0,
                    "length": 0.0
                },
                "cargo_id": "fbcil910e5p6rmtsyfckzj8potednagb",
                "position": {
                    "x": 800.0,
                    "y": 0.0,
                    "z": 0.0
                },
                "stacking": false,
                "turnover": false,
                "rotation_state": 1,
                "stacking_limit": 0.0,
                "calculated_size": {
                    "width": 1400.0,
                    "height": 2400.0,
                    "length": 800.0
                },
                "virtual_positions": null
            },
            {
                "id": 3,
                "info": {
                    "color": "#28569b",
                    "title": "Поддон",
                    "article": "",
                    "group_id": "1ooozlmwthbippxvewx3jlevzgalthsr",
                    "group_title": "Группа 1"
                },
                "mass": 200.0,
                "size": {
                    "width": 800.0,
                    "height": 1400.0,
                    "length": 1200.0
                },
                "sort": 1,
                "step": 3,
                "type": "box",
                "margin": {
                    "width": 0.0,
                    "height": 0.0,
                    "length": 0.0
                },
                "cargo_id": "ezqwpem5588lzygrged4didityuyrmbo",
                "position": {
                    "x": 1600.0,
                    "y": 0.0,
                    "z": 0.0
                },
                "stacking": false,
                "turnover": true,
                "rotation_state": 1,
                "stacking_limit": 0.0,
                "calculated_size": {
                    "width": 1200.0,
                    "height": 1400.0,
                    "length": 800.0
                },
                "virtual_positions": null
            },
            {
                "id": 8,
                "info": {
                    "color": "#28569b",
                    "title": "Поддон",
                    "article": "",
                    "group_id": "1ooozlmwthbippxvewx3jlevzgalthsr",
                    "group_title": "Группа 1"
                },
                "mass": 200.0,
                "size": {
                    "width": 800.0,
                    "height": 1400.0,
                    "length": 1200.0
                },
                "sort": 1,
                "step": 4,
                "type": "box",
                "margin": {
                    "width": 0.0,
                    "height": 0.0,
                    "length": 0.0
                },
                "cargo_id": "ezqwpem5588lzygrged4didityuyrmbo",
                "position": {
                    "x": 5600.0,
                    "y": 0.0,
                    "z": 1200.0
                },
                "stacking": false,
                "turnover": true,
                "rotation_state": 0,
                "stacking_limit": 0.0,
                "calculated_size": {
                    "width": 800.0,
                    "height": 1400.0,
                    "length": 1200.0
                },
                "virtual_positions": null
            },
            {
                "id": 7,
                "info": {
                    "color": "#28569b",
                    "title": "Поддон",
                    "article": "",
                    "group_id": "1ooozlmwthbippxvewx3jlevzgalthsr",
                    "group_title": "Группа 1"
                },
                "mass": 200.0,
                "size": {
                    "width": 800.0,
                    "height": 1400.0,
                    "length": 1200.0
                },
                "sort": 1,
                "step": 5,
                "type": "box",
                "margin": {
                    "width": 0.0,
                    "height": 0.0,
                    "length": 0.0
                },
                "cargo_id": "ezqwpem5588lzygrged4didityuyrmbo",
                "position": {
                    "x": 5600.0,
                    "y": 0.0,
                    "z": 0.0
                },
                "stacking": false,
                "turnover": true,
                "rotation_state": 1,
                "stacking_limit": 0.0,
                "calculated_size": {
                    "width": 1200.0,
                    "height": 1400.0,
                    "length": 800.0
                },
                "virtual_positions": null
            },
            {
                "id": 2,
                "info": {
                    "color": "#d6660a",
                    "title": "Шина",
                    "article": "",
                    "group_id": "1ooozlmwthbippxvewx3jlevzgalthsr",
                    "group_title": "Группа 1"
                },
                "mass": 210.0,
                "size": {
                    "width": 300.0,
                    "height": 300.0,
                    "length": 2300.0
                },
                "sort": 1,
                "step": 6,
                "type": "box",
                "margin": {
                    "width": 0.0,
                    "height": 0.0,
                    "length": 0.0
                },
                "cargo_id": "xinbkmha2mjrvht8fvypj0op6misq3sp",
                "position": {
                    "x": 7700.0,
                    "y": 0.0,
                    "z": 2000.0
                },
                "stacking": false,
                "turnover": true,
                "rotation_state": 0,
                "stacking_limit": 0.0,
                "calculated_size": {
                    "width": 300.0,
                    "height": 2300.0,
                    "length": 300.0
                },
                "virtual_positions": null
            },
            {
                "id": 6,
                "info": {
                    "color": "#28569b",
                    "title": "Поддон",
                    "article": "",
                    "group_id": "1ooozlmwthbippxvewx3jlevzgalthsr",
                    "group_title": "Группа 1"
                },
                "mass": 200.0,
                "size": {
                    "width": 800.0,
                    "height": 1400.0,
                    "length": 1200.0
                },
                "sort": 1,
                "step": 7,
                "type": "box",
                "margin": {
                    "width": 0.0,
                    "height": 0.0,
                    "length": 0.0
                },
                "cargo_id": "ezqwpem5588lzygrged4didityuyrmbo",
                "position": {
                    "x": 6800.0,
                    "y": 0.0,
                    "z": 1200.0
                },
                "stacking": false,
                "turnover": true,
                "rotation_state": 0,
                "stacking_limit": 0.0,
                "calculated_size": {
                    "width": 800.0,
                    "height": 1400.0,
                    "length": 1200.0
                },
                "virtual_positions": null
            },
            {
                "id": 5,
                "info": {
                    "color": "#28569b",
                    "title": "Поддон",
                    "article": "",
                    "group_id": "1ooozlmwthbippxvewx3jlevzgalthsr",
                    "group_title": "Группа 1"
                },
                "mass": 200.0,
                "size": {
                    "width": 800.0,
                    "height": 1400.0,
                    "length": 1200.0
                },
                "sort": 1,
                "step": 8,
                "type": "box",
                "margin": {
                    "width": 0.0,
                    "height": 0.0,
                    "length": 0.0
                },
                "cargo_id": "ezqwpem5588lzygrged4didityuyrmbo",
                "position": {
                    "x": 6400.0,
                    "y": 0.0,
                    "z": 0.0
                },
                "stacking": false,
                "turnover": true,
                "rotation_state": 1,
                "stacking_limit": 0.0,
                "calculated_size": {
                    "width": 1200.0,
                    "height": 1400.0,
                    "length": 800.0
                },
                "virtual_positions": null
            },
            {
                "id": 4,
                "info": {
                    "color": "#28569b",
                    "title": "Поддон",
                    "article": "",
                    "group_id": "1ooozlmwthbippxvewx3jlevzgalthsr",
                    "group_title": "Группа 1"
                },
                "mass": 200.0,
                "size": {
                    "width": 800.0,
                    "height": 1400.0,
                    "length": 1200.0
                },
                "sort": 1,
                "step": 9,
                "type": "box",
                "margin": {
                    "width": 0.0,
                    "height": 0.0,
                    "length": 0.0
                },
                "cargo_id": "ezqwpem5588lzygrged4didityuyrmbo",
                "position": {
                    "x": 7200.0,
                    "y": 0.0,
                    "z": 0.0
                },
                "stacking": false,
                "turnover": true,
                "rotation_state": 1,
                "stacking_limit": 0.0,
                "calculated_size": {
                    "width": 1200.0,
                    "height": 1400.0,
                    "length": 800.0
                },
                "virtual_positions": null
            }
        ],
        "version": 5,
        "cargo_space": {
            "id": 1113,
            "info": {
                "uid": "1113_0",
                "sort": 0,
                "title": "Машина"
            },
            "mass": 3000.0,
            "size": {
                "width": 2300.0,
                "height": 2450.0,
                "length": 8000.0
            },
            "type": "van",
            "axles": [
                {
                    "title": "Ось 1",
                    "distance": 2000.0,
                    "max_load": 3000.0,
                    "default_load": 1000.0,
                    "calculated_load": 1147.96875
                },
                {
                    "title": "Ось 2",
                    "distance": 3200.0,
                    "max_load": 90000.0,
                    "default_load": 2000.0,
                    "calculated_load": 4262.03125
                }
            ],
            "full_length": 8000.0,
            "indentation": {
                "width": 0.0,
                "height": 0.0,
                "length": 0.0,
                "height_top": 0.0,
                "length_end": 0.0,
                "width_right": 0.0
            },
            "loading_size": {
                "width": 2300.0,
                "height": 2450.0,
                "length": 8000.0
            },
            "calculation_info": {
                "step_count": 9,
                "cargos_mass": 2.41,
                "load_volume": 45.08,
                "cargos_volume": 13.647,
                "count_cargoes": 9,
                "load_capacity": 10.0,
                "loading_height": 2.4,
                "density_percent": 30.90353,
                "remaining_volume": 31.433,
                "void_space_percent": 69.72715,
                "filling_space_percent": 30.27285
            },
            "carrying_capacity": 10000.0,
            "real_center_of_gravity": [
                4003.526970954357,
                946.6804979253112,
                942.5311203319502
            ],
            "ideal_center_of_gravity": [
                4000.0,
                0.0,
                1150.0
            ]
        },
        "cargo_groups": [],
        "packing_type": "PackingLayers",
        "calculation_id": 15442,
        "invalid_errors": [],
        "unpacked_errors": [],
        "validate_errors": [],
        "is_packed_same_boxes": false
    }
}