{
    "data": {
        "cargoes": [
            {
                "info": {
                    "color": "#6c8bfc",
                    "title": "13",
                    "article": "",
                    "group_id": "189hfokklilnfne5br9zv6fxve5mb0dj",
                    "group_title": "Группа 2"
                },
                "mass": 330.0,
                "size": {
                    "width": 600,
                    "height": 1250,
                    "length": 1550
                },
                "sort": 1,
                "type": "box",
                "count": 1,
                "margin": {
                    "width": 0,
                    "height": 0,
                    "length": 0
                },
                "cargo_id": "mpxpedgeqzlbqfqazezvzmvn6b9xm0da",
                "stacking": true,
                "turnover": true,
                "margin_width": 0,
                "margin_length": 0,
                "stacking_limit": 0
            },
            {
                "info": {
                    "color": "#1a2891",
                    "title": "12",
                    "article": "",
                    "group_id": "189hfokklilnfne5br9zv6fxve5mb0dj",
                    "group_title": "Группа 2"
                },
                "mass": 120.0,
                "size": {
                    "width": 960,
                    "height": 1200,
                    "length": 1200
                },
                "sort": 1,
                "type": "box",
                "count": 3,
                "margin": {
                    "width": 0,
                    "height": 0,
                    "length": 0
                },
                "cargo_id": "ldtz1o3lc2dbwt6gjegosubsbwz3ftsc",
                "stacking": true,
                "turnover": true,
                "margin_width": 0,
                "margin_length": 0,
                "stacking_limit": 0
            },
            {
                "info": {
                    "color": "#d1293d",
                    "title": "11",
                    "article": "",
                    "group_id": "189hfokklilnfne5br9zv6fxve5mb0dj",
                    "group_title": "Группа 2"
                },
                "mass": 80.0,
                "size": {
                    "width": 600,
                    "height": 100,
                    "length": 600
                },
                "sort": 1,
                "type": "box",
                "count": 1,
                "margin": {
                    "width": 0,
                    "height": 0,
                    "length": 0
                },
                "cargo_id": "yifccjgjmesuiv2lmac1kcwicpnnkk4s",
                "stacking": true,
                "turnover": true,
                "margin_width": 0,
                "margin_length": 0,
                "stacking_limit": 0
            },
            {
                "info": {
                    "color": "#c419a7",
                    "title": "10",
                    "article": "",
                    "group_id": "189hfokklilnfne5br9zv6fxve5mb0dj",
                    "group_title": "Группа 2"
                },
                "mass": 100.0,
                "size": {
                    "width": 920,
                    "height": 700,
                    "length": 1200
                },
                "sort": 1,
                "type": "box",
                "count": 1,
                "margin": {
                    "width": 0,
                    "height": 0,
                    "length": 0
                },
                "cargo_id": "b2ewg4yyggeipxhxbunodnpvrc6onscj",
                "stacking": true,
                "turnover": true,
                "margin_width": 0,
                "margin_length": 0,
                "stacking_limit": 0
            },
            {
                "info": {
                    "color": "#ea153f",
                    "title": "9",
                    "article": "",
                    "group_id": "189hfokklilnfne5br9zv6fxve5mb0dj",
                    "group_title": "Группа 2"
                },
                "mass": 100.0,
                "size": {
                    "width": 900,
                    "height": 1200,
                    "length": 600
                },
                "sort": 1,
                "type": "box",
                "count": 1,
                "margin": {
                    "width": 0,
                    "height": 0,
                    "length": 0
                },
                "cargo_id": "v8nei9rlrdgl0yrxg3ryhajsajsm9jwu",
                "stacking": true,
                "turnover": true,
                "margin_width": 0,
                "margin_length": 0,
                "stacking_limit": 0
            },
            {
                "info": {
                    "color": "#ea8462",
                    "title": "8",
                    "article": "",
                    "group_id": "189hfokklilnfne5br9zv6fxve5mb0dj",
                    "group_title": "Группа 2"
                },
                "mass": 170.0,
                "size": {
                    "width": 960,
                    "height": 850,
                    "length": 800
                },
                "sort": 1,
                "type": "box",
                "count": 1,
                "margin": {
                    "width": 0,
                    "height": 0,
                    "length": 0
                },
                "cargo_id": "mj5vbyz8cvmlzq4rbhpemdcpd5i6arv9",
                "stacking": true,
                "turnover": true,
                "margin_width": 0,
                "margin_length": 0,
                "stacking_limit": 0
            },
            {
                "info": {
                    "color": "#900ef9",
                    "title": "7",
                    "article": "",
                    "group_id": "189hfokklilnfne5br9zv6fxve5mb0dj",
                    "group_title": "Группа 2"
                },
                "mass": 30.0,
                "size": {
                    "width": 550,
                    "height": 640,
                    "length": 550
                },
                "sort": 1,
                "type": "box",
                "count": 1,
                "margin": {
                    "width": 0,
                    "height": 0,
                    "length": 0
                },
                "cargo_id": "eskfzghowijmusorpi7cbh3vcutytf4d",
                "stacking": true,
                "turnover": true,
                "margin_width": 0,
                "margin_length": 0,
                "stacking_limit": 0
            },
            {
                "info": {
                    "color": "#680f8e",
                    "title": "6",
                    "article": "",
                    "group_id": "189hfokklilnfne5br9zv6fxve5mb0dj",
                    "group_title": "Группа 2"
                },
                "mass": 200.0,
                "size": {
                    "width": 800,
                    "height": 1300,
                    "length": 700
                },
                "sort": 1,
                "type": "box",
                "count": 1,
                "margin": {
                    "width": 0,
                    "height": 0,
                    "length": 0
                },
                "cargo_id": "s4feolpwul1w0myvytwvnemho5rtoszp",
                "stacking": true,
                "turnover": true,
                "margin_width": 0,
                "margin_length": 0,
                "stacking_limit": 0
            },
            {
                "info": {
                    "color": "#e5620b",
                    "title": "5",
                    "article": "",
                    "group_id": "189hfokklilnfne5br9zv6fxve5mb0dj",
                    "group_title": "Группа 2"
                },
                "mass": 20.0,
                "size": {
                    "width": 750,
                    "height": 400,
                    "length": 1170
                },
                "sort": 1,
                "type": "box",
                "count": 1,
                "margin": {
                    "width": 0,
                    "height": 0,
                    "length": 0
                },
                "cargo_id": "hdhellkw9cr3p8tulacqc8k9jbqqznym",
                "stacking": true,
                "turnover": true,
                "margin_width": 0,
                "margin_length": 0,
                "stacking_limit": 0
            },
            {
                "info": {
                    "color": "#15996d",
                    "title": "4",
                    "article": "",
                    "group_id": "189hfokklilnfne5br9zv6fxve5mb0dj",
                    "group_title": "Группа 2"
                },
                "mass": 80.0,
                "size": {
                    "width": 620,
                    "height": 900,
                    "length": 2840
                },
                "sort": 1,
                "type": "box",
                "count": 1,
                "margin": {
                    "width": 0,
                    "height": 0,
                    "length": 0
                },
                "cargo_id": "96mhw86giyxpdcfklzydgavgfthrviiw",
                "stacking": true,
                "turnover": true,
                "margin_width": 0,
                "margin_length": 0,
                "stacking_limit": 0
            },
            {
                "info": {
                    "color": "#e8ca68",
                    "title": "3",
                    "article": "",
                    "group_id": "189hfokklilnfne5br9zv6fxve5mb0dj",
                    "group_title": "Группа 2"
                },
                "mass": 80.0,
                "size": {
                    "width": 800,
                    "height": 1200,
                    "length": 1200
                },
                "sort": 1,
                "type": "box",
                "count": 2,
                "margin": {
                    "width": 0,
                    "height": 0,
                    "length": 0
                },
                "cargo_id": "1rj0b01utmztsqjcbzx5ptlskwmhmwna",
                "stacking": true,
                "turnover": true,
                "margin_width": 0,
                "margin_length": 0,
                "stacking_limit": 0
            },
            {
                "info": {
                    "color": "#e8ca47",
                    "title": "2",
                    "article": "",
                    "group_id": "189hfokklilnfne5br9zv6fxve5mb0dj",
                    "group_title": "Группа 2"
                },
                "mass": 1300.0,
                "size": {
                    "width": 800,
                    "height": 960,
                    "length": 5200
                },
                "sort": 1,
                "type": "box",
                "count": 1,
                "margin": {
                    "width": 0,
                    "height": 0,
                    "length": 0
                },
                "cargo_id": "blaym7biqhitupu6v2fjyfjz32zu7aac",
                "stacking": true,
                "turnover": true,
                "margin_width": 0,
                "margin_length": 0,
                "stacking_limit": 0
            },
            {
                "info": {
                    "color": "#bc483e",
                    "title": "1",
                    "article": "",
                    "group_id": "2h3sp58qzq8bpxugqgirl43p4djlqzou",
                    "group_title": "Группа 1"
                },
                "mass": 600.0,
                "size": {
                    "width": 760,
                    "height": 800,
                    "length": 3000
                },
                "sort": 2,
                "type": "box",
                "count": 1,
                "margin": {
                    "width": 0,
                    "height": 0,
                    "length": 0
                },
                "cargo_id": "khmzb0rbo4ty3yeakjbj0ecpsikarym1",
                "stacking": true,
                "turnover": true,
                "margin_width": 0,
                "margin_length": 0,
                "stacking_limit": 0
            }
        ],
        "settings": {
            "rank": false,
            "max_step": 100,
            "min_step": 50,
            "usersort": false,
            "hardlimit": 1801,
            "timelimit": 1800,
            "step_scaling": 10
        },
        "put_boxes": [],
        "initial_id": 0,
        "cargo_space": {
            "id": 1161,
            "info": {
                "uid": "1161_0",
                "sort": 0,
                "title": "20 DC (valid) (copy)"
            },
            "mass": 2370,
            "size": {
                "width": 2438,
                "height": 2591,
                "length": 6058
            },
            "type": "container",
            "axles": [],
            "title": "20 DC (valid) (copy)",
            "indentation": {
                "width": 43,
                "height": 0,
                "length": 80,
                "height_top": 198,
                "length_end": 80,
                "width_right": 43
            },
            "loading_size": {
                "width": 2352,
                "height": 2393,
                "length": 5898
            },
            "carrying_capacity": 28335
        },
        "calculation_id": "16358"
    },
    "data_result": {
        "boxes": [
            {
                "id": 2,
                "info": {
                    "color": "#1a2891",
                    "title": "12",
                    "article": "",
                    "group_id": "189hfokklilnfne5br9zv6fxve5mb0dj",
                    "group_title": "Группа 2"
                },
                "mass": 120.0,
                "size": {
                    "width": 960.0,
                    "height": 1200.0,
                    "length": 1200.0
                },
                "sort": 1,
                "step": 1,
                "type": "box",
                "margin": {
                    "width": 0.0,
                    "height": 0.0,
                    "length": 0.0
                },
                "cargo_id": "ldtz1o3lc2dbwt6gjegosubsbwz3ftsc",
                "position": {
                    "x": 51.053824362606065,
                    "y": 0.0,
                    "z": 1152.0
                },
                "stacking": true,
                "turnover": true,
                "rotation_state": 1,
                "stacking_limit": 0.0,
                "calculated_size": {
                    "width": 1200.0,
                    "height": 1200.0,
                    "length": 960.0
                },
                "virtual_positions": null
            },
            {
                "id": 15,
                "info": {
                    "color": "#bc483e",
                    "title": "1",
                    "article": "",
                    "group_id": "2h3sp58qzq8bpxugqgirl43p4djlqzou",
                    "group_title": "Группа 1"
                },
                "mass": 600.0,
                "size": {
                    "width": 760.0,
                    "height": 800.0,
                    "length": 3000.0
                },
                "sort": 2,
                "step": 2,
                "type": "box",
                "margin": {
                    "width": 0.0,
                    "height": 0.0,
                    "length": 0.0
                },
                "cargo_id": "khmzb0rbo4ty3yeakjbj0ecpsikarym1",
                "position": {
                    "x": 1011.0538243626061,
                    "y": 0.0,
                    "z": 1592.0
                },
                "stacking": true,
                "turnover": true,
                "rotation_state": 0,
                "stacking_limit": 0.0,
                "calculated_size": {
                    "width": 760.0,
                    "height": 800.0,
                    "length": 3000.0
                },
                "virtual_positions": null
            },
            {
                "id": 12,
                "info": {
                    "color": "#e8ca68",
                    "title": "3",
                    "article": "",
                    "group_id": "189hfokklilnfne5br9zv6fxve5mb0dj",
                    "group_title": "Группа 2"
                },
                "mass": 80.0,
                "size": {
                    "width": 800.0,
                    "height": 1200.0,
                    "length": 1200.0
                },
                "sort": 1,
                "step": 3,
                "type": "box",
                "margin": {
                    "width": 0.0,
                    "height": 0.0,
                    "length": 0.0
                },
                "cargo_id": "1rj0b01utmztsqjcbzx5ptlskwmhmwna",
                "position": {
                    "x": 1451.053824362606,
                    "y": 800.0,
                    "z": 1152.0
                },
                "stacking": true,
                "turnover": true,
                "rotation_state": 1,
                "stacking_limit": 0.0,
                "calculated_size": {
                    "width": 1200.0,
                    "height": 1200.0,
                    "length": 800.0
                },
                "virtual_positions": null
            },
            {
                "id": 10,
                "info": {
                    "color": "#e5620b",
                    "title": "5",
                    "article": "",
                    "group_id": "189hfokklilnfne5br9zv6fxve5mb0dj",
                    "group_title": "Группа 2"
                },
                "mass": 20.0,
                "size": {
                    "width": 750.0,
                    "height": 400.0,
                    "length": 1170.0
                },
                "sort": 1,
                "step": 4,
                "type": "box",
                "margin": {
                    "width": 0.0,
                    "height": 0.0,
                    "length": 0.0
                },
                "cargo_id": "hdhellkw9cr3p8tulacqc8k9jbqqznym",
                "position": {
                    "x": 1541.053824362606,
                    "y": 0.0,
                    "z": 842.0
                },
                "stacking": true,
                "turnover": true,
                "rotation_state": 0,
                "stacking_limit": 0.0,
                "calculated_size": {
                    "width": 750.0,
                    "height": 400.0,
                    "length": 1170.0
                },
                "virtual_positions": null
            },
            {
                "id": 9,
                "info": {
                    "color": "#680f8e",
                    "title": "6",
                    "article": "",
                    "group_id": "189hfokklilnfne5br9zv6fxve5mb0dj",
                    "group_title": "Группа 2"
                },
                "mass": 200.0,
                "size": {
                    "width": 800.0,
                    "height": 1300.0,
                    "length": 700.0
                },
                "sort": 1,
                "step": 5,
                "type": "box",
                "margin": {
                    "width": 0.0,
                    "height": 0.0,
                    "length": 0.0
                },
                "cargo_id": "s4feolpwul1w0myvytwvnemho5rtoszp",
                "position": {
                    "x": 2711.053824362606,
                    "y": 0.0,
                    "z": 892.0
                },
                "stacking": true,
                "turnover": true,
                "rotation_state": 2,
                "stacking_limit": 0.0,
                "calculated_size": {
                    "width": 700.0,
                    "height": 800.0,
                    "length": 1300.0
                },
                "virtual_positions": null
            },
            {
                "id": 7,
                "info": {
                    "color": "#ea8462",
                    "title": "8",
                    "article": "",
                    "group_id": "189hfokklilnfne5br9zv6fxve5mb0dj",
                    "group_title": "Группа 2"
                },
                "mass": 170.0,
                "size": {
                    "width": 960.0,
                    "height": 850.0,
                    "length": 800.0
                },
                "sort": 1,
                "step": 6,
                "type": "box",
                "margin": {
                    "width": 0.0,
                    "height": 0.0,
                    "length": 0.0
                },
                "cargo_id": "mj5vbyz8cvmlzq4rbhpemdcpd5i6arv9",
                "position": {
                    "x": 2251.053824362606,
                    "y": 800.0,
                    "z": 1392.0
                },
                "stacking": true,
                "turnover": true,
                "rotation_state": 1,
                "stacking_limit": 0.0,
                "calculated_size": {
                    "width": 960.0,
                    "height": 850.0,
                    "length": 800.0
                },
                "virtual_positions": null
            },
            {
                "id": 3,
                "info": {
                    "color": "#1a2891",
                    "title": "12",
                    "article": "",
                    "group_id": "189hfokklilnfne5br9zv6fxve5mb0dj",
                    "group_title": "Группа 2"
                },
                "mass": 120.0,
                "size": {
                    "width": 960.0,
                    "height": 1200.0,
                    "length": 1200.0
                },
                "sort": 1,
                "step": 7,
                "type": "box",
                "margin": {
                    "width": 0.0,
                    "height": 0.0,
                    "length": 0.0
                },
                "cargo_id": "ldtz1o3lc2dbwt6gjegosubsbwz3ftsc",
                "position": {
                    "x": 3051.053824362606,
                    "y": 800.0,
                    "z": 1152.0
                },
                "stacking": true,
                "turnover": true,
                "rotation_state": 1,
                "stacking_limit": 0.0,
                "calculated_size": {
                    "width": 1200.0,
                    "height": 1200.0,
                    "length": 960.0
                },
                "virtual_positions": null
            },
            {
                "id": 0,
                "info": {
                    "color": "#6c8bfc",
                    "title": "13",
                    "article": "",
                    "group_id": "189hfokklilnfne5br9zv6fxve5mb0dj",
                    "group_title": "Группа 2"
                },
                "mass": 330.0,
                "size": {
                    "width": 600.0,
                    "height": 1250.0,
                    "length": 1550.0
                },
                "sort": 1,
                "step": 8,
                "type": "box",
                "margin": {
                    "width": 0.0,
                    "height": 0.0,
                    "length": 0.0
                },
                "cargo_id": "mpxpedgeqzlbqfqazezvzmvn6b9xm0da",
                "position": {
                    "x": 4011.053824362606,
                    "y": 0.0,
                    "z": 802.0
                },
                "stacking": true,
                "turnover": true,
                "rotation_state": 1,
                "stacking_limit": 0.0,
                "calculated_size": {
                    "width": 1550.0,
                    "height": 1250.0,
                    "length": 600.0
                },
                "virtual_positions": null
            },
            {
                "id": 1,
                "info": {
                    "color": "#1a2891",
                    "title": "12",
                    "article": "",
                    "group_id": "189hfokklilnfne5br9zv6fxve5mb0dj",
                    "group_title": "Группа 2"
                },
                "mass": 120.0,
                "size": {
                    "width": 960.0,
                    "height": 1200.0,
                    "length": 1200.0
                },
                "sort": 1,
                "step": 9,
                "type": "box",
                "margin": {
                    "width": 0.0,
                    "height": 0.0,
                    "length": 0.0
                },
                "cargo_id": "ldtz1o3lc2dbwt6gjegosubsbwz3ftsc",
                "position": {
                    "x": 4611.053824362606,
                    "y": 0.0,
                    "z": 1152.0
                },
                "stacking": true,
                "turnover": true,
                "rotation_state": 1,
                "stacking_limit": 0.0,
                "calculated_size": {
                    "width": 1200.0,
                    "height": 1200.0,
                    "length": 960.0
                },
                "virtual_positions": null
            },
            {
                "id": 14,
                "info": {
                    "color": "#e8ca47",
                    "title": "2",
                    "article": "",
                    "group_id": "189hfokklilnfne5br9zv6fxve5mb0dj",
                    "group_title": "Группа 2"
                },
                "mass": 1300.0,
                "size": {
                    "width": 800.0,
                    "height": 960.0,
                    "length": 5200.0
                },
                "sort": 1,
                "step": 10,
                "type": "box",
                "margin": {
                    "width": 0.0,
                    "height": 0.0,
                    "length": 0.0
                },
                "cargo_id": "blaym7biqhitupu6v2fjyfjz32zu7aac",
                "position": {
                    "x": 11.053824362606065,
                    "y": 0.0,
                    "z": 0.0
                },
                "stacking": true,
                "turnover": true,
                "rotation_state": 0,
                "stacking_limit": 0.0,
                "calculated_size": {
                    "width": 800.0,
                    "height": 960.0,
                    "length": 5200.0
                },
                "virtual_positions": null
            },
            {
                "id": 5,
                "info": {
                    "color": "#c419a7",
                    "title": "10",
                    "article": "",
                    "group_id": "189hfokklilnfne5br9zv6fxve5mb0dj",
                    "group_title": "Группа 2"
                },
                "mass": 100.0,
                "size": {
                    "width": 920.0,
                    "height": 700.0,
                    "length": 1200.0
                },
                "sort": 1,
                "step": 11,
                "type": "box",
                "margin": {
                    "width": 0.0,
                    "height": 0.0,
                    "length": 0.0
                },
                "cargo_id": "b2ewg4yyggeipxhxbunodnpvrc6onscj",
                "position": {
                    "x": 471.05382436260606,
                    "y": 960.0,
                    "z": 0.0
                },
                "stacking": true,
                "turnover": true,
                "rotation_state": 2,
                "stacking_limit": 0.0,
                "calculated_size": {
                    "width": 920.0,
                    "height": 1200.0,
                    "length": 700.0
                },
                "virtual_positions": null
            },
            {
                "id": 13,
                "info": {
                    "color": "#e8ca68",
                    "title": "3",
                    "article": "",
                    "group_id": "189hfokklilnfne5br9zv6fxve5mb0dj",
                    "group_title": "Группа 2"
                },
                "mass": 80.0,
                "size": {
                    "width": 800.0,
                    "height": 1200.0,
                    "length": 1200.0
                },
                "sort": 1,
                "step": 12,
                "type": "box",
                "margin": {
                    "width": 0.0,
                    "height": 0.0,
                    "length": 0.0
                },
                "cargo_id": "1rj0b01utmztsqjcbzx5ptlskwmhmwna",
                "position": {
                    "x": 1171.053824362606,
                    "y": 960.0,
                    "z": 0.0
                },
                "stacking": true,
                "turnover": true,
                "rotation_state": 0,
                "stacking_limit": 0.0,
                "calculated_size": {
                    "width": 800.0,
                    "height": 1200.0,
                    "length": 1200.0
                },
                "virtual_positions": null
            },
            {
                "id": 8,
                "info": {
                    "color": "#900ef9",
                    "title": "7",
                    "article": "",
                    "group_id": "189hfokklilnfne5br9zv6fxve5mb0dj",
                    "group_title": "Группа 2"
                },
                "mass": 30.0,
                "size": {
                    "width": 550.0,
                    "height": 640.0,
                    "length": 550.0
                },
                "sort": 1,
                "step": 13,
                "type": "box",
                "margin": {
                    "width": 0.0,
                    "height": 0.0,
                    "length": 0.0
                },
                "cargo_id": "eskfzghowijmusorpi7cbh3vcutytf4d",
                "position": {
                    "x": 4611.053824362606,
                    "y": 1200.0,
                    "z": 1802.0
                },
                "stacking": true,
                "turnover": true,
                "rotation_state": 0,
                "stacking_limit": 0.0,
                "calculated_size": {
                    "width": 550.0,
                    "height": 640.0,
                    "length": 550.0
                },
                "virtual_positions": null
            },
            {
                "id": 11,
                "info": {
                    "color": "#15996d",
                    "title": "4",
                    "article": "",
                    "group_id": "189hfokklilnfne5br9zv6fxve5mb0dj",
                    "group_title": "Группа 2"
                },
                "mass": 80.0,
                "size": {
                    "width": 620.0,
                    "height": 900.0,
                    "length": 2840.0
                },
                "sort": 1,
                "step": 14,
                "type": "box",
                "margin": {
                    "width": 0.0,
                    "height": 0.0,
                    "length": 0.0
                },
                "cargo_id": "96mhw86giyxpdcfklzydgavgfthrviiw",
                "position": {
                    "x": 2371.053824362606,
                    "y": 960.0,
                    "z": 0.0
                },
                "stacking": true,
                "turnover": true,
                "rotation_state": 0,
                "stacking_limit": 0.0,
                "calculated_size": {
                    "width": 620.0,
                    "height": 900.0,
                    "length": 2840.0
                },
                "virtual_positions": null
            },
            {
                "id": 4,
                "info": {
                    "color": "#d1293d",
                    "title": "11",
                    "article": "",
                    "group_id": "189hfokklilnfne5br9zv6fxve5mb0dj",
                    "group_title": "Группа 2"
                },
                "mass": 80.0,
                "size": {
                    "width": 600.0,
                    "height": 100.0,
                    "length": 600.0
                },
                "sort": 1,
                "step": 15,
                "type": "box",
                "margin": {
                    "width": 0.0,
                    "height": 0.0,
                    "length": 0.0
                },
                "cargo_id": "yifccjgjmesuiv2lmac1kcwicpnnkk4s",
                "position": {
                    "x": 5571.053824362606,
                    "y": 0.0,
                    "z": 1752.0
                },
                "stacking": true,
                "turnover": true,
                "rotation_state": 2,
                "stacking_limit": 0.0,
                "calculated_size": {
                    "width": 600.0,
                    "height": 600.0,
                    "length": 100.0
                },
                "virtual_positions": null
            },
            {
                "id": 6,
                "info": {
                    "color": "#ea153f",
                    "title": "9",
                    "article": "",
                    "group_id": "189hfokklilnfne5br9zv6fxve5mb0dj",
                    "group_title": "Группа 2"
                },
                "mass": 100.0,
                "size": {
                    "width": 900.0,
                    "height": 1200.0,
                    "length": 600.0
                },
                "sort": 1,
                "step": 16,
                "type": "box",
                "margin": {
                    "width": 0.0,
                    "height": 0.0,
                    "length": 0.0
                },
                "cargo_id": "v8nei9rlrdgl0yrxg3ryhajsajsm9jwu",
                "position": {
                    "x": 5211.053824362606,
                    "y": 0.0,
                    "z": 0.0
                },
                "stacking": true,
                "turnover": true,
                "rotation_state": 1,
                "stacking_limit": 0.0,
                "calculated_size": {
                    "width": 900.0,
                    "height": 1200.0,
                    "length": 600.0
                },
                "virtual_positions": null
            }
        ],
        "version": 5,
        "cargo_space": {
            "id": 1161,
            "info": {
                "uid": "1161_0",
                "sort": 0,
                "title": "20 DC (valid) (copy)"
            },
            "mass": 2370.0,
            "size": {
                "width": 2438.0,
                "height": 2591.0,
                "length": 6058.0
            },
            "type": "container",
            "indentation": {
                "width": 43.0,
                "height": 0.0,
                "length": 80.0,
                "height_top": 198.0,
                "length_end": 80.0,
                "width_right": 43.0
            },
            "loading_size": {
                "width": 2352.0,
                "height": 2393.0,
                "length": 5898.0
            },
            "calculation_info": {
                "step_count": 16,
                "cargos_mass": 3.53,
                "load_volume": 33.195925728,
                "cargos_volume": 18.39822,
                "count_cargoes": 16,
                "load_capacity": 28.335,
                "loading_height": 2.16,
                "density_percent": 62.43912,
                "remaining_volume": 14.79771,
                "void_space_percent": 44.57687,
                "filling_space_percent": 55.42313
            },
            "carrying_capacity": 28335.0,
            "real_center_of_gravity": [
                2949.0,
                654.3059490084986,
                1121.7393767705385
            ],
            "ideal_center_of_gravity": [
                2949.0,
                0.0,
                1176.0
            ]
        },
        "cargo_groups": [],
        "packing_type": "PackingContainerPoint",
        "calculation_id": 16358,
        "invalid_errors": [],
        "unpacked_errors": [],
        "validate_errors": [],
        "is_packed_same_boxes": false
    }
}