{
    "data": {
        "cargoes": [
            {
                "info": {
                    "color": "#3d8e0e",
                    "title": "1",
                    "article": "",
                    "group_id": "1nlqegbcd2mk0vkwijvc1y0b5dxtlq6m",
                    "group_title": "Группа 1"
                },
                "mass": 300.0,
                "size": {
                    "width": 820,
                    "height": 830,
                    "length": 1250
                },
                "sort": 1,
                "type": "box",
                "count": 8,
                "margin": {
                    "width": 0,
                    "height": 0,
                    "length": 0
                },
                "cargo_id": "plgzukgoxvrmkxr0bleyftxexhvwyeqx",
                "stacking": false,
                "turnover": false,
                "margin_width": 0,
                "margin_length": 0,
                "stacking_limit": 0
            }
        ],
        "settings": {
            "rank": false,
            "max_step": 100,
            "min_step": 50,
            "usersort": false,
            "hardlimit": 1801,
            "timelimit": 1800,
            "step_scaling": 10
        },
        "put_boxes": [],
        "initial_id": 0,
        "cargo_space": {
            "id": 269,
            "info": {
                "uid": "269_0",
                "sort": 0,
                "title": "Фургон №2"
            },
            "mass": 6450,
            "size": {
                "width": 2550,
                "height": 3820,
                "length": 5800
            },
            "type": "van",
            "axles": [
                {
                    "title": "Ось 1",
                    "distance": 1475,
                    "max_load": 9500,
                    "default_load": 3225
                },
                {
                    "title": "Ось 2",
                    "distance": 5400,
                    "max_load": 9500,
                    "default_load": 3225
                }
            ],
            "title": "Фургон №2",
            "full_length": 7695,
            "indentation": {
                "width": 35,
                "height": 0,
                "length": 0,
                "height_top": 1120,
                "length_end": 0,
                "width_right": 35
            },
            "loading_size": {
                "width": 2480,
                "height": 2700,
                "length": 5800
            },
            "carrying_capacity": 9200
        },
        "calculation_id": "15600"
    },
    "data_result": {
        "boxes": [
            {
                "id": 4,
                "info": {
                    "color": "#3d8e0e",
                    "title": "1",
                    "article": "",
                    "group_id": "1nlqegbcd2mk0vkwijvc1y0b5dxtlq6m",
                    "group_title": "Группа 1"
                },
                "mass": 300.0,
                "size": {
                    "width": 820.0,
                    "height": 830.0,
                    "length": 1250.0
                },
                "sort": 1,
                "step": 1,
                "type": "box",
                "margin": {
                    "width": 0.0,
                    "height": 0.0,
                    "length": 0.0
                },
                "cargo_id": "plgzukgoxvrmkxr0bleyftxexhvwyeqx",
                "position": {
                    "x": 0.0,
                    "y": 0.0,
                    "z": 820.0
                },
                "stacking": false,
                "turnover": false,
                "rotation_state": 0,
                "stacking_limit": 0.0,
                "calculated_size": {
                    "width": 820.0,
                    "height": 830.0,
                    "length": 1250.0
                },
                "virtual_positions": null
            },
            {
                "id": 0,
                "info": {
                    "color": "#3d8e0e",
                    "title": "1",
                    "article": "",
                    "group_id": "1nlqegbcd2mk0vkwijvc1y0b5dxtlq6m",
                    "group_title": "Группа 1"
                },
                "mass": 300.0,
                "size": {
                    "width": 820.0,
                    "height": 830.0,
                    "length": 1250.0
                },
                "sort": 1,
                "step": 2,
                "type": "box",
                "margin": {
                    "width": 0.0,
                    "height": 0.0,
                    "length": 0.0
                },
                "cargo_id": "plgzukgoxvrmkxr0bleyftxexhvwyeqx",
                "position": {
                    "x": 0.0,
                    "y": 0.0,
                    "z": 0.0
                },
                "stacking": false,
                "turnover": false,
                "rotation_state": 0,
                "stacking_limit": 0.0,
                "calculated_size": {
                    "width": 820.0,
                    "height": 830.0,
                    "length": 1250.0
                },
                "virtual_positions": null
            },
            {
                "id": 6,
                "info": {
                    "color": "#3d8e0e",
                    "title": "1",
                    "article": "",
                    "group_id": "1nlqegbcd2mk0vkwijvc1y0b5dxtlq6m",
                    "group_title": "Группа 1"
                },
                "mass": 300.0,
                "size": {
                    "width": 820.0,
                    "height": 830.0,
                    "length": 1250.0
                },
                "sort": 1,
                "step": 3,
                "type": "box",
                "margin": {
                    "width": 0.0,
                    "height": 0.0,
                    "length": 0.0
                },
                "cargo_id": "plgzukgoxvrmkxr0bleyftxexhvwyeqx",
                "position": {
                    "x": 1250.0,
                    "y": 0.0,
                    "z": 820.0
                },
                "stacking": false,
                "turnover": false,
                "rotation_state": 0,
                "stacking_limit": 0.0,
                "calculated_size": {
                    "width": 820.0,
                    "height": 830.0,
                    "length": 1250.0
                },
                "virtual_positions": null
            },
            {
                "id": 1,
                "info": {
                    "color": "#3d8e0e",
                    "title": "1",
                    "article": "",
                    "group_id": "1nlqegbcd2mk0vkwijvc1y0b5dxtlq6m",
                    "group_title": "Группа 1"
                },
                "mass": 300.0,
                "size": {
                    "width": 820.0,
                    "height": 830.0,
                    "length": 1250.0
                },
                "sort": 1,
                "step": 4,
                "type": "box",
                "margin": {
                    "width": 0.0,
                    "height": 0.0,
                    "length": 0.0
                },
                "cargo_id": "plgzukgoxvrmkxr0bleyftxexhvwyeqx",
                "position": {
                    "x": 1250.0,
                    "y": 0.0,
                    "z": 0.0
                },
                "stacking": false,
                "turnover": false,
                "rotation_state": 0,
                "stacking_limit": 0.0,
                "calculated_size": {
                    "width": 820.0,
                    "height": 830.0,
                    "length": 1250.0
                },
                "virtual_positions": null
            },
            {
                "id": 5,
                "info": {
                    "color": "#3d8e0e",
                    "title": "1",
                    "article": "",
                    "group_id": "1nlqegbcd2mk0vkwijvc1y0b5dxtlq6m",
                    "group_title": "Группа 1"
                },
                "mass": 300.0,
                "size": {
                    "width": 820.0,
                    "height": 830.0,
                    "length": 1250.0
                },
                "sort": 1,
                "step": 5,
                "type": "box",
                "margin": {
                    "width": 0.0,
                    "height": 0.0,
                    "length": 0.0
                },
                "cargo_id": "plgzukgoxvrmkxr0bleyftxexhvwyeqx",
                "position": {
                    "x": 2500.0,
                    "y": 0.0,
                    "z": 820.0
                },
                "stacking": false,
                "turnover": false,
                "rotation_state": 0,
                "stacking_limit": 0.0,
                "calculated_size": {
                    "width": 820.0,
                    "height": 830.0,
                    "length": 1250.0
                },
                "virtual_positions": null
            },
            {
                "id": 2,
                "info": {
                    "color": "#3d8e0e",
                    "title": "1",
                    "article": "",
                    "group_id": "1nlqegbcd2mk0vkwijvc1y0b5dxtlq6m",
                    "group_title": "Группа 1"
                },
                "mass": 300.0,
                "size": {
                    "width": 820.0,
                    "height": 830.0,
                    "length": 1250.0
                },
                "sort": 1,
                "step": 6,
                "type": "box",
                "margin": {
                    "width": 0.0,
                    "height": 0.0,
                    "length": 0.0
                },
                "cargo_id": "plgzukgoxvrmkxr0bleyftxexhvwyeqx",
                "position": {
                    "x": 2500.0,
                    "y": 0.0,
                    "z": 0.0
                },
                "stacking": false,
                "turnover": false,
                "rotation_state": 0,
                "stacking_limit": 0.0,
                "calculated_size": {
                    "width": 820.0,
                    "height": 830.0,
                    "length": 1250.0
                },
                "virtual_positions": null
            },
            {
                "id": 7,
                "info": {
                    "color": "#3d8e0e",
                    "title": "1",
                    "article": "",
                    "group_id": "1nlqegbcd2mk0vkwijvc1y0b5dxtlq6m",
                    "group_title": "Группа 1"
                },
                "mass": 300.0,
                "size": {
                    "width": 820.0,
                    "height": 830.0,
                    "length": 1250.0
                },
                "sort": 1,
                "step": 7,
                "type": "box",
                "margin": {
                    "width": 0.0,
                    "height": 0.0,
                    "length": 0.0
                },
                "cargo_id": "plgzukgoxvrmkxr0bleyftxexhvwyeqx",
                "position": {
                    "x": 3750.0,
                    "y": 0.0,
                    "z": 820.0
                },
                "stacking": false,
                "turnover": false,
                "rotation_state": 0,
                "stacking_limit": 0.0,
                "calculated_size": {
                    "width": 820.0,
                    "height": 830.0,
                    "length": 1250.0
                },
                "virtual_positions": null
            },
            {
                "id": 3,
                "info": {
                    "color": "#3d8e0e",
                    "title": "1",
                    "article": "",
                    "group_id": "1nlqegbcd2mk0vkwijvc1y0b5dxtlq6m",
                    "group_title": "Группа 1"
                },
                "mass": 300.0,
                "size": {
                    "width": 820.0,
                    "height": 830.0,
                    "length": 1250.0
                },
                "sort": 1,
                "step": 8,
                "type": "box",
                "margin": {
                    "width": 0.0,
                    "height": 0.0,
                    "length": 0.0
                },
                "cargo_id": "plgzukgoxvrmkxr0bleyftxexhvwyeqx",
                "position": {
                    "x": 3750.0,
                    "y": 0.0,
                    "z": 0.0
                },
                "stacking": false,
                "turnover": false,
                "rotation_state": 0,
                "stacking_limit": 0.0,
                "calculated_size": {
                    "width": 820.0,
                    "height": 830.0,
                    "length": 1250.0
                },
                "virtual_positions": null
            }
        ],
        "version": 5,
        "cargo_space": {
            "id": 269,
            "info": {
                "uid": "269_0",
                "sort": 0,
                "title": "Фургон №2"
            },
            "mass": 6450.0,
            "size": {
                "width": 2550.0,
                "height": 3820.0,
                "length": 5800.0
            },
            "type": "van",
            "axles": [
                {
                    "title": "Ось 1",
                    "distance": 1475.0,
                    "max_load": 9500.0,
                    "default_load": 3225.0,
                    "calculated_load": 4327.22222
                },
                {
                    "title": "Ось 2",
                    "distance": 5400.0,
                    "max_load": 9500.0,
                    "default_load": 3225.0,
                    "calculated_load": 4522.77778
                }
            ],
            "full_length": 5800.0,
            "indentation": {
                "width": 35.0,
                "height": 0.0,
                "length": 0.0,
                "height_top": 1120.0,
                "length_end": 0.0,
                "width_right": 35.0
            },
            "loading_size": {
                "width": 2480.0,
                "height": 2700.0,
                "length": 5800.0
            },
            "calculation_info": {
                "step_count": 8,
                "cargos_mass": 2.4,
                "load_volume": 38.8368,
                "cargos_volume": 6.806,
                "count_cargoes": 8,
                "load_capacity": 9.2,
                "loading_height": 0.83,
                "density_percent": 100.0,
                "remaining_volume": 32.0308,
                "void_space_percent": 82.47538,
                "filling_space_percent": 17.52462
            },
            "carrying_capacity": 9200.0,
            "real_center_of_gravity": [
                2500.0,
                415.0,
                820.0
            ],
            "ideal_center_of_gravity": [
                2900.0,
                0.0,
                1240.0
            ]
        },
        "cargo_groups": [],
        "packing_type": "PackingBlocks",
        "calculation_id": 15600,
        "invalid_errors": [],
        "unpacked_errors": [],
        "validate_errors": [
            "ERROR_AXLES_DISTANCE_CAR"
        ],
        "is_packed_same_boxes": false
    }
}