{
    "data": {
        "cargoes": [
            {
                "info": {
                    "color": "#9b0c1d",
                    "title": "П1",
                    "article": "",
                    "group_id": "1lu5tcbi7owepluajkofyi1eyhcizw2q",
                    "group_title": "Группа 1"
                },
                "mass": 400.0,
                "size": {
                    "width": 800,
                    "height": 1550,
                    "length": 1200
                },
                "sort": 1,
                "type": "box",
                "count": 17,
                "margin": {
                    "width": 0,
                    "height": 0,
                    "length": 0
                },
                "cargo_id": "xmshotcs4wbdiivcqlonp8zxttwivamw",
                "stacking": false,
                "turnover": false,
                "margin_width": 0,
                "margin_length": 0,
                "stacking_limit": 0
            }
        ],
        "settings": {
            "rank": false,
            "max_step": 100,
            "min_step": 50,
            "usersort": false,
            "hardlimit": 1801,
            "timelimit": 1800,
            "step_scaling": 10
        },
        "put_boxes": [],
        "initial_id": 0,
        "cargo_space": {
            "id": 831,
            "info": {
                "uid": "831_0",
                "sort": 0,
                "title": "Гулливер 10тн"
            },
            "mass": 8000,
            "size": {
                "width": 2600,
                "height": 2200,
                "length": 8000
            },
            "type": "van",
            "axles": [
                {
                    "title": "Ось 1",
                    "distance": 1500,
                    "max_load": 12000,
                    "default_load": 5000
                },
                {
                    "title": "Ось 2",
                    "distance": 5000,
                    "max_load": 12000,
                    "default_load": 3000
                }
            ],
            "title": "Гулливер 10тн",
            "hardlimit": 1801,
            "timelimit": 1800,
            "full_length": 9000,
            "indentation": {
                "width": 50,
                "height": 0,
                "length": 250,
                "height_top": 100,
                "length_end": 250,
                "width_right": 50
            },
            "loading_size": {
                "width": 2500,
                "height": 2100,
                "length": 7500
            },
            "carrying_capacity": 10000
        },
        "calculation_id": "13579"
    },
    "data_result": {
        "boxes": [
            {
                "id": 2,
                "info": {
                    "color": "#9b0c1d",
                    "title": "П1",
                    "article": "",
                    "group_id": "1lu5tcbi7owepluajkofyi1eyhcizw2q",
                    "group_title": "Группа 1"
                },
                "mass": 400.0,
                "size": {
                    "width": 800.0,
                    "height": 1550.0,
                    "length": 1200.0
                },
                "sort": 1,
                "type": "box",
                "margin": {
                    "width": 0.0,
                    "height": 0.0,
                    "length": 0.0
                },
                "cargo_id": "xmshotcs4wbdiivcqlonp8zxttwivamw",
                "position": {
                    "x": 0.0,
                    "y": 0.0,
                    "z": 1600.0
                },
                "stacking": false,
                "turnover": false,
                "rotation_state": 0,
                "stacking_limit": 0.0,
                "calculated_size": {
                    "width": 800.0,
                    "height": 1550.0,
                    "length": 1200.0
                },
                "virtual_positions": null
            },
            {
                "id": 1,
                "info": {
                    "color": "#9b0c1d",
                    "title": "П1",
                    "article": "",
                    "group_id": "1lu5tcbi7owepluajkofyi1eyhcizw2q",
                    "group_title": "Группа 1"
                },
                "mass": 400.0,
                "size": {
                    "width": 800.0,
                    "height": 1550.0,
                    "length": 1200.0
                },
                "sort": 1,
                "type": "box",
                "margin": {
                    "width": 0.0,
                    "height": 0.0,
                    "length": 0.0
                },
                "cargo_id": "xmshotcs4wbdiivcqlonp8zxttwivamw",
                "position": {
                    "x": 0.0,
                    "y": 0.0,
                    "z": 800.0
                },
                "stacking": false,
                "turnover": false,
                "rotation_state": 0,
                "stacking_limit": 0.0,
                "calculated_size": {
                    "width": 800.0,
                    "height": 1550.0,
                    "length": 1200.0
                },
                "virtual_positions": null
            },
            {
                "id": 0,
                "info": {
                    "color": "#9b0c1d",
                    "title": "П1",
                    "article": "",
                    "group_id": "1lu5tcbi7owepluajkofyi1eyhcizw2q",
                    "group_title": "Группа 1"
                },
                "mass": 400.0,
                "size": {
                    "width": 800.0,
                    "height": 1550.0,
                    "length": 1200.0
                },
                "sort": 1,
                "type": "box",
                "margin": {
                    "width": 0.0,
                    "height": 0.0,
                    "length": 0.0
                },
                "cargo_id": "xmshotcs4wbdiivcqlonp8zxttwivamw",
                "position": {
                    "x": 0.0,
                    "y": 0.0,
                    "z": 0.0
                },
                "stacking": false,
                "turnover": false,
                "rotation_state": 0,
                "stacking_limit": 0.0,
                "calculated_size": {
                    "width": 800.0,
                    "height": 1550.0,
                    "length": 1200.0
                },
                "virtual_positions": null
            },
            {
                "id": 5,
                "info": {
                    "color": "#9b0c1d",
                    "title": "П1",
                    "article": "",
                    "group_id": "1lu5tcbi7owepluajkofyi1eyhcizw2q",
                    "group_title": "Группа 1"
                },
                "mass": 400.0,
                "size": {
                    "width": 800.0,
                    "height": 1550.0,
                    "length": 1200.0
                },
                "sort": 1,
                "type": "box",
                "margin": {
                    "width": 0.0,
                    "height": 0.0,
                    "length": 0.0
                },
                "cargo_id": "xmshotcs4wbdiivcqlonp8zxttwivamw",
                "position": {
                    "x": 1200.0,
                    "y": 0.0,
                    "z": 1600.0
                },
                "stacking": false,
                "turnover": false,
                "rotation_state": 0,
                "stacking_limit": 0.0,
                "calculated_size": {
                    "width": 800.0,
                    "height": 1550.0,
                    "length": 1200.0
                },
                "virtual_positions": null
            },
            {
                "id": 4,
                "info": {
                    "color": "#9b0c1d",
                    "title": "П1",
                    "article": "",
                    "group_id": "1lu5tcbi7owepluajkofyi1eyhcizw2q",
                    "group_title": "Группа 1"
                },
                "mass": 400.0,
                "size": {
                    "width": 800.0,
                    "height": 1550.0,
                    "length": 1200.0
                },
                "sort": 1,
                "type": "box",
                "margin": {
                    "width": 0.0,
                    "height": 0.0,
                    "length": 0.0
                },
                "cargo_id": "xmshotcs4wbdiivcqlonp8zxttwivamw",
                "position": {
                    "x": 1200.0,
                    "y": 0.0,
                    "z": 800.0
                },
                "stacking": false,
                "turnover": false,
                "rotation_state": 0,
                "stacking_limit": 0.0,
                "calculated_size": {
                    "width": 800.0,
                    "height": 1550.0,
                    "length": 1200.0
                },
                "virtual_positions": null
            },
            {
                "id": 3,
                "info": {
                    "color": "#9b0c1d",
                    "title": "П1",
                    "article": "",
                    "group_id": "1lu5tcbi7owepluajkofyi1eyhcizw2q",
                    "group_title": "Группа 1"
                },
                "mass": 400.0,
                "size": {
                    "width": 800.0,
                    "height": 1550.0,
                    "length": 1200.0
                },
                "sort": 1,
                "type": "box",
                "margin": {
                    "width": 0.0,
                    "height": 0.0,
                    "length": 0.0
                },
                "cargo_id": "xmshotcs4wbdiivcqlonp8zxttwivamw",
                "position": {
                    "x": 1200.0,
                    "y": 0.0,
                    "z": 0.0
                },
                "stacking": false,
                "turnover": false,
                "rotation_state": 0,
                "stacking_limit": 0.0,
                "calculated_size": {
                    "width": 800.0,
                    "height": 1550.0,
                    "length": 1200.0
                },
                "virtual_positions": null
            },
            {
                "id": 8,
                "info": {
                    "color": "#9b0c1d",
                    "title": "П1",
                    "article": "",
                    "group_id": "1lu5tcbi7owepluajkofyi1eyhcizw2q",
                    "group_title": "Группа 1"
                },
                "mass": 400.0,
                "size": {
                    "width": 800.0,
                    "height": 1550.0,
                    "length": 1200.0
                },
                "sort": 1,
                "type": "box",
                "margin": {
                    "width": 0.0,
                    "height": 0.0,
                    "length": 0.0
                },
                "cargo_id": "xmshotcs4wbdiivcqlonp8zxttwivamw",
                "position": {
                    "x": 2400.0,
                    "y": 0.0,
                    "z": 1600.0
                },
                "stacking": false,
                "turnover": false,
                "rotation_state": 0,
                "stacking_limit": 0.0,
                "calculated_size": {
                    "width": 800.0,
                    "height": 1550.0,
                    "length": 1200.0
                },
                "virtual_positions": null
            },
            {
                "id": 7,
                "info": {
                    "color": "#9b0c1d",
                    "title": "П1",
                    "article": "",
                    "group_id": "1lu5tcbi7owepluajkofyi1eyhcizw2q",
                    "group_title": "Группа 1"
                },
                "mass": 400.0,
                "size": {
                    "width": 800.0,
                    "height": 1550.0,
                    "length": 1200.0
                },
                "sort": 1,
                "type": "box",
                "margin": {
                    "width": 0.0,
                    "height": 0.0,
                    "length": 0.0
                },
                "cargo_id": "xmshotcs4wbdiivcqlonp8zxttwivamw",
                "position": {
                    "x": 2400.0,
                    "y": 0.0,
                    "z": 800.0
                },
                "stacking": false,
                "turnover": false,
                "rotation_state": 0,
                "stacking_limit": 0.0,
                "calculated_size": {
                    "width": 800.0,
                    "height": 1550.0,
                    "length": 1200.0
                },
                "virtual_positions": null
            },
            {
                "id": 6,
                "info": {
                    "color": "#9b0c1d",
                    "title": "П1",
                    "article": "",
                    "group_id": "1lu5tcbi7owepluajkofyi1eyhcizw2q",
                    "group_title": "Группа 1"
                },
                "mass": 400.0,
                "size": {
                    "width": 800.0,
                    "height": 1550.0,
                    "length": 1200.0
                },
                "sort": 1,
                "type": "box",
                "margin": {
                    "width": 0.0,
                    "height": 0.0,
                    "length": 0.0
                },
                "cargo_id": "xmshotcs4wbdiivcqlonp8zxttwivamw",
                "position": {
                    "x": 2400.0,
                    "y": 0.0,
                    "z": 0.0
                },
                "stacking": false,
                "turnover": false,
                "rotation_state": 0,
                "stacking_limit": 0.0,
                "calculated_size": {
                    "width": 800.0,
                    "height": 1550.0,
                    "length": 1200.0
                },
                "virtual_positions": null
            },
            {
                "id": 11,
                "info": {
                    "color": "#9b0c1d",
                    "title": "П1",
                    "article": "",
                    "group_id": "1lu5tcbi7owepluajkofyi1eyhcizw2q",
                    "group_title": "Группа 1"
                },
                "mass": 400.0,
                "size": {
                    "width": 800.0,
                    "height": 1550.0,
                    "length": 1200.0
                },
                "sort": 1,
                "type": "box",
                "margin": {
                    "width": 0.0,
                    "height": 0.0,
                    "length": 0.0
                },
                "cargo_id": "xmshotcs4wbdiivcqlonp8zxttwivamw",
                "position": {
                    "x": 3600.0,
                    "y": 0.0,
                    "z": 1600.0
                },
                "stacking": false,
                "turnover": false,
                "rotation_state": 0,
                "stacking_limit": 0.0,
                "calculated_size": {
                    "width": 800.0,
                    "height": 1550.0,
                    "length": 1200.0
                },
                "virtual_positions": null
            },
            {
                "id": 10,
                "info": {
                    "color": "#9b0c1d",
                    "title": "П1",
                    "article": "",
                    "group_id": "1lu5tcbi7owepluajkofyi1eyhcizw2q",
                    "group_title": "Группа 1"
                },
                "mass": 400.0,
                "size": {
                    "width": 800.0,
                    "height": 1550.0,
                    "length": 1200.0
                },
                "sort": 1,
                "type": "box",
                "margin": {
                    "width": 0.0,
                    "height": 0.0,
                    "length": 0.0
                },
                "cargo_id": "xmshotcs4wbdiivcqlonp8zxttwivamw",
                "position": {
                    "x": 3600.0,
                    "y": 0.0,
                    "z": 800.0
                },
                "stacking": false,
                "turnover": false,
                "rotation_state": 0,
                "stacking_limit": 0.0,
                "calculated_size": {
                    "width": 800.0,
                    "height": 1550.0,
                    "length": 1200.0
                },
                "virtual_positions": null
            },
            {
                "id": 9,
                "info": {
                    "color": "#9b0c1d",
                    "title": "П1",
                    "article": "",
                    "group_id": "1lu5tcbi7owepluajkofyi1eyhcizw2q",
                    "group_title": "Группа 1"
                },
                "mass": 400.0,
                "size": {
                    "width": 800.0,
                    "height": 1550.0,
                    "length": 1200.0
                },
                "sort": 1,
                "type": "box",
                "margin": {
                    "width": 0.0,
                    "height": 0.0,
                    "length": 0.0
                },
                "cargo_id": "xmshotcs4wbdiivcqlonp8zxttwivamw",
                "position": {
                    "x": 3600.0,
                    "y": 0.0,
                    "z": 0.0
                },
                "stacking": false,
                "turnover": false,
                "rotation_state": 0,
                "stacking_limit": 0.0,
                "calculated_size": {
                    "width": 800.0,
                    "height": 1550.0,
                    "length": 1200.0
                },
                "virtual_positions": null
            },
            {
                "id": 14,
                "info": {
                    "color": "#9b0c1d",
                    "title": "П1",
                    "article": "",
                    "group_id": "1lu5tcbi7owepluajkofyi1eyhcizw2q",
                    "group_title": "Группа 1"
                },
                "mass": 400.0,
                "size": {
                    "width": 800.0,
                    "height": 1550.0,
                    "length": 1200.0
                },
                "sort": 1,
                "type": "box",
                "margin": {
                    "width": 0.0,
                    "height": 0.0,
                    "length": 0.0
                },
                "cargo_id": "xmshotcs4wbdiivcqlonp8zxttwivamw",
                "position": {
                    "x": 4800.0,
                    "y": 0.0,
                    "z": 1600.0
                },
                "stacking": false,
                "turnover": false,
                "rotation_state": 0,
                "stacking_limit": 0.0,
                "calculated_size": {
                    "width": 800.0,
                    "height": 1550.0,
                    "length": 1200.0
                },
                "virtual_positions": null
            },
            {
                "id": 13,
                "info": {
                    "color": "#9b0c1d",
                    "title": "П1",
                    "article": "",
                    "group_id": "1lu5tcbi7owepluajkofyi1eyhcizw2q",
                    "group_title": "Группа 1"
                },
                "mass": 400.0,
                "size": {
                    "width": 800.0,
                    "height": 1550.0,
                    "length": 1200.0
                },
                "sort": 1,
                "type": "box",
                "margin": {
                    "width": 0.0,
                    "height": 0.0,
                    "length": 0.0
                },
                "cargo_id": "xmshotcs4wbdiivcqlonp8zxttwivamw",
                "position": {
                    "x": 4800.0,
                    "y": 0.0,
                    "z": 800.0
                },
                "stacking": false,
                "turnover": false,
                "rotation_state": 0,
                "stacking_limit": 0.0,
                "calculated_size": {
                    "width": 800.0,
                    "height": 1550.0,
                    "length": 1200.0
                },
                "virtual_positions": null
            },
            {
                "id": 12,
                "info": {
                    "color": "#9b0c1d",
                    "title": "П1",
                    "article": "",
                    "group_id": "1lu5tcbi7owepluajkofyi1eyhcizw2q",
                    "group_title": "Группа 1"
                },
                "mass": 400.0,
                "size": {
                    "width": 800.0,
                    "height": 1550.0,
                    "length": 1200.0
                },
                "sort": 1,
                "type": "box",
                "margin": {
                    "width": 0.0,
                    "height": 0.0,
                    "length": 0.0
                },
                "cargo_id": "xmshotcs4wbdiivcqlonp8zxttwivamw",
                "position": {
                    "x": 4800.0,
                    "y": 0.0,
                    "z": 0.0
                },
                "stacking": false,
                "turnover": false,
                "rotation_state": 0,
                "stacking_limit": 0.0,
                "calculated_size": {
                    "width": 800.0,
                    "height": 1550.0,
                    "length": 1200.0
                },
                "virtual_positions": null
            },
            {
                "id": 16,
                "info": {
                    "color": "#9b0c1d",
                    "title": "П1",
                    "article": "",
                    "group_id": "1lu5tcbi7owepluajkofyi1eyhcizw2q",
                    "group_title": "Группа 1"
                },
                "mass": 400.0,
                "size": {
                    "width": 800.0,
                    "height": 1550.0,
                    "length": 1200.0
                },
                "sort": 1,
                "type": "box",
                "margin": {
                    "width": 0.0,
                    "height": 0.0,
                    "length": 0.0
                },
                "cargo_id": "xmshotcs4wbdiivcqlonp8zxttwivamw",
                "position": {
                    "x": 6000.0,
                    "y": 0.0,
                    "z": 800.0
                },
                "stacking": false,
                "turnover": false,
                "rotation_state": 0,
                "stacking_limit": 0.0,
                "calculated_size": {
                    "width": 800.0,
                    "height": 1550.0,
                    "length": 1200.0
                },
                "virtual_positions": null
            },
            {
                "id": 15,
                "info": {
                    "color": "#9b0c1d",
                    "title": "П1",
                    "article": "",
                    "group_id": "1lu5tcbi7owepluajkofyi1eyhcizw2q",
                    "group_title": "Группа 1"
                },
                "mass": 400.0,
                "size": {
                    "width": 800.0,
                    "height": 1550.0,
                    "length": 1200.0
                },
                "sort": 1,
                "type": "box",
                "margin": {
                    "width": 0.0,
                    "height": 0.0,
                    "length": 0.0
                },
                "cargo_id": "xmshotcs4wbdiivcqlonp8zxttwivamw",
                "position": {
                    "x": 6000.0,
                    "y": 0.0,
                    "z": 0.0
                },
                "stacking": false,
                "turnover": false,
                "rotation_state": 0,
                "stacking_limit": 0.0,
                "calculated_size": {
                    "width": 800.0,
                    "height": 1550.0,
                    "length": 1200.0
                },
                "virtual_positions": null
            }
        ],
        "version": 5,
        "cargo_space": {
            "id": 831,
            "info": {
                "uid": "831_0",
                "sort": 0,
                "title": "Гулливер 10тн"
            },
            "mass": 8000.0,
            "size": {
                "width": 2600.0,
                "height": 2200.0,
                "length": 8000.0
            },
            "type": "van",
            "axles": [
                {
                    "title": "Ось 1",
                    "distance": 1500.0,
                    "max_load": 12000.0,
                    "default_load": 5000.0,
                    "calculated_load": 8164.0
                },
                {
                    "title": "Ось 2",
                    "distance": 5000.0,
                    "max_load": 12000.0,
                    "default_load": 3000.0,
                    "calculated_load": 6636.0
                }
            ],
            "full_length": 8000.0,
            "indentation": {
                "width": 50.0,
                "height": 0.0,
                "length": 250.0,
                "height_top": 100.0,
                "length_end": 250.0,
                "width_right": 50.0
            },
            "loading_size": {
                "width": 2500.0,
                "height": 2100.0,
                "length": 7500.0
            },
            "calculation_info": {
                "cargos_mass": 6.8,
                "load_volume": 39.375,
                "cargos_volume": 25.296,
                "load_capacity": 10.0,
                "loading_height": 1.55,
                "density_percent": 94.44444,
                "remaining_volume": 14.079,
                "void_space_percent": 35.75619,
                "filling_space_percent": 64.24381
            },
            "carrying_capacity": 10000.0,
            "real_center_of_gravity": [
                3423.529411764706,
                775.0,
                1152.9411764705885
            ],
            "ideal_center_of_gravity": [
                3750.0,
                0.0,
                1250.0
            ]
        },
        "cargo_groups": [],
        "packing_type": "PackingLayers",
        "calculation_id": 13579,
        "invalid_errors": [],
        "unpacked_errors": [],
        "validate_errors": [],
        "is_packed_same_boxes": false
    }
}