{
    "data": {
        "cargoes": [
            {
                "info": {
                    "color": "#7affc1",
                    "title": "Die Walkure",
                    "article": "Die Walkure",
                    "group_id": "16djpaerth5e3a8b8pbtpmtkzbuju91x",
                    "group_title": "Группа 4"
                },
                "mass": 10.0,
                "size": {
                    "width": 820,
                    "height": 570,
                    "length": 680
                },
                "sort": 1,
                "type": "box",
                "count": 1,
                "margin": {
                    "width": 0,
                    "height": 0,
                    "length": 0
                },
                "cargo_id": "pw5zecsndjlritgwfykzpckmj0qchtfo",
                "stacking": true,
                "turnover": false,
                "margin_width": 0,
                "margin_length": 0,
                "stacking_limit": 0
            },
            {
                "info": {
                    "color": "#8e1cc8",
                    "title": "M-100Plus",
                    "article": "M-100Plus",
                    "group_id": "16djpaerth5e3a8b8pbtpmtkzbuju91x",
                    "group_title": "Группа 4"
                },
                "mass": 10.0,
                "size": {
                    "width": 680,
                    "height": 380,
                    "length": 700
                },
                "sort": 1,
                "type": "box",
                "count": 4,
                "margin": {
                    "width": 0,
                    "height": 0,
                    "length": 0
                },
                "cargo_id": "axbewabhzetirxjvez0s43xszpzf3gti",
                "stacking": true,
                "turnover": false,
                "margin_width": 0,
                "margin_length": 0,
                "stacking_limit": 0
            },
            {
                "info": {
                    "color": "#9da6e2",
                    "title": "Calaf",
                    "article": "Calaf",
                    "group_id": "2spwpwdusavovfq0hapuiubj7e7fq220",
                    "group_title": "Группа 3"
                },
                "mass": 10.0,
                "size": {
                    "width": 420,
                    "height": 340,
                    "length": 540
                },
                "sort": 2,
                "type": "box",
                "count": 4,
                "margin": {
                    "width": 0,
                    "height": 0,
                    "length": 0
                },
                "cargo_id": "adoembyriizin2us34jki3yrjhggz2vb",
                "stacking": true,
                "turnover": false,
                "margin_width": 0,
                "margin_length": 0,
                "stacking_limit": 0
            },
            {
                "info": {
                    "color": "#aab172",
                    "title": "Linear 15",
                    "article": "Linear 15",
                    "group_id": "2spwpwdusavovfq0hapuiubj7e7fq220",
                    "group_title": "Группа 3"
                },
                "mass": 10.0,
                "size": {
                    "width": 660,
                    "height": 370,
                    "length": 620
                },
                "sort": 2,
                "type": "box",
                "count": 2,
                "margin": {
                    "width": 0,
                    "height": 0,
                    "length": 0
                },
                "cargo_id": "ytkzv8fsrwth62ht2ibonznajfivzdks",
                "stacking": true,
                "turnover": true,
                "margin_width": 0,
                "margin_length": 0,
                "stacking_limit": 0
            },
            {
                "info": {
                    "color": "#ad88f7",
                    "title": "Cyber 880I",
                    "article": "Cyber 880I",
                    "group_id": "3tdqnvb4jkdsqoefslgsn0smxqiukcrs",
                    "group_title": "Группа 2"
                },
                "mass": 10.0,
                "size": {
                    "width": 640,
                    "height": 400,
                    "length": 580
                },
                "sort": 3,
                "type": "box",
                "count": 2,
                "margin": {
                    "width": 0,
                    "height": 0,
                    "length": 0
                },
                "cargo_id": "fqvqx0rrofi1holvfqz7rdcjne9i0lvo",
                "stacking": true,
                "turnover": false,
                "margin_width": 0,
                "margin_length": 0,
                "stacking_limit": 0
            },
            {
                "info": {
                    "color": "#26f728",
                    "title": "Grill Cyber 880I",
                    "article": "Grill Cyber 880I",
                    "group_id": "3tdqnvb4jkdsqoefslgsn0smxqiukcrs",
                    "group_title": "Группа 2"
                },
                "mass": 10.0,
                "size": {
                    "width": 250,
                    "height": 510,
                    "length": 290
                },
                "sort": 3,
                "type": "box",
                "count": 2,
                "margin": {
                    "width": 0,
                    "height": 0,
                    "length": 0
                },
                "cargo_id": "nlpg4nbo7gobrvbpqlv03qhherqszxcz",
                "stacking": true,
                "turnover": true,
                "margin_width": 0,
                "margin_length": 0,
                "stacking_limit": 0
            },
            {
                "info": {
                    "color": "#b63435",
                    "title": "Grill Cyber 100TH",
                    "article": "Grill Cyber 100TH",
                    "group_id": "3tdqnvb4jkdsqoefslgsn0smxqiukcrs",
                    "group_title": "Группа 2"
                },
                "mass": 10.0,
                "size": {
                    "width": 250,
                    "height": 510,
                    "length": 290
                },
                "sort": 3,
                "type": "box",
                "count": 3,
                "margin": {
                    "width": 0,
                    "height": 0,
                    "length": 0
                },
                "cargo_id": "erdmzd8ownmzwclc6j1bsohengr80snp",
                "stacking": true,
                "turnover": true,
                "margin_width": 0,
                "margin_length": 0,
                "stacking_limit": 0
            },
            {
                "info": {
                    "color": "#fc22bd",
                    "title": "Cyber 100TH",
                    "article": "Cyber 100TH",
                    "group_id": "3tdqnvb4jkdsqoefslgsn0smxqiukcrs",
                    "group_title": "Группа 2"
                },
                "mass": 10.0,
                "size": {
                    "width": 520,
                    "height": 370,
                    "length": 570
                },
                "sort": 3,
                "type": "box",
                "count": 3,
                "margin": {
                    "width": 0,
                    "height": 0,
                    "length": 0
                },
                "cargo_id": "nngtgrcomtuwtthldrnmla63gtqaupuh",
                "stacking": true,
                "turnover": false,
                "margin_width": 0,
                "margin_length": 0,
                "stacking_limit": 0
            },
            {
                "info": {
                    "color": "#dd5d3a",
                    "title": "PM-11",
                    "article": "PM-11",
                    "group_id": "3tdqnvb4jkdsqoefslgsn0smxqiukcrs",
                    "group_title": "Группа 2"
                },
                "mass": 10.0,
                "size": {
                    "width": 680,
                    "height": 380,
                    "length": 700
                },
                "sort": 3,
                "type": "box",
                "count": 1,
                "margin": {
                    "width": 0,
                    "height": 0,
                    "length": 0
                },
                "cargo_id": "rnyb0mrpjk0tntdyc4vw8ojoy20rrxt8",
                "stacking": true,
                "turnover": false,
                "margin_width": 0,
                "margin_length": 0,
                "stacking_limit": 0
            },
            {
                "info": {
                    "color": "#db7835",
                    "title": "Linear CDS 120",
                    "article": "Linear CDS 120",
                    "group_id": "3tdqnvb4jkdsqoefslgsn0smxqiukcrs",
                    "group_title": "Группа 2"
                },
                "mass": 10.0,
                "size": {
                    "width": 500,
                    "height": 280,
                    "length": 570
                },
                "sort": 3,
                "type": "box",
                "count": 5,
                "margin": {
                    "width": 0,
                    "height": 0,
                    "length": 0
                },
                "cargo_id": "u0p9oqt9ybwdqr9ibdyiev81swow5adr",
                "stacking": true,
                "turnover": false,
                "margin_width": 0,
                "margin_length": 0,
                "stacking_limit": 0
            },
            {
                "info": {
                    "color": "#950223",
                    "title": "Referens CDS8",
                    "article": "Referens CDS8",
                    "group_id": "3tdqnvb4jkdsqoefslgsn0smxqiukcrs",
                    "group_title": "Группа 2"
                },
                "mass": 10.0,
                "size": {
                    "width": 500,
                    "height": 280,
                    "length": 570
                },
                "sort": 3,
                "type": "box",
                "count": 2,
                "margin": {
                    "width": 0,
                    "height": 0,
                    "length": 0
                },
                "cargo_id": "wzj0yjms6wfdqn3iyiffcirdg0m2uvwk",
                "stacking": true,
                "turnover": true,
                "margin_width": 0,
                "margin_length": 0,
                "stacking_limit": 0
            },
            {
                "info": {
                    "color": "#7af94c",
                    "title": "AMP150",
                    "article": "AMP150",
                    "group_id": "3tdqnvb4jkdsqoefslgsn0smxqiukcrs",
                    "group_title": "Группа 2"
                },
                "mass": 10.0,
                "size": {
                    "width": 500,
                    "height": 280,
                    "length": 570
                },
                "sort": 3,
                "type": "box",
                "count": 7,
                "margin": {
                    "width": 0,
                    "height": 0,
                    "length": 0
                },
                "cargo_id": "vfxrmytplriuchm8qfjostrtwuetebja",
                "stacking": true,
                "turnover": false,
                "margin_width": 0,
                "margin_length": 0,
                "stacking_limit": 0
            },
            {
                "info": {
                    "color": "#ed9205",
                    "title": "Reference 40MKII",
                    "article": "Reference 40MKII",
                    "group_id": "3tdqnvb4jkdsqoefslgsn0smxqiukcrs",
                    "group_title": "Группа 2"
                },
                "mass": 10.0,
                "size": {
                    "width": 490,
                    "height": 280,
                    "length": 670
                },
                "sort": 3,
                "type": "box",
                "count": 2,
                "margin": {
                    "width": 0,
                    "height": 0,
                    "length": 0
                },
                "cargo_id": "bwmxztrod0ix0oceqmcv3ki7whabrbwo",
                "stacking": true,
                "turnover": true,
                "margin_width": 0,
                "margin_length": 0,
                "stacking_limit": 0
            },
            {
                "info": {
                    "color": "#b621e8",
                    "title": "A18-P",
                    "article": "A18-P",
                    "group_id": "4wgh3vjrr3ircm5arhptpxycl61ldysv",
                    "group_title": "Группа 1"
                },
                "mass": 10.0,
                "size": {
                    "width": 450,
                    "height": 320,
                    "length": 500
                },
                "sort": 4,
                "type": "box",
                "count": 1,
                "margin": {
                    "width": 0,
                    "height": 0,
                    "length": 0
                },
                "cargo_id": "ili52esqtelud1as4zc0m4wjksw6deuc",
                "stacking": true,
                "turnover": false,
                "margin_width": 0,
                "margin_length": 0,
                "stacking_limit": 0
            }
        ],
        "settings": {
            "rank": false,
            "max_step": 100,
            "min_step": 50,
            "usersort": true,
            "hardlimit": 1801,
            "timelimit": 1800,
            "step_scaling": 10
        },
        "put_boxes": [],
        "initial_id": 0,
        "cargo_space": {
            "id": 1190,
            "info": {
                "uid": "1190_0",
                "sort": 0,
                "title": "EURO Consonance",
                "margin": {
                    "width": 0,
                    "height": 0,
                    "length": 0
                }
            },
            "mass": 20,
            "size": {
                "width": 800,
                "height": 200,
                "length": 1200
            },
            "type": "pallet",
            "axles": [],
            "title": "EURO Consonance",
            "margin": {
                "width": 0,
                "height": 0,
                "length": 0
            },
            "indentation": {
                "width": 0,
                "height": 0,
                "length": 0,
                "height_top": 0,
                "length_end": 0,
                "width_right": 0
            },
            "loading_size": {
                "width": 800,
                "height": 2300,
                "length": 1200
            },
            "carrying_capacity": 1000
        },
        "calculation_id": "16596"
    },
    "data_result": {
        "boxes": [
            {
                "id": 0,
                "info": {
                    "color": "#7affc1",
                    "title": "Die Walkure",
                    "article": "Die Walkure",
                    "group_id": "16djpaerth5e3a8b8pbtpmtkzbuju91x",
                    "group_title": "Группа 4"
                },
                "mass": 10.0,
                "size": {
                    "width": 820.0,
                    "height": 570.0,
                    "length": 680.0
                },
                "sort": 1,
                "step": 1,
                "type": "box",
                "margin": {
                    "width": 0.0,
                    "height": 0.0,
                    "length": 0.0
                },
                "cargo_id": "pw5zecsndjlritgwfykzpckmj0qchtfo",
                "position": {
                    "x": 0.0,
                    "y": 0.0,
                    "z": 0.0
                },
                "stacking": true,
                "turnover": false,
                "rotation_state": 0,
                "stacking_limit": 0.0,
                "calculated_size": {
                    "width": 680.0,
                    "height": 570.0,
                    "length": 820.0
                },
                "virtual_positions": null
            },
            {
                "id": 15,
                "info": {
                    "color": "#b63435",
                    "title": "Grill Cyber 100TH",
                    "article": "Grill Cyber 100TH",
                    "group_id": "3tdqnvb4jkdsqoefslgsn0smxqiukcrs",
                    "group_title": "Группа 2"
                },
                "mass": 10.0,
                "size": {
                    "width": 250.0,
                    "height": 510.0,
                    "length": 290.0
                },
                "sort": 3,
                "step": 2,
                "type": "box",
                "margin": {
                    "width": 0.0,
                    "height": 0.0,
                    "length": 0.0
                },
                "cargo_id": "erdmzd8ownmzwclc6j1bsohengr80snp",
                "position": {
                    "x": 820.0,
                    "y": 0.0,
                    "z": 510.0
                },
                "stacking": true,
                "turnover": true,
                "rotation_state": 1,
                "stacking_limit": 0.0,
                "calculated_size": {
                    "width": 290.0,
                    "height": 510.0,
                    "length": 250.0
                },
                "virtual_positions": null
            },
            {
                "id": 13,
                "info": {
                    "color": "#26f728",
                    "title": "Grill Cyber 880I",
                    "article": "Grill Cyber 880I",
                    "group_id": "3tdqnvb4jkdsqoefslgsn0smxqiukcrs",
                    "group_title": "Группа 2"
                },
                "mass": 10.0,
                "size": {
                    "width": 250.0,
                    "height": 510.0,
                    "length": 290.0
                },
                "sort": 3,
                "step": 3,
                "type": "box",
                "margin": {
                    "width": 0.0,
                    "height": 0.0,
                    "length": 0.0
                },
                "cargo_id": "nlpg4nbo7gobrvbpqlv03qhherqszxcz",
                "position": {
                    "x": 820.0,
                    "y": 0.0,
                    "z": 0.0
                },
                "stacking": true,
                "turnover": true,
                "rotation_state": 4,
                "stacking_limit": 0.0,
                "calculated_size": {
                    "width": 510.0,
                    "height": 250.0,
                    "length": 290.0
                },
                "virtual_positions": null
            },
            {
                "id": 14,
                "info": {
                    "color": "#26f728",
                    "title": "Grill Cyber 880I",
                    "article": "Grill Cyber 880I",
                    "group_id": "3tdqnvb4jkdsqoefslgsn0smxqiukcrs",
                    "group_title": "Группа 2"
                },
                "mass": 10.0,
                "size": {
                    "width": 250.0,
                    "height": 510.0,
                    "length": 290.0
                },
                "sort": 3,
                "step": 4,
                "type": "box",
                "margin": {
                    "width": 0.0,
                    "height": 0.0,
                    "length": 0.0
                },
                "cargo_id": "nlpg4nbo7gobrvbpqlv03qhherqszxcz",
                "position": {
                    "x": 820.0,
                    "y": 250.0,
                    "z": 0.0
                },
                "stacking": true,
                "turnover": true,
                "rotation_state": 4,
                "stacking_limit": 0.0,
                "calculated_size": {
                    "width": 510.0,
                    "height": 250.0,
                    "length": 290.0
                },
                "virtual_positions": null
            },
            {
                "id": 16,
                "info": {
                    "color": "#b63435",
                    "title": "Grill Cyber 100TH",
                    "article": "Grill Cyber 100TH",
                    "group_id": "3tdqnvb4jkdsqoefslgsn0smxqiukcrs",
                    "group_title": "Группа 2"
                },
                "mass": 10.0,
                "size": {
                    "width": 250.0,
                    "height": 510.0,
                    "length": 290.0
                },
                "sort": 3,
                "step": 5,
                "type": "box",
                "margin": {
                    "width": 0.0,
                    "height": 0.0,
                    "length": 0.0
                },
                "cargo_id": "erdmzd8ownmzwclc6j1bsohengr80snp",
                "position": {
                    "x": 820.0,
                    "y": 510.0,
                    "z": 550.0
                },
                "stacking": true,
                "turnover": true,
                "rotation_state": 0,
                "stacking_limit": 0.0,
                "calculated_size": {
                    "width": 250.0,
                    "height": 510.0,
                    "length": 290.0
                },
                "virtual_positions": null
            },
            {
                "id": 1,
                "info": {
                    "color": "#8e1cc8",
                    "title": "M-100Plus",
                    "article": "M-100Plus",
                    "group_id": "16djpaerth5e3a8b8pbtpmtkzbuju91x",
                    "group_title": "Группа 4"
                },
                "mass": 10.0,
                "size": {
                    "width": 680.0,
                    "height": 380.0,
                    "length": 700.0
                },
                "sort": 1,
                "step": 6,
                "type": "box",
                "margin": {
                    "width": 0.0,
                    "height": 0.0,
                    "length": 0.0
                },
                "cargo_id": "axbewabhzetirxjvez0s43xszpzf3gti",
                "position": {
                    "x": 0.0,
                    "y": 570.0,
                    "z": 0.0
                },
                "stacking": true,
                "turnover": false,
                "rotation_state": 0,
                "stacking_limit": 0.0,
                "calculated_size": {
                    "width": 680.0,
                    "height": 380.0,
                    "length": 700.0
                },
                "virtual_positions": null
            },
            {
                "id": 5,
                "info": {
                    "color": "#9da6e2",
                    "title": "Calaf",
                    "article": "Calaf",
                    "group_id": "2spwpwdusavovfq0hapuiubj7e7fq220",
                    "group_title": "Группа 3"
                },
                "mass": 10.0,
                "size": {
                    "width": 420.0,
                    "height": 340.0,
                    "length": 540.0
                },
                "sort": 2,
                "step": 7,
                "type": "box",
                "margin": {
                    "width": 0.0,
                    "height": 0.0,
                    "length": 0.0
                },
                "cargo_id": "adoembyriizin2us34jki3yrjhggz2vb",
                "position": {
                    "x": 700.0,
                    "y": 570.0,
                    "z": 0.0
                },
                "stacking": true,
                "turnover": false,
                "rotation_state": 1,
                "stacking_limit": 0.0,
                "calculated_size": {
                    "width": 540.0,
                    "height": 340.0,
                    "length": 420.0
                },
                "virtual_positions": null
            },
            {
                "id": 2,
                "info": {
                    "color": "#8e1cc8",
                    "title": "M-100Plus",
                    "article": "M-100Plus",
                    "group_id": "16djpaerth5e3a8b8pbtpmtkzbuju91x",
                    "group_title": "Группа 4"
                },
                "mass": 10.0,
                "size": {
                    "width": 680.0,
                    "height": 380.0,
                    "length": 700.0
                },
                "sort": 1,
                "step": 8,
                "type": "box",
                "margin": {
                    "width": 0.0,
                    "height": 0.0,
                    "length": 0.0
                },
                "cargo_id": "axbewabhzetirxjvez0s43xszpzf3gti",
                "position": {
                    "x": 0.0,
                    "y": 950.0,
                    "z": 0.0
                },
                "stacking": true,
                "turnover": false,
                "rotation_state": 0,
                "stacking_limit": 0.0,
                "calculated_size": {
                    "width": 680.0,
                    "height": 380.0,
                    "length": 700.0
                },
                "virtual_positions": null
            },
            {
                "id": 17,
                "info": {
                    "color": "#b63435",
                    "title": "Grill Cyber 100TH",
                    "article": "Grill Cyber 100TH",
                    "group_id": "3tdqnvb4jkdsqoefslgsn0smxqiukcrs",
                    "group_title": "Группа 2"
                },
                "mass": 10.0,
                "size": {
                    "width": 250.0,
                    "height": 510.0,
                    "length": 290.0
                },
                "sort": 3,
                "step": 9,
                "type": "box",
                "margin": {
                    "width": 0.0,
                    "height": 0.0,
                    "length": 0.0
                },
                "cargo_id": "erdmzd8ownmzwclc6j1bsohengr80snp",
                "position": {
                    "x": 820.0,
                    "y": 1020.0,
                    "z": 550.0
                },
                "stacking": true,
                "turnover": true,
                "rotation_state": 0,
                "stacking_limit": 0.0,
                "calculated_size": {
                    "width": 250.0,
                    "height": 510.0,
                    "length": 290.0
                },
                "virtual_positions": null
            },
            {
                "id": 6,
                "info": {
                    "color": "#9da6e2",
                    "title": "Calaf",
                    "article": "Calaf",
                    "group_id": "2spwpwdusavovfq0hapuiubj7e7fq220",
                    "group_title": "Группа 3"
                },
                "mass": 10.0,
                "size": {
                    "width": 420.0,
                    "height": 340.0,
                    "length": 540.0
                },
                "sort": 2,
                "step": 10,
                "type": "box",
                "margin": {
                    "width": 0.0,
                    "height": 0.0,
                    "length": 0.0
                },
                "cargo_id": "adoembyriizin2us34jki3yrjhggz2vb",
                "position": {
                    "x": 700.0,
                    "y": 910.0,
                    "z": 0.0
                },
                "stacking": true,
                "turnover": false,
                "rotation_state": 1,
                "stacking_limit": 0.0,
                "calculated_size": {
                    "width": 540.0,
                    "height": 340.0,
                    "length": 420.0
                },
                "virtual_positions": null
            },
            {
                "id": 3,
                "info": {
                    "color": "#8e1cc8",
                    "title": "M-100Plus",
                    "article": "M-100Plus",
                    "group_id": "16djpaerth5e3a8b8pbtpmtkzbuju91x",
                    "group_title": "Группа 4"
                },
                "mass": 10.0,
                "size": {
                    "width": 680.0,
                    "height": 380.0,
                    "length": 700.0
                },
                "sort": 1,
                "step": 11,
                "type": "box",
                "margin": {
                    "width": 0.0,
                    "height": 0.0,
                    "length": 0.0
                },
                "cargo_id": "axbewabhzetirxjvez0s43xszpzf3gti",
                "position": {
                    "x": 0.0,
                    "y": 1330.0,
                    "z": 0.0
                },
                "stacking": true,
                "turnover": false,
                "rotation_state": 0,
                "stacking_limit": 0.0,
                "calculated_size": {
                    "width": 680.0,
                    "height": 380.0,
                    "length": 700.0
                },
                "virtual_positions": null
            },
            {
                "id": 7,
                "info": {
                    "color": "#9da6e2",
                    "title": "Calaf",
                    "article": "Calaf",
                    "group_id": "2spwpwdusavovfq0hapuiubj7e7fq220",
                    "group_title": "Группа 3"
                },
                "mass": 10.0,
                "size": {
                    "width": 420.0,
                    "height": 340.0,
                    "length": 540.0
                },
                "sort": 2,
                "step": 12,
                "type": "box",
                "margin": {
                    "width": 0.0,
                    "height": 0.0,
                    "length": 0.0
                },
                "cargo_id": "adoembyriizin2us34jki3yrjhggz2vb",
                "position": {
                    "x": 700.0,
                    "y": 1250.0,
                    "z": 0.0
                },
                "stacking": true,
                "turnover": false,
                "rotation_state": 1,
                "stacking_limit": 0.0,
                "calculated_size": {
                    "width": 540.0,
                    "height": 340.0,
                    "length": 420.0
                },
                "virtual_positions": null
            },
            {
                "id": 4,
                "info": {
                    "color": "#8e1cc8",
                    "title": "M-100Plus",
                    "article": "M-100Plus",
                    "group_id": "16djpaerth5e3a8b8pbtpmtkzbuju91x",
                    "group_title": "Группа 4"
                },
                "mass": 10.0,
                "size": {
                    "width": 680.0,
                    "height": 380.0,
                    "length": 700.0
                },
                "sort": 1,
                "step": 13,
                "type": "box",
                "margin": {
                    "width": 0.0,
                    "height": 0.0,
                    "length": 0.0
                },
                "cargo_id": "axbewabhzetirxjvez0s43xszpzf3gti",
                "position": {
                    "x": 0.0,
                    "y": 1710.0,
                    "z": 0.0
                },
                "stacking": true,
                "turnover": false,
                "rotation_state": 0,
                "stacking_limit": 0.0,
                "calculated_size": {
                    "width": 680.0,
                    "height": 380.0,
                    "length": 700.0
                },
                "virtual_positions": null
            },
            {
                "id": 9,
                "info": {
                    "color": "#aab172",
                    "title": "Linear 15",
                    "article": "Linear 15",
                    "group_id": "2spwpwdusavovfq0hapuiubj7e7fq220",
                    "group_title": "Группа 3"
                },
                "mass": 10.0,
                "size": {
                    "width": 660.0,
                    "height": 370.0,
                    "length": 620.0
                },
                "sort": 2,
                "step": 14,
                "type": "box",
                "margin": {
                    "width": 0.0,
                    "height": 0.0,
                    "length": 0.0
                },
                "cargo_id": "ytkzv8fsrwth62ht2ibonznajfivzdks",
                "position": {
                    "x": 700.0,
                    "y": 1590.0,
                    "z": 0.0
                },
                "stacking": true,
                "turnover": true,
                "rotation_state": 5,
                "stacking_limit": 0.0,
                "calculated_size": {
                    "width": 660.0,
                    "height": 620.0,
                    "length": 370.0
                },
                "virtual_positions": null
            }
        ],
        "version": 5,
        "cargo_space": {
            "id": 1190,
            "info": {
                "uid": "1190_0",
                "sort": 0,
                "title": "EURO Consonance",
                "margin": {
                    "width": 0,
                    "height": 0,
                    "length": 0
                }
            },
            "mass": 20.0,
            "size": {
                "width": 800.0,
                "height": 200.0,
                "length": 1200.0
            },
            "type": "pallet",
            "indentation": {
                "width": 0.0,
                "height": 0.0,
                "length": 0.0,
                "height_top": -2100.0,
                "length_end": 0.0,
                "width_right": 0.0
            },
            "loading_size": {
                "width": 800.0,
                "height": 2300.0,
                "length": 1200.0
            },
            "calculation_info": {
                "step_count": 14,
                "cargos_mass": 0.14,
                "load_volume": 2.208,
                "cargos_volume": 1.60897,
                "count_cargoes": 14,
                "load_capacity": 1.0,
                "loading_height": 2.21,
                "density_percent": 81.25439,
                "remaining_volume": 0.59903,
                "void_space_percent": 27.13012,
                "filling_space_percent": 72.86988
            },
            "carrying_capacity": 1000.0,
            "real_center_of_gravity": [
                730.7142857142858,
                967.1428571428571,
                382.5
            ],
            "ideal_center_of_gravity": [
                600.0,
                0.0,
                400.0
            ]
        },
        "cargo_groups": [
            {
                "info": {
                    "color": "#db7835",
                    "title": "Linear CDS 120",
                    "article": "Linear CDS 120",
                    "group_id": "3tdqnvb4jkdsqoefslgsn0smxqiukcrs",
                    "group_title": "Группа 2"
                },
                "mass": 10.0,
                "size": {
                    "width": 500.0,
                    "height": 280.0,
                    "length": 570.0
                },
                "sort": 3,
                "type": "box",
                "count": 5.0,
                "margin": {
                    "width": 0.0,
                    "height": 0.0,
                    "length": 0.0
                },
                "cargo_id": "u0p9oqt9ybwdqr9ibdyiev81swow5adr",
                "stacking": true,
                "turnover": false,
                "stacking_limit": 0.0,
                "prepare_last_result": "errorIntersectionBoxes"
            },
            {
                "info": {
                    "color": "#950223",
                    "title": "Referens CDS8",
                    "article": "Referens CDS8",
                    "group_id": "3tdqnvb4jkdsqoefslgsn0smxqiukcrs",
                    "group_title": "Группа 2"
                },
                "mass": 10.0,
                "size": {
                    "width": 500.0,
                    "height": 280.0,
                    "length": 570.0
                },
                "sort": 3,
                "type": "box",
                "count": 2.0,
                "margin": {
                    "width": 0.0,
                    "height": 0.0,
                    "length": 0.0
                },
                "cargo_id": "wzj0yjms6wfdqn3iyiffcirdg0m2uvwk",
                "stacking": true,
                "turnover": true,
                "stacking_limit": 0.0,
                "prepare_last_result": "errorIntersectionBoxes"
            },
            {
                "info": {
                    "color": "#7af94c",
                    "title": "AMP150",
                    "article": "AMP150",
                    "group_id": "3tdqnvb4jkdsqoefslgsn0smxqiukcrs",
                    "group_title": "Группа 2"
                },
                "mass": 10.0,
                "size": {
                    "width": 500.0,
                    "height": 280.0,
                    "length": 570.0
                },
                "sort": 3,
                "type": "box",
                "count": 7.0,
                "margin": {
                    "width": 0.0,
                    "height": 0.0,
                    "length": 0.0
                },
                "cargo_id": "vfxrmytplriuchm8qfjostrtwuetebja",
                "stacking": true,
                "turnover": false,
                "stacking_limit": 0.0,
                "prepare_last_result": "errorIntersectionBoxes"
            },
            {
                "info": {
                    "color": "#ed9205",
                    "title": "Reference 40MKII",
                    "article": "Reference 40MKII",
                    "group_id": "3tdqnvb4jkdsqoefslgsn0smxqiukcrs",
                    "group_title": "Группа 2"
                },
                "mass": 10.0,
                "size": {
                    "width": 490.0,
                    "height": 280.0,
                    "length": 670.0
                },
                "sort": 3,
                "type": "box",
                "count": 2.0,
                "margin": {
                    "width": 0.0,
                    "height": 0.0,
                    "length": 0.0
                },
                "cargo_id": "bwmxztrod0ix0oceqmcv3ki7whabrbwo",
                "stacking": true,
                "turnover": true,
                "stacking_limit": 0.0,
                "prepare_last_result": "errorIntersectionBoxes"
            },
            {
                "info": {
                    "color": "#b621e8",
                    "title": "A18-P",
                    "article": "A18-P",
                    "group_id": "4wgh3vjrr3ircm5arhptpxycl61ldysv",
                    "group_title": "Группа 1"
                },
                "mass": 10.0,
                "size": {
                    "width": 450.0,
                    "height": 320.0,
                    "length": 500.0
                },
                "sort": 4,
                "type": "box",
                "count": 1.0,
                "margin": {
                    "width": 0.0,
                    "height": 0.0,
                    "length": 0.0
                },
                "cargo_id": "ili52esqtelud1as4zc0m4wjksw6deuc",
                "stacking": true,
                "turnover": false,
                "stacking_limit": 0.0,
                "prepare_last_result": "errorIntersectionBoxes"
            },
            {
                "info": {
                    "color": "#aab172",
                    "title": "Linear 15",
                    "article": "Linear 15",
                    "group_id": "2spwpwdusavovfq0hapuiubj7e7fq220",
                    "group_title": "Группа 3"
                },
                "mass": 10.0,
                "size": {
                    "width": 620.0,
                    "height": 370.0,
                    "length": 660.0
                },
                "sort": 2,
                "type": "box",
                "count": 1.0,
                "margin": {
                    "width": 0.0,
                    "height": 0.0,
                    "length": 0.0
                },
                "cargo_id": "ytkzv8fsrwth62ht2ibonznajfivzdks",
                "stacking": true,
                "turnover": true,
                "stacking_limit": 0.0,
                "prepare_last_result": "errorIntersectionBoxes"
            },
            {
                "info": {
                    "color": "#fc22bd",
                    "title": "Cyber 100TH",
                    "article": "Cyber 100TH",
                    "group_id": "3tdqnvb4jkdsqoefslgsn0smxqiukcrs",
                    "group_title": "Группа 2"
                },
                "mass": 10.0,
                "size": {
                    "width": 520.0,
                    "height": 370.0,
                    "length": 570.0
                },
                "sort": 3,
                "type": "box",
                "count": 3.0,
                "margin": {
                    "width": 0.0,
                    "height": 0.0,
                    "length": 0.0
                },
                "cargo_id": "nngtgrcomtuwtthldrnmla63gtqaupuh",
                "stacking": true,
                "turnover": false,
                "stacking_limit": 0.0,
                "prepare_last_result": "errorIntersectionBoxes"
            },
            {
                "info": {
                    "color": "#ad88f7",
                    "title": "Cyber 880I",
                    "article": "Cyber 880I",
                    "group_id": "3tdqnvb4jkdsqoefslgsn0smxqiukcrs",
                    "group_title": "Группа 2"
                },
                "mass": 10.0,
                "size": {
                    "width": 580.0,
                    "height": 400.0,
                    "length": 640.0
                },
                "sort": 3,
                "type": "box",
                "count": 2.0,
                "margin": {
                    "width": 0.0,
                    "height": 0.0,
                    "length": 0.0
                },
                "cargo_id": "fqvqx0rrofi1holvfqz7rdcjne9i0lvo",
                "stacking": true,
                "turnover": false,
                "stacking_limit": 0.0,
                "prepare_last_result": "errorIntersectionBoxes"
            },
            {
                "info": {
                    "color": "#dd5d3a",
                    "title": "PM-11",
                    "article": "PM-11",
                    "group_id": "3tdqnvb4jkdsqoefslgsn0smxqiukcrs",
                    "group_title": "Группа 2"
                },
                "mass": 10.0,
                "size": {
                    "width": 680.0,
                    "height": 380.0,
                    "length": 700.0
                },
                "sort": 3,
                "type": "box",
                "count": 1.0,
                "margin": {
                    "width": 0.0,
                    "height": 0.0,
                    "length": 0.0
                },
                "cargo_id": "rnyb0mrpjk0tntdyc4vw8ojoy20rrxt8",
                "stacking": true,
                "turnover": false,
                "stacking_limit": 0.0,
                "prepare_last_result": "errorIntersectionBoxes"
            },
            {
                "info": {
                    "color": "#9da6e2",
                    "title": "Calaf",
                    "article": "Calaf",
                    "group_id": "2spwpwdusavovfq0hapuiubj7e7fq220",
                    "group_title": "Группа 3"
                },
                "mass": 10.0,
                "size": {
                    "width": 420.0,
                    "height": 340.0,
                    "length": 540.0
                },
                "sort": 2,
                "type": "box",
                "count": 1.0,
                "margin": {
                    "width": 0.0,
                    "height": 0.0,
                    "length": 0.0
                },
                "cargo_id": "adoembyriizin2us34jki3yrjhggz2vb",
                "stacking": true,
                "turnover": false,
                "stacking_limit": 0.0,
                "prepare_last_result": "errorIntersectionBoxes"
            }
        ],
        "packing_type": "PackingLayers",
        "calculation_id": 16596,
        "invalid_errors": [],
        "unpacked_errors": [
            {
                "key": 0,
                "name": "success",
                "boxes": [
                    {
                        "id": "u0p9oqt9ybwdqr9ibdyiev81swow5adr",
                        "info": {
                            "color": "#db7835",
                            "title": "Linear CDS 120",
                            "article": "Linear CDS 120",
                            "group_id": "3tdqnvb4jkdsqoefslgsn0smxqiukcrs",
                            "group_title": "Группа 2"
                        }
                    },
                    {
                        "id": "wzj0yjms6wfdqn3iyiffcirdg0m2uvwk",
                        "info": {
                            "color": "#950223",
                            "title": "Referens CDS8",
                            "article": "Referens CDS8",
                            "group_id": "3tdqnvb4jkdsqoefslgsn0smxqiukcrs",
                            "group_title": "Группа 2"
                        }
                    },
                    {
                        "id": "vfxrmytplriuchm8qfjostrtwuetebja",
                        "info": {
                            "color": "#7af94c",
                            "title": "AMP150",
                            "article": "AMP150",
                            "group_id": "3tdqnvb4jkdsqoefslgsn0smxqiukcrs",
                            "group_title": "Группа 2"
                        }
                    },
                    {
                        "id": "bwmxztrod0ix0oceqmcv3ki7whabrbwo",
                        "info": {
                            "color": "#ed9205",
                            "title": "Reference 40MKII",
                            "article": "Reference 40MKII",
                            "group_id": "3tdqnvb4jkdsqoefslgsn0smxqiukcrs",
                            "group_title": "Группа 2"
                        }
                    },
                    {
                        "id": "nngtgrcomtuwtthldrnmla63gtqaupuh",
                        "info": {
                            "color": "#fc22bd",
                            "title": "Cyber 100TH",
                            "article": "Cyber 100TH",
                            "group_id": "3tdqnvb4jkdsqoefslgsn0smxqiukcrs",
                            "group_title": "Группа 2"
                        }
                    },
                    {
                        "id": "fqvqx0rrofi1holvfqz7rdcjne9i0lvo",
                        "info": {
                            "color": "#ad88f7",
                            "title": "Cyber 880I",
                            "article": "Cyber 880I",
                            "group_id": "3tdqnvb4jkdsqoefslgsn0smxqiukcrs",
                            "group_title": "Группа 2"
                        }
                    }
                ]
            },
            {
                "key": 10,
                "name": "errorIntersectionBoxes",
                "boxes": [
                    {
                        "id": "u0p9oqt9ybwdqr9ibdyiev81swow5adr",
                        "info": {
                            "color": "#db7835",
                            "title": "Linear CDS 120",
                            "article": "Linear CDS 120",
                            "group_id": "3tdqnvb4jkdsqoefslgsn0smxqiukcrs",
                            "group_title": "Группа 2"
                        }
                    },
                    {
                        "id": "wzj0yjms6wfdqn3iyiffcirdg0m2uvwk",
                        "info": {
                            "color": "#950223",
                            "title": "Referens CDS8",
                            "article": "Referens CDS8",
                            "group_id": "3tdqnvb4jkdsqoefslgsn0smxqiukcrs",
                            "group_title": "Группа 2"
                        }
                    },
                    {
                        "id": "vfxrmytplriuchm8qfjostrtwuetebja",
                        "info": {
                            "color": "#7af94c",
                            "title": "AMP150",
                            "article": "AMP150",
                            "group_id": "3tdqnvb4jkdsqoefslgsn0smxqiukcrs",
                            "group_title": "Группа 2"
                        }
                    },
                    {
                        "id": "bwmxztrod0ix0oceqmcv3ki7whabrbwo",
                        "info": {
                            "color": "#ed9205",
                            "title": "Reference 40MKII",
                            "article": "Reference 40MKII",
                            "group_id": "3tdqnvb4jkdsqoefslgsn0smxqiukcrs",
                            "group_title": "Группа 2"
                        }
                    },
                    {
                        "id": "ili52esqtelud1as4zc0m4wjksw6deuc",
                        "info": {
                            "color": "#b621e8",
                            "title": "A18-P",
                            "article": "A18-P",
                            "group_id": "4wgh3vjrr3ircm5arhptpxycl61ldysv",
                            "group_title": "Группа 1"
                        }
                    },
                    {
                        "id": "ytkzv8fsrwth62ht2ibonznajfivzdks",
                        "info": {
                            "color": "#aab172",
                            "title": "Linear 15",
                            "article": "Linear 15",
                            "group_id": "2spwpwdusavovfq0hapuiubj7e7fq220",
                            "group_title": "Группа 3"
                        }
                    },
                    {
                        "id": "nngtgrcomtuwtthldrnmla63gtqaupuh",
                        "info": {
                            "color": "#fc22bd",
                            "title": "Cyber 100TH",
                            "article": "Cyber 100TH",
                            "group_id": "3tdqnvb4jkdsqoefslgsn0smxqiukcrs",
                            "group_title": "Группа 2"
                        }
                    },
                    {
                        "id": "fqvqx0rrofi1holvfqz7rdcjne9i0lvo",
                        "info": {
                            "color": "#ad88f7",
                            "title": "Cyber 880I",
                            "article": "Cyber 880I",
                            "group_id": "3tdqnvb4jkdsqoefslgsn0smxqiukcrs",
                            "group_title": "Группа 2"
                        }
                    },
                    {
                        "id": "rnyb0mrpjk0tntdyc4vw8ojoy20rrxt8",
                        "info": {
                            "color": "#dd5d3a",
                            "title": "PM-11",
                            "article": "PM-11",
                            "group_id": "3tdqnvb4jkdsqoefslgsn0smxqiukcrs",
                            "group_title": "Группа 2"
                        }
                    },
                    {
                        "id": "adoembyriizin2us34jki3yrjhggz2vb",
                        "info": {
                            "color": "#9da6e2",
                            "title": "Calaf",
                            "article": "Calaf",
                            "group_id": "2spwpwdusavovfq0hapuiubj7e7fq220",
                            "group_title": "Группа 3"
                        }
                    }
                ]
            }
        ],
        "validate_errors": [
            "ERROR_INDENTATION"
        ],
        "is_packed_same_boxes": false
    }
}