{
    "data": {
        "cargoes": [
            {
                "info": {
                    "color": "#378c96",
                    "title": "2",
                    "article": "",
                    "group_id": "1azhxxykiz1vs1g1bvy29odzes0k38mf",
                    "group_title": "Группа 1"
                },
                "mass": 480.0,
                "size": {
                    "width": 800,
                    "height": 1200,
                    "length": 1200
                },
                "sort": 1,
                "type": "box",
                "count": 1,
                "margin": {
                    "width": 0,
                    "height": 0,
                    "length": 0
                },
                "cargo_id": "qkuhblsbyfmsqepavg6jh1l3zcphppja",
                "stacking": true,
                "turnover": true,
                "margin_width": 0,
                "margin_length": 0,
                "stacking_limit": 0
            },
            {
                "info": {
                    "color": "#378c96",
                    "title": "1",
                    "article": "",
                    "group_id": "1azhxxykiz1vs1g1bvy29odzes0k38mf",
                    "group_title": "Группа 1"
                },
                "mass": 480.0,
                "size": {
                    "width": 860,
                    "height": 1160,
                    "length": 1200
                },
                "sort": 1,
                "type": "box",
                "count": 1,
                "margin": {
                    "width": 0,
                    "height": 0,
                    "length": 0
                },
                "cargo_id": "c5sdmpzlawtakuikavkuqq7vggwoeehn",
                "stacking": true,
                "turnover": true,
                "margin_width": 0,
                "margin_length": 0,
                "stacking_limit": 0
            },
            {
                "info": {
                    "color": "#378c96",
                    "title": "3",
                    "article": "",
                    "group_id": "1azhxxykiz1vs1g1bvy29odzes0k38mf",
                    "group_title": "Группа 1"
                },
                "mass": 480.0,
                "size": {
                    "width": 1100,
                    "height": 850,
                    "length": 1200
                },
                "sort": 1,
                "type": "box",
                "count": 10,
                "margin": {
                    "width": 0,
                    "height": 0,
                    "length": 0
                },
                "cargo_id": "rskwxn4dloz4eh6apghmhpe2wgunryf2",
                "stacking": true,
                "turnover": true,
                "margin_width": 0,
                "margin_length": 0,
                "stacking_limit": 0
            }
        ],
        "settings": {
            "rank": false,
            "max_step": 100,
            "min_step": 50,
            "usersort": false,
            "hardlimit": 1801,
            "timelimit": 1800,
            "step_scaling": 10
        },
        "put_boxes": [],
        "initial_id": 0,
        "cargo_space": {
            "id": 269,
            "info": {
                "uid": "269_0",
                "sort": 0,
                "title": "Фургон №2"
            },
            "mass": 6450,
            "size": {
                "width": 2550,
                "height": 3820,
                "length": 5800
            },
            "type": "van",
            "axles": [
                {
                    "title": "Ось 1",
                    "distance": 1475,
                    "max_load": 9500,
                    "default_load": 3225
                },
                {
                    "title": "Ось 2",
                    "distance": 5400,
                    "max_load": 9500,
                    "default_load": 3225
                }
            ],
            "title": "Фургон №2",
            "full_length": 7695,
            "indentation": {
                "width": 35,
                "height": 0,
                "length": 0,
                "height_top": 1120,
                "length_end": 0,
                "width_right": 35
            },
            "loading_size": {
                "width": 2480,
                "height": 2700,
                "length": 5800
            },
            "carrying_capacity": 9200
        },
        "calculation_id": "16682"
    },
    "data_result": {
        "boxes": [
            {
                "id": 0,
                "info": {
                    "color": "#378c96",
                    "title": "2",
                    "article": "",
                    "group_id": "1azhxxykiz1vs1g1bvy29odzes0k38mf",
                    "group_title": "Группа 1"
                },
                "mass": 480.0,
                "size": {
                    "width": 800.0,
                    "height": 1200.0,
                    "length": 1200.0
                },
                "sort": 1,
                "step": 1,
                "type": "box",
                "margin": {
                    "width": 0.0,
                    "height": 0.0,
                    "length": 0.0
                },
                "cargo_id": "qkuhblsbyfmsqepavg6jh1l3zcphppja",
                "position": {
                    "x": 0.0,
                    "y": 0.0,
                    "z": 1200.0
                },
                "stacking": true,
                "turnover": true,
                "rotation_state": 4,
                "stacking_limit": 0.0,
                "calculated_size": {
                    "width": 1200.0,
                    "height": 800.0,
                    "length": 1200.0
                },
                "virtual_positions": null
            },
            {
                "id": 1,
                "info": {
                    "color": "#378c96",
                    "title": "1",
                    "article": "",
                    "group_id": "1azhxxykiz1vs1g1bvy29odzes0k38mf",
                    "group_title": "Группа 1"
                },
                "mass": 480.0,
                "size": {
                    "width": 860.0,
                    "height": 1160.0,
                    "length": 1200.0
                },
                "sort": 1,
                "step": 2,
                "type": "box",
                "margin": {
                    "width": 0.0,
                    "height": 0.0,
                    "length": 0.0
                },
                "cargo_id": "c5sdmpzlawtakuikavkuqq7vggwoeehn",
                "position": {
                    "x": 0.0,
                    "y": 0.0,
                    "z": 0.0
                },
                "stacking": true,
                "turnover": true,
                "rotation_state": 5,
                "stacking_limit": 0.0,
                "calculated_size": {
                    "width": 1200.0,
                    "height": 860.0,
                    "length": 1160.0
                },
                "virtual_positions": null
            },
            {
                "id": 10,
                "info": {
                    "color": "#378c96",
                    "title": "3",
                    "article": "",
                    "group_id": "1azhxxykiz1vs1g1bvy29odzes0k38mf",
                    "group_title": "Группа 1"
                },
                "mass": 480.0,
                "size": {
                    "width": 1100.0,
                    "height": 850.0,
                    "length": 1200.0
                },
                "sort": 1,
                "step": 3,
                "type": "box",
                "margin": {
                    "width": 0.0,
                    "height": 0.0,
                    "length": 0.0
                },
                "cargo_id": "rskwxn4dloz4eh6apghmhpe2wgunryf2",
                "position": {
                    "x": 0.0,
                    "y": 800.0,
                    "z": 1380.0
                },
                "stacking": true,
                "turnover": true,
                "rotation_state": 0,
                "stacking_limit": 0.0,
                "calculated_size": {
                    "width": 1100.0,
                    "height": 850.0,
                    "length": 1200.0
                },
                "virtual_positions": null
            },
            {
                "id": 11,
                "info": {
                    "color": "#378c96",
                    "title": "3",
                    "article": "",
                    "group_id": "1azhxxykiz1vs1g1bvy29odzes0k38mf",
                    "group_title": "Группа 1"
                },
                "mass": 480.0,
                "size": {
                    "width": 1100.0,
                    "height": 850.0,
                    "length": 1200.0
                },
                "sort": 1,
                "step": 4,
                "type": "box",
                "margin": {
                    "width": 0.0,
                    "height": 0.0,
                    "length": 0.0
                },
                "cargo_id": "rskwxn4dloz4eh6apghmhpe2wgunryf2",
                "position": {
                    "x": 0.0,
                    "y": 860.0,
                    "z": 0.0
                },
                "stacking": true,
                "turnover": true,
                "rotation_state": 1,
                "stacking_limit": 0.0,
                "calculated_size": {
                    "width": 1200.0,
                    "height": 850.0,
                    "length": 1100.0
                },
                "virtual_positions": null
            },
            {
                "id": 3,
                "info": {
                    "color": "#378c96",
                    "title": "3",
                    "article": "",
                    "group_id": "1azhxxykiz1vs1g1bvy29odzes0k38mf",
                    "group_title": "Группа 1"
                },
                "mass": 480.0,
                "size": {
                    "width": 1100.0,
                    "height": 850.0,
                    "length": 1200.0
                },
                "sort": 1,
                "step": 5,
                "type": "box",
                "margin": {
                    "width": 0.0,
                    "height": 0.0,
                    "length": 0.0
                },
                "cargo_id": "rskwxn4dloz4eh6apghmhpe2wgunryf2",
                "position": {
                    "x": 1200.0,
                    "y": 0.0,
                    "z": 1200.0
                },
                "stacking": true,
                "turnover": true,
                "rotation_state": 1,
                "stacking_limit": 0.0,
                "calculated_size": {
                    "width": 1200.0,
                    "height": 850.0,
                    "length": 1100.0
                },
                "virtual_positions": null
            },
            {
                "id": 2,
                "info": {
                    "color": "#378c96",
                    "title": "3",
                    "article": "",
                    "group_id": "1azhxxykiz1vs1g1bvy29odzes0k38mf",
                    "group_title": "Группа 1"
                },
                "mass": 480.0,
                "size": {
                    "width": 1100.0,
                    "height": 850.0,
                    "length": 1200.0
                },
                "sort": 1,
                "step": 6,
                "type": "box",
                "margin": {
                    "width": 0.0,
                    "height": 0.0,
                    "length": 0.0
                },
                "cargo_id": "rskwxn4dloz4eh6apghmhpe2wgunryf2",
                "position": {
                    "x": 1160.0,
                    "y": 0.0,
                    "z": 0.0
                },
                "stacking": true,
                "turnover": true,
                "rotation_state": 1,
                "stacking_limit": 0.0,
                "calculated_size": {
                    "width": 1200.0,
                    "height": 850.0,
                    "length": 1100.0
                },
                "virtual_positions": null
            },
            {
                "id": 5,
                "info": {
                    "color": "#378c96",
                    "title": "3",
                    "article": "",
                    "group_id": "1azhxxykiz1vs1g1bvy29odzes0k38mf",
                    "group_title": "Группа 1"
                },
                "mass": 480.0,
                "size": {
                    "width": 1100.0,
                    "height": 850.0,
                    "length": 1200.0
                },
                "sort": 1,
                "step": 7,
                "type": "box",
                "margin": {
                    "width": 0.0,
                    "height": 0.0,
                    "length": 0.0
                },
                "cargo_id": "rskwxn4dloz4eh6apghmhpe2wgunryf2",
                "position": {
                    "x": 2300.0,
                    "y": 0.0,
                    "z": 1200.0
                },
                "stacking": true,
                "turnover": true,
                "rotation_state": 1,
                "stacking_limit": 0.0,
                "calculated_size": {
                    "width": 1200.0,
                    "height": 850.0,
                    "length": 1100.0
                },
                "virtual_positions": null
            },
            {
                "id": 4,
                "info": {
                    "color": "#378c96",
                    "title": "3",
                    "article": "",
                    "group_id": "1azhxxykiz1vs1g1bvy29odzes0k38mf",
                    "group_title": "Группа 1"
                },
                "mass": 480.0,
                "size": {
                    "width": 1100.0,
                    "height": 850.0,
                    "length": 1200.0
                },
                "sort": 1,
                "step": 8,
                "type": "box",
                "margin": {
                    "width": 0.0,
                    "height": 0.0,
                    "length": 0.0
                },
                "cargo_id": "rskwxn4dloz4eh6apghmhpe2wgunryf2",
                "position": {
                    "x": 2260.0,
                    "y": 0.0,
                    "z": 0.0
                },
                "stacking": true,
                "turnover": true,
                "rotation_state": 1,
                "stacking_limit": 0.0,
                "calculated_size": {
                    "width": 1200.0,
                    "height": 850.0,
                    "length": 1100.0
                },
                "virtual_positions": null
            },
            {
                "id": 7,
                "info": {
                    "color": "#378c96",
                    "title": "3",
                    "article": "",
                    "group_id": "1azhxxykiz1vs1g1bvy29odzes0k38mf",
                    "group_title": "Группа 1"
                },
                "mass": 480.0,
                "size": {
                    "width": 1100.0,
                    "height": 850.0,
                    "length": 1200.0
                },
                "sort": 1,
                "step": 9,
                "type": "box",
                "margin": {
                    "width": 0.0,
                    "height": 0.0,
                    "length": 0.0
                },
                "cargo_id": "rskwxn4dloz4eh6apghmhpe2wgunryf2",
                "position": {
                    "x": 3400.0,
                    "y": 0.0,
                    "z": 1200.0
                },
                "stacking": true,
                "turnover": true,
                "rotation_state": 1,
                "stacking_limit": 0.0,
                "calculated_size": {
                    "width": 1200.0,
                    "height": 850.0,
                    "length": 1100.0
                },
                "virtual_positions": null
            },
            {
                "id": 6,
                "info": {
                    "color": "#378c96",
                    "title": "3",
                    "article": "",
                    "group_id": "1azhxxykiz1vs1g1bvy29odzes0k38mf",
                    "group_title": "Группа 1"
                },
                "mass": 480.0,
                "size": {
                    "width": 1100.0,
                    "height": 850.0,
                    "length": 1200.0
                },
                "sort": 1,
                "step": 10,
                "type": "box",
                "margin": {
                    "width": 0.0,
                    "height": 0.0,
                    "length": 0.0
                },
                "cargo_id": "rskwxn4dloz4eh6apghmhpe2wgunryf2",
                "position": {
                    "x": 3360.0,
                    "y": 0.0,
                    "z": 0.0
                },
                "stacking": true,
                "turnover": true,
                "rotation_state": 1,
                "stacking_limit": 0.0,
                "calculated_size": {
                    "width": 1200.0,
                    "height": 850.0,
                    "length": 1100.0
                },
                "virtual_positions": null
            },
            {
                "id": 9,
                "info": {
                    "color": "#378c96",
                    "title": "3",
                    "article": "",
                    "group_id": "1azhxxykiz1vs1g1bvy29odzes0k38mf",
                    "group_title": "Группа 1"
                },
                "mass": 480.0,
                "size": {
                    "width": 1100.0,
                    "height": 850.0,
                    "length": 1200.0
                },
                "sort": 1,
                "step": 11,
                "type": "box",
                "margin": {
                    "width": 0.0,
                    "height": 0.0,
                    "length": 0.0
                },
                "cargo_id": "rskwxn4dloz4eh6apghmhpe2wgunryf2",
                "position": {
                    "x": 4500.0,
                    "y": 0.0,
                    "z": 1200.0
                },
                "stacking": true,
                "turnover": true,
                "rotation_state": 1,
                "stacking_limit": 0.0,
                "calculated_size": {
                    "width": 1200.0,
                    "height": 850.0,
                    "length": 1100.0
                },
                "virtual_positions": null
            },
            {
                "id": 8,
                "info": {
                    "color": "#378c96",
                    "title": "3",
                    "article": "",
                    "group_id": "1azhxxykiz1vs1g1bvy29odzes0k38mf",
                    "group_title": "Группа 1"
                },
                "mass": 480.0,
                "size": {
                    "width": 1100.0,
                    "height": 850.0,
                    "length": 1200.0
                },
                "sort": 1,
                "step": 12,
                "type": "box",
                "margin": {
                    "width": 0.0,
                    "height": 0.0,
                    "length": 0.0
                },
                "cargo_id": "rskwxn4dloz4eh6apghmhpe2wgunryf2",
                "position": {
                    "x": 4460.0,
                    "y": 0.0,
                    "z": 0.0
                },
                "stacking": true,
                "turnover": true,
                "rotation_state": 1,
                "stacking_limit": 0.0,
                "calculated_size": {
                    "width": 1200.0,
                    "height": 850.0,
                    "length": 1100.0
                },
                "virtual_positions": null
            }
        ],
        "version": 5,
        "cargo_space": {
            "id": 269,
            "info": {
                "uid": "269_0",
                "sort": 0,
                "title": "Фургон №2"
            },
            "mass": 6450.0,
            "size": {
                "width": 2550.0,
                "height": 3820.0,
                "length": 5800.0
            },
            "type": "van",
            "axles": [
                {
                    "title": "Ось 1",
                    "distance": 1475.0,
                    "max_load": 9500.0,
                    "default_load": 3225.0,
                    "calculated_load": 5926.33333
                },
                {
                    "title": "Ось 2",
                    "distance": 5400.0,
                    "max_load": 9500.0,
                    "default_load": 3225.0,
                    "calculated_load": 6283.66667
                }
            ],
            "full_length": 5800.0,
            "indentation": {
                "width": 35.0,
                "height": 0.0,
                "length": 0.0,
                "height_top": 1120.0,
                "length_end": 0.0,
                "width_right": 35.0
            },
            "loading_size": {
                "width": 2480.0,
                "height": 2700.0,
                "length": 5800.0
            },
            "calculation_info": {
                "step_count": 12,
                "cargos_mass": 5.76,
                "load_volume": 38.8368,
                "cargos_volume": 13.56912,
                "count_cargoes": 12,
                "load_capacity": 9.2,
                "loading_height": 1.71,
                "density_percent": 57.13679,
                "remaining_volume": 25.26768,
                "void_space_percent": 65.06118,
                "filling_space_percent": 34.93882
            },
            "carrying_capacity": 9200.0,
            "real_center_of_gravity": [
                2447.5,
                561.6666666666666,
                1210.8333333333333
            ],
            "ideal_center_of_gravity": [
                2900.0,
                0.0,
                1240.0
            ]
        },
        "cargo_groups": [],
        "packing_type": "PackingLayers",
        "calculation_id": 16682,
        "invalid_errors": [],
        "unpacked_errors": [],
        "validate_errors": [
            "ERROR_AXLES_DISTANCE_CAR"
        ],
        "is_packed_same_boxes": false
    }
}