{
    "data": {
        "cargoes": [
            {
                "info": {
                    "color": "#e4d454",
                    "title": "SUB10G",
                    "article": "20",
                    "group_id": "1psmhyngvxrkthh7ogj6vgrwx1b3vkiy",
                    "group_title": "Группа 1"
                },
                "mass": 21.5,
                "size": {
                    "width": 450,
                    "height": 470,
                    "length": 440
                },
                "sort": 1,
                "type": "box",
                "count": 15,
                "margin": {
                    "width": 0,
                    "height": 0,
                    "length": 0
                },
                "cargo_id": "reqbeuacpm6bsmyofnpdkafipsb6rhh3",
                "stacking": true,
                "turnover": true,
                "margin_width": 0,
                "margin_length": 0,
                "stacking_limit": 0
            },
            {
                "info": {
                    "color": "#cedad4",
                    "title": "M808A",
                    "article": "19",
                    "group_id": "1psmhyngvxrkthh7ogj6vgrwx1b3vkiy",
                    "group_title": "Группа 1"
                },
                "mass": 136.0,
                "size": {
                    "width": 980,
                    "height": 490,
                    "length": 1620
                },
                "sort": 1,
                "type": "box",
                "count": 1,
                "margin": {
                    "width": 0,
                    "height": 0,
                    "length": 0
                },
                "cargo_id": "dsfcj4apsqmdmdlhlkuctnhfich40f1n",
                "stacking": true,
                "turnover": true,
                "margin_width": 0,
                "margin_length": 0,
                "stacking_limit": 0
            },
            {
                "info": {
                    "color": "#ef088d",
                    "title": "M806A",
                    "article": "18",
                    "group_id": "1psmhyngvxrkthh7ogj6vgrwx1b3vkiy",
                    "group_title": "Группа 1"
                },
                "mass": 61.4,
                "size": {
                    "width": 870,
                    "height": 510,
                    "length": 1410
                },
                "sort": 1,
                "type": "box",
                "count": 1,
                "margin": {
                    "width": 0,
                    "height": 0,
                    "length": 0
                },
                "cargo_id": "2n51z15kaql24fy0gjq2s9tdsxpylx9c",
                "stacking": true,
                "turnover": true,
                "margin_width": 0,
                "margin_length": 0,
                "stacking_limit": 0
            },
            {
                "info": {
                    "color": "#5ec381",
                    "title": "M300MKII",
                    "article": "17",
                    "group_id": "1psmhyngvxrkthh7ogj6vgrwx1b3vkiy",
                    "group_title": "Группа 1"
                },
                "mass": 29.5,
                "size": {
                    "width": 380,
                    "height": 520,
                    "length": 650
                },
                "sort": 1,
                "type": "box",
                "count": 3,
                "margin": {
                    "width": 0,
                    "height": 0,
                    "length": 0
                },
                "cargo_id": "tns9mqrk2kswcyk0dx3a34inml9oukpz",
                "stacking": true,
                "turnover": true,
                "margin_width": 0,
                "margin_length": 0,
                "stacking_limit": 0
            },
            {
                "info": {
                    "color": "#ae7254",
                    "title": "D300",
                    "article": "16",
                    "group_id": "1psmhyngvxrkthh7ogj6vgrwx1b3vkiy",
                    "group_title": "Группа 1"
                },
                "mass": 20.0,
                "size": {
                    "width": 400,
                    "height": 450,
                    "length": 630
                },
                "sort": 1,
                "type": "box",
                "count": 3,
                "margin": {
                    "width": 0,
                    "height": 0,
                    "length": 0
                },
                "cargo_id": "7m54zxdgdzyfypvjxwignkmq6d32vyit",
                "stacking": true,
                "turnover": true,
                "margin_width": 0,
                "margin_length": 0,
                "stacking_limit": 0
            },
            {
                "info": {
                    "color": "#0b8cac",
                    "title": "DIVA 6.3F",
                    "article": "14",
                    "group_id": "1psmhyngvxrkthh7ogj6vgrwx1b3vkiy",
                    "group_title": "Группа 1"
                },
                "mass": 5.7,
                "size": {
                    "width": 390,
                    "height": 330,
                    "length": 510
                },
                "sort": 1,
                "type": "box",
                "count": 4,
                "margin": {
                    "width": 0,
                    "height": 0,
                    "length": 0
                },
                "cargo_id": "3chwqxvfsln3qswojknqlow06yyiy0uz",
                "stacking": true,
                "turnover": true,
                "margin_width": 0,
                "margin_length": 0,
                "stacking_limit": 0
            },
            {
                "info": {
                    "color": "#94f88b",
                    "title": "DIVA 8.3",
                    "article": "13",
                    "group_id": "1psmhyngvxrkthh7ogj6vgrwx1b3vkiy",
                    "group_title": "Группа 1"
                },
                "mass": 38.0,
                "size": {
                    "width": 480,
                    "height": 530,
                    "length": 1200
                },
                "sort": 1,
                "type": "box",
                "count": 2,
                "margin": {
                    "width": 0,
                    "height": 0,
                    "length": 0
                },
                "cargo_id": "q5xttend78ykrjxedqztimpcrd0k98nd",
                "stacking": true,
                "turnover": true,
                "margin_width": 0,
                "margin_length": 0,
                "stacking_limit": 0
            },
            {
                "info": {
                    "color": "#87a18b",
                    "title": "RM800F",
                    "article": "12",
                    "group_id": "1psmhyngvxrkthh7ogj6vgrwx1b3vkiy",
                    "group_title": "Группа 1"
                },
                "mass": 48.0,
                "size": {
                    "width": 720,
                    "height": 600,
                    "length": 1420
                },
                "sort": 1,
                "type": "box",
                "count": 8,
                "margin": {
                    "width": 0,
                    "height": 0,
                    "length": 0
                },
                "cargo_id": "8zweohstwpmjh6gya1pqz7ldoqij79pp",
                "stacking": true,
                "turnover": true,
                "margin_width": 0,
                "margin_length": 0,
                "stacking_limit": 0
            },
            {
                "info": {
                    "color": "#fcf3fa",
                    "title": "RM600AMKII-R",
                    "article": "11",
                    "group_id": "1psmhyngvxrkthh7ogj6vgrwx1b3vkiy",
                    "group_title": "Группа 1"
                },
                "mass": 18.2,
                "size": {
                    "width": 430,
                    "height": 400,
                    "length": 740
                },
                "sort": 1,
                "type": "box",
                "count": 5,
                "margin": {
                    "width": 0,
                    "height": 0,
                    "length": 0
                },
                "cargo_id": "hghtavq3n5ndksh8paphinzs9xcbicof",
                "stacking": true,
                "turnover": true,
                "margin_width": 0,
                "margin_length": 0,
                "stacking_limit": 0
            },
            {
                "info": {
                    "color": "#55c6b6",
                    "title": "RM600AMKII-C",
                    "article": "10",
                    "group_id": "1psmhyngvxrkthh7ogj6vgrwx1b3vkiy",
                    "group_title": "Группа 1"
                },
                "mass": 8.0,
                "size": {
                    "width": 410,
                    "height": 310,
                    "length": 530
                },
                "sort": 1,
                "type": "box",
                "count": 4,
                "margin": {
                    "width": 0,
                    "height": 0,
                    "length": 0
                },
                "cargo_id": "rcrpjakmxcieyvxwkx9b8gjqwu7wfvui",
                "stacking": true,
                "turnover": true,
                "margin_width": 0,
                "margin_length": 0,
                "stacking_limit": 0
            },
            {
                "info": {
                    "color": "#c50b67",
                    "title": "RM600AMKII",
                    "article": "9",
                    "group_id": "1psmhyngvxrkthh7ogj6vgrwx1b3vkiy",
                    "group_title": "Группа 1"
                },
                "mass": 33.6,
                "size": {
                    "width": 490,
                    "height": 570,
                    "length": 1290
                },
                "sort": 1,
                "type": "box",
                "count": 2,
                "margin": {
                    "width": 0,
                    "height": 0,
                    "length": 0
                },
                "cargo_id": "wjw8vvcxlqmfesysdimbgpcyu4yj1gnz",
                "stacking": true,
                "turnover": true,
                "margin_width": 0,
                "margin_length": 0,
                "stacking_limit": 0
            },
            {
                "info": {
                    "color": "#2edd66",
                    "title": "D3.2C",
                    "article": "7",
                    "group_id": "1psmhyngvxrkthh7ogj6vgrwx1b3vkiy",
                    "group_title": "Группа 1"
                },
                "mass": 16.0,
                "size": {
                    "width": 380,
                    "height": 330,
                    "length": 740
                },
                "sort": 1,
                "type": "box",
                "count": 1,
                "margin": {
                    "width": 0,
                    "height": 0,
                    "length": 0
                },
                "cargo_id": "fm9bbmjuahhoqxljuajohck190dhnh6x",
                "stacking": true,
                "turnover": true,
                "margin_width": 0,
                "margin_length": 0,
                "stacking_limit": 0
            },
            {
                "info": {
                    "color": "#29a7bc",
                    "title": "D3.2R",
                    "article": "6",
                    "group_id": "1psmhyngvxrkthh7ogj6vgrwx1b3vkiy",
                    "group_title": "Группа 1"
                },
                "mass": 13.5,
                "size": {
                    "width": 400,
                    "height": 440,
                    "length": 440
                },
                "sort": 1,
                "type": "box",
                "count": 10,
                "margin": {
                    "width": 0,
                    "height": 0,
                    "length": 0
                },
                "cargo_id": "vptbdgdx9i5eozhxszjocivrt97pvujw",
                "stacking": true,
                "turnover": true,
                "margin_width": 0,
                "margin_length": 0,
                "stacking_limit": 0
            },
            {
                "info": {
                    "color": "#680009",
                    "title": "JamLab 6R",
                    "article": "4",
                    "group_id": "1psmhyngvxrkthh7ogj6vgrwx1b3vkiy",
                    "group_title": "Группа 1"
                },
                "mass": 9.5,
                "size": {
                    "width": 280,
                    "height": 380,
                    "length": 490
                },
                "sort": 1,
                "type": "box",
                "count": 24,
                "margin": {
                    "width": 0,
                    "height": 0,
                    "length": 0
                },
                "cargo_id": "uqyyrtefepk30kpltklxhjtuedw5clm7",
                "stacking": true,
                "turnover": true,
                "margin_width": 0,
                "margin_length": 0,
                "stacking_limit": 0
            },
            {
                "info": {
                    "color": "#6a5d24",
                    "title": "JamLab 6C",
                    "article": "3",
                    "group_id": "1psmhyngvxrkthh7ogj6vgrwx1b3vkiy",
                    "group_title": "Группа 1"
                },
                "mass": 7.5,
                "size": {
                    "width": 290,
                    "height": 290,
                    "length": 520
                },
                "sort": 1,
                "type": "box",
                "count": 20,
                "margin": {
                    "width": 0,
                    "height": 0,
                    "length": 0
                },
                "cargo_id": "gympwpl0e7vclyhbjf6ggttgvzclpjh4",
                "stacking": true,
                "turnover": true,
                "margin_width": 0,
                "margin_length": 0,
                "stacking_limit": 0
            },
            {
                "info": {
                    "color": "#94cd2a",
                    "title": "JamLab 6",
                    "article": "1",
                    "group_id": "1psmhyngvxrkthh7ogj6vgrwx1b3vkiy",
                    "group_title": "Группа 1"
                },
                "mass": 24.2,
                "size": {
                    "width": 320,
                    "height": 430,
                    "length": 1070
                },
                "sort": 1,
                "type": "box",
                "count": 1,
                "margin": {
                    "width": 0,
                    "height": 0,
                    "length": 0
                },
                "cargo_id": "ed3hvmdbslhzdccz5zpa0pblbnuubmxa",
                "stacking": true,
                "turnover": true,
                "margin_width": 0,
                "margin_length": 0,
                "stacking_limit": 0
            }
        ],
        "settings": {
            "rank": false,
            "max_step": 100,
            "min_step": 50,
            "usersort": false,
            "hardlimit": 1801,
            "timelimit": 1800,
            "step_scaling": 10
        },
        "put_boxes": [],
        "initial_id": 0,
        "cargo_space": {
            "id": 1045,
            "info": {
                "uid": "1045_0",
                "sort": 0,
                "title": "EURO (copy)",
                "margin": {
                    "width": 0,
                    "height": 0,
                    "length": 0
                }
            },
            "mass": 20,
            "size": {
                "width": 800,
                "height": 200,
                "length": 1200
            },
            "type": "pallet",
            "axles": [],
            "title": "EURO (copy)",
            "margin": {
                "width": 0,
                "height": 0,
                "length": 0
            },
            "indentation": {
                "width": 0,
                "height": 0,
                "length": 0,
                "height_top": 0,
                "length_end": 0,
                "width_right": 0
            },
            "loading_size": {
                "width": 800,
                "height": 2500,
                "length": 1200
            },
            "carrying_capacity": 1000
        },
        "calculation_id": "15295"
    },
    "data_result": {
        "boxes": [
            {
                "id": 60,
                "info": {
                    "color": "#680009",
                    "title": "JamLab 6R",
                    "article": "4",
                    "group_id": "1psmhyngvxrkthh7ogj6vgrwx1b3vkiy",
                    "group_title": "Группа 1"
                },
                "mass": 9.5,
                "size": {
                    "width": 280.0,
                    "height": 380.0,
                    "length": 490.0
                },
                "sort": 1,
                "step": 1,
                "type": "box",
                "margin": {
                    "width": 0.0,
                    "height": 0.0,
                    "length": 0.0
                },
                "cargo_id": "uqyyrtefepk30kpltklxhjtuedw5clm7",
                "position": {
                    "x": 0.0,
                    "y": 0.0,
                    "z": 380.0
                },
                "stacking": true,
                "turnover": true,
                "rotation_state": 3,
                "stacking_limit": 0.0,
                "calculated_size": {
                    "width": 380.0,
                    "height": 490.0,
                    "length": 280.0
                },
                "virtual_positions": null
            },
            {
                "id": 59,
                "info": {
                    "color": "#680009",
                    "title": "JamLab 6R",
                    "article": "4",
                    "group_id": "1psmhyngvxrkthh7ogj6vgrwx1b3vkiy",
                    "group_title": "Группа 1"
                },
                "mass": 9.5,
                "size": {
                    "width": 280.0,
                    "height": 380.0,
                    "length": 490.0
                },
                "sort": 1,
                "step": 2,
                "type": "box",
                "margin": {
                    "width": 0.0,
                    "height": 0.0,
                    "length": 0.0
                },
                "cargo_id": "uqyyrtefepk30kpltklxhjtuedw5clm7",
                "position": {
                    "x": 0.0,
                    "y": 0.0,
                    "z": 0.0
                },
                "stacking": true,
                "turnover": true,
                "rotation_state": 3,
                "stacking_limit": 0.0,
                "calculated_size": {
                    "width": 380.0,
                    "height": 490.0,
                    "length": 280.0
                },
                "virtual_positions": null
            },
            {
                "id": 62,
                "info": {
                    "color": "#680009",
                    "title": "JamLab 6R",
                    "article": "4",
                    "group_id": "1psmhyngvxrkthh7ogj6vgrwx1b3vkiy",
                    "group_title": "Группа 1"
                },
                "mass": 9.5,
                "size": {
                    "width": 280.0,
                    "height": 380.0,
                    "length": 490.0
                },
                "sort": 1,
                "step": 3,
                "type": "box",
                "margin": {
                    "width": 0.0,
                    "height": 0.0,
                    "length": 0.0
                },
                "cargo_id": "uqyyrtefepk30kpltklxhjtuedw5clm7",
                "position": {
                    "x": 280.0,
                    "y": 0.0,
                    "z": 380.0
                },
                "stacking": true,
                "turnover": true,
                "rotation_state": 3,
                "stacking_limit": 0.0,
                "calculated_size": {
                    "width": 380.0,
                    "height": 490.0,
                    "length": 280.0
                },
                "virtual_positions": null
            },
            {
                "id": 61,
                "info": {
                    "color": "#680009",
                    "title": "JamLab 6R",
                    "article": "4",
                    "group_id": "1psmhyngvxrkthh7ogj6vgrwx1b3vkiy",
                    "group_title": "Группа 1"
                },
                "mass": 9.5,
                "size": {
                    "width": 280.0,
                    "height": 380.0,
                    "length": 490.0
                },
                "sort": 1,
                "step": 4,
                "type": "box",
                "margin": {
                    "width": 0.0,
                    "height": 0.0,
                    "length": 0.0
                },
                "cargo_id": "uqyyrtefepk30kpltklxhjtuedw5clm7",
                "position": {
                    "x": 280.0,
                    "y": 0.0,
                    "z": 0.0
                },
                "stacking": true,
                "turnover": true,
                "rotation_state": 3,
                "stacking_limit": 0.0,
                "calculated_size": {
                    "width": 380.0,
                    "height": 490.0,
                    "length": 280.0
                },
                "virtual_positions": null
            },
            {
                "id": 64,
                "info": {
                    "color": "#680009",
                    "title": "JamLab 6R",
                    "article": "4",
                    "group_id": "1psmhyngvxrkthh7ogj6vgrwx1b3vkiy",
                    "group_title": "Группа 1"
                },
                "mass": 9.5,
                "size": {
                    "width": 280.0,
                    "height": 380.0,
                    "length": 490.0
                },
                "sort": 1,
                "step": 5,
                "type": "box",
                "margin": {
                    "width": 0.0,
                    "height": 0.0,
                    "length": 0.0
                },
                "cargo_id": "uqyyrtefepk30kpltklxhjtuedw5clm7",
                "position": {
                    "x": 560.0,
                    "y": 0.0,
                    "z": 380.0
                },
                "stacking": true,
                "turnover": true,
                "rotation_state": 3,
                "stacking_limit": 0.0,
                "calculated_size": {
                    "width": 380.0,
                    "height": 490.0,
                    "length": 280.0
                },
                "virtual_positions": null
            },
            {
                "id": 63,
                "info": {
                    "color": "#680009",
                    "title": "JamLab 6R",
                    "article": "4",
                    "group_id": "1psmhyngvxrkthh7ogj6vgrwx1b3vkiy",
                    "group_title": "Группа 1"
                },
                "mass": 9.5,
                "size": {
                    "width": 280.0,
                    "height": 380.0,
                    "length": 490.0
                },
                "sort": 1,
                "step": 6,
                "type": "box",
                "margin": {
                    "width": 0.0,
                    "height": 0.0,
                    "length": 0.0
                },
                "cargo_id": "uqyyrtefepk30kpltklxhjtuedw5clm7",
                "position": {
                    "x": 560.0,
                    "y": 0.0,
                    "z": 0.0
                },
                "stacking": true,
                "turnover": true,
                "rotation_state": 3,
                "stacking_limit": 0.0,
                "calculated_size": {
                    "width": 380.0,
                    "height": 490.0,
                    "length": 280.0
                },
                "virtual_positions": null
            },
            {
                "id": 66,
                "info": {
                    "color": "#680009",
                    "title": "JamLab 6R",
                    "article": "4",
                    "group_id": "1psmhyngvxrkthh7ogj6vgrwx1b3vkiy",
                    "group_title": "Группа 1"
                },
                "mass": 9.5,
                "size": {
                    "width": 280.0,
                    "height": 380.0,
                    "length": 490.0
                },
                "sort": 1,
                "step": 7,
                "type": "box",
                "margin": {
                    "width": 0.0,
                    "height": 0.0,
                    "length": 0.0
                },
                "cargo_id": "uqyyrtefepk30kpltklxhjtuedw5clm7",
                "position": {
                    "x": 840.0,
                    "y": 0.0,
                    "z": 380.0
                },
                "stacking": true,
                "turnover": true,
                "rotation_state": 3,
                "stacking_limit": 0.0,
                "calculated_size": {
                    "width": 380.0,
                    "height": 490.0,
                    "length": 280.0
                },
                "virtual_positions": null
            },
            {
                "id": 65,
                "info": {
                    "color": "#680009",
                    "title": "JamLab 6R",
                    "article": "4",
                    "group_id": "1psmhyngvxrkthh7ogj6vgrwx1b3vkiy",
                    "group_title": "Группа 1"
                },
                "mass": 9.5,
                "size": {
                    "width": 280.0,
                    "height": 380.0,
                    "length": 490.0
                },
                "sort": 1,
                "step": 8,
                "type": "box",
                "margin": {
                    "width": 0.0,
                    "height": 0.0,
                    "length": 0.0
                },
                "cargo_id": "uqyyrtefepk30kpltklxhjtuedw5clm7",
                "position": {
                    "x": 840.0,
                    "y": 0.0,
                    "z": 0.0
                },
                "stacking": true,
                "turnover": true,
                "rotation_state": 3,
                "stacking_limit": 0.0,
                "calculated_size": {
                    "width": 380.0,
                    "height": 490.0,
                    "length": 280.0
                },
                "virtual_positions": null
            },
            {
                "id": 68,
                "info": {
                    "color": "#680009",
                    "title": "JamLab 6R",
                    "article": "4",
                    "group_id": "1psmhyngvxrkthh7ogj6vgrwx1b3vkiy",
                    "group_title": "Группа 1"
                },
                "mass": 9.5,
                "size": {
                    "width": 280.0,
                    "height": 380.0,
                    "length": 490.0
                },
                "sort": 1,
                "step": 9,
                "type": "box",
                "margin": {
                    "width": 0.0,
                    "height": 0.0,
                    "length": 0.0
                },
                "cargo_id": "uqyyrtefepk30kpltklxhjtuedw5clm7",
                "position": {
                    "x": 0.0,
                    "y": 490.0,
                    "z": 380.0
                },
                "stacking": true,
                "turnover": true,
                "rotation_state": 3,
                "stacking_limit": 0.0,
                "calculated_size": {
                    "width": 380.0,
                    "height": 490.0,
                    "length": 280.0
                },
                "virtual_positions": null
            },
            {
                "id": 67,
                "info": {
                    "color": "#680009",
                    "title": "JamLab 6R",
                    "article": "4",
                    "group_id": "1psmhyngvxrkthh7ogj6vgrwx1b3vkiy",
                    "group_title": "Группа 1"
                },
                "mass": 9.5,
                "size": {
                    "width": 280.0,
                    "height": 380.0,
                    "length": 490.0
                },
                "sort": 1,
                "step": 10,
                "type": "box",
                "margin": {
                    "width": 0.0,
                    "height": 0.0,
                    "length": 0.0
                },
                "cargo_id": "uqyyrtefepk30kpltklxhjtuedw5clm7",
                "position": {
                    "x": 0.0,
                    "y": 490.0,
                    "z": 0.0
                },
                "stacking": true,
                "turnover": true,
                "rotation_state": 3,
                "stacking_limit": 0.0,
                "calculated_size": {
                    "width": 380.0,
                    "height": 490.0,
                    "length": 280.0
                },
                "virtual_positions": null
            },
            {
                "id": 70,
                "info": {
                    "color": "#680009",
                    "title": "JamLab 6R",
                    "article": "4",
                    "group_id": "1psmhyngvxrkthh7ogj6vgrwx1b3vkiy",
                    "group_title": "Группа 1"
                },
                "mass": 9.5,
                "size": {
                    "width": 280.0,
                    "height": 380.0,
                    "length": 490.0
                },
                "sort": 1,
                "step": 11,
                "type": "box",
                "margin": {
                    "width": 0.0,
                    "height": 0.0,
                    "length": 0.0
                },
                "cargo_id": "uqyyrtefepk30kpltklxhjtuedw5clm7",
                "position": {
                    "x": 280.0,
                    "y": 490.0,
                    "z": 380.0
                },
                "stacking": true,
                "turnover": true,
                "rotation_state": 3,
                "stacking_limit": 0.0,
                "calculated_size": {
                    "width": 380.0,
                    "height": 490.0,
                    "length": 280.0
                },
                "virtual_positions": null
            },
            {
                "id": 69,
                "info": {
                    "color": "#680009",
                    "title": "JamLab 6R",
                    "article": "4",
                    "group_id": "1psmhyngvxrkthh7ogj6vgrwx1b3vkiy",
                    "group_title": "Группа 1"
                },
                "mass": 9.5,
                "size": {
                    "width": 280.0,
                    "height": 380.0,
                    "length": 490.0
                },
                "sort": 1,
                "step": 12,
                "type": "box",
                "margin": {
                    "width": 0.0,
                    "height": 0.0,
                    "length": 0.0
                },
                "cargo_id": "uqyyrtefepk30kpltklxhjtuedw5clm7",
                "position": {
                    "x": 280.0,
                    "y": 490.0,
                    "z": 0.0
                },
                "stacking": true,
                "turnover": true,
                "rotation_state": 3,
                "stacking_limit": 0.0,
                "calculated_size": {
                    "width": 380.0,
                    "height": 490.0,
                    "length": 280.0
                },
                "virtual_positions": null
            },
            {
                "id": 72,
                "info": {
                    "color": "#680009",
                    "title": "JamLab 6R",
                    "article": "4",
                    "group_id": "1psmhyngvxrkthh7ogj6vgrwx1b3vkiy",
                    "group_title": "Группа 1"
                },
                "mass": 9.5,
                "size": {
                    "width": 280.0,
                    "height": 380.0,
                    "length": 490.0
                },
                "sort": 1,
                "step": 13,
                "type": "box",
                "margin": {
                    "width": 0.0,
                    "height": 0.0,
                    "length": 0.0
                },
                "cargo_id": "uqyyrtefepk30kpltklxhjtuedw5clm7",
                "position": {
                    "x": 560.0,
                    "y": 490.0,
                    "z": 380.0
                },
                "stacking": true,
                "turnover": true,
                "rotation_state": 3,
                "stacking_limit": 0.0,
                "calculated_size": {
                    "width": 380.0,
                    "height": 490.0,
                    "length": 280.0
                },
                "virtual_positions": null
            },
            {
                "id": 71,
                "info": {
                    "color": "#680009",
                    "title": "JamLab 6R",
                    "article": "4",
                    "group_id": "1psmhyngvxrkthh7ogj6vgrwx1b3vkiy",
                    "group_title": "Группа 1"
                },
                "mass": 9.5,
                "size": {
                    "width": 280.0,
                    "height": 380.0,
                    "length": 490.0
                },
                "sort": 1,
                "step": 14,
                "type": "box",
                "margin": {
                    "width": 0.0,
                    "height": 0.0,
                    "length": 0.0
                },
                "cargo_id": "uqyyrtefepk30kpltklxhjtuedw5clm7",
                "position": {
                    "x": 560.0,
                    "y": 490.0,
                    "z": 0.0
                },
                "stacking": true,
                "turnover": true,
                "rotation_state": 3,
                "stacking_limit": 0.0,
                "calculated_size": {
                    "width": 380.0,
                    "height": 490.0,
                    "length": 280.0
                },
                "virtual_positions": null
            },
            {
                "id": 74,
                "info": {
                    "color": "#680009",
                    "title": "JamLab 6R",
                    "article": "4",
                    "group_id": "1psmhyngvxrkthh7ogj6vgrwx1b3vkiy",
                    "group_title": "Группа 1"
                },
                "mass": 9.5,
                "size": {
                    "width": 280.0,
                    "height": 380.0,
                    "length": 490.0
                },
                "sort": 1,
                "step": 15,
                "type": "box",
                "margin": {
                    "width": 0.0,
                    "height": 0.0,
                    "length": 0.0
                },
                "cargo_id": "uqyyrtefepk30kpltklxhjtuedw5clm7",
                "position": {
                    "x": 840.0,
                    "y": 490.0,
                    "z": 380.0
                },
                "stacking": true,
                "turnover": true,
                "rotation_state": 3,
                "stacking_limit": 0.0,
                "calculated_size": {
                    "width": 380.0,
                    "height": 490.0,
                    "length": 280.0
                },
                "virtual_positions": null
            },
            {
                "id": 73,
                "info": {
                    "color": "#680009",
                    "title": "JamLab 6R",
                    "article": "4",
                    "group_id": "1psmhyngvxrkthh7ogj6vgrwx1b3vkiy",
                    "group_title": "Группа 1"
                },
                "mass": 9.5,
                "size": {
                    "width": 280.0,
                    "height": 380.0,
                    "length": 490.0
                },
                "sort": 1,
                "step": 16,
                "type": "box",
                "margin": {
                    "width": 0.0,
                    "height": 0.0,
                    "length": 0.0
                },
                "cargo_id": "uqyyrtefepk30kpltklxhjtuedw5clm7",
                "position": {
                    "x": 840.0,
                    "y": 490.0,
                    "z": 0.0
                },
                "stacking": true,
                "turnover": true,
                "rotation_state": 3,
                "stacking_limit": 0.0,
                "calculated_size": {
                    "width": 380.0,
                    "height": 490.0,
                    "length": 280.0
                },
                "virtual_positions": null
            },
            {
                "id": 76,
                "info": {
                    "color": "#680009",
                    "title": "JamLab 6R",
                    "article": "4",
                    "group_id": "1psmhyngvxrkthh7ogj6vgrwx1b3vkiy",
                    "group_title": "Группа 1"
                },
                "mass": 9.5,
                "size": {
                    "width": 280.0,
                    "height": 380.0,
                    "length": 490.0
                },
                "sort": 1,
                "step": 17,
                "type": "box",
                "margin": {
                    "width": 0.0,
                    "height": 0.0,
                    "length": 0.0
                },
                "cargo_id": "uqyyrtefepk30kpltklxhjtuedw5clm7",
                "position": {
                    "x": 0.0,
                    "y": 980.0,
                    "z": 380.0
                },
                "stacking": true,
                "turnover": true,
                "rotation_state": 3,
                "stacking_limit": 0.0,
                "calculated_size": {
                    "width": 380.0,
                    "height": 490.0,
                    "length": 280.0
                },
                "virtual_positions": null
            },
            {
                "id": 75,
                "info": {
                    "color": "#680009",
                    "title": "JamLab 6R",
                    "article": "4",
                    "group_id": "1psmhyngvxrkthh7ogj6vgrwx1b3vkiy",
                    "group_title": "Группа 1"
                },
                "mass": 9.5,
                "size": {
                    "width": 280.0,
                    "height": 380.0,
                    "length": 490.0
                },
                "sort": 1,
                "step": 18,
                "type": "box",
                "margin": {
                    "width": 0.0,
                    "height": 0.0,
                    "length": 0.0
                },
                "cargo_id": "uqyyrtefepk30kpltklxhjtuedw5clm7",
                "position": {
                    "x": 0.0,
                    "y": 980.0,
                    "z": 0.0
                },
                "stacking": true,
                "turnover": true,
                "rotation_state": 3,
                "stacking_limit": 0.0,
                "calculated_size": {
                    "width": 380.0,
                    "height": 490.0,
                    "length": 280.0
                },
                "virtual_positions": null
            },
            {
                "id": 78,
                "info": {
                    "color": "#680009",
                    "title": "JamLab 6R",
                    "article": "4",
                    "group_id": "1psmhyngvxrkthh7ogj6vgrwx1b3vkiy",
                    "group_title": "Группа 1"
                },
                "mass": 9.5,
                "size": {
                    "width": 280.0,
                    "height": 380.0,
                    "length": 490.0
                },
                "sort": 1,
                "step": 19,
                "type": "box",
                "margin": {
                    "width": 0.0,
                    "height": 0.0,
                    "length": 0.0
                },
                "cargo_id": "uqyyrtefepk30kpltklxhjtuedw5clm7",
                "position": {
                    "x": 280.0,
                    "y": 980.0,
                    "z": 380.0
                },
                "stacking": true,
                "turnover": true,
                "rotation_state": 3,
                "stacking_limit": 0.0,
                "calculated_size": {
                    "width": 380.0,
                    "height": 490.0,
                    "length": 280.0
                },
                "virtual_positions": null
            },
            {
                "id": 77,
                "info": {
                    "color": "#680009",
                    "title": "JamLab 6R",
                    "article": "4",
                    "group_id": "1psmhyngvxrkthh7ogj6vgrwx1b3vkiy",
                    "group_title": "Группа 1"
                },
                "mass": 9.5,
                "size": {
                    "width": 280.0,
                    "height": 380.0,
                    "length": 490.0
                },
                "sort": 1,
                "step": 20,
                "type": "box",
                "margin": {
                    "width": 0.0,
                    "height": 0.0,
                    "length": 0.0
                },
                "cargo_id": "uqyyrtefepk30kpltklxhjtuedw5clm7",
                "position": {
                    "x": 280.0,
                    "y": 980.0,
                    "z": 0.0
                },
                "stacking": true,
                "turnover": true,
                "rotation_state": 3,
                "stacking_limit": 0.0,
                "calculated_size": {
                    "width": 380.0,
                    "height": 490.0,
                    "length": 280.0
                },
                "virtual_positions": null
            },
            {
                "id": 80,
                "info": {
                    "color": "#680009",
                    "title": "JamLab 6R",
                    "article": "4",
                    "group_id": "1psmhyngvxrkthh7ogj6vgrwx1b3vkiy",
                    "group_title": "Группа 1"
                },
                "mass": 9.5,
                "size": {
                    "width": 280.0,
                    "height": 380.0,
                    "length": 490.0
                },
                "sort": 1,
                "step": 21,
                "type": "box",
                "margin": {
                    "width": 0.0,
                    "height": 0.0,
                    "length": 0.0
                },
                "cargo_id": "uqyyrtefepk30kpltklxhjtuedw5clm7",
                "position": {
                    "x": 560.0,
                    "y": 980.0,
                    "z": 380.0
                },
                "stacking": true,
                "turnover": true,
                "rotation_state": 3,
                "stacking_limit": 0.0,
                "calculated_size": {
                    "width": 380.0,
                    "height": 490.0,
                    "length": 280.0
                },
                "virtual_positions": null
            },
            {
                "id": 79,
                "info": {
                    "color": "#680009",
                    "title": "JamLab 6R",
                    "article": "4",
                    "group_id": "1psmhyngvxrkthh7ogj6vgrwx1b3vkiy",
                    "group_title": "Группа 1"
                },
                "mass": 9.5,
                "size": {
                    "width": 280.0,
                    "height": 380.0,
                    "length": 490.0
                },
                "sort": 1,
                "step": 22,
                "type": "box",
                "margin": {
                    "width": 0.0,
                    "height": 0.0,
                    "length": 0.0
                },
                "cargo_id": "uqyyrtefepk30kpltklxhjtuedw5clm7",
                "position": {
                    "x": 560.0,
                    "y": 980.0,
                    "z": 0.0
                },
                "stacking": true,
                "turnover": true,
                "rotation_state": 3,
                "stacking_limit": 0.0,
                "calculated_size": {
                    "width": 380.0,
                    "height": 490.0,
                    "length": 280.0
                },
                "virtual_positions": null
            },
            {
                "id": 82,
                "info": {
                    "color": "#680009",
                    "title": "JamLab 6R",
                    "article": "4",
                    "group_id": "1psmhyngvxrkthh7ogj6vgrwx1b3vkiy",
                    "group_title": "Группа 1"
                },
                "mass": 9.5,
                "size": {
                    "width": 280.0,
                    "height": 380.0,
                    "length": 490.0
                },
                "sort": 1,
                "step": 23,
                "type": "box",
                "margin": {
                    "width": 0.0,
                    "height": 0.0,
                    "length": 0.0
                },
                "cargo_id": "uqyyrtefepk30kpltklxhjtuedw5clm7",
                "position": {
                    "x": 840.0,
                    "y": 980.0,
                    "z": 380.0
                },
                "stacking": true,
                "turnover": true,
                "rotation_state": 3,
                "stacking_limit": 0.0,
                "calculated_size": {
                    "width": 380.0,
                    "height": 490.0,
                    "length": 280.0
                },
                "virtual_positions": null
            },
            {
                "id": 81,
                "info": {
                    "color": "#680009",
                    "title": "JamLab 6R",
                    "article": "4",
                    "group_id": "1psmhyngvxrkthh7ogj6vgrwx1b3vkiy",
                    "group_title": "Группа 1"
                },
                "mass": 9.5,
                "size": {
                    "width": 280.0,
                    "height": 380.0,
                    "length": 490.0
                },
                "sort": 1,
                "step": 24,
                "type": "box",
                "margin": {
                    "width": 0.0,
                    "height": 0.0,
                    "length": 0.0
                },
                "cargo_id": "uqyyrtefepk30kpltklxhjtuedw5clm7",
                "position": {
                    "x": 840.0,
                    "y": 980.0,
                    "z": 0.0
                },
                "stacking": true,
                "turnover": true,
                "rotation_state": 3,
                "stacking_limit": 0.0,
                "calculated_size": {
                    "width": 380.0,
                    "height": 490.0,
                    "length": 280.0
                },
                "virtual_positions": null
            },
            {
                "id": 50,
                "info": {
                    "color": "#29a7bc",
                    "title": "D3.2R",
                    "article": "6",
                    "group_id": "1psmhyngvxrkthh7ogj6vgrwx1b3vkiy",
                    "group_title": "Группа 1"
                },
                "mass": 13.5,
                "size": {
                    "width": 400.0,
                    "height": 440.0,
                    "length": 440.0
                },
                "sort": 1,
                "step": 25,
                "type": "box",
                "margin": {
                    "width": 0.0,
                    "height": 0.0,
                    "length": 0.0
                },
                "cargo_id": "vptbdgdx9i5eozhxszjocivrt97pvujw",
                "position": {
                    "x": 0.0,
                    "y": 1470.0,
                    "z": 400.0
                },
                "stacking": true,
                "turnover": true,
                "rotation_state": 0,
                "stacking_limit": 0.0,
                "calculated_size": {
                    "width": 400.0,
                    "height": 440.0,
                    "length": 440.0
                },
                "virtual_positions": null
            },
            {
                "id": 49,
                "info": {
                    "color": "#29a7bc",
                    "title": "D3.2R",
                    "article": "6",
                    "group_id": "1psmhyngvxrkthh7ogj6vgrwx1b3vkiy",
                    "group_title": "Группа 1"
                },
                "mass": 13.5,
                "size": {
                    "width": 400.0,
                    "height": 440.0,
                    "length": 440.0
                },
                "sort": 1,
                "step": 26,
                "type": "box",
                "margin": {
                    "width": 0.0,
                    "height": 0.0,
                    "length": 0.0
                },
                "cargo_id": "vptbdgdx9i5eozhxszjocivrt97pvujw",
                "position": {
                    "x": 0.0,
                    "y": 1470.0,
                    "z": 0.0
                },
                "stacking": true,
                "turnover": true,
                "rotation_state": 0,
                "stacking_limit": 0.0,
                "calculated_size": {
                    "width": 400.0,
                    "height": 440.0,
                    "length": 440.0
                },
                "virtual_positions": null
            },
            {
                "id": 52,
                "info": {
                    "color": "#29a7bc",
                    "title": "D3.2R",
                    "article": "6",
                    "group_id": "1psmhyngvxrkthh7ogj6vgrwx1b3vkiy",
                    "group_title": "Группа 1"
                },
                "mass": 13.5,
                "size": {
                    "width": 400.0,
                    "height": 440.0,
                    "length": 440.0
                },
                "sort": 1,
                "step": 27,
                "type": "box",
                "margin": {
                    "width": 0.0,
                    "height": 0.0,
                    "length": 0.0
                },
                "cargo_id": "vptbdgdx9i5eozhxszjocivrt97pvujw",
                "position": {
                    "x": 440.0,
                    "y": 1470.0,
                    "z": 400.0
                },
                "stacking": true,
                "turnover": true,
                "rotation_state": 0,
                "stacking_limit": 0.0,
                "calculated_size": {
                    "width": 400.0,
                    "height": 440.0,
                    "length": 440.0
                },
                "virtual_positions": null
            },
            {
                "id": 51,
                "info": {
                    "color": "#29a7bc",
                    "title": "D3.2R",
                    "article": "6",
                    "group_id": "1psmhyngvxrkthh7ogj6vgrwx1b3vkiy",
                    "group_title": "Группа 1"
                },
                "mass": 13.5,
                "size": {
                    "width": 400.0,
                    "height": 440.0,
                    "length": 440.0
                },
                "sort": 1,
                "step": 28,
                "type": "box",
                "margin": {
                    "width": 0.0,
                    "height": 0.0,
                    "length": 0.0
                },
                "cargo_id": "vptbdgdx9i5eozhxszjocivrt97pvujw",
                "position": {
                    "x": 440.0,
                    "y": 1470.0,
                    "z": 0.0
                },
                "stacking": true,
                "turnover": true,
                "rotation_state": 0,
                "stacking_limit": 0.0,
                "calculated_size": {
                    "width": 400.0,
                    "height": 440.0,
                    "length": 440.0
                },
                "virtual_positions": null
            },
            {
                "id": 99,
                "info": {
                    "color": "#6a5d24",
                    "title": "JamLab 6C",
                    "article": "3",
                    "group_id": "1psmhyngvxrkthh7ogj6vgrwx1b3vkiy",
                    "group_title": "Группа 1"
                },
                "mass": 7.5,
                "size": {
                    "width": 290.0,
                    "height": 290.0,
                    "length": 520.0
                },
                "sort": 1,
                "step": 29,
                "type": "box",
                "margin": {
                    "width": 0.0,
                    "height": 0.0,
                    "length": 0.0
                },
                "cargo_id": "gympwpl0e7vclyhbjf6ggttgvzclpjh4",
                "position": {
                    "x": 880.0,
                    "y": 1470.0,
                    "z": 0.0
                },
                "stacking": true,
                "turnover": true,
                "rotation_state": 1,
                "stacking_limit": 0.0,
                "calculated_size": {
                    "width": 520.0,
                    "height": 290.0,
                    "length": 290.0
                },
                "virtual_positions": null
            },
            {
                "id": 54,
                "info": {
                    "color": "#29a7bc",
                    "title": "D3.2R",
                    "article": "6",
                    "group_id": "1psmhyngvxrkthh7ogj6vgrwx1b3vkiy",
                    "group_title": "Группа 1"
                },
                "mass": 13.5,
                "size": {
                    "width": 400.0,
                    "height": 440.0,
                    "length": 440.0
                },
                "sort": 1,
                "step": 30,
                "type": "box",
                "margin": {
                    "width": 0.0,
                    "height": 0.0,
                    "length": 0.0
                },
                "cargo_id": "vptbdgdx9i5eozhxszjocivrt97pvujw",
                "position": {
                    "x": 0.0,
                    "y": 1910.0,
                    "z": 400.0
                },
                "stacking": true,
                "turnover": true,
                "rotation_state": 0,
                "stacking_limit": 0.0,
                "calculated_size": {
                    "width": 400.0,
                    "height": 440.0,
                    "length": 440.0
                },
                "virtual_positions": null
            },
            {
                "id": 53,
                "info": {
                    "color": "#29a7bc",
                    "title": "D3.2R",
                    "article": "6",
                    "group_id": "1psmhyngvxrkthh7ogj6vgrwx1b3vkiy",
                    "group_title": "Группа 1"
                },
                "mass": 13.5,
                "size": {
                    "width": 400.0,
                    "height": 440.0,
                    "length": 440.0
                },
                "sort": 1,
                "step": 31,
                "type": "box",
                "margin": {
                    "width": 0.0,
                    "height": 0.0,
                    "length": 0.0
                },
                "cargo_id": "vptbdgdx9i5eozhxszjocivrt97pvujw",
                "position": {
                    "x": 0.0,
                    "y": 1910.0,
                    "z": 0.0
                },
                "stacking": true,
                "turnover": true,
                "rotation_state": 0,
                "stacking_limit": 0.0,
                "calculated_size": {
                    "width": 400.0,
                    "height": 440.0,
                    "length": 440.0
                },
                "virtual_positions": null
            },
            {
                "id": 56,
                "info": {
                    "color": "#29a7bc",
                    "title": "D3.2R",
                    "article": "6",
                    "group_id": "1psmhyngvxrkthh7ogj6vgrwx1b3vkiy",
                    "group_title": "Группа 1"
                },
                "mass": 13.5,
                "size": {
                    "width": 400.0,
                    "height": 440.0,
                    "length": 440.0
                },
                "sort": 1,
                "step": 32,
                "type": "box",
                "margin": {
                    "width": 0.0,
                    "height": 0.0,
                    "length": 0.0
                },
                "cargo_id": "vptbdgdx9i5eozhxszjocivrt97pvujw",
                "position": {
                    "x": 440.0,
                    "y": 1910.0,
                    "z": 400.0
                },
                "stacking": true,
                "turnover": true,
                "rotation_state": 0,
                "stacking_limit": 0.0,
                "calculated_size": {
                    "width": 400.0,
                    "height": 440.0,
                    "length": 440.0
                },
                "virtual_positions": null
            },
            {
                "id": 55,
                "info": {
                    "color": "#29a7bc",
                    "title": "D3.2R",
                    "article": "6",
                    "group_id": "1psmhyngvxrkthh7ogj6vgrwx1b3vkiy",
                    "group_title": "Группа 1"
                },
                "mass": 13.5,
                "size": {
                    "width": 400.0,
                    "height": 440.0,
                    "length": 440.0
                },
                "sort": 1,
                "step": 33,
                "type": "box",
                "margin": {
                    "width": 0.0,
                    "height": 0.0,
                    "length": 0.0
                },
                "cargo_id": "vptbdgdx9i5eozhxszjocivrt97pvujw",
                "position": {
                    "x": 440.0,
                    "y": 1910.0,
                    "z": 0.0
                },
                "stacking": true,
                "turnover": true,
                "rotation_state": 0,
                "stacking_limit": 0.0,
                "calculated_size": {
                    "width": 400.0,
                    "height": 440.0,
                    "length": 440.0
                },
                "virtual_positions": null
            },
            {
                "id": 100,
                "info": {
                    "color": "#6a5d24",
                    "title": "JamLab 6C",
                    "article": "3",
                    "group_id": "1psmhyngvxrkthh7ogj6vgrwx1b3vkiy",
                    "group_title": "Группа 1"
                },
                "mass": 7.5,
                "size": {
                    "width": 290.0,
                    "height": 290.0,
                    "length": 520.0
                },
                "sort": 1,
                "step": 34,
                "type": "box",
                "margin": {
                    "width": 0.0,
                    "height": 0.0,
                    "length": 0.0
                },
                "cargo_id": "gympwpl0e7vclyhbjf6ggttgvzclpjh4",
                "position": {
                    "x": 880.0,
                    "y": 1760.0,
                    "z": 0.0
                },
                "stacking": true,
                "turnover": true,
                "rotation_state": 1,
                "stacking_limit": 0.0,
                "calculated_size": {
                    "width": 520.0,
                    "height": 290.0,
                    "length": 290.0
                },
                "virtual_positions": null
            },
            {
                "id": 101,
                "info": {
                    "color": "#6a5d24",
                    "title": "JamLab 6C",
                    "article": "3",
                    "group_id": "1psmhyngvxrkthh7ogj6vgrwx1b3vkiy",
                    "group_title": "Группа 1"
                },
                "mass": 7.5,
                "size": {
                    "width": 290.0,
                    "height": 290.0,
                    "length": 520.0
                },
                "sort": 1,
                "step": 35,
                "type": "box",
                "margin": {
                    "width": 0.0,
                    "height": 0.0,
                    "length": 0.0
                },
                "cargo_id": "gympwpl0e7vclyhbjf6ggttgvzclpjh4",
                "position": {
                    "x": 880.0,
                    "y": 2050.0,
                    "z": 0.0
                },
                "stacking": true,
                "turnover": true,
                "rotation_state": 1,
                "stacking_limit": 0.0,
                "calculated_size": {
                    "width": 520.0,
                    "height": 290.0,
                    "length": 290.0
                },
                "virtual_positions": null
            }
        ],
        "version": 5,
        "cargo_space": {
            "id": 1045,
            "info": {
                "uid": "1045_0",
                "sort": 0,
                "title": "EURO (copy)",
                "margin": {
                    "width": 0,
                    "height": 0,
                    "length": 0
                }
            },
            "mass": 20.0,
            "size": {
                "width": 800.0,
                "height": 200.0,
                "length": 1200.0
            },
            "type": "pallet",
            "indentation": {
                "width": 0.0,
                "height": 0.0,
                "length": 0.0,
                "height_top": -2300.0,
                "length_end": 0.0,
                "width_right": 0.0
            },
            "loading_size": {
                "width": 800.0,
                "height": 2500.0,
                "length": 1200.0
            },
            "calculation_info": {
                "step_count": 35,
                "cargos_mass": 0.3585,
                "load_volume": 2.4,
                "cargos_volume": 2.00198,
                "count_cargoes": 35,
                "load_capacity": 1.0,
                "loading_height": 2.35,
                "density_percent": 91.01564,
                "remaining_volume": 0.39802,
                "void_space_percent": 16.58417,
                "filling_space_percent": 83.41583
            },
            "carrying_capacity": 1000.0,
            "real_center_of_gravity": [
                553.0334728033472,
                1162.4058577405856,
                378.4937238493724
            ],
            "ideal_center_of_gravity": [
                600.0,
                0.0,
                400.0
            ]
        },
        "cargo_groups": [
            {
                "info": {
                    "color": "#94cd2a",
                    "title": "JamLab 6",
                    "article": "1",
                    "group_id": "1psmhyngvxrkthh7ogj6vgrwx1b3vkiy",
                    "group_title": "Группа 1"
                },
                "mass": 24.2,
                "size": {
                    "width": 320.0,
                    "height": 430.0,
                    "length": 1070.0
                },
                "sort": 1,
                "type": "box",
                "count": 1.0,
                "margin": {
                    "width": 0.0,
                    "height": 0.0,
                    "length": 0.0
                },
                "cargo_id": "ed3hvmdbslhzdccz5zpa0pblbnuubmxa",
                "stacking": true,
                "turnover": true,
                "stacking_limit": 0.0,
                "prepare_last_result": "success"
            },
            {
                "info": {
                    "color": "#cedad4",
                    "title": "M808A",
                    "article": "19",
                    "group_id": "1psmhyngvxrkthh7ogj6vgrwx1b3vkiy",
                    "group_title": "Группа 1"
                },
                "mass": 136.0,
                "size": {
                    "width": 980.0,
                    "height": 490.0,
                    "length": 1620.0
                },
                "sort": 1,
                "type": "box",
                "count": 1.0,
                "margin": {
                    "width": 0.0,
                    "height": 0.0,
                    "length": 0.0
                },
                "cargo_id": "dsfcj4apsqmdmdlhlkuctnhfich40f1n",
                "stacking": true,
                "turnover": true,
                "stacking_limit": 0.0,
                "prepare_last_result": "success"
            },
            {
                "info": {
                    "color": "#5ec381",
                    "title": "M300MKII",
                    "article": "17",
                    "group_id": "1psmhyngvxrkthh7ogj6vgrwx1b3vkiy",
                    "group_title": "Группа 1"
                },
                "mass": 29.5,
                "size": {
                    "width": 380.0,
                    "height": 520.0,
                    "length": 650.0
                },
                "sort": 1,
                "type": "box",
                "count": 3.0,
                "margin": {
                    "width": 0.0,
                    "height": 0.0,
                    "length": 0.0
                },
                "cargo_id": "tns9mqrk2kswcyk0dx3a34inml9oukpz",
                "stacking": true,
                "turnover": true,
                "stacking_limit": 0.0,
                "prepare_last_result": "success"
            },
            {
                "info": {
                    "color": "#94f88b",
                    "title": "DIVA 8.3",
                    "article": "13",
                    "group_id": "1psmhyngvxrkthh7ogj6vgrwx1b3vkiy",
                    "group_title": "Группа 1"
                },
                "mass": 38.0,
                "size": {
                    "width": 480.0,
                    "height": 530.0,
                    "length": 1200.0
                },
                "sort": 1,
                "type": "box",
                "count": 2.0,
                "margin": {
                    "width": 0.0,
                    "height": 0.0,
                    "length": 0.0
                },
                "cargo_id": "q5xttend78ykrjxedqztimpcrd0k98nd",
                "stacking": true,
                "turnover": true,
                "stacking_limit": 0.0,
                "prepare_last_result": "success"
            },
            {
                "info": {
                    "color": "#87a18b",
                    "title": "RM800F",
                    "article": "12",
                    "group_id": "1psmhyngvxrkthh7ogj6vgrwx1b3vkiy",
                    "group_title": "Группа 1"
                },
                "mass": 48.0,
                "size": {
                    "width": 720.0,
                    "height": 600.0,
                    "length": 1420.0
                },
                "sort": 1,
                "type": "box",
                "count": 8.0,
                "margin": {
                    "width": 0.0,
                    "height": 0.0,
                    "length": 0.0
                },
                "cargo_id": "8zweohstwpmjh6gya1pqz7ldoqij79pp",
                "stacking": true,
                "turnover": true,
                "stacking_limit": 0.0,
                "prepare_last_result": "success"
            },
            {
                "info": {
                    "color": "#fcf3fa",
                    "title": "RM600AMKII-R",
                    "article": "11",
                    "group_id": "1psmhyngvxrkthh7ogj6vgrwx1b3vkiy",
                    "group_title": "Группа 1"
                },
                "mass": 18.2,
                "size": {
                    "width": 430.0,
                    "height": 400.0,
                    "length": 740.0
                },
                "sort": 1,
                "type": "box",
                "count": 5.0,
                "margin": {
                    "width": 0.0,
                    "height": 0.0,
                    "length": 0.0
                },
                "cargo_id": "hghtavq3n5ndksh8paphinzs9xcbicof",
                "stacking": true,
                "turnover": true,
                "stacking_limit": 0.0,
                "prepare_last_result": "success"
            },
            {
                "info": {
                    "color": "#55c6b6",
                    "title": "RM600AMKII-C",
                    "article": "10",
                    "group_id": "1psmhyngvxrkthh7ogj6vgrwx1b3vkiy",
                    "group_title": "Группа 1"
                },
                "mass": 8.0,
                "size": {
                    "width": 410.0,
                    "height": 310.0,
                    "length": 530.0
                },
                "sort": 1,
                "type": "box",
                "count": 4.0,
                "margin": {
                    "width": 0.0,
                    "height": 0.0,
                    "length": 0.0
                },
                "cargo_id": "rcrpjakmxcieyvxwkx9b8gjqwu7wfvui",
                "stacking": true,
                "turnover": true,
                "stacking_limit": 0.0,
                "prepare_last_result": "success"
            },
            {
                "info": {
                    "color": "#c50b67",
                    "title": "RM600AMKII",
                    "article": "9",
                    "group_id": "1psmhyngvxrkthh7ogj6vgrwx1b3vkiy",
                    "group_title": "Группа 1"
                },
                "mass": 33.6,
                "size": {
                    "width": 490.0,
                    "height": 570.0,
                    "length": 1290.0
                },
                "sort": 1,
                "type": "box",
                "count": 2.0,
                "margin": {
                    "width": 0.0,
                    "height": 0.0,
                    "length": 0.0
                },
                "cargo_id": "wjw8vvcxlqmfesysdimbgpcyu4yj1gnz",
                "stacking": true,
                "turnover": true,
                "stacking_limit": 0.0,
                "prepare_last_result": "success"
            },
            {
                "info": {
                    "color": "#29a7bc",
                    "title": "D3.2R",
                    "article": "6",
                    "group_id": "1psmhyngvxrkthh7ogj6vgrwx1b3vkiy",
                    "group_title": "Группа 1"
                },
                "mass": 13.5,
                "size": {
                    "width": 400.0,
                    "height": 440.0,
                    "length": 440.0
                },
                "sort": 1,
                "type": "box",
                "count": 2.0,
                "margin": {
                    "width": 0.0,
                    "height": 0.0,
                    "length": 0.0
                },
                "cargo_id": "vptbdgdx9i5eozhxszjocivrt97pvujw",
                "stacking": true,
                "turnover": true,
                "stacking_limit": 0.0,
                "prepare_last_result": "success"
            },
            {
                "info": {
                    "color": "#0b8cac",
                    "title": "DIVA 6.3F",
                    "article": "14",
                    "group_id": "1psmhyngvxrkthh7ogj6vgrwx1b3vkiy",
                    "group_title": "Группа 1"
                },
                "mass": 5.7,
                "size": {
                    "width": 390.0,
                    "height": 330.0,
                    "length": 510.0
                },
                "sort": 1,
                "type": "box",
                "count": 4.0,
                "margin": {
                    "width": 0.0,
                    "height": 0.0,
                    "length": 0.0
                },
                "cargo_id": "3chwqxvfsln3qswojknqlow06yyiy0uz",
                "stacking": true,
                "turnover": true,
                "stacking_limit": 0.0,
                "prepare_last_result": "success"
            },
            {
                "info": {
                    "color": "#2edd66",
                    "title": "D3.2C",
                    "article": "7",
                    "group_id": "1psmhyngvxrkthh7ogj6vgrwx1b3vkiy",
                    "group_title": "Группа 1"
                },
                "mass": 16.0,
                "size": {
                    "width": 380.0,
                    "height": 330.0,
                    "length": 740.0
                },
                "sort": 1,
                "type": "box",
                "count": 1.0,
                "margin": {
                    "width": 0.0,
                    "height": 0.0,
                    "length": 0.0
                },
                "cargo_id": "fm9bbmjuahhoqxljuajohck190dhnh6x",
                "stacking": true,
                "turnover": true,
                "stacking_limit": 0.0,
                "prepare_last_result": "success"
            },
            {
                "info": {
                    "color": "#e4d454",
                    "title": "SUB10G",
                    "article": "20",
                    "group_id": "1psmhyngvxrkthh7ogj6vgrwx1b3vkiy",
                    "group_title": "Группа 1"
                },
                "mass": 21.5,
                "size": {
                    "width": 440.0,
                    "height": 470.0,
                    "length": 450.0
                },
                "sort": 1,
                "type": "box",
                "count": 15.0,
                "margin": {
                    "width": 0.0,
                    "height": 0.0,
                    "length": 0.0
                },
                "cargo_id": "reqbeuacpm6bsmyofnpdkafipsb6rhh3",
                "stacking": true,
                "turnover": true,
                "stacking_limit": 0.0,
                "prepare_last_result": "success"
            },
            {
                "info": {
                    "color": "#ae7254",
                    "title": "D300",
                    "article": "16",
                    "group_id": "1psmhyngvxrkthh7ogj6vgrwx1b3vkiy",
                    "group_title": "Группа 1"
                },
                "mass": 20.0,
                "size": {
                    "width": 400.0,
                    "height": 450.0,
                    "length": 630.0
                },
                "sort": 1,
                "type": "box",
                "count": 3.0,
                "margin": {
                    "width": 0.0,
                    "height": 0.0,
                    "length": 0.0
                },
                "cargo_id": "7m54zxdgdzyfypvjxwignkmq6d32vyit",
                "stacking": true,
                "turnover": true,
                "stacking_limit": 0.0,
                "prepare_last_result": "success"
            },
            {
                "info": {
                    "color": "#6a5d24",
                    "title": "JamLab 6C",
                    "article": "3",
                    "group_id": "1psmhyngvxrkthh7ogj6vgrwx1b3vkiy",
                    "group_title": "Группа 1"
                },
                "mass": 7.5,
                "size": {
                    "width": 290.0,
                    "height": 290.0,
                    "length": 520.0
                },
                "sort": 1,
                "type": "box",
                "count": 17.0,
                "margin": {
                    "width": 0.0,
                    "height": 0.0,
                    "length": 0.0
                },
                "cargo_id": "gympwpl0e7vclyhbjf6ggttgvzclpjh4",
                "stacking": true,
                "turnover": true,
                "stacking_limit": 0.0,
                "prepare_last_result": "success"
            },
            {
                "info": {
                    "color": "#ef088d",
                    "title": "M806A",
                    "article": "18",
                    "group_id": "1psmhyngvxrkthh7ogj6vgrwx1b3vkiy",
                    "group_title": "Группа 1"
                },
                "mass": 61.4,
                "size": {
                    "width": 870.0,
                    "height": 510.0,
                    "length": 1410.0
                },
                "sort": 1,
                "type": "box",
                "count": 1.0,
                "margin": {
                    "width": 0.0,
                    "height": 0.0,
                    "length": 0.0
                },
                "cargo_id": "2n51z15kaql24fy0gjq2s9tdsxpylx9c",
                "stacking": true,
                "turnover": true,
                "stacking_limit": 0.0,
                "prepare_last_result": "success"
            }
        ],
        "packing_type": "PackingBigBlocksTower",
        "calculation_id": 15295,
        "invalid_errors": [],
        "unpacked_errors": [
            {
                "key": 0,
                "name": "success",
                "boxes": [
                    {
                        "id": "ed3hvmdbslhzdccz5zpa0pblbnuubmxa",
                        "info": {
                            "color": "#94cd2a",
                            "title": "JamLab 6",
                            "article": "1",
                            "group_id": "1psmhyngvxrkthh7ogj6vgrwx1b3vkiy",
                            "group_title": "Группа 1"
                        }
                    },
                    {
                        "id": "dsfcj4apsqmdmdlhlkuctnhfich40f1n",
                        "info": {
                            "color": "#cedad4",
                            "title": "M808A",
                            "article": "19",
                            "group_id": "1psmhyngvxrkthh7ogj6vgrwx1b3vkiy",
                            "group_title": "Группа 1"
                        }
                    },
                    {
                        "id": "tns9mqrk2kswcyk0dx3a34inml9oukpz",
                        "info": {
                            "color": "#5ec381",
                            "title": "M300MKII",
                            "article": "17",
                            "group_id": "1psmhyngvxrkthh7ogj6vgrwx1b3vkiy",
                            "group_title": "Группа 1"
                        }
                    },
                    {
                        "id": "q5xttend78ykrjxedqztimpcrd0k98nd",
                        "info": {
                            "color": "#94f88b",
                            "title": "DIVA 8.3",
                            "article": "13",
                            "group_id": "1psmhyngvxrkthh7ogj6vgrwx1b3vkiy",
                            "group_title": "Группа 1"
                        }
                    },
                    {
                        "id": "8zweohstwpmjh6gya1pqz7ldoqij79pp",
                        "info": {
                            "color": "#87a18b",
                            "title": "RM800F",
                            "article": "12",
                            "group_id": "1psmhyngvxrkthh7ogj6vgrwx1b3vkiy",
                            "group_title": "Группа 1"
                        }
                    },
                    {
                        "id": "hghtavq3n5ndksh8paphinzs9xcbicof",
                        "info": {
                            "color": "#fcf3fa",
                            "title": "RM600AMKII-R",
                            "article": "11",
                            "group_id": "1psmhyngvxrkthh7ogj6vgrwx1b3vkiy",
                            "group_title": "Группа 1"
                        }
                    },
                    {
                        "id": "rcrpjakmxcieyvxwkx9b8gjqwu7wfvui",
                        "info": {
                            "color": "#55c6b6",
                            "title": "RM600AMKII-C",
                            "article": "10",
                            "group_id": "1psmhyngvxrkthh7ogj6vgrwx1b3vkiy",
                            "group_title": "Группа 1"
                        }
                    },
                    {
                        "id": "wjw8vvcxlqmfesysdimbgpcyu4yj1gnz",
                        "info": {
                            "color": "#c50b67",
                            "title": "RM600AMKII",
                            "article": "9",
                            "group_id": "1psmhyngvxrkthh7ogj6vgrwx1b3vkiy",
                            "group_title": "Группа 1"
                        }
                    },
                    {
                        "id": "vptbdgdx9i5eozhxszjocivrt97pvujw",
                        "info": {
                            "color": "#29a7bc",
                            "title": "D3.2R",
                            "article": "6",
                            "group_id": "1psmhyngvxrkthh7ogj6vgrwx1b3vkiy",
                            "group_title": "Группа 1"
                        }
                    },
                    {
                        "id": "3chwqxvfsln3qswojknqlow06yyiy0uz",
                        "info": {
                            "color": "#0b8cac",
                            "title": "DIVA 6.3F",
                            "article": "14",
                            "group_id": "1psmhyngvxrkthh7ogj6vgrwx1b3vkiy",
                            "group_title": "Группа 1"
                        }
                    },
                    {
                        "id": "fm9bbmjuahhoqxljuajohck190dhnh6x",
                        "info": {
                            "color": "#2edd66",
                            "title": "D3.2C",
                            "article": "7",
                            "group_id": "1psmhyngvxrkthh7ogj6vgrwx1b3vkiy",
                            "group_title": "Группа 1"
                        }
                    },
                    {
                        "id": "reqbeuacpm6bsmyofnpdkafipsb6rhh3",
                        "info": {
                            "color": "#e4d454",
                            "title": "SUB10G",
                            "article": "20",
                            "group_id": "1psmhyngvxrkthh7ogj6vgrwx1b3vkiy",
                            "group_title": "Группа 1"
                        }
                    },
                    {
                        "id": "7m54zxdgdzyfypvjxwignkmq6d32vyit",
                        "info": {
                            "color": "#ae7254",
                            "title": "D300",
                            "article": "16",
                            "group_id": "1psmhyngvxrkthh7ogj6vgrwx1b3vkiy",
                            "group_title": "Группа 1"
                        }
                    },
                    {
                        "id": "gympwpl0e7vclyhbjf6ggttgvzclpjh4",
                        "info": {
                            "color": "#6a5d24",
                            "title": "JamLab 6C",
                            "article": "3",
                            "group_id": "1psmhyngvxrkthh7ogj6vgrwx1b3vkiy",
                            "group_title": "Группа 1"
                        }
                    },
                    {
                        "id": "2n51z15kaql24fy0gjq2s9tdsxpylx9c",
                        "info": {
                            "color": "#ef088d",
                            "title": "M806A",
                            "article": "18",
                            "group_id": "1psmhyngvxrkthh7ogj6vgrwx1b3vkiy",
                            "group_title": "Группа 1"
                        }
                    }
                ]
            }
        ],
        "validate_errors": [
            "ERROR_INDENTATION"
        ],
        "is_packed_same_boxes": false
    }
}