{
    "data": {
        "cargoes": [
            {
                "info": {
                    "color": "#465abf",
                    "title": "дорн 63011",
                    "article": "",
                    "group_id": "14foigt0eghwvmcuaryeyanvhpymdsah",
                    "group_title": "Группа 1"
                },
                "mass": 580.0,
                "size": {
                    "width": 1100,
                    "height": 550,
                    "length": 1300
                },
                "sort": 1,
                "type": "box",
                "count": 1,
                "margin": {
                    "width": 0,
                    "height": 0,
                    "length": 0
                },
                "cargo_id": "zgg2fyxumqoqqoqlsb3idlprngxsmft7",
                "stacking": false,
                "turnover": false,
                "margin_width": 0,
                "margin_length": 0,
                "stacking_limit": 0
            },
            {
                "info": {
                    "color": "#2fe073",
                    "title": "матрица 630",
                    "article": "",
                    "group_id": "14foigt0eghwvmcuaryeyanvhpymdsah",
                    "group_title": "Группа 1"
                },
                "mass": 1100.0,
                "size": {
                    "width": 1100,
                    "height": 560,
                    "length": 1300
                },
                "sort": 1,
                "type": "box",
                "count": 1,
                "margin": {
                    "width": 0,
                    "height": 0,
                    "length": 0
                },
                "cargo_id": "sempr10bejirqhcutijhgqxr9nbqwsh7",
                "stacking": false,
                "turnover": false,
                "margin_width": 0,
                "margin_length": 0,
                "stacking_limit": 0
            },
            {
                "info": {
                    "color": "#8ca51d",
                    "title": "калибр500",
                    "article": "",
                    "group_id": "14foigt0eghwvmcuaryeyanvhpymdsah",
                    "group_title": "Группа 1"
                },
                "mass": 140.0,
                "size": {
                    "width": 800,
                    "height": 250,
                    "length": 800
                },
                "sort": 1,
                "type": "box",
                "count": 1,
                "margin": {
                    "width": 0,
                    "height": 0,
                    "length": 0
                },
                "cargo_id": "edqgju9gsp32gr0hwdqjzkdpd022ehhs",
                "stacking": false,
                "turnover": false,
                "margin_width": 0,
                "margin_length": 0,
                "stacking_limit": 0
            },
            {
                "info": {
                    "color": "#5976f7",
                    "title": "калибр 400",
                    "article": "",
                    "group_id": "14foigt0eghwvmcuaryeyanvhpymdsah",
                    "group_title": "Группа 1"
                },
                "mass": 140.0,
                "size": {
                    "width": 800,
                    "height": 250,
                    "length": 800
                },
                "sort": 1,
                "type": "box",
                "count": 1,
                "margin": {
                    "width": 0,
                    "height": 0,
                    "length": 0
                },
                "cargo_id": "1skuqsg7wluou4aloyapbxnxvox9h0ch",
                "stacking": false,
                "turnover": false,
                "margin_width": 0,
                "margin_length": 0,
                "stacking_limit": 0
            },
            {
                "info": {
                    "color": "#ce4d16",
                    "title": "дорн 500 13-6",
                    "article": "",
                    "group_id": "14foigt0eghwvmcuaryeyanvhpymdsah",
                    "group_title": "Группа 1"
                },
                "mass": 520.0,
                "size": {
                    "width": 1100,
                    "height": 570,
                    "length": 1300
                },
                "sort": 1,
                "type": "box",
                "count": 1,
                "margin": {
                    "width": 0,
                    "height": 0,
                    "length": 0
                },
                "cargo_id": "eb2x4uimoswjiydwnljab2uovupr8mwd",
                "stacking": false,
                "turnover": false,
                "margin_width": 0,
                "margin_length": 0,
                "stacking_limit": 0
            },
            {
                "info": {
                    "color": "#d30acc",
                    "title": "маркиратор400",
                    "article": "",
                    "group_id": "14foigt0eghwvmcuaryeyanvhpymdsah",
                    "group_title": "Группа 1"
                },
                "mass": 300.0,
                "size": {
                    "width": 1000,
                    "height": 1850,
                    "length": 1300
                },
                "sort": 1,
                "type": "box",
                "count": 1,
                "margin": {
                    "width": 0,
                    "height": 0,
                    "length": 0
                },
                "cargo_id": "mptxkrtjddbufq85esedb02scjgjtqb0",
                "stacking": false,
                "turnover": false,
                "margin_width": 0,
                "margin_length": 0,
                "stacking_limit": 0
            },
            {
                "info": {
                    "color": "#22ccd8",
                    "title": "масло-теплоноситель",
                    "article": "",
                    "group_id": "14foigt0eghwvmcuaryeyanvhpymdsah",
                    "group_title": "Группа 1"
                },
                "mass": 250.0,
                "size": {
                    "width": 1100,
                    "height": 1100,
                    "length": 1200
                },
                "sort": 1,
                "type": "box",
                "count": 1,
                "margin": {
                    "width": 0,
                    "height": 0,
                    "length": 0
                },
                "cargo_id": "b7jpzgr4b4mkg6x6fyqy5mrrxaqhh4mh",
                "stacking": false,
                "turnover": false,
                "margin_width": 0,
                "margin_length": 0,
                "stacking_limit": 0
            },
            {
                "info": {
                    "color": "#3aead3",
                    "title": "намотчик",
                    "article": "",
                    "group_id": "14foigt0eghwvmcuaryeyanvhpymdsah",
                    "group_title": "Группа 1"
                },
                "mass": 2500.0,
                "size": {
                    "width": 2400,
                    "height": 2300,
                    "length": 3000
                },
                "sort": 1,
                "type": "box",
                "count": 1,
                "margin": {
                    "width": 0,
                    "height": 0,
                    "length": 0
                },
                "cargo_id": "q7gorjzrqnxfop5jliuth4reiwlskfdw",
                "stacking": false,
                "turnover": false,
                "margin_width": 0,
                "margin_length": 0,
                "stacking_limit": 0
            },
            {
                "info": {
                    "color": "#e82243",
                    "title": "половина барабана намотчика",
                    "article": "",
                    "group_id": "14foigt0eghwvmcuaryeyanvhpymdsah",
                    "group_title": "Группа 1"
                },
                "mass": 300.0,
                "size": {
                    "width": 1500,
                    "height": 1200,
                    "length": 3000
                },
                "sort": 1,
                "type": "box",
                "count": 1,
                "margin": {
                    "width": 0,
                    "height": 0,
                    "length": 0
                },
                "cargo_id": "50pzmj6e3xwsrsvmqxvhqutvk2tgs6kt",
                "stacking": false,
                "turnover": false,
                "margin_width": 0,
                "margin_length": 0,
                "stacking_limit": 0
            },
            {
                "info": {
                    "color": "#11289b",
                    "title": "двигатель",
                    "article": "",
                    "group_id": "14foigt0eghwvmcuaryeyanvhpymdsah",
                    "group_title": "Группа 1"
                },
                "mass": 1500.0,
                "size": {
                    "width": 700,
                    "height": 1200,
                    "length": 1400
                },
                "sort": 1,
                "type": "box",
                "count": 1,
                "margin": {
                    "width": 0,
                    "height": 0,
                    "length": 0
                },
                "cargo_id": "o7lkylkvcfxawwfi5ln69iuoiztrz1mj",
                "stacking": false,
                "turnover": false,
                "margin_width": 0,
                "margin_length": 0,
                "stacking_limit": 0
            },
            {
                "info": {
                    "color": "#ed8d34",
                    "title": "мотор-редуктор",
                    "article": "",
                    "group_id": "14foigt0eghwvmcuaryeyanvhpymdsah",
                    "group_title": "Группа 1"
                },
                "mass": 150.0,
                "size": {
                    "width": 600,
                    "height": 600,
                    "length": 1000
                },
                "sort": 1,
                "type": "box",
                "count": 1,
                "margin": {
                    "width": 0,
                    "height": 0,
                    "length": 0
                },
                "cargo_id": "bivenwwgj42irs49jstxdxj79p2brz24",
                "stacking": false,
                "turnover": false,
                "margin_width": 0,
                "margin_length": 0,
                "stacking_limit": 0
            },
            {
                "info": {
                    "color": "#550ccc",
                    "title": "траки тянущего",
                    "article": "",
                    "group_id": "14foigt0eghwvmcuaryeyanvhpymdsah",
                    "group_title": "Группа 1"
                },
                "mass": 400.0,
                "size": {
                    "width": 1200,
                    "height": 500,
                    "length": 2500
                },
                "sort": 1,
                "type": "box",
                "count": 1,
                "margin": {
                    "width": 0,
                    "height": 0,
                    "length": 0
                },
                "cargo_id": "kqkmapsrcu6y1tmaf8mkpxn81t4ix3pu",
                "stacking": false,
                "turnover": false,
                "margin_width": 0,
                "margin_length": 0,
                "stacking_limit": 0
            },
            {
                "info": {
                    "color": "#6af5f7",
                    "title": "рельса",
                    "article": "",
                    "group_id": "14foigt0eghwvmcuaryeyanvhpymdsah",
                    "group_title": "Группа 1"
                },
                "mass": 500.0,
                "size": {
                    "width": 1600,
                    "height": 500,
                    "length": 1600
                },
                "sort": 1,
                "type": "box",
                "count": 1,
                "margin": {
                    "width": 0,
                    "height": 0,
                    "length": 0
                },
                "cargo_id": "gycctksplhmhmysrt7n4wvoe5kr6ukdm",
                "stacking": false,
                "turnover": false,
                "margin_width": 0,
                "margin_length": 0,
                "stacking_limit": 0
            },
            {
                "info": {
                    "color": "#896bf4",
                    "title": "манжеты",
                    "article": "",
                    "group_id": "14foigt0eghwvmcuaryeyanvhpymdsah",
                    "group_title": "Группа 1"
                },
                "mass": 300.0,
                "size": {
                    "width": 1050,
                    "height": 1000,
                    "length": 1250
                },
                "sort": 1,
                "type": "box",
                "count": 1,
                "margin": {
                    "width": 0,
                    "height": 0,
                    "length": 0
                },
                "cargo_id": "j9bgdxrqs68flmxsniirohuxpgkuqflg",
                "stacking": false,
                "turnover": false,
                "margin_width": 0,
                "margin_length": 0,
                "stacking_limit": 0
            },
            {
                "info": {
                    "color": "#2a498c",
                    "title": "термостат",
                    "article": "",
                    "group_id": "14foigt0eghwvmcuaryeyanvhpymdsah",
                    "group_title": "Группа 1"
                },
                "mass": 100.0,
                "size": {
                    "width": 400,
                    "height": 750,
                    "length": 650
                },
                "sort": 1,
                "type": "box",
                "count": 1,
                "margin": {
                    "width": 0,
                    "height": 0,
                    "length": 0
                },
                "cargo_id": "btysoqeg8q5osav0xnyv2lt2k7dscz0c",
                "stacking": false,
                "turnover": false,
                "margin_width": 0,
                "margin_length": 0,
                "stacking_limit": 0
            },
            {
                "info": {
                    "color": "#1160aa",
                    "title": "шестерня",
                    "article": "",
                    "group_id": "14foigt0eghwvmcuaryeyanvhpymdsah",
                    "group_title": "Группа 1"
                },
                "mass": 100.0,
                "size": {
                    "width": 1000,
                    "height": 100,
                    "length": 1000
                },
                "sort": 1,
                "type": "box",
                "count": 1,
                "margin": {
                    "width": 0,
                    "height": 0,
                    "length": 0
                },
                "cargo_id": "rahmweantkdf58imsohwtv9nuk5wcxaq",
                "stacking": false,
                "turnover": false,
                "margin_width": 0,
                "margin_length": 0,
                "stacking_limit": 0
            },
            {
                "info": {
                    "color": "#73f954",
                    "title": "матрица",
                    "article": "",
                    "group_id": "14foigt0eghwvmcuaryeyanvhpymdsah",
                    "group_title": "Группа 1"
                },
                "mass": 1130.0,
                "size": {
                    "width": 1000,
                    "height": 620,
                    "length": 1200
                },
                "sort": 1,
                "type": "box",
                "count": 1,
                "margin": {
                    "width": 0,
                    "height": 0,
                    "length": 0
                },
                "cargo_id": "vhwt0etdb7nnerjxdooyrzr9gnaf5bte",
                "stacking": false,
                "turnover": false,
                "margin_width": 0,
                "margin_length": 0,
                "stacking_limit": 0
            }
        ],
        "settings": {
            "rank": false,
            "max_step": 100,
            "min_step": 50,
            "usersort": false,
            "hardlimit": 1801,
            "timelimit": 1800,
            "step_scaling": 10
        },
        "put_boxes": [],
        "initial_id": 0,
        "cargo_space": {
            "id": 201,
            "info": {
                "uid": "201_0",
                "sort": 0,
                "title": "KRONE SDP 27"
            },
            "mass": 6500,
            "size": {
                "width": 2480,
                "height": 2860,
                "length": 13692
            },
            "type": "truck",
            "axles": [
                {
                    "title": "Ось 1",
                    "distance": 1155,
                    "max_load": 9000,
                    "default_load": 1665
                },
                {
                    "title": "Ось 2",
                    "distance": 1282,
                    "max_load": 9000,
                    "default_load": 1665
                },
                {
                    "title": "Ось 3",
                    "distance": 1300,
                    "max_load": 9000,
                    "default_load": 1670
                }
            ],
            "hitch": {
                "title": "",
                "distance": 7000,
                "max_load": 12000,
                "default_load": 1500
            },
            "title": "KRONE SDP 27",
            "tractor": {
                "mass": 9000,
                "axles": [
                    {
                        "title": "Ось 1",
                        "distance": 1410,
                        "max_load": 8000,
                        "default_load": 6000
                    },
                    {
                        "title": "Ось 2",
                        "distance": 2827,
                        "max_load": 11000,
                        "default_load": 2300
                    },
                    {
                        "title": "Ось 3",
                        "distance": 1395,
                        "max_load": 10000,
                        "default_load": 2200
                    }
                ],
                "title": "IVECO STRALIS AT440S42",
                "length": 6140,
                "hitch_distance": 778
            },
            "indentation": {
                "width": 0,
                "height": 0,
                "length": 46,
                "height_top": 0,
                "length_end": 46,
                "width_right": 0
            },
            "loading_size": {
                "width": 2480,
                "height": 2860,
                "length": 13600
            },
            "carrying_capacity": 32500
        },
        "calculation_id": "16575"
    },
    "data_result": {
        "boxes": [
            {
                "id": 7,
                "info": {
                    "color": "#3aead3",
                    "title": "намотчик",
                    "article": "",
                    "group_id": "14foigt0eghwvmcuaryeyanvhpymdsah",
                    "group_title": "Группа 1"
                },
                "mass": 2500.0,
                "size": {
                    "width": 2400.0,
                    "height": 2300.0,
                    "length": 3000.0
                },
                "sort": 1,
                "step": 1,
                "type": "box",
                "margin": {
                    "width": 0.0,
                    "height": 0.0,
                    "length": 0.0
                },
                "cargo_id": "q7gorjzrqnxfop5jliuth4reiwlskfdw",
                "position": {
                    "x": 0.0,
                    "y": 0.0,
                    "z": 0.0
                },
                "stacking": false,
                "turnover": false,
                "rotation_state": 0,
                "stacking_limit": 0.0,
                "calculated_size": {
                    "width": 2400.0,
                    "height": 2300.0,
                    "length": 3000.0
                },
                "virtual_positions": null
            },
            {
                "id": 9,
                "info": {
                    "color": "#11289b",
                    "title": "двигатель",
                    "article": "",
                    "group_id": "14foigt0eghwvmcuaryeyanvhpymdsah",
                    "group_title": "Группа 1"
                },
                "mass": 1500.0,
                "size": {
                    "width": 700.0,
                    "height": 1200.0,
                    "length": 1400.0
                },
                "sort": 1,
                "step": 2,
                "type": "box",
                "margin": {
                    "width": 0.0,
                    "height": 0.0,
                    "length": 0.0
                },
                "cargo_id": "o7lkylkvcfxawwfi5ln69iuoiztrz1mj",
                "position": {
                    "x": 3000.0,
                    "y": 0.0,
                    "z": 1500.0
                },
                "stacking": false,
                "turnover": false,
                "rotation_state": 0,
                "stacking_limit": 0.0,
                "calculated_size": {
                    "width": 700.0,
                    "height": 1200.0,
                    "length": 1400.0
                },
                "virtual_positions": null
            },
            {
                "id": 3,
                "info": {
                    "color": "#5976f7",
                    "title": "калибр 400",
                    "article": "",
                    "group_id": "14foigt0eghwvmcuaryeyanvhpymdsah",
                    "group_title": "Группа 1"
                },
                "mass": 140.0,
                "size": {
                    "width": 800.0,
                    "height": 250.0,
                    "length": 800.0
                },
                "sort": 1,
                "step": 3,
                "type": "box",
                "margin": {
                    "width": 0.0,
                    "height": 0.0,
                    "length": 0.0
                },
                "cargo_id": "1skuqsg7wluou4aloyapbxnxvox9h0ch",
                "position": {
                    "x": 4400.0,
                    "y": 0.0,
                    "z": 1500.0
                },
                "stacking": false,
                "turnover": false,
                "rotation_state": 0,
                "stacking_limit": 0.0,
                "calculated_size": {
                    "width": 800.0,
                    "height": 250.0,
                    "length": 800.0
                },
                "virtual_positions": null
            },
            {
                "id": 2,
                "info": {
                    "color": "#8ca51d",
                    "title": "калибр500",
                    "article": "",
                    "group_id": "14foigt0eghwvmcuaryeyanvhpymdsah",
                    "group_title": "Группа 1"
                },
                "mass": 140.0,
                "size": {
                    "width": 800.0,
                    "height": 250.0,
                    "length": 800.0
                },
                "sort": 1,
                "step": 4,
                "type": "box",
                "margin": {
                    "width": 0.0,
                    "height": 0.0,
                    "length": 0.0
                },
                "cargo_id": "edqgju9gsp32gr0hwdqjzkdpd022ehhs",
                "position": {
                    "x": 5200.0,
                    "y": 0.0,
                    "z": 1500.0
                },
                "stacking": false,
                "turnover": false,
                "rotation_state": 0,
                "stacking_limit": 0.0,
                "calculated_size": {
                    "width": 800.0,
                    "height": 250.0,
                    "length": 800.0
                },
                "virtual_positions": null
            },
            {
                "id": 8,
                "info": {
                    "color": "#e82243",
                    "title": "половина барабана намотчика",
                    "article": "",
                    "group_id": "14foigt0eghwvmcuaryeyanvhpymdsah",
                    "group_title": "Группа 1"
                },
                "mass": 300.0,
                "size": {
                    "width": 1500.0,
                    "height": 1200.0,
                    "length": 3000.0
                },
                "sort": 1,
                "step": 5,
                "type": "box",
                "margin": {
                    "width": 0.0,
                    "height": 0.0,
                    "length": 0.0
                },
                "cargo_id": "50pzmj6e3xwsrsvmqxvhqutvk2tgs6kt",
                "position": {
                    "x": 3000.0,
                    "y": 0.0,
                    "z": 0.0
                },
                "stacking": false,
                "turnover": false,
                "rotation_state": 0,
                "stacking_limit": 0.0,
                "calculated_size": {
                    "width": 1500.0,
                    "height": 1200.0,
                    "length": 3000.0
                },
                "virtual_positions": null
            },
            {
                "id": 0,
                "info": {
                    "color": "#465abf",
                    "title": "дорн 63011",
                    "article": "",
                    "group_id": "14foigt0eghwvmcuaryeyanvhpymdsah",
                    "group_title": "Группа 1"
                },
                "mass": 580.0,
                "size": {
                    "width": 1100.0,
                    "height": 550.0,
                    "length": 1300.0
                },
                "sort": 1,
                "step": 6,
                "type": "box",
                "margin": {
                    "width": 0.0,
                    "height": 0.0,
                    "length": 0.0
                },
                "cargo_id": "zgg2fyxumqoqqoqlsb3idlprngxsmft7",
                "position": {
                    "x": 6000.0,
                    "y": 0.0,
                    "z": 1200.0
                },
                "stacking": false,
                "turnover": false,
                "rotation_state": 0,
                "stacking_limit": 0.0,
                "calculated_size": {
                    "width": 1100.0,
                    "height": 550.0,
                    "length": 1300.0
                },
                "virtual_positions": null
            },
            {
                "id": 16,
                "info": {
                    "color": "#73f954",
                    "title": "матрица",
                    "article": "",
                    "group_id": "14foigt0eghwvmcuaryeyanvhpymdsah",
                    "group_title": "Группа 1"
                },
                "mass": 1130.0,
                "size": {
                    "width": 1000.0,
                    "height": 620.0,
                    "length": 1200.0
                },
                "sort": 1,
                "step": 7,
                "type": "box",
                "margin": {
                    "width": 0.0,
                    "height": 0.0,
                    "length": 0.0
                },
                "cargo_id": "vhwt0etdb7nnerjxdooyrzr9gnaf5bte",
                "position": {
                    "x": 7300.0,
                    "y": 0.0,
                    "z": 1200.0
                },
                "stacking": false,
                "turnover": false,
                "rotation_state": 0,
                "stacking_limit": 0.0,
                "calculated_size": {
                    "width": 1000.0,
                    "height": 620.0,
                    "length": 1200.0
                },
                "virtual_positions": null
            },
            {
                "id": 11,
                "info": {
                    "color": "#550ccc",
                    "title": "траки тянущего",
                    "article": "",
                    "group_id": "14foigt0eghwvmcuaryeyanvhpymdsah",
                    "group_title": "Группа 1"
                },
                "mass": 400.0,
                "size": {
                    "width": 1200.0,
                    "height": 500.0,
                    "length": 2500.0
                },
                "sort": 1,
                "step": 8,
                "type": "box",
                "margin": {
                    "width": 0.0,
                    "height": 0.0,
                    "length": 0.0
                },
                "cargo_id": "kqkmapsrcu6y1tmaf8mkpxn81t4ix3pu",
                "position": {
                    "x": 6000.0,
                    "y": 0.0,
                    "z": 0.0
                },
                "stacking": false,
                "turnover": false,
                "rotation_state": 0,
                "stacking_limit": 0.0,
                "calculated_size": {
                    "width": 1200.0,
                    "height": 500.0,
                    "length": 2500.0
                },
                "virtual_positions": null
            },
            {
                "id": 10,
                "info": {
                    "color": "#ed8d34",
                    "title": "мотор-редуктор",
                    "article": "",
                    "group_id": "14foigt0eghwvmcuaryeyanvhpymdsah",
                    "group_title": "Группа 1"
                },
                "mass": 150.0,
                "size": {
                    "width": 600.0,
                    "height": 600.0,
                    "length": 1000.0
                },
                "sort": 1,
                "step": 9,
                "type": "box",
                "margin": {
                    "width": 0.0,
                    "height": 0.0,
                    "length": 0.0
                },
                "cargo_id": "bivenwwgj42irs49jstxdxj79p2brz24",
                "position": {
                    "x": 8500.0,
                    "y": 0.0,
                    "z": 1600.0
                },
                "stacking": false,
                "turnover": false,
                "rotation_state": 0,
                "stacking_limit": 0.0,
                "calculated_size": {
                    "width": 600.0,
                    "height": 600.0,
                    "length": 1000.0
                },
                "virtual_positions": null
            },
            {
                "id": 14,
                "info": {
                    "color": "#2a498c",
                    "title": "термостат",
                    "article": "",
                    "group_id": "14foigt0eghwvmcuaryeyanvhpymdsah",
                    "group_title": "Группа 1"
                },
                "mass": 100.0,
                "size": {
                    "width": 400.0,
                    "height": 750.0,
                    "length": 650.0
                },
                "sort": 1,
                "step": 10,
                "type": "box",
                "margin": {
                    "width": 0.0,
                    "height": 0.0,
                    "length": 0.0
                },
                "cargo_id": "btysoqeg8q5osav0xnyv2lt2k7dscz0c",
                "position": {
                    "x": 9500.0,
                    "y": 0.0,
                    "z": 2080.0
                },
                "stacking": false,
                "turnover": false,
                "rotation_state": 0,
                "stacking_limit": 0.0,
                "calculated_size": {
                    "width": 400.0,
                    "height": 750.0,
                    "length": 650.0
                },
                "virtual_positions": null
            },
            {
                "id": 12,
                "info": {
                    "color": "#6af5f7",
                    "title": "рельса",
                    "article": "",
                    "group_id": "14foigt0eghwvmcuaryeyanvhpymdsah",
                    "group_title": "Группа 1"
                },
                "mass": 500.0,
                "size": {
                    "width": 1600.0,
                    "height": 500.0,
                    "length": 1600.0
                },
                "sort": 1,
                "step": 11,
                "type": "box",
                "margin": {
                    "width": 0.0,
                    "height": 0.0,
                    "length": 0.0
                },
                "cargo_id": "gycctksplhmhmysrt7n4wvoe5kr6ukdm",
                "position": {
                    "x": 8500.0,
                    "y": 0.0,
                    "z": 0.0
                },
                "stacking": false,
                "turnover": false,
                "rotation_state": 0,
                "stacking_limit": 0.0,
                "calculated_size": {
                    "width": 1600.0,
                    "height": 500.0,
                    "length": 1600.0
                },
                "virtual_positions": null
            },
            {
                "id": 15,
                "info": {
                    "color": "#1160aa",
                    "title": "шестерня",
                    "article": "",
                    "group_id": "14foigt0eghwvmcuaryeyanvhpymdsah",
                    "group_title": "Группа 1"
                },
                "mass": 100.0,
                "size": {
                    "width": 1000.0,
                    "height": 100.0,
                    "length": 1000.0
                },
                "sort": 1,
                "step": 12,
                "type": "box",
                "margin": {
                    "width": 0.0,
                    "height": 0.0,
                    "length": 0.0
                },
                "cargo_id": "rahmweantkdf58imsohwtv9nuk5wcxaq",
                "position": {
                    "x": 10150.0,
                    "y": 0.0,
                    "z": 1480.0
                },
                "stacking": false,
                "turnover": false,
                "rotation_state": 0,
                "stacking_limit": 0.0,
                "calculated_size": {
                    "width": 1000.0,
                    "height": 100.0,
                    "length": 1000.0
                },
                "virtual_positions": null
            },
            {
                "id": 1,
                "info": {
                    "color": "#2fe073",
                    "title": "матрица 630",
                    "article": "",
                    "group_id": "14foigt0eghwvmcuaryeyanvhpymdsah",
                    "group_title": "Группа 1"
                },
                "mass": 1100.0,
                "size": {
                    "width": 1100.0,
                    "height": 560.0,
                    "length": 1300.0
                },
                "sort": 1,
                "step": 13,
                "type": "box",
                "margin": {
                    "width": 0.0,
                    "height": 0.0,
                    "length": 0.0
                },
                "cargo_id": "sempr10bejirqhcutijhgqxr9nbqwsh7",
                "position": {
                    "x": 10100.0,
                    "y": 0.0,
                    "z": 0.0
                },
                "stacking": false,
                "turnover": false,
                "rotation_state": 1,
                "stacking_limit": 0.0,
                "calculated_size": {
                    "width": 1300.0,
                    "height": 560.0,
                    "length": 1100.0
                },
                "virtual_positions": null
            },
            {
                "id": 13,
                "info": {
                    "color": "#896bf4",
                    "title": "манжеты",
                    "article": "",
                    "group_id": "14foigt0eghwvmcuaryeyanvhpymdsah",
                    "group_title": "Группа 1"
                },
                "mass": 300.0,
                "size": {
                    "width": 1050.0,
                    "height": 1000.0,
                    "length": 1250.0
                },
                "sort": 1,
                "step": 14,
                "type": "box",
                "margin": {
                    "width": 0.0,
                    "height": 0.0,
                    "length": 0.0
                },
                "cargo_id": "j9bgdxrqs68flmxsniirohuxpgkuqflg",
                "position": {
                    "x": 11150.0,
                    "y": 0.0,
                    "z": 1430.0
                },
                "stacking": false,
                "turnover": false,
                "rotation_state": 0,
                "stacking_limit": 0.0,
                "calculated_size": {
                    "width": 1050.0,
                    "height": 1000.0,
                    "length": 1250.0
                },
                "virtual_positions": null
            },
            {
                "id": 4,
                "info": {
                    "color": "#ce4d16",
                    "title": "дорн 500 13-6",
                    "article": "",
                    "group_id": "14foigt0eghwvmcuaryeyanvhpymdsah",
                    "group_title": "Группа 1"
                },
                "mass": 520.0,
                "size": {
                    "width": 1100.0,
                    "height": 570.0,
                    "length": 1300.0
                },
                "sort": 1,
                "step": 15,
                "type": "box",
                "margin": {
                    "width": 0.0,
                    "height": 0.0,
                    "length": 0.0
                },
                "cargo_id": "eb2x4uimoswjiydwnljab2uovupr8mwd",
                "position": {
                    "x": 11200.0,
                    "y": 0.0,
                    "z": 0.0
                },
                "stacking": false,
                "turnover": false,
                "rotation_state": 1,
                "stacking_limit": 0.0,
                "calculated_size": {
                    "width": 1300.0,
                    "height": 570.0,
                    "length": 1100.0
                },
                "virtual_positions": null
            },
            {
                "id": 6,
                "info": {
                    "color": "#22ccd8",
                    "title": "масло-теплоноситель",
                    "article": "",
                    "group_id": "14foigt0eghwvmcuaryeyanvhpymdsah",
                    "group_title": "Группа 1"
                },
                "mass": 250.0,
                "size": {
                    "width": 1100.0,
                    "height": 1100.0,
                    "length": 1200.0
                },
                "sort": 1,
                "step": 16,
                "type": "box",
                "margin": {
                    "width": 0.0,
                    "height": 0.0,
                    "length": 0.0
                },
                "cargo_id": "b7jpzgr4b4mkg6x6fyqy5mrrxaqhh4mh",
                "position": {
                    "x": 12400.0,
                    "y": 0.0,
                    "z": 1380.0
                },
                "stacking": false,
                "turnover": false,
                "rotation_state": 0,
                "stacking_limit": 0.0,
                "calculated_size": {
                    "width": 1100.0,
                    "height": 1100.0,
                    "length": 1200.0
                },
                "virtual_positions": null
            },
            {
                "id": 5,
                "info": {
                    "color": "#d30acc",
                    "title": "маркиратор400",
                    "article": "",
                    "group_id": "14foigt0eghwvmcuaryeyanvhpymdsah",
                    "group_title": "Группа 1"
                },
                "mass": 300.0,
                "size": {
                    "width": 1000.0,
                    "height": 1850.0,
                    "length": 1300.0
                },
                "sort": 1,
                "step": 17,
                "type": "box",
                "margin": {
                    "width": 0.0,
                    "height": 0.0,
                    "length": 0.0
                },
                "cargo_id": "mptxkrtjddbufq85esedb02scjgjtqb0",
                "position": {
                    "x": 12300.0,
                    "y": 0.0,
                    "z": 0.0
                },
                "stacking": false,
                "turnover": false,
                "rotation_state": 0,
                "stacking_limit": 0.0,
                "calculated_size": {
                    "width": 1000.0,
                    "height": 1850.0,
                    "length": 1300.0
                },
                "virtual_positions": null
            }
        ],
        "version": 5,
        "cargo_space": {
            "id": 201,
            "info": {
                "uid": "201_0",
                "sort": 0,
                "title": "KRONE SDP 27"
            },
            "mass": 6500.0,
            "size": {
                "width": 2480.0,
                "height": 2860.0,
                "length": 13692.0
            },
            "type": "truck",
            "axles": [
                {
                    "title": "Ось 1",
                    "distance": 1155.0,
                    "max_load": 9000.0,
                    "default_load": 1665.0,
                    "calculated_load": 3930.82432
                },
                {
                    "title": "Ось 2",
                    "distance": 1282.0,
                    "max_load": 9000.0,
                    "default_load": 1665.0,
                    "calculated_load": 3930.82432
                },
                {
                    "title": "Ось 3",
                    "distance": 1300.0,
                    "max_load": 9000.0,
                    "default_load": 1670.0,
                    "calculated_load": 3935.82432
                }
            ],
            "hitch": {
                "title": "",
                "distance": 7000.0,
                "max_load": 12000.0,
                "default_load": 1500.0,
                "calculated_load": 4712.52703
            },
            "tractor": {
                "mass": 9000.0,
                "axles": [
                    {
                        "title": "Ось 1",
                        "distance": 1410.0,
                        "max_load": 8000.0,
                        "default_load": 6000.0,
                        "calculated_load": 6709.13492
                    },
                    {
                        "title": "Ось 2",
                        "distance": 2827.0,
                        "max_load": 11000.0,
                        "default_load": 2300.0,
                        "calculated_load": 3551.69605
                    },
                    {
                        "title": "Ось 3",
                        "distance": 1395.0,
                        "max_load": 10000.0,
                        "default_load": 2200.0,
                        "calculated_load": 3451.69605
                    }
                ],
                "length": 6140.0,
                "hitch_distance": 778.0
            },
            "full_length": 13692.0,
            "indentation": {
                "width": 0.0,
                "height": 0.0,
                "length": 46.0,
                "height_top": 0.0,
                "length_end": 46.0,
                "width_right": 0.0
            },
            "loading_size": {
                "width": 2480.0,
                "height": 2860.0,
                "length": 13600.0
            },
            "calculation_info": {
                "step_count": 17,
                "cargos_mass": 10.01,
                "load_volume": 96.46208,
                "cargos_volume": 35.2069,
                "count_cargoes": 17,
                "load_capacity": 32.5,
                "loading_height": 2.3,
                "density_percent": 45.38469,
                "remaining_volume": 61.25518,
                "void_space_percent": 63.50182,
                "filling_space_percent": 36.49818
            },
            "carrying_capacity": 32500.0,
            "real_center_of_gravity": [
                6426.573426573425,
                582.7672327672327,
                1307.7922077922078
            ],
            "ideal_center_of_gravity": [
                6800.0,
                0.0,
                1240.0
            ]
        },
        "cargo_groups": [],
        "packing_type": "PackingTruck PackingTwoBoxesInLayer",
        "calculation_id": 16575,
        "invalid_errors": [],
        "unpacked_errors": [],
        "validate_errors": [],
        "is_packed_same_boxes": false
    }
}