{
    "data": {
        "cargoes": [
            {
                "info": {
                    "color": "#c107a2",
                    "title": "паллет",
                    "article": "",
                    "group_id": "1gcm9xshsiu9tgnuyedvynsxsmt15hu4",
                    "group_title": "Группа 1"
                },
                "mass": 150.0,
                "size": {
                    "width": 1200,
                    "height": 1800,
                    "length": 1200
                },
                "sort": 1,
                "type": "box",
                "count": 25,
                "margin": {
                    "width": 0,
                    "height": 0,
                    "length": 0
                },
                "cargo_id": "ljdxpkq9sttgwcmkdic7leyviswfznrs",
                "stacking": true,
                "turnover": true,
                "margin_width": 0,
                "margin_length": 0,
                "stacking_limit": 0
            }
        ],
        "settings": {
            "rank": false,
            "max_step": 100,
            "min_step": 50,
            "usersort": false,
            "hardlimit": 1801,
            "timelimit": 1800,
            "step_scaling": 10
        },
        "put_boxes": [],
        "initial_id": 0,
        "cargo_space": {
            "id": 265,
            "info": {
                "uid": "265_0",
                "sort": 0,
                "title": "40' HCPW (valid)"
            },
            "mass": 4400,
            "size": {
                "width": 2500,
                "height": 2896,
                "length": 12192
            },
            "type": "container",
            "axles": [],
            "title": "40' HCPW (valid)",
            "indentation": {
                "width": 34,
                "height": 0,
                "length": 80,
                "height_top": 198,
                "length_end": 80,
                "width_right": 34
            },
            "loading_size": {
                "width": 2432,
                "height": 2698,
                "length": 12032
            },
            "carrying_capacity": 30720
        },
        "calculation_id": "16329"
    },
    "data_result": {
        "boxes": [
            {
                "id": 1,
                "info": {
                    "color": "#c107a2",
                    "title": "паллет",
                    "article": "",
                    "group_id": "1gcm9xshsiu9tgnuyedvynsxsmt15hu4",
                    "group_title": "Группа 1"
                },
                "mass": 150.0,
                "size": {
                    "width": 1200.0,
                    "height": 1800.0,
                    "length": 1200.0
                },
                "sort": 1,
                "step": 1,
                "type": "box",
                "margin": {
                    "width": 0.0,
                    "height": 0.0,
                    "length": 0.0
                },
                "cargo_id": "ljdxpkq9sttgwcmkdic7leyviswfznrs",
                "position": {
                    "x": 616.0,
                    "y": 0.0,
                    "z": 1200.0
                },
                "stacking": true,
                "turnover": true,
                "rotation_state": 2,
                "stacking_limit": 0.0,
                "calculated_size": {
                    "width": 1200.0,
                    "height": 1200.0,
                    "length": 1800.0
                },
                "virtual_positions": null
            },
            {
                "id": 0,
                "info": {
                    "color": "#c107a2",
                    "title": "паллет",
                    "article": "",
                    "group_id": "1gcm9xshsiu9tgnuyedvynsxsmt15hu4",
                    "group_title": "Группа 1"
                },
                "mass": 150.0,
                "size": {
                    "width": 1200.0,
                    "height": 1800.0,
                    "length": 1200.0
                },
                "sort": 1,
                "step": 2,
                "type": "box",
                "margin": {
                    "width": 0.0,
                    "height": 0.0,
                    "length": 0.0
                },
                "cargo_id": "ljdxpkq9sttgwcmkdic7leyviswfznrs",
                "position": {
                    "x": 616.0,
                    "y": 0.0,
                    "z": 0.0
                },
                "stacking": true,
                "turnover": true,
                "rotation_state": 2,
                "stacking_limit": 0.0,
                "calculated_size": {
                    "width": 1200.0,
                    "height": 1200.0,
                    "length": 1800.0
                },
                "virtual_positions": null
            },
            {
                "id": 13,
                "info": {
                    "color": "#c107a2",
                    "title": "паллет",
                    "article": "",
                    "group_id": "1gcm9xshsiu9tgnuyedvynsxsmt15hu4",
                    "group_title": "Группа 1"
                },
                "mass": 150.0,
                "size": {
                    "width": 1200.0,
                    "height": 1800.0,
                    "length": 1200.0
                },
                "sort": 1,
                "step": 3,
                "type": "box",
                "margin": {
                    "width": 0.0,
                    "height": 0.0,
                    "length": 0.0
                },
                "cargo_id": "ljdxpkq9sttgwcmkdic7leyviswfznrs",
                "position": {
                    "x": 616.0,
                    "y": 1200.0,
                    "z": 1200.0
                },
                "stacking": true,
                "turnover": true,
                "rotation_state": 2,
                "stacking_limit": 0.0,
                "calculated_size": {
                    "width": 1200.0,
                    "height": 1200.0,
                    "length": 1800.0
                },
                "virtual_positions": null
            },
            {
                "id": 12,
                "info": {
                    "color": "#c107a2",
                    "title": "паллет",
                    "article": "",
                    "group_id": "1gcm9xshsiu9tgnuyedvynsxsmt15hu4",
                    "group_title": "Группа 1"
                },
                "mass": 150.0,
                "size": {
                    "width": 1200.0,
                    "height": 1800.0,
                    "length": 1200.0
                },
                "sort": 1,
                "step": 4,
                "type": "box",
                "margin": {
                    "width": 0.0,
                    "height": 0.0,
                    "length": 0.0
                },
                "cargo_id": "ljdxpkq9sttgwcmkdic7leyviswfznrs",
                "position": {
                    "x": 616.0,
                    "y": 1200.0,
                    "z": 0.0
                },
                "stacking": true,
                "turnover": true,
                "rotation_state": 2,
                "stacking_limit": 0.0,
                "calculated_size": {
                    "width": 1200.0,
                    "height": 1200.0,
                    "length": 1800.0
                },
                "virtual_positions": null
            },
            {
                "id": 3,
                "info": {
                    "color": "#c107a2",
                    "title": "паллет",
                    "article": "",
                    "group_id": "1gcm9xshsiu9tgnuyedvynsxsmt15hu4",
                    "group_title": "Группа 1"
                },
                "mass": 150.0,
                "size": {
                    "width": 1200.0,
                    "height": 1800.0,
                    "length": 1200.0
                },
                "sort": 1,
                "step": 5,
                "type": "box",
                "margin": {
                    "width": 0.0,
                    "height": 0.0,
                    "length": 0.0
                },
                "cargo_id": "ljdxpkq9sttgwcmkdic7leyviswfznrs",
                "position": {
                    "x": 2416.0,
                    "y": 0.0,
                    "z": 1200.0
                },
                "stacking": true,
                "turnover": true,
                "rotation_state": 2,
                "stacking_limit": 0.0,
                "calculated_size": {
                    "width": 1200.0,
                    "height": 1200.0,
                    "length": 1800.0
                },
                "virtual_positions": null
            },
            {
                "id": 2,
                "info": {
                    "color": "#c107a2",
                    "title": "паллет",
                    "article": "",
                    "group_id": "1gcm9xshsiu9tgnuyedvynsxsmt15hu4",
                    "group_title": "Группа 1"
                },
                "mass": 150.0,
                "size": {
                    "width": 1200.0,
                    "height": 1800.0,
                    "length": 1200.0
                },
                "sort": 1,
                "step": 6,
                "type": "box",
                "margin": {
                    "width": 0.0,
                    "height": 0.0,
                    "length": 0.0
                },
                "cargo_id": "ljdxpkq9sttgwcmkdic7leyviswfznrs",
                "position": {
                    "x": 2416.0,
                    "y": 0.0,
                    "z": 0.0
                },
                "stacking": true,
                "turnover": true,
                "rotation_state": 2,
                "stacking_limit": 0.0,
                "calculated_size": {
                    "width": 1200.0,
                    "height": 1200.0,
                    "length": 1800.0
                },
                "virtual_positions": null
            },
            {
                "id": 15,
                "info": {
                    "color": "#c107a2",
                    "title": "паллет",
                    "article": "",
                    "group_id": "1gcm9xshsiu9tgnuyedvynsxsmt15hu4",
                    "group_title": "Группа 1"
                },
                "mass": 150.0,
                "size": {
                    "width": 1200.0,
                    "height": 1800.0,
                    "length": 1200.0
                },
                "sort": 1,
                "step": 7,
                "type": "box",
                "margin": {
                    "width": 0.0,
                    "height": 0.0,
                    "length": 0.0
                },
                "cargo_id": "ljdxpkq9sttgwcmkdic7leyviswfznrs",
                "position": {
                    "x": 2416.0,
                    "y": 1200.0,
                    "z": 1200.0
                },
                "stacking": true,
                "turnover": true,
                "rotation_state": 2,
                "stacking_limit": 0.0,
                "calculated_size": {
                    "width": 1200.0,
                    "height": 1200.0,
                    "length": 1800.0
                },
                "virtual_positions": null
            },
            {
                "id": 14,
                "info": {
                    "color": "#c107a2",
                    "title": "паллет",
                    "article": "",
                    "group_id": "1gcm9xshsiu9tgnuyedvynsxsmt15hu4",
                    "group_title": "Группа 1"
                },
                "mass": 150.0,
                "size": {
                    "width": 1200.0,
                    "height": 1800.0,
                    "length": 1200.0
                },
                "sort": 1,
                "step": 8,
                "type": "box",
                "margin": {
                    "width": 0.0,
                    "height": 0.0,
                    "length": 0.0
                },
                "cargo_id": "ljdxpkq9sttgwcmkdic7leyviswfznrs",
                "position": {
                    "x": 2416.0,
                    "y": 1200.0,
                    "z": 0.0
                },
                "stacking": true,
                "turnover": true,
                "rotation_state": 2,
                "stacking_limit": 0.0,
                "calculated_size": {
                    "width": 1200.0,
                    "height": 1200.0,
                    "length": 1800.0
                },
                "virtual_positions": null
            },
            {
                "id": 5,
                "info": {
                    "color": "#c107a2",
                    "title": "паллет",
                    "article": "",
                    "group_id": "1gcm9xshsiu9tgnuyedvynsxsmt15hu4",
                    "group_title": "Группа 1"
                },
                "mass": 150.0,
                "size": {
                    "width": 1200.0,
                    "height": 1800.0,
                    "length": 1200.0
                },
                "sort": 1,
                "step": 9,
                "type": "box",
                "margin": {
                    "width": 0.0,
                    "height": 0.0,
                    "length": 0.0
                },
                "cargo_id": "ljdxpkq9sttgwcmkdic7leyviswfznrs",
                "position": {
                    "x": 4216.0,
                    "y": 0.0,
                    "z": 1200.0
                },
                "stacking": true,
                "turnover": true,
                "rotation_state": 2,
                "stacking_limit": 0.0,
                "calculated_size": {
                    "width": 1200.0,
                    "height": 1200.0,
                    "length": 1800.0
                },
                "virtual_positions": null
            },
            {
                "id": 4,
                "info": {
                    "color": "#c107a2",
                    "title": "паллет",
                    "article": "",
                    "group_id": "1gcm9xshsiu9tgnuyedvynsxsmt15hu4",
                    "group_title": "Группа 1"
                },
                "mass": 150.0,
                "size": {
                    "width": 1200.0,
                    "height": 1800.0,
                    "length": 1200.0
                },
                "sort": 1,
                "step": 10,
                "type": "box",
                "margin": {
                    "width": 0.0,
                    "height": 0.0,
                    "length": 0.0
                },
                "cargo_id": "ljdxpkq9sttgwcmkdic7leyviswfznrs",
                "position": {
                    "x": 4216.0,
                    "y": 0.0,
                    "z": 0.0
                },
                "stacking": true,
                "turnover": true,
                "rotation_state": 2,
                "stacking_limit": 0.0,
                "calculated_size": {
                    "width": 1200.0,
                    "height": 1200.0,
                    "length": 1800.0
                },
                "virtual_positions": null
            },
            {
                "id": 17,
                "info": {
                    "color": "#c107a2",
                    "title": "паллет",
                    "article": "",
                    "group_id": "1gcm9xshsiu9tgnuyedvynsxsmt15hu4",
                    "group_title": "Группа 1"
                },
                "mass": 150.0,
                "size": {
                    "width": 1200.0,
                    "height": 1800.0,
                    "length": 1200.0
                },
                "sort": 1,
                "step": 11,
                "type": "box",
                "margin": {
                    "width": 0.0,
                    "height": 0.0,
                    "length": 0.0
                },
                "cargo_id": "ljdxpkq9sttgwcmkdic7leyviswfznrs",
                "position": {
                    "x": 4216.0,
                    "y": 1200.0,
                    "z": 1200.0
                },
                "stacking": true,
                "turnover": true,
                "rotation_state": 2,
                "stacking_limit": 0.0,
                "calculated_size": {
                    "width": 1200.0,
                    "height": 1200.0,
                    "length": 1800.0
                },
                "virtual_positions": null
            },
            {
                "id": 16,
                "info": {
                    "color": "#c107a2",
                    "title": "паллет",
                    "article": "",
                    "group_id": "1gcm9xshsiu9tgnuyedvynsxsmt15hu4",
                    "group_title": "Группа 1"
                },
                "mass": 150.0,
                "size": {
                    "width": 1200.0,
                    "height": 1800.0,
                    "length": 1200.0
                },
                "sort": 1,
                "step": 12,
                "type": "box",
                "margin": {
                    "width": 0.0,
                    "height": 0.0,
                    "length": 0.0
                },
                "cargo_id": "ljdxpkq9sttgwcmkdic7leyviswfznrs",
                "position": {
                    "x": 4216.0,
                    "y": 1200.0,
                    "z": 0.0
                },
                "stacking": true,
                "turnover": true,
                "rotation_state": 2,
                "stacking_limit": 0.0,
                "calculated_size": {
                    "width": 1200.0,
                    "height": 1200.0,
                    "length": 1800.0
                },
                "virtual_positions": null
            },
            {
                "id": 7,
                "info": {
                    "color": "#c107a2",
                    "title": "паллет",
                    "article": "",
                    "group_id": "1gcm9xshsiu9tgnuyedvynsxsmt15hu4",
                    "group_title": "Группа 1"
                },
                "mass": 150.0,
                "size": {
                    "width": 1200.0,
                    "height": 1800.0,
                    "length": 1200.0
                },
                "sort": 1,
                "step": 13,
                "type": "box",
                "margin": {
                    "width": 0.0,
                    "height": 0.0,
                    "length": 0.0
                },
                "cargo_id": "ljdxpkq9sttgwcmkdic7leyviswfznrs",
                "position": {
                    "x": 6016.0,
                    "y": 0.0,
                    "z": 1200.0
                },
                "stacking": true,
                "turnover": true,
                "rotation_state": 2,
                "stacking_limit": 0.0,
                "calculated_size": {
                    "width": 1200.0,
                    "height": 1200.0,
                    "length": 1800.0
                },
                "virtual_positions": null
            },
            {
                "id": 6,
                "info": {
                    "color": "#c107a2",
                    "title": "паллет",
                    "article": "",
                    "group_id": "1gcm9xshsiu9tgnuyedvynsxsmt15hu4",
                    "group_title": "Группа 1"
                },
                "mass": 150.0,
                "size": {
                    "width": 1200.0,
                    "height": 1800.0,
                    "length": 1200.0
                },
                "sort": 1,
                "step": 14,
                "type": "box",
                "margin": {
                    "width": 0.0,
                    "height": 0.0,
                    "length": 0.0
                },
                "cargo_id": "ljdxpkq9sttgwcmkdic7leyviswfznrs",
                "position": {
                    "x": 6016.0,
                    "y": 0.0,
                    "z": 0.0
                },
                "stacking": true,
                "turnover": true,
                "rotation_state": 2,
                "stacking_limit": 0.0,
                "calculated_size": {
                    "width": 1200.0,
                    "height": 1200.0,
                    "length": 1800.0
                },
                "virtual_positions": null
            },
            {
                "id": 19,
                "info": {
                    "color": "#c107a2",
                    "title": "паллет",
                    "article": "",
                    "group_id": "1gcm9xshsiu9tgnuyedvynsxsmt15hu4",
                    "group_title": "Группа 1"
                },
                "mass": 150.0,
                "size": {
                    "width": 1200.0,
                    "height": 1800.0,
                    "length": 1200.0
                },
                "sort": 1,
                "step": 15,
                "type": "box",
                "margin": {
                    "width": 0.0,
                    "height": 0.0,
                    "length": 0.0
                },
                "cargo_id": "ljdxpkq9sttgwcmkdic7leyviswfznrs",
                "position": {
                    "x": 6016.0,
                    "y": 1200.0,
                    "z": 1200.0
                },
                "stacking": true,
                "turnover": true,
                "rotation_state": 2,
                "stacking_limit": 0.0,
                "calculated_size": {
                    "width": 1200.0,
                    "height": 1200.0,
                    "length": 1800.0
                },
                "virtual_positions": null
            },
            {
                "id": 18,
                "info": {
                    "color": "#c107a2",
                    "title": "паллет",
                    "article": "",
                    "group_id": "1gcm9xshsiu9tgnuyedvynsxsmt15hu4",
                    "group_title": "Группа 1"
                },
                "mass": 150.0,
                "size": {
                    "width": 1200.0,
                    "height": 1800.0,
                    "length": 1200.0
                },
                "sort": 1,
                "step": 16,
                "type": "box",
                "margin": {
                    "width": 0.0,
                    "height": 0.0,
                    "length": 0.0
                },
                "cargo_id": "ljdxpkq9sttgwcmkdic7leyviswfznrs",
                "position": {
                    "x": 6016.0,
                    "y": 1200.0,
                    "z": 0.0
                },
                "stacking": true,
                "turnover": true,
                "rotation_state": 2,
                "stacking_limit": 0.0,
                "calculated_size": {
                    "width": 1200.0,
                    "height": 1200.0,
                    "length": 1800.0
                },
                "virtual_positions": null
            },
            {
                "id": 8,
                "info": {
                    "color": "#c107a2",
                    "title": "паллет",
                    "article": "",
                    "group_id": "1gcm9xshsiu9tgnuyedvynsxsmt15hu4",
                    "group_title": "Группа 1"
                },
                "mass": 150.0,
                "size": {
                    "width": 1200.0,
                    "height": 1800.0,
                    "length": 1200.0
                },
                "sort": 1,
                "step": 17,
                "type": "box",
                "margin": {
                    "width": 0.0,
                    "height": 0.0,
                    "length": 0.0
                },
                "cargo_id": "ljdxpkq9sttgwcmkdic7leyviswfznrs",
                "position": {
                    "x": 7816.0,
                    "y": 0.0,
                    "z": 1232.0
                },
                "stacking": true,
                "turnover": true,
                "rotation_state": 2,
                "stacking_limit": 0.0,
                "calculated_size": {
                    "width": 1200.0,
                    "height": 1200.0,
                    "length": 1800.0
                },
                "virtual_positions": null
            },
            {
                "id": 9,
                "info": {
                    "color": "#c107a2",
                    "title": "паллет",
                    "article": "",
                    "group_id": "1gcm9xshsiu9tgnuyedvynsxsmt15hu4",
                    "group_title": "Группа 1"
                },
                "mass": 150.0,
                "size": {
                    "width": 1200.0,
                    "height": 1800.0,
                    "length": 1200.0
                },
                "sort": 1,
                "step": 18,
                "type": "box",
                "margin": {
                    "width": 0.0,
                    "height": 0.0,
                    "length": 0.0
                },
                "cargo_id": "ljdxpkq9sttgwcmkdic7leyviswfznrs",
                "position": {
                    "x": 7816.0,
                    "y": 0.0,
                    "z": 32.0
                },
                "stacking": true,
                "turnover": true,
                "rotation_state": 2,
                "stacking_limit": 0.0,
                "calculated_size": {
                    "width": 1200.0,
                    "height": 1200.0,
                    "length": 1800.0
                },
                "virtual_positions": null
            },
            {
                "id": 20,
                "info": {
                    "color": "#c107a2",
                    "title": "паллет",
                    "article": "",
                    "group_id": "1gcm9xshsiu9tgnuyedvynsxsmt15hu4",
                    "group_title": "Группа 1"
                },
                "mass": 150.0,
                "size": {
                    "width": 1200.0,
                    "height": 1800.0,
                    "length": 1200.0
                },
                "sort": 1,
                "step": 19,
                "type": "box",
                "margin": {
                    "width": 0.0,
                    "height": 0.0,
                    "length": 0.0
                },
                "cargo_id": "ljdxpkq9sttgwcmkdic7leyviswfznrs",
                "position": {
                    "x": 7816.0,
                    "y": 1200.0,
                    "z": 1232.0
                },
                "stacking": true,
                "turnover": true,
                "rotation_state": 2,
                "stacking_limit": 0.0,
                "calculated_size": {
                    "width": 1200.0,
                    "height": 1200.0,
                    "length": 1800.0
                },
                "virtual_positions": null
            },
            {
                "id": 21,
                "info": {
                    "color": "#c107a2",
                    "title": "паллет",
                    "article": "",
                    "group_id": "1gcm9xshsiu9tgnuyedvynsxsmt15hu4",
                    "group_title": "Группа 1"
                },
                "mass": 150.0,
                "size": {
                    "width": 1200.0,
                    "height": 1800.0,
                    "length": 1200.0
                },
                "sort": 1,
                "step": 20,
                "type": "box",
                "margin": {
                    "width": 0.0,
                    "height": 0.0,
                    "length": 0.0
                },
                "cargo_id": "ljdxpkq9sttgwcmkdic7leyviswfznrs",
                "position": {
                    "x": 7816.0,
                    "y": 1200.0,
                    "z": 32.0
                },
                "stacking": true,
                "turnover": true,
                "rotation_state": 2,
                "stacking_limit": 0.0,
                "calculated_size": {
                    "width": 1200.0,
                    "height": 1200.0,
                    "length": 1800.0
                },
                "virtual_positions": null
            },
            {
                "id": 10,
                "info": {
                    "color": "#c107a2",
                    "title": "паллет",
                    "article": "",
                    "group_id": "1gcm9xshsiu9tgnuyedvynsxsmt15hu4",
                    "group_title": "Группа 1"
                },
                "mass": 150.0,
                "size": {
                    "width": 1200.0,
                    "height": 1800.0,
                    "length": 1200.0
                },
                "sort": 1,
                "step": 21,
                "type": "box",
                "margin": {
                    "width": 0.0,
                    "height": 0.0,
                    "length": 0.0
                },
                "cargo_id": "ljdxpkq9sttgwcmkdic7leyviswfznrs",
                "position": {
                    "x": 9616.0,
                    "y": 0.0,
                    "z": 1232.0
                },
                "stacking": true,
                "turnover": true,
                "rotation_state": 2,
                "stacking_limit": 0.0,
                "calculated_size": {
                    "width": 1200.0,
                    "height": 1200.0,
                    "length": 1800.0
                },
                "virtual_positions": null
            },
            {
                "id": 11,
                "info": {
                    "color": "#c107a2",
                    "title": "паллет",
                    "article": "",
                    "group_id": "1gcm9xshsiu9tgnuyedvynsxsmt15hu4",
                    "group_title": "Группа 1"
                },
                "mass": 150.0,
                "size": {
                    "width": 1200.0,
                    "height": 1800.0,
                    "length": 1200.0
                },
                "sort": 1,
                "step": 22,
                "type": "box",
                "margin": {
                    "width": 0.0,
                    "height": 0.0,
                    "length": 0.0
                },
                "cargo_id": "ljdxpkq9sttgwcmkdic7leyviswfznrs",
                "position": {
                    "x": 9616.0,
                    "y": 0.0,
                    "z": 32.0
                },
                "stacking": true,
                "turnover": true,
                "rotation_state": 2,
                "stacking_limit": 0.0,
                "calculated_size": {
                    "width": 1200.0,
                    "height": 1200.0,
                    "length": 1800.0
                },
                "virtual_positions": null
            },
            {
                "id": 22,
                "info": {
                    "color": "#c107a2",
                    "title": "паллет",
                    "article": "",
                    "group_id": "1gcm9xshsiu9tgnuyedvynsxsmt15hu4",
                    "group_title": "Группа 1"
                },
                "mass": 150.0,
                "size": {
                    "width": 1200.0,
                    "height": 1800.0,
                    "length": 1200.0
                },
                "sort": 1,
                "step": 23,
                "type": "box",
                "margin": {
                    "width": 0.0,
                    "height": 0.0,
                    "length": 0.0
                },
                "cargo_id": "ljdxpkq9sttgwcmkdic7leyviswfznrs",
                "position": {
                    "x": 9616.0,
                    "y": 1200.0,
                    "z": 1232.0
                },
                "stacking": true,
                "turnover": true,
                "rotation_state": 2,
                "stacking_limit": 0.0,
                "calculated_size": {
                    "width": 1200.0,
                    "height": 1200.0,
                    "length": 1800.0
                },
                "virtual_positions": null
            },
            {
                "id": 23,
                "info": {
                    "color": "#c107a2",
                    "title": "паллет",
                    "article": "",
                    "group_id": "1gcm9xshsiu9tgnuyedvynsxsmt15hu4",
                    "group_title": "Группа 1"
                },
                "mass": 150.0,
                "size": {
                    "width": 1200.0,
                    "height": 1800.0,
                    "length": 1200.0
                },
                "sort": 1,
                "step": 24,
                "type": "box",
                "margin": {
                    "width": 0.0,
                    "height": 0.0,
                    "length": 0.0
                },
                "cargo_id": "ljdxpkq9sttgwcmkdic7leyviswfznrs",
                "position": {
                    "x": 9616.0,
                    "y": 1200.0,
                    "z": 32.0
                },
                "stacking": true,
                "turnover": true,
                "rotation_state": 2,
                "stacking_limit": 0.0,
                "calculated_size": {
                    "width": 1200.0,
                    "height": 1200.0,
                    "length": 1800.0
                },
                "virtual_positions": null
            }
        ],
        "version": 5,
        "cargo_space": {
            "id": 265,
            "info": {
                "uid": "265_0",
                "sort": 0,
                "title": "40' HCPW (valid)"
            },
            "mass": 4400.0,
            "size": {
                "width": 2500.0,
                "height": 2896.0,
                "length": 12192.0
            },
            "type": "container",
            "indentation": {
                "width": 34.0,
                "height": 0.0,
                "length": 80.0,
                "height_top": 198.0,
                "length_end": 80.0,
                "width_right": 34.0
            },
            "loading_size": {
                "width": 2432.0,
                "height": 2698.0,
                "length": 12032.0
            },
            "calculation_info": {
                "step_count": 24,
                "cargos_mass": 3.6,
                "load_volume": 78.948401152,
                "cargos_volume": 62.208,
                "count_cargoes": 24,
                "load_capacity": 30.72,
                "loading_height": 2.4,
                "density_percent": 98.68421,
                "remaining_volume": 16.7404,
                "void_space_percent": 21.20423,
                "filling_space_percent": 78.79577
            },
            "carrying_capacity": 30720.0,
            "real_center_of_gravity": [
                6016.0,
                1200.0,
                1210.666666666667
            ],
            "ideal_center_of_gravity": [
                6016.0,
                0.0,
                1216.0
            ]
        },
        "cargo_groups": [
            {
                "info": {
                    "color": "#c107a2",
                    "title": "паллет",
                    "article": "",
                    "group_id": "1gcm9xshsiu9tgnuyedvynsxsmt15hu4",
                    "group_title": "Группа 1"
                },
                "mass": 150.0,
                "size": {
                    "width": 1200.0,
                    "height": 1800.0,
                    "length": 1200.0
                },
                "sort": 1,
                "type": "box",
                "count": 1.0,
                "margin": {
                    "width": 0.0,
                    "height": 0.0,
                    "length": 0.0
                },
                "cargo_id": "ljdxpkq9sttgwcmkdic7leyviswfznrs",
                "stacking": true,
                "turnover": true,
                "stacking_limit": 0.0,
                "prepare_last_result": "errorIntersectionBoxes"
            }
        ],
        "packing_type": "PackingBlocks",
        "calculation_id": 16329,
        "invalid_errors": [],
        "unpacked_errors": [
            {
                "key": 10,
                "name": "errorIntersectionBoxes",
                "boxes": [
                    {
                        "id": "ljdxpkq9sttgwcmkdic7leyviswfznrs",
                        "info": {
                            "color": "#c107a2",
                            "title": "паллет",
                            "article": "",
                            "group_id": "1gcm9xshsiu9tgnuyedvynsxsmt15hu4",
                            "group_title": "Группа 1"
                        }
                    }
                ]
            }
        ],
        "validate_errors": [],
        "is_packed_same_boxes": false
    }
}