{
    "data": {
        "cargoes": [
            {
                "info": {
                    "color": "#75f961",
                    "title": "Саморезы",
                    "article": "",
                    "group_id": "1rphl1daxkvixtw18fernmy0dzna5ncm",
                    "group_title": "Группа 1"
                },
                "mass": 600.0,
                "size": {
                    "width": 800,
                    "height": 800,
                    "length": 1200
                },
                "sort": 1,
                "type": "box",
                "count": 11,
                "margin": {
                    "width": 0,
                    "height": 0,
                    "length": 0
                },
                "cargo_id": "gk8pfsjt3yfhmoga7lhnuokhuv6kctof",
                "stacking": false,
                "turnover": false,
                "margin_width": 0,
                "margin_length": 0,
                "stacking_limit": 0
            },
            {
                "info": {
                    "color": "#6194fa",
                    "title": "Болты",
                    "article": "",
                    "group_id": "1rphl1daxkvixtw18fernmy0dzna5ncm",
                    "group_title": "Группа 1"
                },
                "mass": 1000.0,
                "size": {
                    "width": 800,
                    "height": 1000,
                    "length": 1200
                },
                "sort": 1,
                "type": "box",
                "count": 6,
                "margin": {
                    "width": 0,
                    "height": 0,
                    "length": 0
                },
                "cargo_id": "kfhy7k4i5j7gtailiqnlu08y7mp6cp5n",
                "stacking": false,
                "turnover": false,
                "margin_width": 0,
                "margin_length": 0,
                "stacking_limit": 0
            },
            {
                "info": {
                    "color": "#c25a5a",
                    "title": "Гвозди",
                    "article": "",
                    "group_id": "1rphl1daxkvixtw18fernmy0dzna5ncm",
                    "group_title": "Группа 1"
                },
                "mass": 1000.0,
                "size": {
                    "width": 800,
                    "height": 1200,
                    "length": 1200
                },
                "sort": 1,
                "type": "box",
                "count": 9,
                "margin": {
                    "width": 0,
                    "height": 0,
                    "length": 0
                },
                "cargo_id": "dbhetfjhno0fwop8t0a7z4xuvhvmzoq7",
                "stacking": false,
                "turnover": false,
                "margin_width": 0,
                "margin_length": 0,
                "stacking_limit": 0
            }
        ],
        "settings": {
            "rank": false,
            "max_step": 100,
            "min_step": 50,
            "usersort": false,
            "hardlimit": 1801,
            "timelimit": 1800,
            "step_scaling": 10
        },
        "put_boxes": [],
        "initial_id": 0,
        "cargo_space": {
            "id": 1034,
            "info": {
                "uid": "1034_0",
                "sort": 0,
                "title": "KOGEL SN24 (copy)"
            },
            "mass": 6400,
            "size": {
                "width": 2550,
                "height": 3000,
                "length": 13950
            },
            "type": "truck",
            "axles": [
                {
                    "title": "Ось 1",
                    "distance": 3070,
                    "max_load": 7500,
                    "default_load": 1707
                },
                {
                    "title": "Ось 2",
                    "distance": 1310,
                    "max_load": 7500,
                    "default_load": 1707
                },
                {
                    "title": "Ось 3",
                    "distance": 1310,
                    "max_load": 7500,
                    "default_load": 1707
                }
            ],
            "hitch": {
                "title": "",
                "distance": 6310,
                "max_load": 12000,
                "default_load": 1279
            },
            "title": "KOGEL SN24 (copy)",
            "tractor": {
                "mass": 8240,
                "axles": [
                    {
                        "title": "Ось 1",
                        "distance": 1500,
                        "max_load": 7500,
                        "default_load": 5669
                    },
                    {
                        "title": "Ось 2",
                        "distance": 3750,
                        "max_load": 10500,
                        "default_load": 3850
                    }
                ],
                "title": "Scania G440 LA4X2HNA",
                "length": 5960,
                "hitch_distance": 750
            },
            "indentation": {
                "width": 35,
                "height": 0,
                "length": 165,
                "height_top": 300,
                "length_end": 165,
                "width_right": 35
            },
            "loading_size": {
                "width": 2480,
                "height": 2700,
                "length": 13620
            },
            "carrying_capacity": 25360
        },
        "calculation_id": "14864"
    },
    "data_result": {
        "boxes": [
            {
                "id": 18,
                "info": {
                    "color": "#c25a5a",
                    "title": "Гвозди",
                    "article": "",
                    "group_id": "1rphl1daxkvixtw18fernmy0dzna5ncm",
                    "group_title": "Группа 1"
                },
                "mass": 1000.0,
                "size": {
                    "width": 800.0,
                    "height": 1200.0,
                    "length": 1200.0
                },
                "sort": 1,
                "step": 1,
                "type": "box",
                "margin": {
                    "width": 0.0,
                    "height": 0.0,
                    "length": 0.0
                },
                "cargo_id": "dbhetfjhno0fwop8t0a7z4xuvhvmzoq7",
                "position": {
                    "x": 805.0,
                    "y": 0.0,
                    "z": 1200.0
                },
                "stacking": false,
                "turnover": false,
                "rotation_state": 1,
                "stacking_limit": 0.0,
                "calculated_size": {
                    "width": 1200.0,
                    "height": 1200.0,
                    "length": 800.0
                },
                "virtual_positions": null
            },
            {
                "id": 17,
                "info": {
                    "color": "#c25a5a",
                    "title": "Гвозди",
                    "article": "",
                    "group_id": "1rphl1daxkvixtw18fernmy0dzna5ncm",
                    "group_title": "Группа 1"
                },
                "mass": 1000.0,
                "size": {
                    "width": 800.0,
                    "height": 1200.0,
                    "length": 1200.0
                },
                "sort": 1,
                "step": 2,
                "type": "box",
                "margin": {
                    "width": 0.0,
                    "height": 0.0,
                    "length": 0.0
                },
                "cargo_id": "dbhetfjhno0fwop8t0a7z4xuvhvmzoq7",
                "position": {
                    "x": 805.0,
                    "y": 0.0,
                    "z": 0.0
                },
                "stacking": false,
                "turnover": false,
                "rotation_state": 1,
                "stacking_limit": 0.0,
                "calculated_size": {
                    "width": 1200.0,
                    "height": 1200.0,
                    "length": 800.0
                },
                "virtual_positions": null
            },
            {
                "id": 20,
                "info": {
                    "color": "#c25a5a",
                    "title": "Гвозди",
                    "article": "",
                    "group_id": "1rphl1daxkvixtw18fernmy0dzna5ncm",
                    "group_title": "Группа 1"
                },
                "mass": 1000.0,
                "size": {
                    "width": 800.0,
                    "height": 1200.0,
                    "length": 1200.0
                },
                "sort": 1,
                "step": 3,
                "type": "box",
                "margin": {
                    "width": 0.0,
                    "height": 0.0,
                    "length": 0.0
                },
                "cargo_id": "dbhetfjhno0fwop8t0a7z4xuvhvmzoq7",
                "position": {
                    "x": 1605.0,
                    "y": 0.0,
                    "z": 1200.0
                },
                "stacking": false,
                "turnover": false,
                "rotation_state": 1,
                "stacking_limit": 0.0,
                "calculated_size": {
                    "width": 1200.0,
                    "height": 1200.0,
                    "length": 800.0
                },
                "virtual_positions": null
            },
            {
                "id": 19,
                "info": {
                    "color": "#c25a5a",
                    "title": "Гвозди",
                    "article": "",
                    "group_id": "1rphl1daxkvixtw18fernmy0dzna5ncm",
                    "group_title": "Группа 1"
                },
                "mass": 1000.0,
                "size": {
                    "width": 800.0,
                    "height": 1200.0,
                    "length": 1200.0
                },
                "sort": 1,
                "step": 4,
                "type": "box",
                "margin": {
                    "width": 0.0,
                    "height": 0.0,
                    "length": 0.0
                },
                "cargo_id": "dbhetfjhno0fwop8t0a7z4xuvhvmzoq7",
                "position": {
                    "x": 1605.0,
                    "y": 0.0,
                    "z": 0.0
                },
                "stacking": false,
                "turnover": false,
                "rotation_state": 1,
                "stacking_limit": 0.0,
                "calculated_size": {
                    "width": 1200.0,
                    "height": 1200.0,
                    "length": 800.0
                },
                "virtual_positions": null
            },
            {
                "id": 22,
                "info": {
                    "color": "#c25a5a",
                    "title": "Гвозди",
                    "article": "",
                    "group_id": "1rphl1daxkvixtw18fernmy0dzna5ncm",
                    "group_title": "Группа 1"
                },
                "mass": 1000.0,
                "size": {
                    "width": 800.0,
                    "height": 1200.0,
                    "length": 1200.0
                },
                "sort": 1,
                "step": 5,
                "type": "box",
                "margin": {
                    "width": 0.0,
                    "height": 0.0,
                    "length": 0.0
                },
                "cargo_id": "dbhetfjhno0fwop8t0a7z4xuvhvmzoq7",
                "position": {
                    "x": 2405.0,
                    "y": 0.0,
                    "z": 1200.0
                },
                "stacking": false,
                "turnover": false,
                "rotation_state": 1,
                "stacking_limit": 0.0,
                "calculated_size": {
                    "width": 1200.0,
                    "height": 1200.0,
                    "length": 800.0
                },
                "virtual_positions": null
            },
            {
                "id": 21,
                "info": {
                    "color": "#c25a5a",
                    "title": "Гвозди",
                    "article": "",
                    "group_id": "1rphl1daxkvixtw18fernmy0dzna5ncm",
                    "group_title": "Группа 1"
                },
                "mass": 1000.0,
                "size": {
                    "width": 800.0,
                    "height": 1200.0,
                    "length": 1200.0
                },
                "sort": 1,
                "step": 6,
                "type": "box",
                "margin": {
                    "width": 0.0,
                    "height": 0.0,
                    "length": 0.0
                },
                "cargo_id": "dbhetfjhno0fwop8t0a7z4xuvhvmzoq7",
                "position": {
                    "x": 2405.0,
                    "y": 0.0,
                    "z": 0.0
                },
                "stacking": false,
                "turnover": false,
                "rotation_state": 1,
                "stacking_limit": 0.0,
                "calculated_size": {
                    "width": 1200.0,
                    "height": 1200.0,
                    "length": 800.0
                },
                "virtual_positions": null
            },
            {
                "id": 24,
                "info": {
                    "color": "#c25a5a",
                    "title": "Гвозди",
                    "article": "",
                    "group_id": "1rphl1daxkvixtw18fernmy0dzna5ncm",
                    "group_title": "Группа 1"
                },
                "mass": 1000.0,
                "size": {
                    "width": 800.0,
                    "height": 1200.0,
                    "length": 1200.0
                },
                "sort": 1,
                "step": 7,
                "type": "box",
                "margin": {
                    "width": 0.0,
                    "height": 0.0,
                    "length": 0.0
                },
                "cargo_id": "dbhetfjhno0fwop8t0a7z4xuvhvmzoq7",
                "position": {
                    "x": 3205.0,
                    "y": 0.0,
                    "z": 1200.0
                },
                "stacking": false,
                "turnover": false,
                "rotation_state": 1,
                "stacking_limit": 0.0,
                "calculated_size": {
                    "width": 1200.0,
                    "height": 1200.0,
                    "length": 800.0
                },
                "virtual_positions": null
            },
            {
                "id": 23,
                "info": {
                    "color": "#c25a5a",
                    "title": "Гвозди",
                    "article": "",
                    "group_id": "1rphl1daxkvixtw18fernmy0dzna5ncm",
                    "group_title": "Группа 1"
                },
                "mass": 1000.0,
                "size": {
                    "width": 800.0,
                    "height": 1200.0,
                    "length": 1200.0
                },
                "sort": 1,
                "step": 8,
                "type": "box",
                "margin": {
                    "width": 0.0,
                    "height": 0.0,
                    "length": 0.0
                },
                "cargo_id": "dbhetfjhno0fwop8t0a7z4xuvhvmzoq7",
                "position": {
                    "x": 3205.0,
                    "y": 0.0,
                    "z": 0.0
                },
                "stacking": false,
                "turnover": false,
                "rotation_state": 1,
                "stacking_limit": 0.0,
                "calculated_size": {
                    "width": 1200.0,
                    "height": 1200.0,
                    "length": 800.0
                },
                "virtual_positions": null
            },
            {
                "id": 11,
                "info": {
                    "color": "#6194fa",
                    "title": "Болты",
                    "article": "",
                    "group_id": "1rphl1daxkvixtw18fernmy0dzna5ncm",
                    "group_title": "Группа 1"
                },
                "mass": 1000.0,
                "size": {
                    "width": 800.0,
                    "height": 1000.0,
                    "length": 1200.0
                },
                "sort": 1,
                "step": 9,
                "type": "box",
                "margin": {
                    "width": 0.0,
                    "height": 0.0,
                    "length": 0.0
                },
                "cargo_id": "kfhy7k4i5j7gtailiqnlu08y7mp6cp5n",
                "position": {
                    "x": 4005.0,
                    "y": 0.0,
                    "z": 1200.0
                },
                "stacking": false,
                "turnover": false,
                "rotation_state": 1,
                "stacking_limit": 0.0,
                "calculated_size": {
                    "width": 1200.0,
                    "height": 1000.0,
                    "length": 800.0
                },
                "virtual_positions": null
            },
            {
                "id": 25,
                "info": {
                    "color": "#c25a5a",
                    "title": "Гвозди",
                    "article": "",
                    "group_id": "1rphl1daxkvixtw18fernmy0dzna5ncm",
                    "group_title": "Группа 1"
                },
                "mass": 1000.0,
                "size": {
                    "width": 800.0,
                    "height": 1200.0,
                    "length": 1200.0
                },
                "sort": 1,
                "step": 10,
                "type": "box",
                "margin": {
                    "width": 0.0,
                    "height": 0.0,
                    "length": 0.0
                },
                "cargo_id": "dbhetfjhno0fwop8t0a7z4xuvhvmzoq7",
                "position": {
                    "x": 4005.0,
                    "y": 0.0,
                    "z": 0.0
                },
                "stacking": false,
                "turnover": false,
                "rotation_state": 1,
                "stacking_limit": 0.0,
                "calculated_size": {
                    "width": 1200.0,
                    "height": 1200.0,
                    "length": 800.0
                },
                "virtual_positions": null
            },
            {
                "id": 13,
                "info": {
                    "color": "#6194fa",
                    "title": "Болты",
                    "article": "",
                    "group_id": "1rphl1daxkvixtw18fernmy0dzna5ncm",
                    "group_title": "Группа 1"
                },
                "mass": 1000.0,
                "size": {
                    "width": 800.0,
                    "height": 1000.0,
                    "length": 1200.0
                },
                "sort": 1,
                "step": 11,
                "type": "box",
                "margin": {
                    "width": 0.0,
                    "height": 0.0,
                    "length": 0.0
                },
                "cargo_id": "kfhy7k4i5j7gtailiqnlu08y7mp6cp5n",
                "position": {
                    "x": 4805.0,
                    "y": 0.0,
                    "z": 1200.0
                },
                "stacking": false,
                "turnover": false,
                "rotation_state": 1,
                "stacking_limit": 0.0,
                "calculated_size": {
                    "width": 1200.0,
                    "height": 1000.0,
                    "length": 800.0
                },
                "virtual_positions": null
            },
            {
                "id": 12,
                "info": {
                    "color": "#6194fa",
                    "title": "Болты",
                    "article": "",
                    "group_id": "1rphl1daxkvixtw18fernmy0dzna5ncm",
                    "group_title": "Группа 1"
                },
                "mass": 1000.0,
                "size": {
                    "width": 800.0,
                    "height": 1000.0,
                    "length": 1200.0
                },
                "sort": 1,
                "step": 12,
                "type": "box",
                "margin": {
                    "width": 0.0,
                    "height": 0.0,
                    "length": 0.0
                },
                "cargo_id": "kfhy7k4i5j7gtailiqnlu08y7mp6cp5n",
                "position": {
                    "x": 4805.0,
                    "y": 0.0,
                    "z": 0.0
                },
                "stacking": false,
                "turnover": false,
                "rotation_state": 1,
                "stacking_limit": 0.0,
                "calculated_size": {
                    "width": 1200.0,
                    "height": 1000.0,
                    "length": 800.0
                },
                "virtual_positions": null
            },
            {
                "id": 15,
                "info": {
                    "color": "#6194fa",
                    "title": "Болты",
                    "article": "",
                    "group_id": "1rphl1daxkvixtw18fernmy0dzna5ncm",
                    "group_title": "Группа 1"
                },
                "mass": 1000.0,
                "size": {
                    "width": 800.0,
                    "height": 1000.0,
                    "length": 1200.0
                },
                "sort": 1,
                "step": 13,
                "type": "box",
                "margin": {
                    "width": 0.0,
                    "height": 0.0,
                    "length": 0.0
                },
                "cargo_id": "kfhy7k4i5j7gtailiqnlu08y7mp6cp5n",
                "position": {
                    "x": 5605.0,
                    "y": 0.0,
                    "z": 1200.0
                },
                "stacking": false,
                "turnover": false,
                "rotation_state": 1,
                "stacking_limit": 0.0,
                "calculated_size": {
                    "width": 1200.0,
                    "height": 1000.0,
                    "length": 800.0
                },
                "virtual_positions": null
            },
            {
                "id": 14,
                "info": {
                    "color": "#6194fa",
                    "title": "Болты",
                    "article": "",
                    "group_id": "1rphl1daxkvixtw18fernmy0dzna5ncm",
                    "group_title": "Группа 1"
                },
                "mass": 1000.0,
                "size": {
                    "width": 800.0,
                    "height": 1000.0,
                    "length": 1200.0
                },
                "sort": 1,
                "step": 14,
                "type": "box",
                "margin": {
                    "width": 0.0,
                    "height": 0.0,
                    "length": 0.0
                },
                "cargo_id": "kfhy7k4i5j7gtailiqnlu08y7mp6cp5n",
                "position": {
                    "x": 5605.0,
                    "y": 0.0,
                    "z": 0.0
                },
                "stacking": false,
                "turnover": false,
                "rotation_state": 1,
                "stacking_limit": 0.0,
                "calculated_size": {
                    "width": 1200.0,
                    "height": 1000.0,
                    "length": 800.0
                },
                "virtual_positions": null
            },
            {
                "id": 0,
                "info": {
                    "color": "#75f961",
                    "title": "Саморезы",
                    "article": "",
                    "group_id": "1rphl1daxkvixtw18fernmy0dzna5ncm",
                    "group_title": "Группа 1"
                },
                "mass": 600.0,
                "size": {
                    "width": 800.0,
                    "height": 800.0,
                    "length": 1200.0
                },
                "sort": 1,
                "step": 15,
                "type": "box",
                "margin": {
                    "width": 0.0,
                    "height": 0.0,
                    "length": 0.0
                },
                "cargo_id": "gk8pfsjt3yfhmoga7lhnuokhuv6kctof",
                "position": {
                    "x": 6405.0,
                    "y": 0.0,
                    "z": 1200.0
                },
                "stacking": false,
                "turnover": false,
                "rotation_state": 1,
                "stacking_limit": 0.0,
                "calculated_size": {
                    "width": 1200.0,
                    "height": 800.0,
                    "length": 800.0
                },
                "virtual_positions": null
            },
            {
                "id": 16,
                "info": {
                    "color": "#6194fa",
                    "title": "Болты",
                    "article": "",
                    "group_id": "1rphl1daxkvixtw18fernmy0dzna5ncm",
                    "group_title": "Группа 1"
                },
                "mass": 1000.0,
                "size": {
                    "width": 800.0,
                    "height": 1000.0,
                    "length": 1200.0
                },
                "sort": 1,
                "step": 16,
                "type": "box",
                "margin": {
                    "width": 0.0,
                    "height": 0.0,
                    "length": 0.0
                },
                "cargo_id": "kfhy7k4i5j7gtailiqnlu08y7mp6cp5n",
                "position": {
                    "x": 6405.0,
                    "y": 0.0,
                    "z": 0.0
                },
                "stacking": false,
                "turnover": false,
                "rotation_state": 1,
                "stacking_limit": 0.0,
                "calculated_size": {
                    "width": 1200.0,
                    "height": 1000.0,
                    "length": 800.0
                },
                "virtual_positions": null
            },
            {
                "id": 2,
                "info": {
                    "color": "#75f961",
                    "title": "Саморезы",
                    "article": "",
                    "group_id": "1rphl1daxkvixtw18fernmy0dzna5ncm",
                    "group_title": "Группа 1"
                },
                "mass": 600.0,
                "size": {
                    "width": 800.0,
                    "height": 800.0,
                    "length": 1200.0
                },
                "sort": 1,
                "step": 17,
                "type": "box",
                "margin": {
                    "width": 0.0,
                    "height": 0.0,
                    "length": 0.0
                },
                "cargo_id": "gk8pfsjt3yfhmoga7lhnuokhuv6kctof",
                "position": {
                    "x": 7205.0,
                    "y": 0.0,
                    "z": 1200.0
                },
                "stacking": false,
                "turnover": false,
                "rotation_state": 1,
                "stacking_limit": 0.0,
                "calculated_size": {
                    "width": 1200.0,
                    "height": 800.0,
                    "length": 800.0
                },
                "virtual_positions": null
            },
            {
                "id": 1,
                "info": {
                    "color": "#75f961",
                    "title": "Саморезы",
                    "article": "",
                    "group_id": "1rphl1daxkvixtw18fernmy0dzna5ncm",
                    "group_title": "Группа 1"
                },
                "mass": 600.0,
                "size": {
                    "width": 800.0,
                    "height": 800.0,
                    "length": 1200.0
                },
                "sort": 1,
                "step": 18,
                "type": "box",
                "margin": {
                    "width": 0.0,
                    "height": 0.0,
                    "length": 0.0
                },
                "cargo_id": "gk8pfsjt3yfhmoga7lhnuokhuv6kctof",
                "position": {
                    "x": 7205.0,
                    "y": 0.0,
                    "z": 0.0
                },
                "stacking": false,
                "turnover": false,
                "rotation_state": 1,
                "stacking_limit": 0.0,
                "calculated_size": {
                    "width": 1200.0,
                    "height": 800.0,
                    "length": 800.0
                },
                "virtual_positions": null
            },
            {
                "id": 4,
                "info": {
                    "color": "#75f961",
                    "title": "Саморезы",
                    "article": "",
                    "group_id": "1rphl1daxkvixtw18fernmy0dzna5ncm",
                    "group_title": "Группа 1"
                },
                "mass": 600.0,
                "size": {
                    "width": 800.0,
                    "height": 800.0,
                    "length": 1200.0
                },
                "sort": 1,
                "step": 19,
                "type": "box",
                "margin": {
                    "width": 0.0,
                    "height": 0.0,
                    "length": 0.0
                },
                "cargo_id": "gk8pfsjt3yfhmoga7lhnuokhuv6kctof",
                "position": {
                    "x": 8005.0,
                    "y": 0.0,
                    "z": 1200.0
                },
                "stacking": false,
                "turnover": false,
                "rotation_state": 1,
                "stacking_limit": 0.0,
                "calculated_size": {
                    "width": 1200.0,
                    "height": 800.0,
                    "length": 800.0
                },
                "virtual_positions": null
            },
            {
                "id": 3,
                "info": {
                    "color": "#75f961",
                    "title": "Саморезы",
                    "article": "",
                    "group_id": "1rphl1daxkvixtw18fernmy0dzna5ncm",
                    "group_title": "Группа 1"
                },
                "mass": 600.0,
                "size": {
                    "width": 800.0,
                    "height": 800.0,
                    "length": 1200.0
                },
                "sort": 1,
                "step": 20,
                "type": "box",
                "margin": {
                    "width": 0.0,
                    "height": 0.0,
                    "length": 0.0
                },
                "cargo_id": "gk8pfsjt3yfhmoga7lhnuokhuv6kctof",
                "position": {
                    "x": 8005.0,
                    "y": 0.0,
                    "z": 0.0
                },
                "stacking": false,
                "turnover": false,
                "rotation_state": 1,
                "stacking_limit": 0.0,
                "calculated_size": {
                    "width": 1200.0,
                    "height": 800.0,
                    "length": 800.0
                },
                "virtual_positions": null
            },
            {
                "id": 6,
                "info": {
                    "color": "#75f961",
                    "title": "Саморезы",
                    "article": "",
                    "group_id": "1rphl1daxkvixtw18fernmy0dzna5ncm",
                    "group_title": "Группа 1"
                },
                "mass": 600.0,
                "size": {
                    "width": 800.0,
                    "height": 800.0,
                    "length": 1200.0
                },
                "sort": 1,
                "step": 21,
                "type": "box",
                "margin": {
                    "width": 0.0,
                    "height": 0.0,
                    "length": 0.0
                },
                "cargo_id": "gk8pfsjt3yfhmoga7lhnuokhuv6kctof",
                "position": {
                    "x": 8805.0,
                    "y": 0.0,
                    "z": 1200.0
                },
                "stacking": false,
                "turnover": false,
                "rotation_state": 1,
                "stacking_limit": 0.0,
                "calculated_size": {
                    "width": 1200.0,
                    "height": 800.0,
                    "length": 800.0
                },
                "virtual_positions": null
            },
            {
                "id": 5,
                "info": {
                    "color": "#75f961",
                    "title": "Саморезы",
                    "article": "",
                    "group_id": "1rphl1daxkvixtw18fernmy0dzna5ncm",
                    "group_title": "Группа 1"
                },
                "mass": 600.0,
                "size": {
                    "width": 800.0,
                    "height": 800.0,
                    "length": 1200.0
                },
                "sort": 1,
                "step": 22,
                "type": "box",
                "margin": {
                    "width": 0.0,
                    "height": 0.0,
                    "length": 0.0
                },
                "cargo_id": "gk8pfsjt3yfhmoga7lhnuokhuv6kctof",
                "position": {
                    "x": 8805.0,
                    "y": 0.0,
                    "z": 0.0
                },
                "stacking": false,
                "turnover": false,
                "rotation_state": 1,
                "stacking_limit": 0.0,
                "calculated_size": {
                    "width": 1200.0,
                    "height": 800.0,
                    "length": 800.0
                },
                "virtual_positions": null
            },
            {
                "id": 8,
                "info": {
                    "color": "#75f961",
                    "title": "Саморезы",
                    "article": "",
                    "group_id": "1rphl1daxkvixtw18fernmy0dzna5ncm",
                    "group_title": "Группа 1"
                },
                "mass": 600.0,
                "size": {
                    "width": 800.0,
                    "height": 800.0,
                    "length": 1200.0
                },
                "sort": 1,
                "step": 23,
                "type": "box",
                "margin": {
                    "width": 0.0,
                    "height": 0.0,
                    "length": 0.0
                },
                "cargo_id": "gk8pfsjt3yfhmoga7lhnuokhuv6kctof",
                "position": {
                    "x": 9605.0,
                    "y": 0.0,
                    "z": 1200.0
                },
                "stacking": false,
                "turnover": false,
                "rotation_state": 1,
                "stacking_limit": 0.0,
                "calculated_size": {
                    "width": 1200.0,
                    "height": 800.0,
                    "length": 800.0
                },
                "virtual_positions": null
            },
            {
                "id": 7,
                "info": {
                    "color": "#75f961",
                    "title": "Саморезы",
                    "article": "",
                    "group_id": "1rphl1daxkvixtw18fernmy0dzna5ncm",
                    "group_title": "Группа 1"
                },
                "mass": 600.0,
                "size": {
                    "width": 800.0,
                    "height": 800.0,
                    "length": 1200.0
                },
                "sort": 1,
                "step": 24,
                "type": "box",
                "margin": {
                    "width": 0.0,
                    "height": 0.0,
                    "length": 0.0
                },
                "cargo_id": "gk8pfsjt3yfhmoga7lhnuokhuv6kctof",
                "position": {
                    "x": 9605.0,
                    "y": 0.0,
                    "z": 0.0
                },
                "stacking": false,
                "turnover": false,
                "rotation_state": 1,
                "stacking_limit": 0.0,
                "calculated_size": {
                    "width": 1200.0,
                    "height": 800.0,
                    "length": 800.0
                },
                "virtual_positions": null
            },
            {
                "id": 10,
                "info": {
                    "color": "#75f961",
                    "title": "Саморезы",
                    "article": "",
                    "group_id": "1rphl1daxkvixtw18fernmy0dzna5ncm",
                    "group_title": "Группа 1"
                },
                "mass": 600.0,
                "size": {
                    "width": 800.0,
                    "height": 800.0,
                    "length": 1200.0
                },
                "sort": 1,
                "step": 25,
                "type": "box",
                "margin": {
                    "width": 0.0,
                    "height": 0.0,
                    "length": 0.0
                },
                "cargo_id": "gk8pfsjt3yfhmoga7lhnuokhuv6kctof",
                "position": {
                    "x": 10405.0,
                    "y": 0.0,
                    "z": 1200.0
                },
                "stacking": false,
                "turnover": false,
                "rotation_state": 1,
                "stacking_limit": 0.0,
                "calculated_size": {
                    "width": 1200.0,
                    "height": 800.0,
                    "length": 800.0
                },
                "virtual_positions": null
            },
            {
                "id": 9,
                "info": {
                    "color": "#75f961",
                    "title": "Саморезы",
                    "article": "",
                    "group_id": "1rphl1daxkvixtw18fernmy0dzna5ncm",
                    "group_title": "Группа 1"
                },
                "mass": 600.0,
                "size": {
                    "width": 800.0,
                    "height": 800.0,
                    "length": 1200.0
                },
                "sort": 1,
                "step": 26,
                "type": "box",
                "margin": {
                    "width": 0.0,
                    "height": 0.0,
                    "length": 0.0
                },
                "cargo_id": "gk8pfsjt3yfhmoga7lhnuokhuv6kctof",
                "position": {
                    "x": 10405.0,
                    "y": 0.0,
                    "z": 0.0
                },
                "stacking": false,
                "turnover": false,
                "rotation_state": 1,
                "stacking_limit": 0.0,
                "calculated_size": {
                    "width": 1200.0,
                    "height": 800.0,
                    "length": 800.0
                },
                "virtual_positions": null
            }
        ],
        "version": 5,
        "cargo_space": {
            "id": 1034,
            "info": {
                "uid": "1034_0",
                "sort": 0,
                "title": "KOGEL SN24 (copy)"
            },
            "mass": 6400.0,
            "size": {
                "width": 2550.0,
                "height": 3000.0,
                "length": 13950.0
            },
            "type": "truck",
            "axles": [
                {
                    "title": "Ось 1",
                    "distance": 3070.0,
                    "max_load": 7500.0,
                    "default_load": 1707.0,
                    "calculated_load": 7081.10468
                },
                {
                    "title": "Ось 2",
                    "distance": 1310.0,
                    "max_load": 7500.0,
                    "default_load": 1707.0,
                    "calculated_load": 7081.10468
                },
                {
                    "title": "Ось 3",
                    "distance": 1310.0,
                    "max_load": 7500.0,
                    "default_load": 1707.0,
                    "calculated_load": 7081.10468
                }
            ],
            "hitch": {
                "title": "",
                "distance": 6310.0,
                "max_load": 12000.0,
                "default_load": 1279.0,
                "calculated_load": 6756.68595
            },
            "tractor": {
                "mass": 8240.0,
                "axles": [
                    {
                        "title": "Ось 1",
                        "distance": 1500.0,
                        "max_load": 7500.0,
                        "default_load": 5669.0,
                        "calculated_load": 6764.53719
                    },
                    {
                        "title": "Ось 2",
                        "distance": 3750.0,
                        "max_load": 10500.0,
                        "default_load": 3850.0,
                        "calculated_load": 8232.14876
                    }
                ],
                "length": 5960.0,
                "hitch_distance": 750.0
            },
            "full_length": 13950.0,
            "indentation": {
                "width": 35.0,
                "height": 0.0,
                "length": 165.0,
                "height_top": 300.0,
                "length_end": 165.0,
                "width_right": 35.0
            },
            "loading_size": {
                "width": 2480.0,
                "height": 2700.0,
                "length": 13620.0
            },
            "calculation_info": {
                "step_count": 26,
                "cargos_mass": 21.6,
                "load_volume": 91.19952,
                "cargos_volume": 24.576,
                "count_cargoes": 26,
                "load_capacity": 25.36,
                "loading_height": 1.2,
                "density_percent": 76.15648,
                "remaining_volume": 66.62352,
                "void_space_percent": 73.05249,
                "filling_space_percent": 26.94751
            },
            "carrying_capacity": 25360.0,
            "real_center_of_gravity": [
                5397.592592592593,
                511.1111111111112,
                1188.8888888888887
            ],
            "ideal_center_of_gravity": [
                6810.0,
                0.0,
                1240.0
            ]
        },
        "cargo_groups": [],
        "packing_type": "PackingTruck PackingLayers",
        "calculation_id": 14864,
        "invalid_errors": [],
        "unpacked_errors": [],
        "validate_errors": [],
        "is_packed_same_boxes": false
    }
}