{
    "data": {
        "cargoes": [
            {
                "info": {
                    "color": "#46b977",
                    "title": "Зеркало напольное Монблан INSPIRE черное 400х1750",
                    "article": "85283136",
                    "group_id": "1sepegadlz4h5tbmaldhwnz17gwol3kz",
                    "group_title": "Группа 1"
                },
                "mass": 9.8,
                "size": {
                    "width": 410,
                    "height": 1760,
                    "length": 30
                },
                "sort": 1,
                "type": "box",
                "count": 1,
                "margin": {
                    "width": 0,
                    "height": 0,
                    "length": 0
                },
                "cargo_id": "hvy0thukwnljsaneadikh3ujoif82zp9",
                "stacking": false,
                "turnover": false,
                "margin_width": 0,
                "margin_length": 0,
                "stacking_limit": 0
            },
            {
                "info": {
                    "color": "#97bbf4",
                    "title": "Зеркало напольное Монблан INSPIRE белое 400х1750",
                    "article": "85283135",
                    "group_id": "1sepegadlz4h5tbmaldhwnz17gwol3kz",
                    "group_title": "Группа 1"
                },
                "mass": 9.8,
                "size": {
                    "width": 410,
                    "height": 1760,
                    "length": 30
                },
                "sort": 1,
                "type": "box",
                "count": 3,
                "margin": {
                    "width": 0,
                    "height": 0,
                    "length": 0
                },
                "cargo_id": "gyshddkywm5qqddru2lawpaj8ys6y4iu",
                "stacking": false,
                "turnover": false,
                "margin_width": 0,
                "margin_length": 0,
                "stacking_limit": 0
            },
            {
                "info": {
                    "color": "#d45054",
                    "title": "Зеркало напольное Альпы INSPIRE 400х1600 черное",
                    "article": "85283134",
                    "group_id": "1sepegadlz4h5tbmaldhwnz17gwol3kz",
                    "group_title": "Группа 1"
                },
                "mass": 10.5,
                "size": {
                    "width": 400,
                    "height": 1600,
                    "length": 40
                },
                "sort": 1,
                "type": "box",
                "count": 1,
                "margin": {
                    "width": 0,
                    "height": 0,
                    "length": 0
                },
                "cargo_id": "j7qsjhsxkdlcyw7rqc5lzkvfjujxktnb",
                "stacking": false,
                "turnover": false,
                "margin_width": 0,
                "margin_length": 0,
                "stacking_limit": 0
            },
            {
                "info": {
                    "color": "#6cabbe",
                    "title": "Зеркало напольное Альпы INSPIRE 40х160 Дуб",
                    "article": "85283133",
                    "group_id": "1sepegadlz4h5tbmaldhwnz17gwol3kz",
                    "group_title": "Группа 1"
                },
                "mass": 10.5,
                "size": {
                    "width": 400,
                    "height": 1600,
                    "length": 40
                },
                "sort": 1,
                "type": "box",
                "count": 5,
                "margin": {
                    "width": 0,
                    "height": 0,
                    "length": 0
                },
                "cargo_id": "3axdd7ytn2vmt7vgoxumw5o23j3zvmv4",
                "stacking": false,
                "turnover": false,
                "margin_width": 0,
                "margin_length": 0,
                "stacking_limit": 0
            },
            {
                "info": {
                    "color": "#950cd3",
                    "title": "Зеркало напольное Альпы INSPIRE 40х160 белое",
                    "article": "85283132",
                    "group_id": "1sepegadlz4h5tbmaldhwnz17gwol3kz",
                    "group_title": "Группа 1"
                },
                "mass": 10.5,
                "size": {
                    "width": 400,
                    "height": 1600,
                    "length": 40
                },
                "sort": 1,
                "type": "box",
                "count": 7,
                "margin": {
                    "width": 0,
                    "height": 0,
                    "length": 0
                },
                "cargo_id": "xjs9wgo6nziocithedhbb22lghg0h3xw",
                "stacking": false,
                "turnover": false,
                "margin_width": 0,
                "margin_length": 0,
                "stacking_limit": 0
            },
            {
                "info": {
                    "color": "#7f05cd",
                    "title": "Зеркало Plaza Led 450х1750",
                    "article": "83088293",
                    "group_id": "1sepegadlz4h5tbmaldhwnz17gwol3kz",
                    "group_title": "Группа 1"
                },
                "mass": 14.15,
                "size": {
                    "width": 515,
                    "height": 1815,
                    "length": 50
                },
                "sort": 1,
                "type": "box",
                "count": 1,
                "margin": {
                    "width": 0,
                    "height": 0,
                    "length": 0
                },
                "cargo_id": "4endi3yjbldvfhxqeyapn5mtud8yoeo6",
                "stacking": false,
                "turnover": false,
                "margin_width": 0,
                "margin_length": 0,
                "stacking_limit": 0
            },
            {
                "info": {
                    "color": "#70685d",
                    "title": "Зеркало Гримерное настольное черное 800х700 (11 ламп)",
                    "article": "83088286",
                    "group_id": "1sepegadlz4h5tbmaldhwnz17gwol3kz",
                    "group_title": "Группа 1"
                },
                "mass": 9.5,
                "size": {
                    "width": 880,
                    "height": 780,
                    "length": 50
                },
                "sort": 1,
                "type": "box",
                "count": 1,
                "margin": {
                    "width": 0,
                    "height": 0,
                    "length": 0
                },
                "cargo_id": "g0syhnfikxjy9ce1kgkwadclwlmqmqvd",
                "stacking": false,
                "turnover": false,
                "margin_width": 0,
                "margin_length": 0,
                "stacking_limit": 0
            },
            {
                "info": {
                    "color": "#13c72a",
                    "title": "Зеркало Гримерное настольное белое 80х70 (11 ламп)",
                    "article": "83088283",
                    "group_id": "1sepegadlz4h5tbmaldhwnz17gwol3kz",
                    "group_title": "Группа 1"
                },
                "mass": 9.5,
                "size": {
                    "width": 880,
                    "height": 780,
                    "length": 50
                },
                "sort": 1,
                "type": "box",
                "count": 3,
                "margin": {
                    "width": 0,
                    "height": 0,
                    "length": 0
                },
                "cargo_id": "j3nnxdrqcoswzwgdysxykspcitriwa8e",
                "stacking": false,
                "turnover": false,
                "margin_width": 0,
                "margin_length": 0,
                "stacking_limit": 0
            },
            {
                "info": {
                    "color": "#ab54b8",
                    "title": "Зеркало Гримерное напольное черное 600х1750 (20 ламп)",
                    "article": "83088282",
                    "group_id": "1sepegadlz4h5tbmaldhwnz17gwol3kz",
                    "group_title": "Группа 1"
                },
                "mass": 16.5,
                "size": {
                    "width": 680,
                    "height": 1830,
                    "length": 50
                },
                "sort": 1,
                "type": "box",
                "count": 2,
                "margin": {
                    "width": 0,
                    "height": 0,
                    "length": 0
                },
                "cargo_id": "eio9m68gteiwrbt8tk4beaijxucl4bcr",
                "stacking": false,
                "turnover": false,
                "margin_width": 0,
                "margin_length": 0,
                "stacking_limit": 0
            },
            {
                "info": {
                    "color": "#dab185",
                    "title": "Зеркало Гримерное напольное белое 60х175 (20 ламп)",
                    "article": "83088281",
                    "group_id": "1sepegadlz4h5tbmaldhwnz17gwol3kz",
                    "group_title": "Группа 1"
                },
                "mass": 16.5,
                "size": {
                    "width": 680,
                    "height": 1830,
                    "length": 50
                },
                "sort": 1,
                "type": "box",
                "count": 3,
                "margin": {
                    "width": 0,
                    "height": 0,
                    "length": 0
                },
                "cargo_id": "bsczbefxbu36kbmfxhrjmpvad0xqhimf",
                "stacking": false,
                "turnover": false,
                "margin_width": 0,
                "margin_length": 0,
                "stacking_limit": 0
            }
        ],
        "settings": {
            "rank": false,
            "max_step": 100,
            "min_step": 50,
            "usersort": false,
            "hardlimit": 1801,
            "timelimit": 1800,
            "step_scaling": 10
        },
        "put_boxes": [],
        "initial_id": 0,
        "cargo_space": {
            "id": 97,
            "info": {
                "uid": "97_0",
                "sort": 0,
                "title": "EURO",
                "margin": {
                    "width": 0,
                    "height": 0,
                    "length": 0
                }
            },
            "mass": 20,
            "size": {
                "width": 800,
                "height": 200,
                "length": 1200
            },
            "type": "pallet",
            "axles": [],
            "title": "EURO",
            "margin": {
                "width": 0,
                "height": 0,
                "length": 0
            },
            "indentation": {
                "width": 0,
                "height": 0,
                "length": 0,
                "height_top": 0,
                "length_end": 0,
                "width_right": 0
            },
            "loading_size": {
                "width": 800,
                "height": 2000,
                "length": 1200
            },
            "carrying_capacity": 1000
        },
        "calculation_id": "15999"
    },
    "data_result": {
        "boxes": [
            {
                "id": 16,
                "info": {
                    "color": "#950cd3",
                    "title": "Зеркало напольное Альпы INSPIRE 40х160 белое",
                    "article": "85283132",
                    "group_id": "1sepegadlz4h5tbmaldhwnz17gwol3kz",
                    "group_title": "Группа 1"
                },
                "mass": 10.5,
                "size": {
                    "width": 400.0,
                    "height": 1600.0,
                    "length": 40.0
                },
                "sort": 1,
                "step": 1,
                "type": "box",
                "margin": {
                    "width": 0.0,
                    "height": 0.0,
                    "length": 0.0
                },
                "cargo_id": "xjs9wgo6nziocithedhbb22lghg0h3xw",
                "position": {
                    "x": 0.0,
                    "y": 0.0,
                    "z": 700.0
                },
                "stacking": false,
                "turnover": false,
                "rotation_state": 0,
                "stacking_limit": 0.0,
                "calculated_size": {
                    "width": 40.0,
                    "height": 1600.0,
                    "length": 400.0
                },
                "virtual_positions": null
            },
            {
                "id": 15,
                "info": {
                    "color": "#950cd3",
                    "title": "Зеркало напольное Альпы INSPIRE 40х160 белое",
                    "article": "85283132",
                    "group_id": "1sepegadlz4h5tbmaldhwnz17gwol3kz",
                    "group_title": "Группа 1"
                },
                "mass": 10.5,
                "size": {
                    "width": 400.0,
                    "height": 1600.0,
                    "length": 40.0
                },
                "sort": 1,
                "step": 2,
                "type": "box",
                "margin": {
                    "width": 0.0,
                    "height": 0.0,
                    "length": 0.0
                },
                "cargo_id": "xjs9wgo6nziocithedhbb22lghg0h3xw",
                "position": {
                    "x": 0.0,
                    "y": 0.0,
                    "z": 660.0
                },
                "stacking": false,
                "turnover": false,
                "rotation_state": 0,
                "stacking_limit": 0.0,
                "calculated_size": {
                    "width": 40.0,
                    "height": 1600.0,
                    "length": 400.0
                },
                "virtual_positions": null
            },
            {
                "id": 14,
                "info": {
                    "color": "#950cd3",
                    "title": "Зеркало напольное Альпы INSPIRE 40х160 белое",
                    "article": "85283132",
                    "group_id": "1sepegadlz4h5tbmaldhwnz17gwol3kz",
                    "group_title": "Группа 1"
                },
                "mass": 10.5,
                "size": {
                    "width": 400.0,
                    "height": 1600.0,
                    "length": 40.0
                },
                "sort": 1,
                "step": 3,
                "type": "box",
                "margin": {
                    "width": 0.0,
                    "height": 0.0,
                    "length": 0.0
                },
                "cargo_id": "xjs9wgo6nziocithedhbb22lghg0h3xw",
                "position": {
                    "x": 0.0,
                    "y": 0.0,
                    "z": 620.0
                },
                "stacking": false,
                "turnover": false,
                "rotation_state": 0,
                "stacking_limit": 0.0,
                "calculated_size": {
                    "width": 40.0,
                    "height": 1600.0,
                    "length": 400.0
                },
                "virtual_positions": null
            },
            {
                "id": 13,
                "info": {
                    "color": "#950cd3",
                    "title": "Зеркало напольное Альпы INSPIRE 40х160 белое",
                    "article": "85283132",
                    "group_id": "1sepegadlz4h5tbmaldhwnz17gwol3kz",
                    "group_title": "Группа 1"
                },
                "mass": 10.5,
                "size": {
                    "width": 400.0,
                    "height": 1600.0,
                    "length": 40.0
                },
                "sort": 1,
                "step": 4,
                "type": "box",
                "margin": {
                    "width": 0.0,
                    "height": 0.0,
                    "length": 0.0
                },
                "cargo_id": "xjs9wgo6nziocithedhbb22lghg0h3xw",
                "position": {
                    "x": 0.0,
                    "y": 0.0,
                    "z": 580.0
                },
                "stacking": false,
                "turnover": false,
                "rotation_state": 0,
                "stacking_limit": 0.0,
                "calculated_size": {
                    "width": 40.0,
                    "height": 1600.0,
                    "length": 400.0
                },
                "virtual_positions": null
            },
            {
                "id": 12,
                "info": {
                    "color": "#950cd3",
                    "title": "Зеркало напольное Альпы INSPIRE 40х160 белое",
                    "article": "85283132",
                    "group_id": "1sepegadlz4h5tbmaldhwnz17gwol3kz",
                    "group_title": "Группа 1"
                },
                "mass": 10.5,
                "size": {
                    "width": 400.0,
                    "height": 1600.0,
                    "length": 40.0
                },
                "sort": 1,
                "step": 5,
                "type": "box",
                "margin": {
                    "width": 0.0,
                    "height": 0.0,
                    "length": 0.0
                },
                "cargo_id": "xjs9wgo6nziocithedhbb22lghg0h3xw",
                "position": {
                    "x": 0.0,
                    "y": 0.0,
                    "z": 540.0
                },
                "stacking": false,
                "turnover": false,
                "rotation_state": 0,
                "stacking_limit": 0.0,
                "calculated_size": {
                    "width": 40.0,
                    "height": 1600.0,
                    "length": 400.0
                },
                "virtual_positions": null
            },
            {
                "id": 11,
                "info": {
                    "color": "#950cd3",
                    "title": "Зеркало напольное Альпы INSPIRE 40х160 белое",
                    "article": "85283132",
                    "group_id": "1sepegadlz4h5tbmaldhwnz17gwol3kz",
                    "group_title": "Группа 1"
                },
                "mass": 10.5,
                "size": {
                    "width": 400.0,
                    "height": 1600.0,
                    "length": 40.0
                },
                "sort": 1,
                "step": 6,
                "type": "box",
                "margin": {
                    "width": 0.0,
                    "height": 0.0,
                    "length": 0.0
                },
                "cargo_id": "xjs9wgo6nziocithedhbb22lghg0h3xw",
                "position": {
                    "x": 0.0,
                    "y": 0.0,
                    "z": 500.0
                },
                "stacking": false,
                "turnover": false,
                "rotation_state": 0,
                "stacking_limit": 0.0,
                "calculated_size": {
                    "width": 40.0,
                    "height": 1600.0,
                    "length": 400.0
                },
                "virtual_positions": null
            },
            {
                "id": 21,
                "info": {
                    "color": "#13c72a",
                    "title": "Зеркало Гримерное настольное белое 80х70 (11 ламп)",
                    "article": "83088283",
                    "group_id": "1sepegadlz4h5tbmaldhwnz17gwol3kz",
                    "group_title": "Группа 1"
                },
                "mass": 9.5,
                "size": {
                    "width": 880.0,
                    "height": 780.0,
                    "length": 50.0
                },
                "sort": 1,
                "step": 7,
                "type": "box",
                "margin": {
                    "width": 0.0,
                    "height": 0.0,
                    "length": 0.0
                },
                "cargo_id": "j3nnxdrqcoswzwgdysxykspcitriwa8e",
                "position": {
                    "x": 0.0,
                    "y": 0.0,
                    "z": 450.0
                },
                "stacking": false,
                "turnover": false,
                "rotation_state": 0,
                "stacking_limit": 0.0,
                "calculated_size": {
                    "width": 50.0,
                    "height": 780.0,
                    "length": 880.0
                },
                "virtual_positions": null
            },
            {
                "id": 20,
                "info": {
                    "color": "#13c72a",
                    "title": "Зеркало Гримерное настольное белое 80х70 (11 ламп)",
                    "article": "83088283",
                    "group_id": "1sepegadlz4h5tbmaldhwnz17gwol3kz",
                    "group_title": "Группа 1"
                },
                "mass": 9.5,
                "size": {
                    "width": 880.0,
                    "height": 780.0,
                    "length": 50.0
                },
                "sort": 1,
                "step": 8,
                "type": "box",
                "margin": {
                    "width": 0.0,
                    "height": 0.0,
                    "length": 0.0
                },
                "cargo_id": "j3nnxdrqcoswzwgdysxykspcitriwa8e",
                "position": {
                    "x": 0.0,
                    "y": 0.0,
                    "z": 400.0
                },
                "stacking": false,
                "turnover": false,
                "rotation_state": 0,
                "stacking_limit": 0.0,
                "calculated_size": {
                    "width": 50.0,
                    "height": 780.0,
                    "length": 880.0
                },
                "virtual_positions": null
            },
            {
                "id": 19,
                "info": {
                    "color": "#13c72a",
                    "title": "Зеркало Гримерное настольное белое 80х70 (11 ламп)",
                    "article": "83088283",
                    "group_id": "1sepegadlz4h5tbmaldhwnz17gwol3kz",
                    "group_title": "Группа 1"
                },
                "mass": 9.5,
                "size": {
                    "width": 880.0,
                    "height": 780.0,
                    "length": 50.0
                },
                "sort": 1,
                "step": 9,
                "type": "box",
                "margin": {
                    "width": 0.0,
                    "height": 0.0,
                    "length": 0.0
                },
                "cargo_id": "j3nnxdrqcoswzwgdysxykspcitriwa8e",
                "position": {
                    "x": 0.0,
                    "y": 0.0,
                    "z": 350.0
                },
                "stacking": false,
                "turnover": false,
                "rotation_state": 0,
                "stacking_limit": 0.0,
                "calculated_size": {
                    "width": 50.0,
                    "height": 780.0,
                    "length": 880.0
                },
                "virtual_positions": null
            },
            {
                "id": 18,
                "info": {
                    "color": "#70685d",
                    "title": "Зеркало Гримерное настольное черное 800х700 (11 ламп)",
                    "article": "83088286",
                    "group_id": "1sepegadlz4h5tbmaldhwnz17gwol3kz",
                    "group_title": "Группа 1"
                },
                "mass": 9.5,
                "size": {
                    "width": 880.0,
                    "height": 780.0,
                    "length": 50.0
                },
                "sort": 1,
                "step": 10,
                "type": "box",
                "margin": {
                    "width": 0.0,
                    "height": 0.0,
                    "length": 0.0
                },
                "cargo_id": "g0syhnfikxjy9ce1kgkwadclwlmqmqvd",
                "position": {
                    "x": 0.0,
                    "y": 0.0,
                    "z": 300.0
                },
                "stacking": false,
                "turnover": false,
                "rotation_state": 0,
                "stacking_limit": 0.0,
                "calculated_size": {
                    "width": 50.0,
                    "height": 780.0,
                    "length": 880.0
                },
                "virtual_positions": null
            },
            {
                "id": 17,
                "info": {
                    "color": "#7f05cd",
                    "title": "Зеркало Plaza Led 450х1750",
                    "article": "83088293",
                    "group_id": "1sepegadlz4h5tbmaldhwnz17gwol3kz",
                    "group_title": "Группа 1"
                },
                "mass": 14.15,
                "size": {
                    "width": 515.0,
                    "height": 1815.0,
                    "length": 50.0
                },
                "sort": 1,
                "step": 11,
                "type": "box",
                "margin": {
                    "width": 0.0,
                    "height": 0.0,
                    "length": 0.0
                },
                "cargo_id": "4endi3yjbldvfhxqeyapn5mtud8yoeo6",
                "position": {
                    "x": 0.0,
                    "y": 0.0,
                    "z": 250.0
                },
                "stacking": false,
                "turnover": false,
                "rotation_state": 0,
                "stacking_limit": 0.0,
                "calculated_size": {
                    "width": 50.0,
                    "height": 1815.0,
                    "length": 515.0
                },
                "virtual_positions": null
            },
            {
                "id": 26,
                "info": {
                    "color": "#dab185",
                    "title": "Зеркало Гримерное напольное белое 60х175 (20 ламп)",
                    "article": "83088281",
                    "group_id": "1sepegadlz4h5tbmaldhwnz17gwol3kz",
                    "group_title": "Группа 1"
                },
                "mass": 16.5,
                "size": {
                    "width": 680.0,
                    "height": 1830.0,
                    "length": 50.0
                },
                "sort": 1,
                "step": 12,
                "type": "box",
                "margin": {
                    "width": 0.0,
                    "height": 0.0,
                    "length": 0.0
                },
                "cargo_id": "bsczbefxbu36kbmfxhrjmpvad0xqhimf",
                "position": {
                    "x": 0.0,
                    "y": 0.0,
                    "z": 200.0
                },
                "stacking": false,
                "turnover": false,
                "rotation_state": 0,
                "stacking_limit": 0.0,
                "calculated_size": {
                    "width": 50.0,
                    "height": 1830.0,
                    "length": 680.0
                },
                "virtual_positions": null
            },
            {
                "id": 25,
                "info": {
                    "color": "#dab185",
                    "title": "Зеркало Гримерное напольное белое 60х175 (20 ламп)",
                    "article": "83088281",
                    "group_id": "1sepegadlz4h5tbmaldhwnz17gwol3kz",
                    "group_title": "Группа 1"
                },
                "mass": 16.5,
                "size": {
                    "width": 680.0,
                    "height": 1830.0,
                    "length": 50.0
                },
                "sort": 1,
                "step": 13,
                "type": "box",
                "margin": {
                    "width": 0.0,
                    "height": 0.0,
                    "length": 0.0
                },
                "cargo_id": "bsczbefxbu36kbmfxhrjmpvad0xqhimf",
                "position": {
                    "x": 0.0,
                    "y": 0.0,
                    "z": 150.0
                },
                "stacking": false,
                "turnover": false,
                "rotation_state": 0,
                "stacking_limit": 0.0,
                "calculated_size": {
                    "width": 50.0,
                    "height": 1830.0,
                    "length": 680.0
                },
                "virtual_positions": null
            },
            {
                "id": 24,
                "info": {
                    "color": "#dab185",
                    "title": "Зеркало Гримерное напольное белое 60х175 (20 ламп)",
                    "article": "83088281",
                    "group_id": "1sepegadlz4h5tbmaldhwnz17gwol3kz",
                    "group_title": "Группа 1"
                },
                "mass": 16.5,
                "size": {
                    "width": 680.0,
                    "height": 1830.0,
                    "length": 50.0
                },
                "sort": 1,
                "step": 14,
                "type": "box",
                "margin": {
                    "width": 0.0,
                    "height": 0.0,
                    "length": 0.0
                },
                "cargo_id": "bsczbefxbu36kbmfxhrjmpvad0xqhimf",
                "position": {
                    "x": 0.0,
                    "y": 0.0,
                    "z": 100.0
                },
                "stacking": false,
                "turnover": false,
                "rotation_state": 0,
                "stacking_limit": 0.0,
                "calculated_size": {
                    "width": 50.0,
                    "height": 1830.0,
                    "length": 680.0
                },
                "virtual_positions": null
            },
            {
                "id": 23,
                "info": {
                    "color": "#ab54b8",
                    "title": "Зеркало Гримерное напольное черное 600х1750 (20 ламп)",
                    "article": "83088282",
                    "group_id": "1sepegadlz4h5tbmaldhwnz17gwol3kz",
                    "group_title": "Группа 1"
                },
                "mass": 16.5,
                "size": {
                    "width": 680.0,
                    "height": 1830.0,
                    "length": 50.0
                },
                "sort": 1,
                "step": 15,
                "type": "box",
                "margin": {
                    "width": 0.0,
                    "height": 0.0,
                    "length": 0.0
                },
                "cargo_id": "eio9m68gteiwrbt8tk4beaijxucl4bcr",
                "position": {
                    "x": 0.0,
                    "y": 0.0,
                    "z": 50.0
                },
                "stacking": false,
                "turnover": false,
                "rotation_state": 0,
                "stacking_limit": 0.0,
                "calculated_size": {
                    "width": 50.0,
                    "height": 1830.0,
                    "length": 680.0
                },
                "virtual_positions": null
            },
            {
                "id": 22,
                "info": {
                    "color": "#ab54b8",
                    "title": "Зеркало Гримерное напольное черное 600х1750 (20 ламп)",
                    "article": "83088282",
                    "group_id": "1sepegadlz4h5tbmaldhwnz17gwol3kz",
                    "group_title": "Группа 1"
                },
                "mass": 16.5,
                "size": {
                    "width": 680.0,
                    "height": 1830.0,
                    "length": 50.0
                },
                "sort": 1,
                "step": 16,
                "type": "box",
                "margin": {
                    "width": 0.0,
                    "height": 0.0,
                    "length": 0.0
                },
                "cargo_id": "eio9m68gteiwrbt8tk4beaijxucl4bcr",
                "position": {
                    "x": 0.0,
                    "y": 0.0,
                    "z": 0.0
                },
                "stacking": false,
                "turnover": false,
                "rotation_state": 0,
                "stacking_limit": 0.0,
                "calculated_size": {
                    "width": 50.0,
                    "height": 1830.0,
                    "length": 680.0
                },
                "virtual_positions": null
            },
            {
                "id": 10,
                "info": {
                    "color": "#950cd3",
                    "title": "Зеркало напольное Альпы INSPIRE 40х160 белое",
                    "article": "85283132",
                    "group_id": "1sepegadlz4h5tbmaldhwnz17gwol3kz",
                    "group_title": "Группа 1"
                },
                "mass": 10.5,
                "size": {
                    "width": 400.0,
                    "height": 1600.0,
                    "length": 40.0
                },
                "sort": 1,
                "step": 17,
                "type": "box",
                "margin": {
                    "width": 0.0,
                    "height": 0.0,
                    "length": 0.0
                },
                "cargo_id": "xjs9wgo6nziocithedhbb22lghg0h3xw",
                "position": {
                    "x": 680.0,
                    "y": 0.0,
                    "z": 240.0
                },
                "stacking": false,
                "turnover": false,
                "rotation_state": 0,
                "stacking_limit": 0.0,
                "calculated_size": {
                    "width": 40.0,
                    "height": 1600.0,
                    "length": 400.0
                },
                "virtual_positions": null
            },
            {
                "id": 9,
                "info": {
                    "color": "#6cabbe",
                    "title": "Зеркало напольное Альпы INSPIRE 40х160 Дуб",
                    "article": "85283133",
                    "group_id": "1sepegadlz4h5tbmaldhwnz17gwol3kz",
                    "group_title": "Группа 1"
                },
                "mass": 10.5,
                "size": {
                    "width": 400.0,
                    "height": 1600.0,
                    "length": 40.0
                },
                "sort": 1,
                "step": 18,
                "type": "box",
                "margin": {
                    "width": 0.0,
                    "height": 0.0,
                    "length": 0.0
                },
                "cargo_id": "3axdd7ytn2vmt7vgoxumw5o23j3zvmv4",
                "position": {
                    "x": 680.0,
                    "y": 0.0,
                    "z": 200.0
                },
                "stacking": false,
                "turnover": false,
                "rotation_state": 0,
                "stacking_limit": 0.0,
                "calculated_size": {
                    "width": 40.0,
                    "height": 1600.0,
                    "length": 400.0
                },
                "virtual_positions": null
            },
            {
                "id": 8,
                "info": {
                    "color": "#6cabbe",
                    "title": "Зеркало напольное Альпы INSPIRE 40х160 Дуб",
                    "article": "85283133",
                    "group_id": "1sepegadlz4h5tbmaldhwnz17gwol3kz",
                    "group_title": "Группа 1"
                },
                "mass": 10.5,
                "size": {
                    "width": 400.0,
                    "height": 1600.0,
                    "length": 40.0
                },
                "sort": 1,
                "step": 19,
                "type": "box",
                "margin": {
                    "width": 0.0,
                    "height": 0.0,
                    "length": 0.0
                },
                "cargo_id": "3axdd7ytn2vmt7vgoxumw5o23j3zvmv4",
                "position": {
                    "x": 680.0,
                    "y": 0.0,
                    "z": 160.0
                },
                "stacking": false,
                "turnover": false,
                "rotation_state": 0,
                "stacking_limit": 0.0,
                "calculated_size": {
                    "width": 40.0,
                    "height": 1600.0,
                    "length": 400.0
                },
                "virtual_positions": null
            },
            {
                "id": 7,
                "info": {
                    "color": "#6cabbe",
                    "title": "Зеркало напольное Альпы INSPIRE 40х160 Дуб",
                    "article": "85283133",
                    "group_id": "1sepegadlz4h5tbmaldhwnz17gwol3kz",
                    "group_title": "Группа 1"
                },
                "mass": 10.5,
                "size": {
                    "width": 400.0,
                    "height": 1600.0,
                    "length": 40.0
                },
                "sort": 1,
                "step": 20,
                "type": "box",
                "margin": {
                    "width": 0.0,
                    "height": 0.0,
                    "length": 0.0
                },
                "cargo_id": "3axdd7ytn2vmt7vgoxumw5o23j3zvmv4",
                "position": {
                    "x": 680.0,
                    "y": 0.0,
                    "z": 120.0
                },
                "stacking": false,
                "turnover": false,
                "rotation_state": 0,
                "stacking_limit": 0.0,
                "calculated_size": {
                    "width": 40.0,
                    "height": 1600.0,
                    "length": 400.0
                },
                "virtual_positions": null
            },
            {
                "id": 6,
                "info": {
                    "color": "#6cabbe",
                    "title": "Зеркало напольное Альпы INSPIRE 40х160 Дуб",
                    "article": "85283133",
                    "group_id": "1sepegadlz4h5tbmaldhwnz17gwol3kz",
                    "group_title": "Группа 1"
                },
                "mass": 10.5,
                "size": {
                    "width": 400.0,
                    "height": 1600.0,
                    "length": 40.0
                },
                "sort": 1,
                "step": 21,
                "type": "box",
                "margin": {
                    "width": 0.0,
                    "height": 0.0,
                    "length": 0.0
                },
                "cargo_id": "3axdd7ytn2vmt7vgoxumw5o23j3zvmv4",
                "position": {
                    "x": 680.0,
                    "y": 0.0,
                    "z": 80.0
                },
                "stacking": false,
                "turnover": false,
                "rotation_state": 0,
                "stacking_limit": 0.0,
                "calculated_size": {
                    "width": 40.0,
                    "height": 1600.0,
                    "length": 400.0
                },
                "virtual_positions": null
            },
            {
                "id": 5,
                "info": {
                    "color": "#6cabbe",
                    "title": "Зеркало напольное Альпы INSPIRE 40х160 Дуб",
                    "article": "85283133",
                    "group_id": "1sepegadlz4h5tbmaldhwnz17gwol3kz",
                    "group_title": "Группа 1"
                },
                "mass": 10.5,
                "size": {
                    "width": 400.0,
                    "height": 1600.0,
                    "length": 40.0
                },
                "sort": 1,
                "step": 22,
                "type": "box",
                "margin": {
                    "width": 0.0,
                    "height": 0.0,
                    "length": 0.0
                },
                "cargo_id": "3axdd7ytn2vmt7vgoxumw5o23j3zvmv4",
                "position": {
                    "x": 680.0,
                    "y": 0.0,
                    "z": 40.0
                },
                "stacking": false,
                "turnover": false,
                "rotation_state": 0,
                "stacking_limit": 0.0,
                "calculated_size": {
                    "width": 40.0,
                    "height": 1600.0,
                    "length": 400.0
                },
                "virtual_positions": null
            },
            {
                "id": 4,
                "info": {
                    "color": "#d45054",
                    "title": "Зеркало напольное Альпы INSPIRE 400х1600 черное",
                    "article": "85283134",
                    "group_id": "1sepegadlz4h5tbmaldhwnz17gwol3kz",
                    "group_title": "Группа 1"
                },
                "mass": 10.5,
                "size": {
                    "width": 400.0,
                    "height": 1600.0,
                    "length": 40.0
                },
                "sort": 1,
                "step": 23,
                "type": "box",
                "margin": {
                    "width": 0.0,
                    "height": 0.0,
                    "length": 0.0
                },
                "cargo_id": "j7qsjhsxkdlcyw7rqc5lzkvfjujxktnb",
                "position": {
                    "x": 680.0,
                    "y": 0.0,
                    "z": 0.0
                },
                "stacking": false,
                "turnover": false,
                "rotation_state": 0,
                "stacking_limit": 0.0,
                "calculated_size": {
                    "width": 40.0,
                    "height": 1600.0,
                    "length": 400.0
                },
                "virtual_positions": null
            },
            {
                "id": 3,
                "info": {
                    "color": "#97bbf4",
                    "title": "Зеркало напольное Монблан INSPIRE белое 400х1750",
                    "article": "85283135",
                    "group_id": "1sepegadlz4h5tbmaldhwnz17gwol3kz",
                    "group_title": "Группа 1"
                },
                "mass": 9.8,
                "size": {
                    "width": 410.0,
                    "height": 1760.0,
                    "length": 30.0
                },
                "sort": 1,
                "step": 24,
                "type": "box",
                "margin": {
                    "width": 0.0,
                    "height": 0.0,
                    "length": 0.0
                },
                "cargo_id": "gyshddkywm5qqddru2lawpaj8ys6y4iu",
                "position": {
                    "x": 1080.0,
                    "y": 0.0,
                    "z": 0.0
                },
                "stacking": false,
                "turnover": false,
                "rotation_state": 1,
                "stacking_limit": 0.0,
                "calculated_size": {
                    "width": 410.0,
                    "height": 1760.0,
                    "length": 30.0
                },
                "virtual_positions": null
            },
            {
                "id": 2,
                "info": {
                    "color": "#97bbf4",
                    "title": "Зеркало напольное Монблан INSPIRE белое 400х1750",
                    "article": "85283135",
                    "group_id": "1sepegadlz4h5tbmaldhwnz17gwol3kz",
                    "group_title": "Группа 1"
                },
                "mass": 9.8,
                "size": {
                    "width": 410.0,
                    "height": 1760.0,
                    "length": 30.0
                },
                "sort": 1,
                "step": 25,
                "type": "box",
                "margin": {
                    "width": 0.0,
                    "height": 0.0,
                    "length": 0.0
                },
                "cargo_id": "gyshddkywm5qqddru2lawpaj8ys6y4iu",
                "position": {
                    "x": 1110.0,
                    "y": 0.0,
                    "z": 0.0
                },
                "stacking": false,
                "turnover": false,
                "rotation_state": 1,
                "stacking_limit": 0.0,
                "calculated_size": {
                    "width": 410.0,
                    "height": 1760.0,
                    "length": 30.0
                },
                "virtual_positions": null
            },
            {
                "id": 1,
                "info": {
                    "color": "#97bbf4",
                    "title": "Зеркало напольное Монблан INSPIRE белое 400х1750",
                    "article": "85283135",
                    "group_id": "1sepegadlz4h5tbmaldhwnz17gwol3kz",
                    "group_title": "Группа 1"
                },
                "mass": 9.8,
                "size": {
                    "width": 410.0,
                    "height": 1760.0,
                    "length": 30.0
                },
                "sort": 1,
                "step": 26,
                "type": "box",
                "margin": {
                    "width": 0.0,
                    "height": 0.0,
                    "length": 0.0
                },
                "cargo_id": "gyshddkywm5qqddru2lawpaj8ys6y4iu",
                "position": {
                    "x": 1140.0,
                    "y": 0.0,
                    "z": 0.0
                },
                "stacking": false,
                "turnover": false,
                "rotation_state": 1,
                "stacking_limit": 0.0,
                "calculated_size": {
                    "width": 410.0,
                    "height": 1760.0,
                    "length": 30.0
                },
                "virtual_positions": null
            },
            {
                "id": 0,
                "info": {
                    "color": "#46b977",
                    "title": "Зеркало напольное Монблан INSPIRE черное 400х1750",
                    "article": "85283136",
                    "group_id": "1sepegadlz4h5tbmaldhwnz17gwol3kz",
                    "group_title": "Группа 1"
                },
                "mass": 9.8,
                "size": {
                    "width": 410.0,
                    "height": 1760.0,
                    "length": 30.0
                },
                "sort": 1,
                "step": 27,
                "type": "box",
                "margin": {
                    "width": 0.0,
                    "height": 0.0,
                    "length": 0.0
                },
                "cargo_id": "hvy0thukwnljsaneadikh3ujoif82zp9",
                "position": {
                    "x": 1170.0,
                    "y": 0.0,
                    "z": 0.0
                },
                "stacking": false,
                "turnover": false,
                "rotation_state": 1,
                "stacking_limit": 0.0,
                "calculated_size": {
                    "width": 410.0,
                    "height": 1760.0,
                    "length": 30.0
                },
                "virtual_positions": null
            }
        ],
        "version": 5,
        "cargo_space": {
            "id": 97,
            "info": {
                "uid": "97_0",
                "sort": 0,
                "title": "EURO",
                "margin": {
                    "width": 0,
                    "height": 0,
                    "length": 0
                }
            },
            "mass": 20.0,
            "size": {
                "width": 800.0,
                "height": 200.0,
                "length": 1200.0
            },
            "type": "pallet",
            "indentation": {
                "width": 0.0,
                "height": 0.0,
                "length": 0.0,
                "height_top": -1800.0,
                "length_end": 0.0,
                "width_right": 0.0
            },
            "loading_size": {
                "width": 800.0,
                "height": 2000.0,
                "length": 1200.0
            },
            "calculation_info": {
                "step_count": 27,
                "cargos_mass": 0.31035,
                "load_volume": 1.92,
                "cargos_volume": 0.91451,
                "count_cargoes": 27,
                "load_capacity": 1.0,
                "loading_height": 1.83,
                "density_percent": 56.27605,
                "remaining_volume": 1.00549,
                "void_space_percent": 52.36936,
                "filling_space_percent": 47.63064
            },
            "carrying_capacity": 1000.0,
            "real_center_of_gravity": [
                548.9983083615272,
                795.3749798614467,
                279.65120025777344
            ],
            "ideal_center_of_gravity": [
                600.0,
                0.0,
                400.0
            ]
        },
        "cargo_groups": [],
        "packing_type": "PackingBlocks",
        "calculation_id": 15999,
        "invalid_errors": [],
        "unpacked_errors": [],
        "validate_errors": [
            "ERROR_INDENTATION"
        ],
        "is_packed_same_boxes": false
    }
}