{
    "data": {
        "cargoes": [
            {
                "info": {
                    "color": "#6dffff",
                    "title": "Seramix 3",
                    "article": "",
                    "group_id": "1uuwwizgijmb9l82q00pajfq7r50q0gd",
                    "group_title": "Группа 1"
                },
                "mass": 965.0,
                "size": {
                    "width": 1770,
                    "height": 1680,
                    "length": 1770
                },
                "sort": 1,
                "type": "box",
                "count": 1,
                "margin": {
                    "width": 0,
                    "height": 0,
                    "length": 0
                },
                "cargo_id": "0ccbspbjs89wbdd358xxnnuzpolbeuma",
                "stacking": true,
                "turnover": true,
                "margin_width": 0,
                "margin_length": 0,
                "stacking_limit": 0
            },
            {
                "info": {
                    "color": "#0c5ad6",
                    "title": "Seramix 2",
                    "article": "",
                    "group_id": "1uuwwizgijmb9l82q00pajfq7r50q0gd",
                    "group_title": "Группа 1"
                },
                "mass": 1059.0,
                "size": {
                    "width": 870,
                    "height": 1960,
                    "length": 1770
                },
                "sort": 1,
                "type": "box",
                "count": 1,
                "margin": {
                    "width": 0,
                    "height": 0,
                    "length": 0
                },
                "cargo_id": "bbjfcvysdoyct4dxzbd8ruou9ytepktq",
                "stacking": false,
                "turnover": true,
                "margin_width": 0,
                "margin_length": 0,
                "stacking_limit": 0
            },
            {
                "info": {
                    "color": "#d058fc",
                    "title": "Seramix 1",
                    "article": "",
                    "group_id": "1uuwwizgijmb9l82q00pajfq7r50q0gd",
                    "group_title": "Группа 1"
                },
                "mass": 3.0,
                "size": {
                    "width": 300,
                    "height": 300,
                    "length": 400
                },
                "sort": 1,
                "type": "box",
                "count": 1,
                "margin": {
                    "width": 0,
                    "height": 0,
                    "length": 0
                },
                "cargo_id": "o680izwmf65l890rjapdjzqfcsi2dgnk",
                "stacking": true,
                "turnover": true,
                "margin_width": 0,
                "margin_length": 0,
                "stacking_limit": 0
            },
            {
                "info": {
                    "color": "#e0735e",
                    "title": "Özbekoğlu",
                    "article": "",
                    "group_id": "1uuwwizgijmb9l82q00pajfq7r50q0gd",
                    "group_title": "Группа 1"
                },
                "mass": 400.0,
                "size": {
                    "width": 1400,
                    "height": 2200,
                    "length": 1200
                },
                "sort": 1,
                "type": "box",
                "count": 1,
                "margin": {
                    "width": 0,
                    "height": 0,
                    "length": 0
                },
                "cargo_id": "usjwr8swzbhs9db90zzdiympjjvws1of",
                "stacking": false,
                "turnover": true,
                "margin_width": 0,
                "margin_length": 0,
                "stacking_limit": 0
            },
            {
                "info": {
                    "color": "#6cd84e",
                    "title": "Orsan Ticari Araç Fren Sistemleri A.Ş. 3",
                    "article": "",
                    "group_id": "1uuwwizgijmb9l82q00pajfq7r50q0gd",
                    "group_title": "Группа 1"
                },
                "mass": 2000.0,
                "size": {
                    "width": 1200,
                    "height": 1000,
                    "length": 800
                },
                "sort": 1,
                "type": "box",
                "count": 1,
                "margin": {
                    "width": 0,
                    "height": 0,
                    "length": 0
                },
                "cargo_id": "2c9unghufkijapvf3tjjzvyaezcrw3ub",
                "stacking": false,
                "turnover": true,
                "margin_width": 0,
                "margin_length": 0,
                "stacking_limit": 0
            },
            {
                "info": {
                    "color": "#1634e0",
                    "title": "Orsan Ticari Araç Fren Sistemleri A.Ş. 2",
                    "article": "",
                    "group_id": "1uuwwizgijmb9l82q00pajfq7r50q0gd",
                    "group_title": "Группа 1"
                },
                "mass": 200.0,
                "size": {
                    "width": 1200,
                    "height": 1000,
                    "length": 800
                },
                "sort": 1,
                "type": "box",
                "count": 1,
                "margin": {
                    "width": 0,
                    "height": 0,
                    "length": 0
                },
                "cargo_id": "lkrsvmpygwrkvyljyqrszd7k822jk614",
                "stacking": false,
                "turnover": true,
                "margin_width": 0,
                "margin_length": 0,
                "stacking_limit": 0
            },
            {
                "info": {
                    "color": "#ede65e",
                    "title": "Orsan Ticari Araç Fren Sistemleri A.Ş. 1",
                    "article": "",
                    "group_id": "1uuwwizgijmb9l82q00pajfq7r50q0gd",
                    "group_title": "Группа 1"
                },
                "mass": 205.0,
                "size": {
                    "width": 1200,
                    "height": 1000,
                    "length": 800
                },
                "sort": 1,
                "type": "box",
                "count": 1,
                "margin": {
                    "width": 0,
                    "height": 0,
                    "length": 0
                },
                "cargo_id": "4ufbyjy2tvjcyta8zymjv5taudrvw5dc",
                "stacking": false,
                "turnover": true,
                "margin_width": 0,
                "margin_length": 0,
                "stacking_limit": 0
            },
            {
                "info": {
                    "color": "#9e0741",
                    "title": "AVRASYA ENDÜSTRİ VE TEKNINK HIRDAVAT SANTICLTDŞTİ 5",
                    "article": "",
                    "group_id": "1uuwwizgijmb9l82q00pajfq7r50q0gd",
                    "group_title": "Группа 1"
                },
                "mass": 40.0,
                "size": {
                    "width": 400,
                    "height": 270,
                    "length": 580
                },
                "sort": 1,
                "type": "box",
                "count": 1,
                "margin": {
                    "width": 0,
                    "height": 0,
                    "length": 0
                },
                "cargo_id": "dyjlxr3atnzzxbp6cohukdj9xmpztlhn",
                "stacking": true,
                "turnover": true,
                "margin_width": 0,
                "margin_length": 0,
                "stacking_limit": 0
            },
            {
                "info": {
                    "color": "#61dd5f",
                    "title": "AVRASYA ENDÜSTRİ VE TEKNINK HIRDAVAT SANTICLTDŞTİ 4",
                    "article": "",
                    "group_id": "1uuwwizgijmb9l82q00pajfq7r50q0gd",
                    "group_title": "Группа 1"
                },
                "mass": 40.0,
                "size": {
                    "width": 400,
                    "height": 270,
                    "length": 580
                },
                "sort": 1,
                "type": "box",
                "count": 1,
                "margin": {
                    "width": 0,
                    "height": 0,
                    "length": 0
                },
                "cargo_id": "8fef24zabbid9dub5jqob5ygoh9vcyjf",
                "stacking": true,
                "turnover": true,
                "margin_width": 0,
                "margin_length": 0,
                "stacking_limit": 0
            },
            {
                "info": {
                    "color": "#d3a83b",
                    "title": "AVRASYA ENDÜSTRİ VE TEKNINK HIRDAVAT SANTICLTDŞTİ 3",
                    "article": "",
                    "group_id": "1uuwwizgijmb9l82q00pajfq7r50q0gd",
                    "group_title": "Группа 1"
                },
                "mass": 12.0,
                "size": {
                    "width": 260,
                    "height": 113,
                    "length": 370
                },
                "sort": 1,
                "type": "box",
                "count": 1,
                "margin": {
                    "width": 0,
                    "height": 0,
                    "length": 0
                },
                "cargo_id": "a3yypsulxorj5vp4gcysxuzcuk0zkz2p",
                "stacking": true,
                "turnover": true,
                "margin_width": 0,
                "margin_length": 0,
                "stacking_limit": 0
            },
            {
                "info": {
                    "color": "#59dbca",
                    "title": "AVRASYA ENDÜSTRİ VE TEKNINK HIRDAVAT SANTICLTDŞTİ 2",
                    "article": "",
                    "group_id": "1uuwwizgijmb9l82q00pajfq7r50q0gd",
                    "group_title": "Группа 1"
                },
                "mass": 44.0,
                "size": {
                    "width": 400,
                    "height": 270,
                    "length": 580
                },
                "sort": 1,
                "type": "box",
                "count": 1,
                "margin": {
                    "width": 0,
                    "height": 0,
                    "length": 0
                },
                "cargo_id": "rfrfasiu9kwrfpwtvyuzyhfhxoxzjmjy",
                "stacking": true,
                "turnover": true,
                "margin_width": 0,
                "margin_length": 0,
                "stacking_limit": 0
            },
            {
                "info": {
                    "color": "#538710",
                    "title": "AVRASYA ENDÜSTRİ VE TEKNINK HIRDAVAT SANTICLTDŞTİ 1",
                    "article": "",
                    "group_id": "1uuwwizgijmb9l82q00pajfq7r50q0gd",
                    "group_title": "Группа 1"
                },
                "mass": 63.0,
                "size": {
                    "width": 400,
                    "height": 250,
                    "length": 580
                },
                "sort": 1,
                "type": "box",
                "count": 1,
                "margin": {
                    "width": 0,
                    "height": 0,
                    "length": 0
                },
                "cargo_id": "qcoqxc5p0nox6qiov6qhfshpioun6wkp",
                "stacking": true,
                "turnover": true,
                "margin_width": 0,
                "margin_length": 0,
                "stacking_limit": 0
            },
            {
                "info": {
                    "color": "#260d70",
                    "title": "Vi Makina Enerji Elektrik Icecek San. Ve Tic. Ltd. Şti",
                    "article": "",
                    "group_id": "1uuwwizgijmb9l82q00pajfq7r50q0gd",
                    "group_title": "Группа 1"
                },
                "mass": 677.0,
                "size": {
                    "width": 500,
                    "height": 700,
                    "length": 2900
                },
                "sort": 1,
                "type": "box",
                "count": 1,
                "margin": {
                    "width": 0,
                    "height": 0,
                    "length": 0
                },
                "cargo_id": "a6utwkpq8yeansvodgckvw9kef6jxip1",
                "stacking": false,
                "turnover": true,
                "margin_width": 0,
                "margin_length": 0,
                "stacking_limit": 0
            },
            {
                "info": {
                    "color": "#44ceb5",
                    "title": "EGES ELEKTRİK VE ELEKTRONİK GEREÇLER SANAYİ VE TİCARET A.S.",
                    "article": "",
                    "group_id": "1uuwwizgijmb9l82q00pajfq7r50q0gd",
                    "group_title": "Группа 1"
                },
                "mass": 745.0,
                "size": {
                    "width": 1700,
                    "height": 300,
                    "length": 600
                },
                "sort": 1,
                "type": "box",
                "count": 1,
                "margin": {
                    "width": 0,
                    "height": 0,
                    "length": 0
                },
                "cargo_id": "se9yluqczur3m5jifygxelubulu7o5ml",
                "stacking": false,
                "turnover": true,
                "margin_width": 0,
                "margin_length": 0,
                "stacking_limit": 0
            },
            {
                "info": {
                    "color": "#c66911",
                    "title": "Endo Endustriyel Donanım ve Otomasyon Sist",
                    "article": "",
                    "group_id": "1uuwwizgijmb9l82q00pajfq7r50q0gd",
                    "group_title": "Группа 1"
                },
                "mass": 85.0,
                "size": {
                    "width": 800,
                    "height": 650,
                    "length": 620
                },
                "sort": 1,
                "type": "box",
                "count": 1,
                "margin": {
                    "width": 0,
                    "height": 0,
                    "length": 0
                },
                "cargo_id": "gswbacfzgiwbjbw4s8i31h7e9gcssp3e",
                "stacking": false,
                "turnover": true,
                "margin_width": 0,
                "margin_length": 0,
                "stacking_limit": 0
            },
            {
                "info": {
                    "color": "#889614",
                    "title": "TMAK GIDA MAKİNELERİ A.Ş. - Kurabiye Makinesi 3",
                    "article": "",
                    "group_id": "1uuwwizgijmb9l82q00pajfq7r50q0gd",
                    "group_title": "Группа 1"
                },
                "mass": 380.0,
                "size": {
                    "width": 2150,
                    "height": 1430,
                    "length": 2450
                },
                "sort": 1,
                "type": "box",
                "count": 1,
                "margin": {
                    "width": 0,
                    "height": 0,
                    "length": 0
                },
                "cargo_id": "d9qevjj5tbqnlqxtx82j0twyequk97yg",
                "stacking": false,
                "turnover": true,
                "margin_width": 0,
                "margin_length": 0,
                "stacking_limit": 0
            },
            {
                "info": {
                    "color": "#13964c",
                    "title": "TMAK GIDA MAKİNELERİ A.Ş. - Kurabiye Makinesi 2",
                    "article": "",
                    "group_id": "1uuwwizgijmb9l82q00pajfq7r50q0gd",
                    "group_title": "Группа 1"
                },
                "mass": 250.0,
                "size": {
                    "width": 680,
                    "height": 1500,
                    "length": 1850
                },
                "sort": 1,
                "type": "box",
                "count": 1,
                "margin": {
                    "width": 0,
                    "height": 0,
                    "length": 0
                },
                "cargo_id": "pyqlvueu2us0bragixgpwinpi5rlpen2",
                "stacking": false,
                "turnover": true,
                "margin_width": 0,
                "margin_length": 0,
                "stacking_limit": 0
            },
            {
                "info": {
                    "color": "#551496",
                    "title": "TMAK GIDA MAKİNELERİ A.Ş. - Kurabiye Makinesi 1",
                    "article": "",
                    "group_id": "1uuwwizgijmb9l82q00pajfq7r50q0gd",
                    "group_title": "Группа 1"
                },
                "mass": 250.0,
                "size": {
                    "width": 1000,
                    "height": 1950,
                    "length": 1000
                },
                "sort": 1,
                "type": "box",
                "count": 1,
                "margin": {
                    "width": 0,
                    "height": 0,
                    "length": 0
                },
                "cargo_id": "jbfzghzw7msfrtdypwctls461xiqv4yj",
                "stacking": false,
                "turnover": true,
                "margin_width": 0,
                "margin_length": 0,
                "stacking_limit": 0
            },
            {
                "info": {
                    "color": "#9d63d7",
                    "title": "INTERLAB LABORATUAR URUNLERI SAN. TIC.  A.S.",
                    "article": "",
                    "group_id": "1uuwwizgijmb9l82q00pajfq7r50q0gd",
                    "group_title": "Группа 1"
                },
                "mass": 60.0,
                "size": {
                    "width": 800,
                    "height": 1360,
                    "length": 1200
                },
                "sort": 1,
                "type": "box",
                "count": 1,
                "margin": {
                    "width": 0,
                    "height": 0,
                    "length": 0
                },
                "cargo_id": "ybjdtpljhjaj8y4sar22dg6fuqwzkz7e",
                "stacking": false,
                "turnover": true,
                "margin_width": 0,
                "margin_length": 0,
                "stacking_limit": 0
            },
            {
                "info": {
                    "color": "#961466",
                    "title": "KAVURLAR MAKINA",
                    "article": "",
                    "group_id": "1uuwwizgijmb9l82q00pajfq7r50q0gd",
                    "group_title": "Группа 1"
                },
                "mass": 10.0,
                "size": {
                    "width": 410,
                    "height": 330,
                    "length": 270
                },
                "sort": 1,
                "type": "box",
                "count": 1,
                "margin": {
                    "width": 0,
                    "height": 0,
                    "length": 0
                },
                "cargo_id": "zymab5snkb0ehcnqx4e6yzmcrwdropum",
                "stacking": true,
                "turnover": true,
                "margin_width": 0,
                "margin_length": 0,
                "stacking_limit": 0
            },
            {
                "info": {
                    "color": "#c63465",
                    "title": "TAT Muhendislik Otomotiv San ve Tic. Ltd Sti 4",
                    "article": "",
                    "group_id": "1uuwwizgijmb9l82q00pajfq7r50q0gd",
                    "group_title": "Группа 1"
                },
                "mass": 95.0,
                "size": {
                    "width": 400,
                    "height": 400,
                    "length": 3000
                },
                "sort": 1,
                "type": "box",
                "count": 1,
                "margin": {
                    "width": 0,
                    "height": 0,
                    "length": 0
                },
                "cargo_id": "hqrhagdq1tpklwgucutbyinqacihhcr7",
                "stacking": true,
                "turnover": true,
                "margin_width": 0,
                "margin_length": 0,
                "stacking_limit": 0
            },
            {
                "info": {
                    "color": "#c6a983",
                    "title": "TAT Muhendislik Otomotiv San ve Tic. Ltd Sti 3",
                    "article": "",
                    "group_id": "1uuwwizgijmb9l82q00pajfq7r50q0gd",
                    "group_title": "Группа 1"
                },
                "mass": 95.0,
                "size": {
                    "width": 400,
                    "height": 400,
                    "length": 3000
                },
                "sort": 1,
                "type": "box",
                "count": 1,
                "margin": {
                    "width": 0,
                    "height": 0,
                    "length": 0
                },
                "cargo_id": "4yrzomcchhetdi37bc4sqezdbnifs5i2",
                "stacking": true,
                "turnover": true,
                "margin_width": 0,
                "margin_length": 0,
                "stacking_limit": 0
            },
            {
                "info": {
                    "color": "#b4cee2",
                    "title": "TAT Muhendislik Otomotiv San ve Tic. Ltd Sti 1",
                    "article": "",
                    "group_id": "1uuwwizgijmb9l82q00pajfq7r50q0gd",
                    "group_title": "Группа 1"
                },
                "mass": 100.0,
                "size": {
                    "width": 400,
                    "height": 400,
                    "length": 3000
                },
                "sort": 1,
                "type": "box",
                "count": 1,
                "margin": {
                    "width": 0,
                    "height": 0,
                    "length": 0
                },
                "cargo_id": "uylq29ny007rajvf4udq7r1fem8ki9om",
                "stacking": true,
                "turnover": true,
                "margin_width": 0,
                "margin_length": 0,
                "stacking_limit": 0
            },
            {
                "info": {
                    "color": "#13964c",
                    "title": "INNdeco KAGIT TEKNOLOJILERI A.Ş.",
                    "article": "",
                    "group_id": "1uuwwizgijmb9l82q00pajfq7r50q0gd",
                    "group_title": "Группа 1"
                },
                "mass": 152.0,
                "size": {
                    "width": 600,
                    "height": 530,
                    "length": 800
                },
                "sort": 1,
                "type": "box",
                "count": 1,
                "margin": {
                    "width": 0,
                    "height": 0,
                    "length": 0
                },
                "cargo_id": "1oiza1cspomwzwdpf3gvqaog8eyjcgmz",
                "stacking": false,
                "turnover": true,
                "margin_width": 0,
                "margin_length": 0,
                "stacking_limit": 0
            }
        ],
        "settings": {
            "rank": false,
            "max_step": 100,
            "min_step": 50,
            "usersort": false,
            "hardlimit": 1801,
            "timelimit": 1800,
            "step_scaling": 10
        },
        "put_boxes": [],
        "initial_id": 0,
        "cargo_space": {
            "id": 1092,
            "info": {
                "uid": "1092_0",
                "sort": 0,
                "title": "Сороковка 4й Контейнер"
            },
            "mass": 4200,
            "size": {
                "width": 2438,
                "height": 2896,
                "length": 12192
            },
            "type": "container",
            "axles": [],
            "title": "Сороковка 4й Контейнер",
            "indentation": {
                "width": 39,
                "height": 0,
                "length": 85,
                "height_top": 196,
                "length_end": 85,
                "width_right": 40
            },
            "loading_size": {
                "width": 2359,
                "height": 2700,
                "length": 12022
            },
            "carrying_capacity": 26330
        },
        "calculation_id": "15024"
    },
    "data_result": {
        "boxes": [
            {
                "id": 8,
                "info": {
                    "color": "#61dd5f",
                    "title": "AVRASYA ENDÜSTRİ VE TEKNINK HIRDAVAT SANTICLTDŞTİ 4",
                    "article": "",
                    "group_id": "1uuwwizgijmb9l82q00pajfq7r50q0gd",
                    "group_title": "Группа 1"
                },
                "mass": 40.0,
                "size": {
                    "width": 400.0,
                    "height": 270.0,
                    "length": 580.0
                },
                "sort": 1,
                "step": 1,
                "type": "box",
                "margin": {
                    "width": 0.0,
                    "height": 0.0,
                    "length": 0.0
                },
                "cargo_id": "8fef24zabbid9dub5jqob5ygoh9vcyjf",
                "position": {
                    "x": 1994.5633039092054,
                    "y": 0.0,
                    "z": 1959.0
                },
                "stacking": true,
                "turnover": true,
                "rotation_state": 2,
                "stacking_limit": 0.0,
                "calculated_size": {
                    "width": 400.0,
                    "height": 580.0,
                    "length": 270.0
                },
                "virtual_positions": null
            },
            {
                "id": 10,
                "info": {
                    "color": "#59dbca",
                    "title": "AVRASYA ENDÜSTRİ VE TEKNINK HIRDAVAT SANTICLTDŞTİ 2",
                    "article": "",
                    "group_id": "1uuwwizgijmb9l82q00pajfq7r50q0gd",
                    "group_title": "Группа 1"
                },
                "mass": 44.0,
                "size": {
                    "width": 400.0,
                    "height": 270.0,
                    "length": 580.0
                },
                "sort": 1,
                "step": 2,
                "type": "box",
                "margin": {
                    "width": 0.0,
                    "height": 0.0,
                    "length": 0.0
                },
                "cargo_id": "rfrfasiu9kwrfpwtvyuzyhfhxoxzjmjy",
                "position": {
                    "x": 2264.5633039092054,
                    "y": 0.0,
                    "z": 1959.0
                },
                "stacking": true,
                "turnover": true,
                "rotation_state": 2,
                "stacking_limit": 0.0,
                "calculated_size": {
                    "width": 400.0,
                    "height": 580.0,
                    "length": 270.0
                },
                "virtual_positions": null
            },
            {
                "id": 6,
                "info": {
                    "color": "#ede65e",
                    "title": "Orsan Ticari Araç Fren Sistemleri A.Ş. 1",
                    "article": "",
                    "group_id": "1uuwwizgijmb9l82q00pajfq7r50q0gd",
                    "group_title": "Группа 1"
                },
                "mass": 205.0,
                "size": {
                    "width": 1200.0,
                    "height": 1000.0,
                    "length": 800.0
                },
                "sort": 1,
                "step": 3,
                "type": "box",
                "margin": {
                    "width": 0.0,
                    "height": 0.0,
                    "length": 0.0
                },
                "cargo_id": "4ufbyjy2tvjcyta8zymjv5taudrvw5dc",
                "position": {
                    "x": 2534.5633039092054,
                    "y": 0.0,
                    "z": 1359.0
                },
                "stacking": false,
                "turnover": true,
                "rotation_state": 1,
                "stacking_limit": 0.0,
                "calculated_size": {
                    "width": 1000.0,
                    "height": 1200.0,
                    "length": 800.0
                },
                "virtual_positions": null
            },
            {
                "id": 16,
                "info": {
                    "color": "#13964c",
                    "title": "TMAK GIDA MAKİNELERİ A.Ş. - Kurabiye Makinesi 2",
                    "article": "",
                    "group_id": "1uuwwizgijmb9l82q00pajfq7r50q0gd",
                    "group_title": "Группа 1"
                },
                "mass": 250.0,
                "size": {
                    "width": 680.0,
                    "height": 1500.0,
                    "length": 1850.0
                },
                "sort": 1,
                "step": 4,
                "type": "box",
                "margin": {
                    "width": 0.0,
                    "height": 0.0,
                    "length": 0.0
                },
                "cargo_id": "pyqlvueu2us0bragixgpwinpi5rlpen2",
                "position": {
                    "x": 3334.5633039092054,
                    "y": 0.0,
                    "z": 859.0
                },
                "stacking": false,
                "turnover": true,
                "rotation_state": 1,
                "stacking_limit": 0.0,
                "calculated_size": {
                    "width": 1500.0,
                    "height": 1850.0,
                    "length": 680.0
                },
                "virtual_positions": null
            },
            {
                "id": 20,
                "info": {
                    "color": "#c63465",
                    "title": "TAT Muhendislik Otomotiv San ve Tic. Ltd Sti 4",
                    "article": "",
                    "group_id": "1uuwwizgijmb9l82q00pajfq7r50q0gd",
                    "group_title": "Группа 1"
                },
                "mass": 95.0,
                "size": {
                    "width": 400.0,
                    "height": 400.0,
                    "length": 3000.0
                },
                "sort": 1,
                "step": 5,
                "type": "box",
                "margin": {
                    "width": 0.0,
                    "height": 0.0,
                    "length": 0.0
                },
                "cargo_id": "hqrhagdq1tpklwgucutbyinqacihhcr7",
                "position": {
                    "x": 1174.5633039092054,
                    "y": 0.0,
                    "z": 400.0
                },
                "stacking": true,
                "turnover": true,
                "rotation_state": 0,
                "stacking_limit": 0.0,
                "calculated_size": {
                    "width": 400.0,
                    "height": 400.0,
                    "length": 3000.0
                },
                "virtual_positions": null
            },
            {
                "id": 22,
                "info": {
                    "color": "#b4cee2",
                    "title": "TAT Muhendislik Otomotiv San ve Tic. Ltd Sti 1",
                    "article": "",
                    "group_id": "1uuwwizgijmb9l82q00pajfq7r50q0gd",
                    "group_title": "Группа 1"
                },
                "mass": 100.0,
                "size": {
                    "width": 400.0,
                    "height": 400.0,
                    "length": 3000.0
                },
                "sort": 1,
                "step": 6,
                "type": "box",
                "margin": {
                    "width": 0.0,
                    "height": 0.0,
                    "length": 0.0
                },
                "cargo_id": "uylq29ny007rajvf4udq7r1fem8ki9om",
                "position": {
                    "x": 1174.5633039092054,
                    "y": 0.0,
                    "z": 0.0
                },
                "stacking": true,
                "turnover": true,
                "rotation_state": 0,
                "stacking_limit": 0.0,
                "calculated_size": {
                    "width": 400.0,
                    "height": 400.0,
                    "length": 3000.0
                },
                "virtual_positions": null
            },
            {
                "id": 21,
                "info": {
                    "color": "#c6a983",
                    "title": "TAT Muhendislik Otomotiv San ve Tic. Ltd Sti 3",
                    "article": "",
                    "group_id": "1uuwwizgijmb9l82q00pajfq7r50q0gd",
                    "group_title": "Группа 1"
                },
                "mass": 95.0,
                "size": {
                    "width": 400.0,
                    "height": 400.0,
                    "length": 3000.0
                },
                "sort": 1,
                "step": 7,
                "type": "box",
                "margin": {
                    "width": 0.0,
                    "height": 0.0,
                    "length": 0.0
                },
                "cargo_id": "4yrzomcchhetdi37bc4sqezdbnifs5i2",
                "position": {
                    "x": 1174.5633039092054,
                    "y": 400.0,
                    "z": 0.0
                },
                "stacking": true,
                "turnover": true,
                "rotation_state": 0,
                "stacking_limit": 0.0,
                "calculated_size": {
                    "width": 400.0,
                    "height": 400.0,
                    "length": 3000.0
                },
                "virtual_positions": null
            },
            {
                "id": 17,
                "info": {
                    "color": "#551496",
                    "title": "TMAK GIDA MAKİNELERİ A.Ş. - Kurabiye Makinesi 1",
                    "article": "",
                    "group_id": "1uuwwizgijmb9l82q00pajfq7r50q0gd",
                    "group_title": "Группа 1"
                },
                "mass": 250.0,
                "size": {
                    "width": 1000.0,
                    "height": 1950.0,
                    "length": 1000.0
                },
                "sort": 1,
                "step": 8,
                "type": "box",
                "margin": {
                    "width": 0.0,
                    "height": 0.0,
                    "length": 0.0
                },
                "cargo_id": "jbfzghzw7msfrtdypwctls461xiqv4yj",
                "position": {
                    "x": 4014.5633039092054,
                    "y": 0.0,
                    "z": 1359.0
                },
                "stacking": false,
                "turnover": true,
                "rotation_state": 0,
                "stacking_limit": 0.0,
                "calculated_size": {
                    "width": 1000.0,
                    "height": 1950.0,
                    "length": 1000.0
                },
                "virtual_positions": null
            },
            {
                "id": 13,
                "info": {
                    "color": "#44ceb5",
                    "title": "EGES ELEKTRİK VE ELEKTRONİK GEREÇLER SANAYİ VE TİCARET A.S.",
                    "article": "",
                    "group_id": "1uuwwizgijmb9l82q00pajfq7r50q0gd",
                    "group_title": "Группа 1"
                },
                "mass": 745.0,
                "size": {
                    "width": 1700.0,
                    "height": 300.0,
                    "length": 600.0
                },
                "sort": 1,
                "step": 9,
                "type": "box",
                "margin": {
                    "width": 0.0,
                    "height": 0.0,
                    "length": 0.0
                },
                "cargo_id": "se9yluqczur3m5jifygxelubulu7o5ml",
                "position": {
                    "x": 4174.563303909205,
                    "y": 0.0,
                    "z": 0.0
                },
                "stacking": false,
                "turnover": true,
                "rotation_state": 1,
                "stacking_limit": 0.0,
                "calculated_size": {
                    "width": 600.0,
                    "height": 1700.0,
                    "length": 300.0
                },
                "virtual_positions": null
            },
            {
                "id": 4,
                "info": {
                    "color": "#6cd84e",
                    "title": "Orsan Ticari Araç Fren Sistemleri A.Ş. 3",
                    "article": "",
                    "group_id": "1uuwwizgijmb9l82q00pajfq7r50q0gd",
                    "group_title": "Группа 1"
                },
                "mass": 2000.0,
                "size": {
                    "width": 1200.0,
                    "height": 1000.0,
                    "length": 800.0
                },
                "sort": 1,
                "step": 10,
                "type": "box",
                "margin": {
                    "width": 0.0,
                    "height": 0.0,
                    "length": 0.0
                },
                "cargo_id": "2c9unghufkijapvf3tjjzvyaezcrw3ub",
                "position": {
                    "x": 4474.563303909205,
                    "y": 0.0,
                    "z": 0.0
                },
                "stacking": false,
                "turnover": true,
                "rotation_state": 1,
                "stacking_limit": 0.0,
                "calculated_size": {
                    "width": 1000.0,
                    "height": 1200.0,
                    "length": 800.0
                },
                "virtual_positions": null
            },
            {
                "id": 12,
                "info": {
                    "color": "#260d70",
                    "title": "Vi Makina Enerji Elektrik Icecek San. Ve Tic. Ltd. Şti",
                    "article": "",
                    "group_id": "1uuwwizgijmb9l82q00pajfq7r50q0gd",
                    "group_title": "Группа 1"
                },
                "mass": 677.0,
                "size": {
                    "width": 500.0,
                    "height": 700.0,
                    "length": 2900.0
                },
                "sort": 1,
                "step": 11,
                "type": "box",
                "margin": {
                    "width": 0.0,
                    "height": 0.0,
                    "length": 0.0
                },
                "cargo_id": "a6utwkpq8yeansvodgckvw9kef6jxip1",
                "position": {
                    "x": 5014.563303909205,
                    "y": 0.0,
                    "z": 1859.0
                },
                "stacking": false,
                "turnover": true,
                "rotation_state": 2,
                "stacking_limit": 0.0,
                "calculated_size": {
                    "width": 500.0,
                    "height": 700.0,
                    "length": 2900.0
                },
                "virtual_positions": null
            },
            {
                "id": 1,
                "info": {
                    "color": "#0c5ad6",
                    "title": "Seramix 2",
                    "article": "",
                    "group_id": "1uuwwizgijmb9l82q00pajfq7r50q0gd",
                    "group_title": "Группа 1"
                },
                "mass": 1059.0,
                "size": {
                    "width": 870.0,
                    "height": 1960.0,
                    "length": 1770.0
                },
                "sort": 1,
                "step": 12,
                "type": "box",
                "margin": {
                    "width": 0.0,
                    "height": 0.0,
                    "length": 0.0
                },
                "cargo_id": "bbjfcvysdoyct4dxzbd8ruou9ytepktq",
                "position": {
                    "x": 5274.563303909205,
                    "y": 0.0,
                    "z": 0.0
                },
                "stacking": false,
                "turnover": true,
                "rotation_state": 1,
                "stacking_limit": 0.0,
                "calculated_size": {
                    "width": 1770.0,
                    "height": 1960.0,
                    "length": 870.0
                },
                "virtual_positions": null
            },
            {
                "id": 0,
                "info": {
                    "color": "#6dffff",
                    "title": "Seramix 3",
                    "article": "",
                    "group_id": "1uuwwizgijmb9l82q00pajfq7r50q0gd",
                    "group_title": "Группа 1"
                },
                "mass": 965.0,
                "size": {
                    "width": 1770.0,
                    "height": 1680.0,
                    "length": 1770.0
                },
                "sort": 1,
                "step": 13,
                "type": "box",
                "margin": {
                    "width": 0.0,
                    "height": 0.0,
                    "length": 0.0
                },
                "cargo_id": "0ccbspbjs89wbdd358xxnnuzpolbeuma",
                "position": {
                    "x": 6144.563303909205,
                    "y": 0.0,
                    "z": 0.0
                },
                "stacking": true,
                "turnover": true,
                "rotation_state": 0,
                "stacking_limit": 0.0,
                "calculated_size": {
                    "width": 1770.0,
                    "height": 1680.0,
                    "length": 1770.0
                },
                "virtual_positions": null
            },
            {
                "id": 15,
                "info": {
                    "color": "#889614",
                    "title": "TMAK GIDA MAKİNELERİ A.Ş. - Kurabiye Makinesi 3",
                    "article": "",
                    "group_id": "1uuwwizgijmb9l82q00pajfq7r50q0gd",
                    "group_title": "Группа 1"
                },
                "mass": 380.0,
                "size": {
                    "width": 2150.0,
                    "height": 1430.0,
                    "length": 2450.0
                },
                "sort": 1,
                "step": 14,
                "type": "box",
                "margin": {
                    "width": 0.0,
                    "height": 0.0,
                    "length": 0.0
                },
                "cargo_id": "d9qevjj5tbqnlqxtx82j0twyequk97yg",
                "position": {
                    "x": 7914.563303909205,
                    "y": 0.0,
                    "z": 0.0
                },
                "stacking": false,
                "turnover": true,
                "rotation_state": 1,
                "stacking_limit": 0.0,
                "calculated_size": {
                    "width": 2150.0,
                    "height": 2450.0,
                    "length": 1430.0
                },
                "virtual_positions": null
            },
            {
                "id": 23,
                "info": {
                    "color": "#13964c",
                    "title": "INNdeco KAGIT TEKNOLOJILERI A.Ş.",
                    "article": "",
                    "group_id": "1uuwwizgijmb9l82q00pajfq7r50q0gd",
                    "group_title": "Группа 1"
                },
                "mass": 152.0,
                "size": {
                    "width": 600.0,
                    "height": 530.0,
                    "length": 800.0
                },
                "sort": 1,
                "step": 15,
                "type": "box",
                "margin": {
                    "width": 0.0,
                    "height": 0.0,
                    "length": 0.0
                },
                "cargo_id": "1oiza1cspomwzwdpf3gvqaog8eyjcgmz",
                "position": {
                    "x": 9384.563303909206,
                    "y": 0.0,
                    "z": 1759.0
                },
                "stacking": false,
                "turnover": true,
                "rotation_state": 1,
                "stacking_limit": 0.0,
                "calculated_size": {
                    "width": 600.0,
                    "height": 800.0,
                    "length": 530.0
                },
                "virtual_positions": null
            },
            {
                "id": 14,
                "info": {
                    "color": "#c66911",
                    "title": "Endo Endustriyel Donanım ve Otomasyon Sist",
                    "article": "",
                    "group_id": "1uuwwizgijmb9l82q00pajfq7r50q0gd",
                    "group_title": "Группа 1"
                },
                "mass": 85.0,
                "size": {
                    "width": 800.0,
                    "height": 650.0,
                    "length": 620.0
                },
                "sort": 1,
                "step": 16,
                "type": "box",
                "margin": {
                    "width": 0.0,
                    "height": 0.0,
                    "length": 0.0
                },
                "cargo_id": "gswbacfzgiwbjbw4s8i31h7e9gcssp3e",
                "position": {
                    "x": 9914.563303909206,
                    "y": 0.0,
                    "z": 1709.0
                },
                "stacking": false,
                "turnover": true,
                "rotation_state": 1,
                "stacking_limit": 0.0,
                "calculated_size": {
                    "width": 650.0,
                    "height": 800.0,
                    "length": 620.0
                },
                "virtual_positions": null
            },
            {
                "id": 3,
                "info": {
                    "color": "#e0735e",
                    "title": "Özbekoğlu",
                    "article": "",
                    "group_id": "1uuwwizgijmb9l82q00pajfq7r50q0gd",
                    "group_title": "Группа 1"
                },
                "mass": 400.0,
                "size": {
                    "width": 1400.0,
                    "height": 2200.0,
                    "length": 1200.0
                },
                "sort": 1,
                "step": 17,
                "type": "box",
                "margin": {
                    "width": 0.0,
                    "height": 0.0,
                    "length": 0.0
                },
                "cargo_id": "usjwr8swzbhs9db90zzdiympjjvws1of",
                "position": {
                    "x": 9344.563303909206,
                    "y": 0.0,
                    "z": 0.0
                },
                "stacking": false,
                "turnover": true,
                "rotation_state": 1,
                "stacking_limit": 0.0,
                "calculated_size": {
                    "width": 1400.0,
                    "height": 2200.0,
                    "length": 1200.0
                },
                "virtual_positions": null
            },
            {
                "id": 11,
                "info": {
                    "color": "#538710",
                    "title": "AVRASYA ENDÜSTRİ VE TEKNINK HIRDAVAT SANTICLTDŞTİ 1",
                    "article": "",
                    "group_id": "1uuwwizgijmb9l82q00pajfq7r50q0gd",
                    "group_title": "Группа 1"
                },
                "mass": 63.0,
                "size": {
                    "width": 400.0,
                    "height": 250.0,
                    "length": 580.0
                },
                "sort": 1,
                "step": 18,
                "type": "box",
                "margin": {
                    "width": 0.0,
                    "height": 0.0,
                    "length": 0.0
                },
                "cargo_id": "qcoqxc5p0nox6qiov6qhfshpioun6wkp",
                "position": {
                    "x": 10534.563303909206,
                    "y": 0.0,
                    "z": 1959.0
                },
                "stacking": true,
                "turnover": true,
                "rotation_state": 2,
                "stacking_limit": 0.0,
                "calculated_size": {
                    "width": 400.0,
                    "height": 580.0,
                    "length": 250.0
                },
                "virtual_positions": null
            },
            {
                "id": 9,
                "info": {
                    "color": "#d3a83b",
                    "title": "AVRASYA ENDÜSTRİ VE TEKNINK HIRDAVAT SANTICLTDŞTİ 3",
                    "article": "",
                    "group_id": "1uuwwizgijmb9l82q00pajfq7r50q0gd",
                    "group_title": "Группа 1"
                },
                "mass": 12.0,
                "size": {
                    "width": 260.0,
                    "height": 113.0,
                    "length": 370.0
                },
                "sort": 1,
                "step": 19,
                "type": "box",
                "margin": {
                    "width": 0.0,
                    "height": 0.0,
                    "length": 0.0
                },
                "cargo_id": "a3yypsulxorj5vp4gcysxuzcuk0zkz2p",
                "position": {
                    "x": 10784.563303909206,
                    "y": 0.0,
                    "z": 2099.0
                },
                "stacking": true,
                "turnover": true,
                "rotation_state": 2,
                "stacking_limit": 0.0,
                "calculated_size": {
                    "width": 260.0,
                    "height": 370.0,
                    "length": 113.0
                },
                "virtual_positions": null
            },
            {
                "id": 18,
                "info": {
                    "color": "#9d63d7",
                    "title": "INTERLAB LABORATUAR URUNLERI SAN. TIC.  A.S.",
                    "article": "",
                    "group_id": "1uuwwizgijmb9l82q00pajfq7r50q0gd",
                    "group_title": "Группа 1"
                },
                "mass": 60.0,
                "size": {
                    "width": 800.0,
                    "height": 1360.0,
                    "length": 1200.0
                },
                "sort": 1,
                "step": 20,
                "type": "box",
                "margin": {
                    "width": 0.0,
                    "height": 0.0,
                    "length": 0.0
                },
                "cargo_id": "ybjdtpljhjaj8y4sar22dg6fuqwzkz7e",
                "position": {
                    "x": 10914.563303909206,
                    "y": 0.0,
                    "z": 1159.0
                },
                "stacking": false,
                "turnover": true,
                "rotation_state": 1,
                "stacking_limit": 0.0,
                "calculated_size": {
                    "width": 1200.0,
                    "height": 1360.0,
                    "length": 800.0
                },
                "virtual_positions": null
            },
            {
                "id": 5,
                "info": {
                    "color": "#1634e0",
                    "title": "Orsan Ticari Araç Fren Sistemleri A.Ş. 2",
                    "article": "",
                    "group_id": "1uuwwizgijmb9l82q00pajfq7r50q0gd",
                    "group_title": "Группа 1"
                },
                "mass": 200.0,
                "size": {
                    "width": 1200.0,
                    "height": 1000.0,
                    "length": 800.0
                },
                "sort": 1,
                "step": 21,
                "type": "box",
                "margin": {
                    "width": 0.0,
                    "height": 0.0,
                    "length": 0.0
                },
                "cargo_id": "lkrsvmpygwrkvyljyqrszd7k822jk614",
                "position": {
                    "x": 10544.563303909206,
                    "y": 0.0,
                    "z": 0.0
                },
                "stacking": false,
                "turnover": true,
                "rotation_state": 1,
                "stacking_limit": 0.0,
                "calculated_size": {
                    "width": 1000.0,
                    "height": 1200.0,
                    "length": 800.0
                },
                "virtual_positions": null
            },
            {
                "id": 7,
                "info": {
                    "color": "#9e0741",
                    "title": "AVRASYA ENDÜSTRİ VE TEKNINK HIRDAVAT SANTICLTDŞTİ 5",
                    "article": "",
                    "group_id": "1uuwwizgijmb9l82q00pajfq7r50q0gd",
                    "group_title": "Группа 1"
                },
                "mass": 40.0,
                "size": {
                    "width": 400.0,
                    "height": 270.0,
                    "length": 580.0
                },
                "sort": 1,
                "step": 22,
                "type": "box",
                "margin": {
                    "width": 0.0,
                    "height": 0.0,
                    "length": 0.0
                },
                "cargo_id": "dyjlxr3atnzzxbp6cohukdj9xmpztlhn",
                "position": {
                    "x": 11344.563303909206,
                    "y": 0.0,
                    "z": 0.0
                },
                "stacking": true,
                "turnover": true,
                "rotation_state": 2,
                "stacking_limit": 0.0,
                "calculated_size": {
                    "width": 400.0,
                    "height": 580.0,
                    "length": 270.0
                },
                "virtual_positions": null
            },
            {
                "id": 2,
                "info": {
                    "color": "#d058fc",
                    "title": "Seramix 1",
                    "article": "",
                    "group_id": "1uuwwizgijmb9l82q00pajfq7r50q0gd",
                    "group_title": "Группа 1"
                },
                "mass": 3.0,
                "size": {
                    "width": 300.0,
                    "height": 300.0,
                    "length": 400.0
                },
                "sort": 1,
                "step": 23,
                "type": "box",
                "margin": {
                    "width": 0.0,
                    "height": 0.0,
                    "length": 0.0
                },
                "cargo_id": "o680izwmf65l890rjapdjzqfcsi2dgnk",
                "position": {
                    "x": 11714.563303909206,
                    "y": 0.0,
                    "z": 1959.0
                },
                "stacking": true,
                "turnover": true,
                "rotation_state": 1,
                "stacking_limit": 0.0,
                "calculated_size": {
                    "width": 400.0,
                    "height": 300.0,
                    "length": 300.0
                },
                "virtual_positions": null
            },
            {
                "id": 19,
                "info": {
                    "color": "#961466",
                    "title": "KAVURLAR MAKINA",
                    "article": "",
                    "group_id": "1uuwwizgijmb9l82q00pajfq7r50q0gd",
                    "group_title": "Группа 1"
                },
                "mass": 10.0,
                "size": {
                    "width": 410.0,
                    "height": 330.0,
                    "length": 270.0
                },
                "sort": 1,
                "step": 24,
                "type": "box",
                "margin": {
                    "width": 0.0,
                    "height": 0.0,
                    "length": 0.0
                },
                "cargo_id": "zymab5snkb0ehcnqx4e6yzmcrwdropum",
                "position": {
                    "x": 11614.563303909206,
                    "y": 0.0,
                    "z": 0.0
                },
                "stacking": true,
                "turnover": true,
                "rotation_state": 1,
                "stacking_limit": 0.0,
                "calculated_size": {
                    "width": 410.0,
                    "height": 330.0,
                    "length": 270.0
                },
                "virtual_positions": null
            }
        ],
        "version": 5,
        "cargo_space": {
            "id": 1092,
            "info": {
                "uid": "1092_0",
                "sort": 0,
                "title": "Сороковка 4й Контейнер"
            },
            "mass": 4200.0,
            "size": {
                "width": 2438.0,
                "height": 2896.0,
                "length": 12192.0
            },
            "type": "container",
            "indentation": {
                "width": 39.0,
                "height": 0.0,
                "length": 85.0,
                "height_top": 196.0,
                "length_end": 85.0,
                "width_right": 40.0
            },
            "loading_size": {
                "width": 2359.0,
                "height": 2700.0,
                "length": 12022.0
            },
            "calculation_info": {
                "step_count": 24,
                "cargos_mass": 7.93,
                "load_volume": 76.5717246,
                "cargos_volume": 31.19972,
                "count_cargoes": 24,
                "load_capacity": 26.33,
                "loading_height": 2.45,
                "density_percent": 48.6333,
                "remaining_volume": 45.372,
                "void_space_percent": 59.25425,
                "filling_space_percent": 40.74575
            },
            "carrying_capacity": 26330.0,
            "real_center_of_gravity": [
                6011.0,
                735.469104665826,
                949.2022698612863
            ],
            "ideal_center_of_gravity": [
                6011.0,
                0.0,
                1179.5
            ]
        },
        "cargo_groups": [],
        "packing_type": "PackingContainerPoint",
        "calculation_id": 15024,
        "invalid_errors": [],
        "unpacked_errors": [],
        "validate_errors": [],
        "is_packed_same_boxes": false
    }
}