{
    "data": {
        "cargoes": [
            {
                "info": {
                    "color": "#00f9f5",
                    "title": "шкафкорпус",
                    "article": "",
                    "group_id": "1tegdcxdrkuxqwewj3wlevpoev3sbffm",
                    "group_title": "Группа 1"
                },
                "mass": 52.0,
                "size": {
                    "width": 600,
                    "height": 120,
                    "length": 2200
                },
                "sort": 1,
                "type": "box",
                "count": 7,
                "margin": {
                    "width": 0,
                    "height": 0,
                    "length": 0
                },
                "cargo_id": "lenhmvzlfecbgpeoqexw6hm3wrcxtgrn",
                "stacking": true,
                "turnover": true,
                "margin_width": 0,
                "margin_length": 0,
                "stacking_limit": 0
            },
            {
                "info": {
                    "color": "#bf8f1e",
                    "title": "корпус2",
                    "article": "",
                    "group_id": "1tegdcxdrkuxqwewj3wlevpoev3sbffm",
                    "group_title": "Группа 1"
                },
                "mass": 30.0,
                "size": {
                    "width": 400,
                    "height": 70,
                    "length": 1200
                },
                "sort": 1,
                "type": "box",
                "count": 7,
                "margin": {
                    "width": 0,
                    "height": 0,
                    "length": 0
                },
                "cargo_id": "7nh8nktkfmr7ic7rfv70zajlpaokupqg",
                "stacking": true,
                "turnover": true,
                "margin_width": 0,
                "margin_length": 0,
                "stacking_limit": 0
            },
            {
                "info": {
                    "color": "#1e6db2",
                    "title": "корпус3",
                    "article": "",
                    "group_id": "1tegdcxdrkuxqwewj3wlevpoev3sbffm",
                    "group_title": "Группа 1"
                },
                "mass": 38.0,
                "size": {
                    "width": 720,
                    "height": 180,
                    "length": 1800
                },
                "sort": 1,
                "type": "box",
                "count": 7,
                "margin": {
                    "width": 0,
                    "height": 0,
                    "length": 0
                },
                "cargo_id": "u0iimfvz3ehmnqatuoopfr88wlzorwye",
                "stacking": true,
                "turnover": true,
                "margin_width": 0,
                "margin_length": 0,
                "stacking_limit": 0
            },
            {
                "info": {
                    "color": "#8ddd23",
                    "title": "корпус4",
                    "article": "",
                    "group_id": "1tegdcxdrkuxqwewj3wlevpoev3sbffm",
                    "group_title": "Группа 1"
                },
                "mass": 4.0,
                "size": {
                    "width": 420,
                    "height": 50,
                    "length": 380
                },
                "sort": 1,
                "type": "box",
                "count": 7,
                "margin": {
                    "width": 0,
                    "height": 0,
                    "length": 0
                },
                "cargo_id": "g5omts829dzvju38lq1fqu2i6hozf5s6",
                "stacking": true,
                "turnover": true,
                "margin_width": 0,
                "margin_length": 0,
                "stacking_limit": 0
            },
            {
                "info": {
                    "color": "#af2a54",
                    "title": "корпус5",
                    "article": "",
                    "group_id": "1tegdcxdrkuxqwewj3wlevpoev3sbffm",
                    "group_title": "Группа 1"
                },
                "mass": 40.0,
                "size": {
                    "width": 480,
                    "height": 220,
                    "length": 960
                },
                "sort": 1,
                "type": "box",
                "count": 7,
                "margin": {
                    "width": 0,
                    "height": 0,
                    "length": 0
                },
                "cargo_id": "zleqezijx2zlofk089zsnmxps8jnzxh2",
                "stacking": true,
                "turnover": true,
                "margin_width": 0,
                "margin_length": 0,
                "stacking_limit": 0
            }
        ],
        "settings": {
            "rank": false,
            "max_step": 100,
            "min_step": 50,
            "usersort": false,
            "hardlimit": 1801,
            "timelimit": 1800,
            "step_scaling": 10
        },
        "put_boxes": [],
        "initial_id": 0,
        "cargo_space": {
            "id": 1095,
            "info": {
                "uid": "1095_0",
                "sort": 0,
                "title": "поддон",
                "margin": {
                    "width": 0,
                    "height": 0,
                    "length": 0
                }
            },
            "mass": 75,
            "size": {
                "width": 1200,
                "height": 150,
                "length": 2200
            },
            "type": "pallet",
            "axles": [],
            "title": "поддон",
            "margin": {
                "width": 0,
                "height": 0,
                "length": 0
            },
            "indentation": {
                "width": 0,
                "height": 0,
                "length": 0,
                "height_top": 0,
                "length_end": 0,
                "width_right": 0
            },
            "loading_size": {
                "width": 1200,
                "height": 1800,
                "length": 2200
            },
            "carrying_capacity": 1500
        },
        "calculation_id": "15077"
    },
    "data_result": {
        "boxes": [
            {
                "id": 1,
                "info": {
                    "color": "#00f9f5",
                    "title": "шкафкорпус",
                    "article": "",
                    "group_id": "1tegdcxdrkuxqwewj3wlevpoev3sbffm",
                    "group_title": "Группа 1"
                },
                "mass": 52.0,
                "size": {
                    "width": 600.0,
                    "height": 120.0,
                    "length": 2200.0
                },
                "sort": 1,
                "step": 1,
                "type": "box",
                "margin": {
                    "width": 0.0,
                    "height": 0.0,
                    "length": 0.0
                },
                "cargo_id": "lenhmvzlfecbgpeoqexw6hm3wrcxtgrn",
                "position": {
                    "x": 0.0,
                    "y": 0.0,
                    "z": 600.0
                },
                "stacking": true,
                "turnover": true,
                "rotation_state": 0,
                "stacking_limit": 0.0,
                "calculated_size": {
                    "width": 600.0,
                    "height": 120.0,
                    "length": 2200.0
                },
                "virtual_positions": null
            },
            {
                "id": 0,
                "info": {
                    "color": "#00f9f5",
                    "title": "шкафкорпус",
                    "article": "",
                    "group_id": "1tegdcxdrkuxqwewj3wlevpoev3sbffm",
                    "group_title": "Группа 1"
                },
                "mass": 52.0,
                "size": {
                    "width": 600.0,
                    "height": 120.0,
                    "length": 2200.0
                },
                "sort": 1,
                "step": 2,
                "type": "box",
                "margin": {
                    "width": 0.0,
                    "height": 0.0,
                    "length": 0.0
                },
                "cargo_id": "lenhmvzlfecbgpeoqexw6hm3wrcxtgrn",
                "position": {
                    "x": 0.0,
                    "y": 0.0,
                    "z": 0.0
                },
                "stacking": true,
                "turnover": true,
                "rotation_state": 0,
                "stacking_limit": 0.0,
                "calculated_size": {
                    "width": 600.0,
                    "height": 120.0,
                    "length": 2200.0
                },
                "virtual_positions": null
            },
            {
                "id": 3,
                "info": {
                    "color": "#00f9f5",
                    "title": "шкафкорпус",
                    "article": "",
                    "group_id": "1tegdcxdrkuxqwewj3wlevpoev3sbffm",
                    "group_title": "Группа 1"
                },
                "mass": 52.0,
                "size": {
                    "width": 600.0,
                    "height": 120.0,
                    "length": 2200.0
                },
                "sort": 1,
                "step": 3,
                "type": "box",
                "margin": {
                    "width": 0.0,
                    "height": 0.0,
                    "length": 0.0
                },
                "cargo_id": "lenhmvzlfecbgpeoqexw6hm3wrcxtgrn",
                "position": {
                    "x": 0.0,
                    "y": 120.0,
                    "z": 600.0
                },
                "stacking": true,
                "turnover": true,
                "rotation_state": 0,
                "stacking_limit": 0.0,
                "calculated_size": {
                    "width": 600.0,
                    "height": 120.0,
                    "length": 2200.0
                },
                "virtual_positions": null
            },
            {
                "id": 2,
                "info": {
                    "color": "#00f9f5",
                    "title": "шкафкорпус",
                    "article": "",
                    "group_id": "1tegdcxdrkuxqwewj3wlevpoev3sbffm",
                    "group_title": "Группа 1"
                },
                "mass": 52.0,
                "size": {
                    "width": 600.0,
                    "height": 120.0,
                    "length": 2200.0
                },
                "sort": 1,
                "step": 4,
                "type": "box",
                "margin": {
                    "width": 0.0,
                    "height": 0.0,
                    "length": 0.0
                },
                "cargo_id": "lenhmvzlfecbgpeoqexw6hm3wrcxtgrn",
                "position": {
                    "x": 0.0,
                    "y": 120.0,
                    "z": 0.0
                },
                "stacking": true,
                "turnover": true,
                "rotation_state": 0,
                "stacking_limit": 0.0,
                "calculated_size": {
                    "width": 600.0,
                    "height": 120.0,
                    "length": 2200.0
                },
                "virtual_positions": null
            },
            {
                "id": 5,
                "info": {
                    "color": "#00f9f5",
                    "title": "шкафкорпус",
                    "article": "",
                    "group_id": "1tegdcxdrkuxqwewj3wlevpoev3sbffm",
                    "group_title": "Группа 1"
                },
                "mass": 52.0,
                "size": {
                    "width": 600.0,
                    "height": 120.0,
                    "length": 2200.0
                },
                "sort": 1,
                "step": 5,
                "type": "box",
                "margin": {
                    "width": 0.0,
                    "height": 0.0,
                    "length": 0.0
                },
                "cargo_id": "lenhmvzlfecbgpeoqexw6hm3wrcxtgrn",
                "position": {
                    "x": 0.0,
                    "y": 240.0,
                    "z": 600.0
                },
                "stacking": true,
                "turnover": true,
                "rotation_state": 0,
                "stacking_limit": 0.0,
                "calculated_size": {
                    "width": 600.0,
                    "height": 120.0,
                    "length": 2200.0
                },
                "virtual_positions": null
            },
            {
                "id": 4,
                "info": {
                    "color": "#00f9f5",
                    "title": "шкафкорпус",
                    "article": "",
                    "group_id": "1tegdcxdrkuxqwewj3wlevpoev3sbffm",
                    "group_title": "Группа 1"
                },
                "mass": 52.0,
                "size": {
                    "width": 600.0,
                    "height": 120.0,
                    "length": 2200.0
                },
                "sort": 1,
                "step": 6,
                "type": "box",
                "margin": {
                    "width": 0.0,
                    "height": 0.0,
                    "length": 0.0
                },
                "cargo_id": "lenhmvzlfecbgpeoqexw6hm3wrcxtgrn",
                "position": {
                    "x": 0.0,
                    "y": 240.0,
                    "z": 0.0
                },
                "stacking": true,
                "turnover": true,
                "rotation_state": 0,
                "stacking_limit": 0.0,
                "calculated_size": {
                    "width": 600.0,
                    "height": 120.0,
                    "length": 2200.0
                },
                "virtual_positions": null
            },
            {
                "id": 16,
                "info": {
                    "color": "#1e6db2",
                    "title": "корпус3",
                    "article": "",
                    "group_id": "1tegdcxdrkuxqwewj3wlevpoev3sbffm",
                    "group_title": "Группа 1"
                },
                "mass": 38.0,
                "size": {
                    "width": 720.0,
                    "height": 180.0,
                    "length": 1800.0
                },
                "sort": 1,
                "step": 7,
                "type": "box",
                "margin": {
                    "width": 0.0,
                    "height": 0.0,
                    "length": 0.0
                },
                "cargo_id": "u0iimfvz3ehmnqatuoopfr88wlzorwye",
                "position": {
                    "x": 0.0,
                    "y": 360.0,
                    "z": 1020.0
                },
                "stacking": true,
                "turnover": true,
                "rotation_state": 4,
                "stacking_limit": 0.0,
                "calculated_size": {
                    "width": 180.0,
                    "height": 720.0,
                    "length": 1800.0
                },
                "virtual_positions": null
            },
            {
                "id": 17,
                "info": {
                    "color": "#1e6db2",
                    "title": "корпус3",
                    "article": "",
                    "group_id": "1tegdcxdrkuxqwewj3wlevpoev3sbffm",
                    "group_title": "Группа 1"
                },
                "mass": 38.0,
                "size": {
                    "width": 720.0,
                    "height": 180.0,
                    "length": 1800.0
                },
                "sort": 1,
                "step": 8,
                "type": "box",
                "margin": {
                    "width": 0.0,
                    "height": 0.0,
                    "length": 0.0
                },
                "cargo_id": "u0iimfvz3ehmnqatuoopfr88wlzorwye",
                "position": {
                    "x": 0.0,
                    "y": 360.0,
                    "z": 840.0
                },
                "stacking": true,
                "turnover": true,
                "rotation_state": 4,
                "stacking_limit": 0.0,
                "calculated_size": {
                    "width": 180.0,
                    "height": 720.0,
                    "length": 1800.0
                },
                "virtual_positions": null
            },
            {
                "id": 11,
                "info": {
                    "color": "#bf8f1e",
                    "title": "корпус2",
                    "article": "",
                    "group_id": "1tegdcxdrkuxqwewj3wlevpoev3sbffm",
                    "group_title": "Группа 1"
                },
                "mass": 30.0,
                "size": {
                    "width": 400.0,
                    "height": 70.0,
                    "length": 1200.0
                },
                "sort": 1,
                "step": 9,
                "type": "box",
                "margin": {
                    "width": 0.0,
                    "height": 0.0,
                    "length": 0.0
                },
                "cargo_id": "7nh8nktkfmr7ic7rfv70zajlpaokupqg",
                "position": {
                    "x": 0.0,
                    "y": 360.0,
                    "z": 770.0
                },
                "stacking": true,
                "turnover": true,
                "rotation_state": 4,
                "stacking_limit": 0.0,
                "calculated_size": {
                    "width": 70.0,
                    "height": 400.0,
                    "length": 1200.0
                },
                "virtual_positions": null
            },
            {
                "id": 21,
                "info": {
                    "color": "#8ddd23",
                    "title": "корпус4",
                    "article": "",
                    "group_id": "1tegdcxdrkuxqwewj3wlevpoev3sbffm",
                    "group_title": "Группа 1"
                },
                "mass": 4.0,
                "size": {
                    "width": 420.0,
                    "height": 50.0,
                    "length": 380.0
                },
                "sort": 1,
                "step": 10,
                "type": "box",
                "margin": {
                    "width": 0.0,
                    "height": 0.0,
                    "length": 0.0
                },
                "cargo_id": "g5omts829dzvju38lq1fqu2i6hozf5s6",
                "position": {
                    "x": 0.0,
                    "y": 360.0,
                    "z": 720.0
                },
                "stacking": true,
                "turnover": true,
                "rotation_state": 4,
                "stacking_limit": 0.0,
                "calculated_size": {
                    "width": 50.0,
                    "height": 380.0,
                    "length": 420.0
                },
                "virtual_positions": null
            },
            {
                "id": 6,
                "info": {
                    "color": "#00f9f5",
                    "title": "шкафкорпус",
                    "article": "",
                    "group_id": "1tegdcxdrkuxqwewj3wlevpoev3sbffm",
                    "group_title": "Группа 1"
                },
                "mass": 52.0,
                "size": {
                    "width": 600.0,
                    "height": 120.0,
                    "length": 2200.0
                },
                "sort": 1,
                "step": 11,
                "type": "box",
                "margin": {
                    "width": 0.0,
                    "height": 0.0,
                    "length": 0.0
                },
                "cargo_id": "lenhmvzlfecbgpeoqexw6hm3wrcxtgrn",
                "position": {
                    "x": 0.0,
                    "y": 360.0,
                    "z": 0.0
                },
                "stacking": true,
                "turnover": true,
                "rotation_state": 0,
                "stacking_limit": 0.0,
                "calculated_size": {
                    "width": 600.0,
                    "height": 120.0,
                    "length": 2200.0
                },
                "virtual_positions": null
            },
            {
                "id": 22,
                "info": {
                    "color": "#8ddd23",
                    "title": "корпус4",
                    "article": "",
                    "group_id": "1tegdcxdrkuxqwewj3wlevpoev3sbffm",
                    "group_title": "Группа 1"
                },
                "mass": 4.0,
                "size": {
                    "width": 420.0,
                    "height": 50.0,
                    "length": 380.0
                },
                "sort": 1,
                "step": 12,
                "type": "box",
                "margin": {
                    "width": 0.0,
                    "height": 0.0,
                    "length": 0.0
                },
                "cargo_id": "g5omts829dzvju38lq1fqu2i6hozf5s6",
                "position": {
                    "x": 420.0,
                    "y": 360.0,
                    "z": 720.0
                },
                "stacking": true,
                "turnover": true,
                "rotation_state": 4,
                "stacking_limit": 0.0,
                "calculated_size": {
                    "width": 50.0,
                    "height": 380.0,
                    "length": 420.0
                },
                "virtual_positions": null
            },
            {
                "id": 23,
                "info": {
                    "color": "#8ddd23",
                    "title": "корпус4",
                    "article": "",
                    "group_id": "1tegdcxdrkuxqwewj3wlevpoev3sbffm",
                    "group_title": "Группа 1"
                },
                "mass": 4.0,
                "size": {
                    "width": 420.0,
                    "height": 50.0,
                    "length": 380.0
                },
                "sort": 1,
                "step": 13,
                "type": "box",
                "margin": {
                    "width": 0.0,
                    "height": 0.0,
                    "length": 0.0
                },
                "cargo_id": "g5omts829dzvju38lq1fqu2i6hozf5s6",
                "position": {
                    "x": 840.0,
                    "y": 360.0,
                    "z": 720.0
                },
                "stacking": true,
                "turnover": true,
                "rotation_state": 3,
                "stacking_limit": 0.0,
                "calculated_size": {
                    "width": 50.0,
                    "height": 420.0,
                    "length": 380.0
                },
                "virtual_positions": null
            },
            {
                "id": 26,
                "info": {
                    "color": "#8ddd23",
                    "title": "корпус4",
                    "article": "",
                    "group_id": "1tegdcxdrkuxqwewj3wlevpoev3sbffm",
                    "group_title": "Группа 1"
                },
                "mass": 4.0,
                "size": {
                    "width": 420.0,
                    "height": 50.0,
                    "length": 380.0
                },
                "sort": 1,
                "step": 14,
                "type": "box",
                "margin": {
                    "width": 0.0,
                    "height": 0.0,
                    "length": 0.0
                },
                "cargo_id": "g5omts829dzvju38lq1fqu2i6hozf5s6",
                "position": {
                    "x": 1200.0,
                    "y": 360.0,
                    "z": 790.0
                },
                "stacking": true,
                "turnover": true,
                "rotation_state": 4,
                "stacking_limit": 0.0,
                "calculated_size": {
                    "width": 50.0,
                    "height": 380.0,
                    "length": 420.0
                },
                "virtual_positions": null
            },
            {
                "id": 27,
                "info": {
                    "color": "#8ddd23",
                    "title": "корпус4",
                    "article": "",
                    "group_id": "1tegdcxdrkuxqwewj3wlevpoev3sbffm",
                    "group_title": "Группа 1"
                },
                "mass": 4.0,
                "size": {
                    "width": 420.0,
                    "height": 50.0,
                    "length": 380.0
                },
                "sort": 1,
                "step": 15,
                "type": "box",
                "margin": {
                    "width": 0.0,
                    "height": 0.0,
                    "length": 0.0
                },
                "cargo_id": "g5omts829dzvju38lq1fqu2i6hozf5s6",
                "position": {
                    "x": 1240.0,
                    "y": 360.0,
                    "z": 740.0
                },
                "stacking": true,
                "turnover": true,
                "rotation_state": 3,
                "stacking_limit": 0.0,
                "calculated_size": {
                    "width": 50.0,
                    "height": 420.0,
                    "length": 380.0
                },
                "virtual_positions": null
            },
            {
                "id": 24,
                "info": {
                    "color": "#8ddd23",
                    "title": "корпус4",
                    "article": "",
                    "group_id": "1tegdcxdrkuxqwewj3wlevpoev3sbffm",
                    "group_title": "Группа 1"
                },
                "mass": 4.0,
                "size": {
                    "width": 420.0,
                    "height": 50.0,
                    "length": 380.0
                },
                "sort": 1,
                "step": 16,
                "type": "box",
                "margin": {
                    "width": 0.0,
                    "height": 0.0,
                    "length": 0.0
                },
                "cargo_id": "g5omts829dzvju38lq1fqu2i6hozf5s6",
                "position": {
                    "x": 1820.0,
                    "y": 360.0,
                    "z": 600.0
                },
                "stacking": true,
                "turnover": true,
                "rotation_state": 1,
                "stacking_limit": 0.0,
                "calculated_size": {
                    "width": 420.0,
                    "height": 50.0,
                    "length": 380.0
                },
                "virtual_positions": null
            },
            {
                "id": 25,
                "info": {
                    "color": "#8ddd23",
                    "title": "корпус4",
                    "article": "",
                    "group_id": "1tegdcxdrkuxqwewj3wlevpoev3sbffm",
                    "group_title": "Группа 1"
                },
                "mass": 4.0,
                "size": {
                    "width": 420.0,
                    "height": 50.0,
                    "length": 380.0
                },
                "sort": 1,
                "step": 17,
                "type": "box",
                "margin": {
                    "width": 0.0,
                    "height": 0.0,
                    "length": 0.0
                },
                "cargo_id": "g5omts829dzvju38lq1fqu2i6hozf5s6",
                "position": {
                    "x": 1820.0,
                    "y": 410.0,
                    "z": 600.0
                },
                "stacking": true,
                "turnover": true,
                "rotation_state": 1,
                "stacking_limit": 0.0,
                "calculated_size": {
                    "width": 420.0,
                    "height": 50.0,
                    "length": 380.0
                },
                "virtual_positions": null
            },
            {
                "id": 14,
                "info": {
                    "color": "#1e6db2",
                    "title": "корпус3",
                    "article": "",
                    "group_id": "1tegdcxdrkuxqwewj3wlevpoev3sbffm",
                    "group_title": "Группа 1"
                },
                "mass": 38.0,
                "size": {
                    "width": 720.0,
                    "height": 180.0,
                    "length": 1800.0
                },
                "sort": 1,
                "step": 18,
                "type": "box",
                "margin": {
                    "width": 0.0,
                    "height": 0.0,
                    "length": 0.0
                },
                "cargo_id": "u0iimfvz3ehmnqatuoopfr88wlzorwye",
                "position": {
                    "x": 0.0,
                    "y": 480.0,
                    "z": 0.0
                },
                "stacking": true,
                "turnover": true,
                "rotation_state": 0,
                "stacking_limit": 0.0,
                "calculated_size": {
                    "width": 720.0,
                    "height": 180.0,
                    "length": 1800.0
                },
                "virtual_positions": null
            },
            {
                "id": 7,
                "info": {
                    "color": "#bf8f1e",
                    "title": "корпус2",
                    "article": "",
                    "group_id": "1tegdcxdrkuxqwewj3wlevpoev3sbffm",
                    "group_title": "Группа 1"
                },
                "mass": 30.0,
                "size": {
                    "width": 400.0,
                    "height": 70.0,
                    "length": 1200.0
                },
                "sort": 1,
                "step": 19,
                "type": "box",
                "margin": {
                    "width": 0.0,
                    "height": 0.0,
                    "length": 0.0
                },
                "cargo_id": "7nh8nktkfmr7ic7rfv70zajlpaokupqg",
                "position": {
                    "x": 1800.0,
                    "y": 480.0,
                    "z": 0.0
                },
                "stacking": true,
                "turnover": true,
                "rotation_state": 1,
                "stacking_limit": 0.0,
                "calculated_size": {
                    "width": 1200.0,
                    "height": 70.0,
                    "length": 400.0
                },
                "virtual_positions": null
            },
            {
                "id": 8,
                "info": {
                    "color": "#bf8f1e",
                    "title": "корпус2",
                    "article": "",
                    "group_id": "1tegdcxdrkuxqwewj3wlevpoev3sbffm",
                    "group_title": "Группа 1"
                },
                "mass": 30.0,
                "size": {
                    "width": 400.0,
                    "height": 70.0,
                    "length": 1200.0
                },
                "sort": 1,
                "step": 20,
                "type": "box",
                "margin": {
                    "width": 0.0,
                    "height": 0.0,
                    "length": 0.0
                },
                "cargo_id": "7nh8nktkfmr7ic7rfv70zajlpaokupqg",
                "position": {
                    "x": 1800.0,
                    "y": 550.0,
                    "z": 0.0
                },
                "stacking": true,
                "turnover": true,
                "rotation_state": 1,
                "stacking_limit": 0.0,
                "calculated_size": {
                    "width": 1200.0,
                    "height": 70.0,
                    "length": 400.0
                },
                "virtual_positions": null
            },
            {
                "id": 9,
                "info": {
                    "color": "#bf8f1e",
                    "title": "корпус2",
                    "article": "",
                    "group_id": "1tegdcxdrkuxqwewj3wlevpoev3sbffm",
                    "group_title": "Группа 1"
                },
                "mass": 30.0,
                "size": {
                    "width": 400.0,
                    "height": 70.0,
                    "length": 1200.0
                },
                "sort": 1,
                "step": 21,
                "type": "box",
                "margin": {
                    "width": 0.0,
                    "height": 0.0,
                    "length": 0.0
                },
                "cargo_id": "7nh8nktkfmr7ic7rfv70zajlpaokupqg",
                "position": {
                    "x": 1800.0,
                    "y": 620.0,
                    "z": 0.0
                },
                "stacking": true,
                "turnover": true,
                "rotation_state": 1,
                "stacking_limit": 0.0,
                "calculated_size": {
                    "width": 1200.0,
                    "height": 70.0,
                    "length": 400.0
                },
                "virtual_positions": null
            },
            {
                "id": 15,
                "info": {
                    "color": "#1e6db2",
                    "title": "корпус3",
                    "article": "",
                    "group_id": "1tegdcxdrkuxqwewj3wlevpoev3sbffm",
                    "group_title": "Группа 1"
                },
                "mass": 38.0,
                "size": {
                    "width": 720.0,
                    "height": 180.0,
                    "length": 1800.0
                },
                "sort": 1,
                "step": 22,
                "type": "box",
                "margin": {
                    "width": 0.0,
                    "height": 0.0,
                    "length": 0.0
                },
                "cargo_id": "u0iimfvz3ehmnqatuoopfr88wlzorwye",
                "position": {
                    "x": 0.0,
                    "y": 660.0,
                    "z": 0.0
                },
                "stacking": true,
                "turnover": true,
                "rotation_state": 0,
                "stacking_limit": 0.0,
                "calculated_size": {
                    "width": 720.0,
                    "height": 180.0,
                    "length": 1800.0
                },
                "virtual_positions": null
            },
            {
                "id": 10,
                "info": {
                    "color": "#bf8f1e",
                    "title": "корпус2",
                    "article": "",
                    "group_id": "1tegdcxdrkuxqwewj3wlevpoev3sbffm",
                    "group_title": "Группа 1"
                },
                "mass": 30.0,
                "size": {
                    "width": 400.0,
                    "height": 70.0,
                    "length": 1200.0
                },
                "sort": 1,
                "step": 23,
                "type": "box",
                "margin": {
                    "width": 0.0,
                    "height": 0.0,
                    "length": 0.0
                },
                "cargo_id": "7nh8nktkfmr7ic7rfv70zajlpaokupqg",
                "position": {
                    "x": 1800.0,
                    "y": 690.0,
                    "z": 0.0
                },
                "stacking": true,
                "turnover": true,
                "rotation_state": 1,
                "stacking_limit": 0.0,
                "calculated_size": {
                    "width": 1200.0,
                    "height": 70.0,
                    "length": 400.0
                },
                "virtual_positions": null
            },
            {
                "id": 12,
                "info": {
                    "color": "#bf8f1e",
                    "title": "корпус2",
                    "article": "",
                    "group_id": "1tegdcxdrkuxqwewj3wlevpoev3sbffm",
                    "group_title": "Группа 1"
                },
                "mass": 30.0,
                "size": {
                    "width": 400.0,
                    "height": 70.0,
                    "length": 1200.0
                },
                "sort": 1,
                "step": 24,
                "type": "box",
                "margin": {
                    "width": 0.0,
                    "height": 0.0,
                    "length": 0.0
                },
                "cargo_id": "7nh8nktkfmr7ic7rfv70zajlpaokupqg",
                "position": {
                    "x": 1800.0,
                    "y": 760.0,
                    "z": 0.0
                },
                "stacking": true,
                "turnover": true,
                "rotation_state": 1,
                "stacking_limit": 0.0,
                "calculated_size": {
                    "width": 1200.0,
                    "height": 70.0,
                    "length": 400.0
                },
                "virtual_positions": null
            },
            {
                "id": 13,
                "info": {
                    "color": "#bf8f1e",
                    "title": "корпус2",
                    "article": "",
                    "group_id": "1tegdcxdrkuxqwewj3wlevpoev3sbffm",
                    "group_title": "Группа 1"
                },
                "mass": 30.0,
                "size": {
                    "width": 400.0,
                    "height": 70.0,
                    "length": 1200.0
                },
                "sort": 1,
                "step": 25,
                "type": "box",
                "margin": {
                    "width": 0.0,
                    "height": 0.0,
                    "length": 0.0
                },
                "cargo_id": "7nh8nktkfmr7ic7rfv70zajlpaokupqg",
                "position": {
                    "x": 1800.0,
                    "y": 830.0,
                    "z": 0.0
                },
                "stacking": true,
                "turnover": true,
                "rotation_state": 1,
                "stacking_limit": 0.0,
                "calculated_size": {
                    "width": 1200.0,
                    "height": 70.0,
                    "length": 400.0
                },
                "virtual_positions": null
            },
            {
                "id": 18,
                "info": {
                    "color": "#1e6db2",
                    "title": "корпус3",
                    "article": "",
                    "group_id": "1tegdcxdrkuxqwewj3wlevpoev3sbffm",
                    "group_title": "Группа 1"
                },
                "mass": 38.0,
                "size": {
                    "width": 720.0,
                    "height": 180.0,
                    "length": 1800.0
                },
                "sort": 1,
                "step": 26,
                "type": "box",
                "margin": {
                    "width": 0.0,
                    "height": 0.0,
                    "length": 0.0
                },
                "cargo_id": "u0iimfvz3ehmnqatuoopfr88wlzorwye",
                "position": {
                    "x": 0.0,
                    "y": 840.0,
                    "z": 0.0
                },
                "stacking": true,
                "turnover": true,
                "rotation_state": 0,
                "stacking_limit": 0.0,
                "calculated_size": {
                    "width": 720.0,
                    "height": 180.0,
                    "length": 1800.0
                },
                "virtual_positions": null
            },
            {
                "id": 34,
                "info": {
                    "color": "#af2a54",
                    "title": "корпус5",
                    "article": "",
                    "group_id": "1tegdcxdrkuxqwewj3wlevpoev3sbffm",
                    "group_title": "Группа 1"
                },
                "mass": 40.0,
                "size": {
                    "width": 480.0,
                    "height": 220.0,
                    "length": 960.0
                },
                "sort": 1,
                "step": 27,
                "type": "box",
                "margin": {
                    "width": 0.0,
                    "height": 0.0,
                    "length": 0.0
                },
                "cargo_id": "zleqezijx2zlofk089zsnmxps8jnzxh2",
                "position": {
                    "x": 1980.0,
                    "y": 900.0,
                    "z": 0.0
                },
                "stacking": true,
                "turnover": true,
                "rotation_state": 5,
                "stacking_limit": 0.0,
                "calculated_size": {
                    "width": 960.0,
                    "height": 480.0,
                    "length": 220.0
                },
                "virtual_positions": null
            },
            {
                "id": 19,
                "info": {
                    "color": "#1e6db2",
                    "title": "корпус3",
                    "article": "",
                    "group_id": "1tegdcxdrkuxqwewj3wlevpoev3sbffm",
                    "group_title": "Группа 1"
                },
                "mass": 38.0,
                "size": {
                    "width": 720.0,
                    "height": 180.0,
                    "length": 1800.0
                },
                "sort": 1,
                "step": 28,
                "type": "box",
                "margin": {
                    "width": 0.0,
                    "height": 0.0,
                    "length": 0.0
                },
                "cargo_id": "u0iimfvz3ehmnqatuoopfr88wlzorwye",
                "position": {
                    "x": 0.0,
                    "y": 1020.0,
                    "z": 0.0
                },
                "stacking": true,
                "turnover": true,
                "rotation_state": 0,
                "stacking_limit": 0.0,
                "calculated_size": {
                    "width": 720.0,
                    "height": 180.0,
                    "length": 1800.0
                },
                "virtual_positions": null
            },
            {
                "id": 28,
                "info": {
                    "color": "#af2a54",
                    "title": "корпус5",
                    "article": "",
                    "group_id": "1tegdcxdrkuxqwewj3wlevpoev3sbffm",
                    "group_title": "Группа 1"
                },
                "mass": 40.0,
                "size": {
                    "width": 480.0,
                    "height": 220.0,
                    "length": 960.0
                },
                "sort": 1,
                "step": 29,
                "type": "box",
                "margin": {
                    "width": 0.0,
                    "height": 0.0,
                    "length": 0.0
                },
                "cargo_id": "zleqezijx2zlofk089zsnmxps8jnzxh2",
                "position": {
                    "x": 0.0,
                    "y": 1080.0,
                    "z": 720.0
                },
                "stacking": true,
                "turnover": true,
                "rotation_state": 0,
                "stacking_limit": 0.0,
                "calculated_size": {
                    "width": 480.0,
                    "height": 220.0,
                    "length": 960.0
                },
                "virtual_positions": null
            },
            {
                "id": 29,
                "info": {
                    "color": "#af2a54",
                    "title": "корпус5",
                    "article": "",
                    "group_id": "1tegdcxdrkuxqwewj3wlevpoev3sbffm",
                    "group_title": "Группа 1"
                },
                "mass": 40.0,
                "size": {
                    "width": 480.0,
                    "height": 220.0,
                    "length": 960.0
                },
                "sort": 1,
                "step": 30,
                "type": "box",
                "margin": {
                    "width": 0.0,
                    "height": 0.0,
                    "length": 0.0
                },
                "cargo_id": "zleqezijx2zlofk089zsnmxps8jnzxh2",
                "position": {
                    "x": 960.0,
                    "y": 1080.0,
                    "z": 720.0
                },
                "stacking": true,
                "turnover": true,
                "rotation_state": 0,
                "stacking_limit": 0.0,
                "calculated_size": {
                    "width": 480.0,
                    "height": 220.0,
                    "length": 960.0
                },
                "virtual_positions": null
            },
            {
                "id": 20,
                "info": {
                    "color": "#1e6db2",
                    "title": "корпус3",
                    "article": "",
                    "group_id": "1tegdcxdrkuxqwewj3wlevpoev3sbffm",
                    "group_title": "Группа 1"
                },
                "mass": 38.0,
                "size": {
                    "width": 720.0,
                    "height": 180.0,
                    "length": 1800.0
                },
                "sort": 1,
                "step": 31,
                "type": "box",
                "margin": {
                    "width": 0.0,
                    "height": 0.0,
                    "length": 0.0
                },
                "cargo_id": "u0iimfvz3ehmnqatuoopfr88wlzorwye",
                "position": {
                    "x": 0.0,
                    "y": 1200.0,
                    "z": 0.0
                },
                "stacking": true,
                "turnover": true,
                "rotation_state": 0,
                "stacking_limit": 0.0,
                "calculated_size": {
                    "width": 720.0,
                    "height": 180.0,
                    "length": 1800.0
                },
                "virtual_positions": null
            },
            {
                "id": 30,
                "info": {
                    "color": "#af2a54",
                    "title": "корпус5",
                    "article": "",
                    "group_id": "1tegdcxdrkuxqwewj3wlevpoev3sbffm",
                    "group_title": "Группа 1"
                },
                "mass": 40.0,
                "size": {
                    "width": 480.0,
                    "height": 220.0,
                    "length": 960.0
                },
                "sort": 1,
                "step": 32,
                "type": "box",
                "margin": {
                    "width": 0.0,
                    "height": 0.0,
                    "length": 0.0
                },
                "cargo_id": "zleqezijx2zlofk089zsnmxps8jnzxh2",
                "position": {
                    "x": 0.0,
                    "y": 1300.0,
                    "z": 720.0
                },
                "stacking": true,
                "turnover": true,
                "rotation_state": 0,
                "stacking_limit": 0.0,
                "calculated_size": {
                    "width": 480.0,
                    "height": 220.0,
                    "length": 960.0
                },
                "virtual_positions": null
            },
            {
                "id": 31,
                "info": {
                    "color": "#af2a54",
                    "title": "корпус5",
                    "article": "",
                    "group_id": "1tegdcxdrkuxqwewj3wlevpoev3sbffm",
                    "group_title": "Группа 1"
                },
                "mass": 40.0,
                "size": {
                    "width": 480.0,
                    "height": 220.0,
                    "length": 960.0
                },
                "sort": 1,
                "step": 33,
                "type": "box",
                "margin": {
                    "width": 0.0,
                    "height": 0.0,
                    "length": 0.0
                },
                "cargo_id": "zleqezijx2zlofk089zsnmxps8jnzxh2",
                "position": {
                    "x": 960.0,
                    "y": 1300.0,
                    "z": 720.0
                },
                "stacking": true,
                "turnover": true,
                "rotation_state": 0,
                "stacking_limit": 0.0,
                "calculated_size": {
                    "width": 480.0,
                    "height": 220.0,
                    "length": 960.0
                },
                "virtual_positions": null
            },
            {
                "id": 32,
                "info": {
                    "color": "#af2a54",
                    "title": "корпус5",
                    "article": "",
                    "group_id": "1tegdcxdrkuxqwewj3wlevpoev3sbffm",
                    "group_title": "Группа 1"
                },
                "mass": 40.0,
                "size": {
                    "width": 480.0,
                    "height": 220.0,
                    "length": 960.0
                },
                "sort": 1,
                "step": 34,
                "type": "box",
                "margin": {
                    "width": 0.0,
                    "height": 0.0,
                    "length": 0.0
                },
                "cargo_id": "zleqezijx2zlofk089zsnmxps8jnzxh2",
                "position": {
                    "x": 0.0,
                    "y": 1380.0,
                    "z": 0.0
                },
                "stacking": true,
                "turnover": true,
                "rotation_state": 0,
                "stacking_limit": 0.0,
                "calculated_size": {
                    "width": 480.0,
                    "height": 220.0,
                    "length": 960.0
                },
                "virtual_positions": null
            },
            {
                "id": 33,
                "info": {
                    "color": "#af2a54",
                    "title": "корпус5",
                    "article": "",
                    "group_id": "1tegdcxdrkuxqwewj3wlevpoev3sbffm",
                    "group_title": "Группа 1"
                },
                "mass": 40.0,
                "size": {
                    "width": 480.0,
                    "height": 220.0,
                    "length": 960.0
                },
                "sort": 1,
                "step": 35,
                "type": "box",
                "margin": {
                    "width": 0.0,
                    "height": 0.0,
                    "length": 0.0
                },
                "cargo_id": "zleqezijx2zlofk089zsnmxps8jnzxh2",
                "position": {
                    "x": 960.0,
                    "y": 1380.0,
                    "z": 0.0
                },
                "stacking": true,
                "turnover": true,
                "rotation_state": 0,
                "stacking_limit": 0.0,
                "calculated_size": {
                    "width": 480.0,
                    "height": 220.0,
                    "length": 960.0
                },
                "virtual_positions": null
            }
        ],
        "version": 5,
        "cargo_space": {
            "id": 1095,
            "info": {
                "uid": "1095_0",
                "sort": 0,
                "title": "поддон",
                "margin": {
                    "width": 0,
                    "height": 0,
                    "length": 0
                }
            },
            "mass": 75.0,
            "size": {
                "width": 1200.0,
                "height": 150.0,
                "length": 2200.0
            },
            "type": "pallet",
            "indentation": {
                "width": 0.0,
                "height": 0.0,
                "length": 0.0,
                "height_top": -1650.0,
                "length_end": 0.0,
                "width_right": 0.0
            },
            "loading_size": {
                "width": 1200.0,
                "height": 1800.0,
                "length": 2200.0
            },
            "calculation_info": {
                "step_count": 35,
                "cargos_mass": 1.148,
                "load_volume": 4.752,
                "cargos_volume": 3.74245,
                "count_cargoes": 35,
                "load_capacity": 1.5,
                "loading_height": 1.6,
                "density_percent": 88.59972,
                "remaining_volume": 1.00955,
                "void_space_percent": 21.2447,
                "filling_space_percent": 78.7553
            },
            "carrying_capacity": 1500.0,
            "real_center_of_gravity": [
                1190.5226480836236,
                729.6689895470383,
                605.060975609756
            ],
            "ideal_center_of_gravity": [
                1100.0,
                0.0,
                600.0
            ]
        },
        "cargo_groups": [],
        "packing_type": "PackingPalletBlocks",
        "calculation_id": 15077,
        "invalid_errors": [],
        "unpacked_errors": [],
        "validate_errors": [
            "ERROR_INDENTATION"
        ],
        "is_packed_same_boxes": false
    }
}