{
    "data": {
        "cargoes": [
            {
                "info": {
                    "color": "#0964a0",
                    "title": "2",
                    "article": "",
                    "group_id": "1jnu8sd7ob0tediknidvze2e4ej3enbh",
                    "group_title": "Группа 1"
                },
                "mass": 200.0,
                "size": {
                    "width": 800,
                    "height": 160,
                    "length": 1200
                },
                "sort": 1,
                "type": "box",
                "count": 4,
                "margin": {
                    "width": 0,
                    "height": 0,
                    "length": 0
                },
                "cargo_id": "ff6sltuqhsntbdlno6avncuvxnza2pjc",
                "stacking": true,
                "turnover": true,
                "margin_width": 0,
                "margin_length": 0,
                "stacking_limit": 0
            },
            {
                "info": {
                    "color": "#16cc92",
                    "title": "Uhep",
                    "article": "",
                    "group_id": "1jnu8sd7ob0tediknidvze2e4ej3enbh",
                    "group_title": "Группа 1"
                },
                "mass": 350.0,
                "size": {
                    "width": 800,
                    "height": 2300,
                    "length": 1500
                },
                "sort": 1,
                "type": "box",
                "count": 4,
                "margin": {
                    "width": 0,
                    "height": 0,
                    "length": 0
                },
                "cargo_id": "dl9res11ufmlrvlqmbdi7tmfuqgnsoaj",
                "stacking": false,
                "turnover": true,
                "margin_width": 0,
                "margin_length": 0,
                "stacking_limit": 0
            }
        ],
        "settings": {
            "rank": false,
            "max_step": 100,
            "min_step": 50,
            "usersort": false,
            "hardlimit": 1801,
            "timelimit": 1800,
            "step_scaling": 10
        },
        "put_boxes": [],
        "initial_id": 0,
        "cargo_space": {
            "id": 272,
            "info": {
                "uid": "272_0",
                "sort": 0,
                "title": "Полуприцеп 1"
            },
            "mass": 6388,
            "size": {
                "width": 2600,
                "height": 2650,
                "length": 10000
            },
            "type": "truck",
            "axles": [
                {
                    "title": "Ось 1",
                    "distance": 1890,
                    "max_load": 9250,
                    "default_load": 1597
                },
                {
                    "title": "Ось 2",
                    "distance": 1310,
                    "max_load": 9250,
                    "default_load": 1597
                },
                {
                    "title": "Ось 3",
                    "distance": 1310,
                    "max_load": 9250,
                    "default_load": 1597
                }
            ],
            "hitch": {
                "title": "",
                "distance": 4450,
                "max_load": 5600,
                "default_load": 1597
            },
            "title": "Полуприцеп 1",
            "tractor": {
                "mass": 6203,
                "axles": [
                    {
                        "title": "Ось 1",
                        "distance": 1475,
                        "max_load": 8666,
                        "default_load": 2600
                    },
                    {
                        "title": "Ось 2",
                        "distance": 3300,
                        "max_load": 8666,
                        "default_load": 2600
                    },
                    {
                        "title": "Ось 3",
                        "distance": 1440,
                        "max_load": 8666,
                        "default_load": 2600
                    }
                ],
                "title": "Тягач №1 (3 оси)",
                "length": 6600,
                "hitch_distance": 1060
            },
            "indentation": {
                "width": 0,
                "height": 0,
                "length": 150,
                "height_top": 0,
                "length_end": 150,
                "width_right": 0
            },
            "loading_size": {
                "width": 2600,
                "height": 2650,
                "length": 9700
            },
            "carrying_capacity": 34470
        },
        "calculation_id": "14951"
    },
    "data_result": {
        "boxes": [
            {
                "id": 6,
                "info": {
                    "color": "#16cc92",
                    "title": "Uhep",
                    "article": "",
                    "group_id": "1jnu8sd7ob0tediknidvze2e4ej3enbh",
                    "group_title": "Группа 1"
                },
                "mass": 350.0,
                "size": {
                    "width": 800.0,
                    "height": 2300.0,
                    "length": 1500.0
                },
                "sort": 1,
                "step": 1,
                "type": "box",
                "margin": {
                    "width": 0.0,
                    "height": 0.0,
                    "length": 0.0
                },
                "cargo_id": "dl9res11ufmlrvlqmbdi7tmfuqgnsoaj",
                "position": {
                    "x": 0.0,
                    "y": 0.0,
                    "z": 1500.0
                },
                "stacking": false,
                "turnover": true,
                "rotation_state": 0,
                "stacking_limit": 0.0,
                "calculated_size": {
                    "width": 800.0,
                    "height": 2300.0,
                    "length": 1500.0
                },
                "virtual_positions": null
            },
            {
                "id": 4,
                "info": {
                    "color": "#16cc92",
                    "title": "Uhep",
                    "article": "",
                    "group_id": "1jnu8sd7ob0tediknidvze2e4ej3enbh",
                    "group_title": "Группа 1"
                },
                "mass": 350.0,
                "size": {
                    "width": 800.0,
                    "height": 2300.0,
                    "length": 1500.0
                },
                "sort": 1,
                "step": 2,
                "type": "box",
                "margin": {
                    "width": 0.0,
                    "height": 0.0,
                    "length": 0.0
                },
                "cargo_id": "dl9res11ufmlrvlqmbdi7tmfuqgnsoaj",
                "position": {
                    "x": 0.0,
                    "y": 0.0,
                    "z": 0.0
                },
                "stacking": false,
                "turnover": true,
                "rotation_state": 1,
                "stacking_limit": 0.0,
                "calculated_size": {
                    "width": 1500.0,
                    "height": 2300.0,
                    "length": 800.0
                },
                "virtual_positions": null
            },
            {
                "id": 5,
                "info": {
                    "color": "#16cc92",
                    "title": "Uhep",
                    "article": "",
                    "group_id": "1jnu8sd7ob0tediknidvze2e4ej3enbh",
                    "group_title": "Группа 1"
                },
                "mass": 350.0,
                "size": {
                    "width": 800.0,
                    "height": 2300.0,
                    "length": 1500.0
                },
                "sort": 1,
                "step": 3,
                "type": "box",
                "margin": {
                    "width": 0.0,
                    "height": 0.0,
                    "length": 0.0
                },
                "cargo_id": "dl9res11ufmlrvlqmbdi7tmfuqgnsoaj",
                "position": {
                    "x": 800.0,
                    "y": 0.0,
                    "z": 0.0
                },
                "stacking": false,
                "turnover": true,
                "rotation_state": 1,
                "stacking_limit": 0.0,
                "calculated_size": {
                    "width": 1500.0,
                    "height": 2300.0,
                    "length": 800.0
                },
                "virtual_positions": null
            },
            {
                "id": 0,
                "info": {
                    "color": "#0964a0",
                    "title": "2",
                    "article": "",
                    "group_id": "1jnu8sd7ob0tediknidvze2e4ej3enbh",
                    "group_title": "Группа 1"
                },
                "mass": 200.0,
                "size": {
                    "width": 800.0,
                    "height": 160.0,
                    "length": 1200.0
                },
                "sort": 1,
                "step": 4,
                "type": "box",
                "margin": {
                    "width": 0.0,
                    "height": 0.0,
                    "length": 0.0
                },
                "cargo_id": "ff6sltuqhsntbdlno6avncuvxnza2pjc",
                "position": {
                    "x": 1500.0,
                    "y": 0.0,
                    "z": 1500.0
                },
                "stacking": true,
                "turnover": true,
                "rotation_state": 0,
                "stacking_limit": 0.0,
                "calculated_size": {
                    "width": 800.0,
                    "height": 160.0,
                    "length": 1200.0
                },
                "virtual_positions": null
            },
            {
                "id": 1,
                "info": {
                    "color": "#0964a0",
                    "title": "2",
                    "article": "",
                    "group_id": "1jnu8sd7ob0tediknidvze2e4ej3enbh",
                    "group_title": "Группа 1"
                },
                "mass": 200.0,
                "size": {
                    "width": 800.0,
                    "height": 160.0,
                    "length": 1200.0
                },
                "sort": 1,
                "step": 5,
                "type": "box",
                "margin": {
                    "width": 0.0,
                    "height": 0.0,
                    "length": 0.0
                },
                "cargo_id": "ff6sltuqhsntbdlno6avncuvxnza2pjc",
                "position": {
                    "x": 1500.0,
                    "y": 160.0,
                    "z": 1500.0
                },
                "stacking": true,
                "turnover": true,
                "rotation_state": 0,
                "stacking_limit": 0.0,
                "calculated_size": {
                    "width": 800.0,
                    "height": 160.0,
                    "length": 1200.0
                },
                "virtual_positions": null
            },
            {
                "id": 7,
                "info": {
                    "color": "#16cc92",
                    "title": "Uhep",
                    "article": "",
                    "group_id": "1jnu8sd7ob0tediknidvze2e4ej3enbh",
                    "group_title": "Группа 1"
                },
                "mass": 350.0,
                "size": {
                    "width": 800.0,
                    "height": 2300.0,
                    "length": 1500.0
                },
                "sort": 1,
                "step": 6,
                "type": "box",
                "margin": {
                    "width": 0.0,
                    "height": 0.0,
                    "length": 0.0
                },
                "cargo_id": "dl9res11ufmlrvlqmbdi7tmfuqgnsoaj",
                "position": {
                    "x": 1600.0,
                    "y": 0.0,
                    "z": 0.0
                },
                "stacking": false,
                "turnover": true,
                "rotation_state": 1,
                "stacking_limit": 0.0,
                "calculated_size": {
                    "width": 1500.0,
                    "height": 2300.0,
                    "length": 800.0
                },
                "virtual_positions": null
            },
            {
                "id": 2,
                "info": {
                    "color": "#0964a0",
                    "title": "2",
                    "article": "",
                    "group_id": "1jnu8sd7ob0tediknidvze2e4ej3enbh",
                    "group_title": "Группа 1"
                },
                "mass": 200.0,
                "size": {
                    "width": 800.0,
                    "height": 160.0,
                    "length": 1200.0
                },
                "sort": 1,
                "step": 7,
                "type": "box",
                "margin": {
                    "width": 0.0,
                    "height": 0.0,
                    "length": 0.0
                },
                "cargo_id": "ff6sltuqhsntbdlno6avncuvxnza2pjc",
                "position": {
                    "x": 2400.0,
                    "y": 0.0,
                    "z": 0.0
                },
                "stacking": true,
                "turnover": true,
                "rotation_state": 1,
                "stacking_limit": 0.0,
                "calculated_size": {
                    "width": 1200.0,
                    "height": 160.0,
                    "length": 800.0
                },
                "virtual_positions": null
            },
            {
                "id": 3,
                "info": {
                    "color": "#0964a0",
                    "title": "2",
                    "article": "",
                    "group_id": "1jnu8sd7ob0tediknidvze2e4ej3enbh",
                    "group_title": "Группа 1"
                },
                "mass": 200.0,
                "size": {
                    "width": 800.0,
                    "height": 160.0,
                    "length": 1200.0
                },
                "sort": 1,
                "step": 8,
                "type": "box",
                "margin": {
                    "width": 0.0,
                    "height": 0.0,
                    "length": 0.0
                },
                "cargo_id": "ff6sltuqhsntbdlno6avncuvxnza2pjc",
                "position": {
                    "x": 2400.0,
                    "y": 160.0,
                    "z": 0.0
                },
                "stacking": true,
                "turnover": true,
                "rotation_state": 1,
                "stacking_limit": 0.0,
                "calculated_size": {
                    "width": 1200.0,
                    "height": 160.0,
                    "length": 800.0
                },
                "virtual_positions": null
            }
        ],
        "version": 5,
        "cargo_space": {
            "id": 272,
            "info": {
                "uid": "272_0",
                "sort": 0,
                "title": "Полуприцеп 1"
            },
            "mass": 6388.0,
            "size": {
                "width": 2600.0,
                "height": 2650.0,
                "length": 10000.0
            },
            "type": "truck",
            "axles": [
                {
                    "title": "Ось 1",
                    "distance": 1890.0,
                    "max_load": 9250.0,
                    "default_load": 1597.0,
                    "calculated_load": 1722.01025
                },
                {
                    "title": "Ось 2",
                    "distance": 1310.0,
                    "max_load": 9250.0,
                    "default_load": 1597.0,
                    "calculated_load": 1722.01025
                },
                {
                    "title": "Ось 3",
                    "distance": 1310.0,
                    "max_load": 9250.0,
                    "default_load": 1597.0,
                    "calculated_load": 1722.01025
                }
            ],
            "hitch": {
                "title": "",
                "distance": 4450.0,
                "max_load": 5600.0,
                "default_load": 1597.0,
                "calculated_load": 3421.96925
            },
            "tractor": {
                "mass": 6203.0,
                "axles": [
                    {
                        "title": "Ось 1",
                        "distance": 1475.0,
                        "max_load": 8666.0,
                        "default_load": 2600.0,
                        "calculated_load": 3081.2108
                    },
                    {
                        "title": "Ось 2",
                        "distance": 3300.0,
                        "max_load": 8666.0,
                        "default_load": 2600.0,
                        "calculated_load": 3271.87923
                    },
                    {
                        "title": "Ось 3",
                        "distance": 1440.0,
                        "max_load": 8666.0,
                        "default_load": 2600.0,
                        "calculated_load": 3271.87923
                    }
                ],
                "length": 6600.0,
                "hitch_distance": 1060.0
            },
            "full_length": 10000.0,
            "indentation": {
                "width": 0.0,
                "height": 0.0,
                "length": 150.0,
                "height_top": 0.0,
                "length_end": 150.0,
                "width_right": 0.0
            },
            "loading_size": {
                "width": 2600.0,
                "height": 2650.0,
                "length": 9700.0
            },
            "calculation_info": {
                "step_count": 8,
                "cargos_mass": 2.2,
                "load_volume": 66.833,
                "cargos_volume": 11.6544,
                "count_cargoes": 8,
                "load_capacity": 34.47,
                "loading_height": 2.3,
                "density_percent": 68.84688,
                "remaining_volume": 55.1786,
                "void_space_percent": 82.56191,
                "filling_space_percent": 17.43809
            },
            "carrying_capacity": 34470.0,
            "real_center_of_gravity": [
                1582.9545454545455,
                790.0,
                1114.7727272727273
            ],
            "ideal_center_of_gravity": [
                4850.0,
                0.0,
                1300.0
            ]
        },
        "cargo_groups": [],
        "packing_type": "PackingTruck PackingTwoBoxesInLayer",
        "calculation_id": 14951,
        "invalid_errors": [],
        "unpacked_errors": [],
        "validate_errors": [],
        "is_packed_same_boxes": false
    }
}