{
    "data": {
        "cargoes": [
            {
                "info": {
                    "color": "#477cab",
                    "title": "Сектор с рукояткой для торможения редуктора, горизонтальная и вертикальная тяга из нержавеющей стали, промежуточная опора (сланцево-серый RAL 7015)",
                    "article": "",
                    "group_id": "1xoc9oz75ibyecetqu2pfqoy5dxyhm09",
                    "group_title": "Группа 1"
                },
                "mass": 100.0,
                "size": {
                    "width": 1300,
                    "height": 120,
                    "length": 1880
                },
                "sort": 1,
                "type": "box",
                "count": 93,
                "margin": {
                    "width": 0,
                    "height": 0,
                    "length": 0
                },
                "cargo_id": "pxxhkw1t3lkcqcw82tdw9v4odvnpcxvv",
                "stacking": true,
                "turnover": true,
                "stacking_limit": 0
            },
            {
                "info": {
                    "color": "#fa7369",
                    "title": "Механизм перемещения противовесов (сланцево-серый RAL 7015)",
                    "article": "",
                    "group_id": "1xoc9oz75ibyecetqu2pfqoy5dxyhm09",
                    "group_title": "Группа 1"
                },
                "mass": 70.0,
                "size": {
                    "width": 1200,
                    "height": 50,
                    "length": 1200
                },
                "sort": 1,
                "type": "box",
                "count": 93,
                "margin": {
                    "width": 0,
                    "height": 0,
                    "length": 0
                },
                "cargo_id": "eirz2nzqtieku0zdguycczbs4e8cw791",
                "stacking": true,
                "turnover": true,
                "stacking_limit": 0
            },
            {
                "info": {
                    "color": "#656cb0",
                    "title": "Редуктор 228D (сланцево-серый RAL 7015) в сборе \nШкив ременной передачи 5-ти ручьевой типа «С» диаметром 36 дюймов\n(сланцево-серый RAL 7015) \nБарабанная тормозная система, установленная на редуктор",
                    "article": "",
                    "group_id": "1xoc9oz75ibyecetqu2pfqoy5dxyhm09",
                    "group_title": "Группа 1"
                },
                "mass": 3200.0,
                "size": {
                    "width": 1760,
                    "height": 980,
                    "length": 1650
                },
                "sort": 1,
                "type": "box",
                "count": 178,
                "margin": {
                    "width": 0,
                    "height": 0,
                    "length": 0
                },
                "cargo_id": "jbppen6hkbecjvhm2nftvjrzvrfnqf3h",
                "stacking": true,
                "turnover": true,
                "stacking_limit": 0
            },
            {
                "info": {
                    "color": "#a3e9f1",
                    "title": "Кривошипы (сланцево-серый RAL 7015, наконечник RAL 3020)",
                    "article": "",
                    "group_id": "1xoc9oz75ibyecetqu2pfqoy5dxyhm09",
                    "group_title": "Группа 1"
                },
                "mass": 1100.0,
                "size": {
                    "width": 450,
                    "height": 210,
                    "length": 2800
                },
                "sort": 1,
                "type": "box",
                "count": 356,
                "margin": {
                    "width": 0,
                    "height": 0,
                    "length": 0
                },
                "cargo_id": "qczenboqozpxrs3zyaodtmwqrzlq5p3s",
                "stacking": true,
                "turnover": true,
                "stacking_limit": 0
            },
            {
                "info": {
                    "color": "#e09f61",
                    "title": "Сектор с рукояткой для торможения редуктора, горизонтальная и вертикальная тяга из нержавеющей стали, промежуточная опора (сланцево-серый RAL 7015)",
                    "article": "",
                    "group_id": "1xoc9oz75ibyecetqu2pfqoy5dxyhm09",
                    "group_title": "Группа 1"
                },
                "mass": 100.0,
                "size": {
                    "width": 1300,
                    "height": 120,
                    "length": 1880
                },
                "sort": 1,
                "type": "box",
                "count": 178,
                "margin": {
                    "width": 0,
                    "height": 0,
                    "length": 0
                },
                "cargo_id": "dugqnd09vsxaoz8if8ptwqwpnb7yoxts",
                "stacking": true,
                "turnover": true,
                "stacking_limit": 0
            },
            {
                "info": {
                    "color": "#7c918c",
                    "title": "Комплект ЗИП  • Набор специальных ключей для обслуживания редуктора и нижней головки шатуна",
                    "article": "",
                    "group_id": "1xoc9oz75ibyecetqu2pfqoy5dxyhm09",
                    "group_title": "Группа 1"
                },
                "mass": 10.0,
                "size": {
                    "width": 320,
                    "height": 260,
                    "length": 400
                },
                "sort": 1,
                "type": "box",
                "count": 178,
                "margin": {
                    "width": 0,
                    "height": 0,
                    "length": 0
                },
                "cargo_id": "qinsoyvihxjafez0vndlvuwsc1drmg2n",
                "stacking": true,
                "turnover": true,
                "stacking_limit": 0
            },
            {
                "info": {
                    "color": "#f0cba4",
                    "title": "Нижняя головка шатуна  с крепежом (сланцево-серый RAL 7015)",
                    "article": "",
                    "group_id": "23524dv7mf6gykkwkvsvegkqhm7xfhyj",
                    "group_title": "Группа 2"
                },
                "mass": 40.0,
                "size": {
                    "width": 400,
                    "height": 80,
                    "length": 460
                },
                "sort": 2,
                "type": "box",
                "count": 186,
                "margin": {
                    "width": 0,
                    "height": 0,
                    "length": 0
                },
                "cargo_id": "gsqfruwnlxy9vkbpajkwt7tnvhxyrqyv",
                "stacking": true,
                "turnover": true,
                "stacking_limit": 0
            },
            {
                "info": {
                    "color": "#ae1a0b",
                    "title": "Ключ для снятия сливной пробки редуктора (сланцево-серый RAL 7015)",
                    "article": "",
                    "group_id": "23524dv7mf6gykkwkvsvegkqhm7xfhyj",
                    "group_title": "Группа 2"
                },
                "mass": 5.0,
                "size": {
                    "width": 50,
                    "height": 30,
                    "length": 300
                },
                "sort": 2,
                "type": "box",
                "count": 93,
                "margin": {
                    "width": 0,
                    "height": 0,
                    "length": 0
                },
                "cargo_id": "clmbmkqsgkmvvbnz0tl15ivbiwoxolqh",
                "stacking": true,
                "turnover": true,
                "stacking_limit": 0
            },
            {
                "info": {
                    "color": "#685da9",
                    "title": "Комплект ЗИП  Набор специальных ключей для обслуживания редуктора и нижней головки шатуна",
                    "article": "",
                    "group_id": "23524dv7mf6gykkwkvsvegkqhm7xfhyj",
                    "group_title": "Группа 2"
                },
                "mass": 10.0,
                "size": {
                    "width": 320,
                    "height": 260,
                    "length": 400
                },
                "sort": 2,
                "type": "box",
                "count": 93,
                "margin": {
                    "width": 0,
                    "height": 0,
                    "length": 0
                },
                "cargo_id": "vantftm1mxlutemdlxrgo66hcyxvd8hm",
                "stacking": true,
                "turnover": true,
                "stacking_limit": 0
            },
            {
                "info": {
                    "color": "#75b53c",
                    "title": "Нижняя головка шатуна  с крепежом (сланцево-серый RAL 7015)",
                    "article": "",
                    "group_id": "23524dv7mf6gykkwkvsvegkqhm7xfhyj",
                    "group_title": "Группа 2"
                },
                "mass": 40.0,
                "size": {
                    "width": 400,
                    "height": 80,
                    "length": 460
                },
                "sort": 2,
                "type": "box",
                "count": 356,
                "margin": {
                    "width": 0,
                    "height": 0,
                    "length": 0
                },
                "cargo_id": "ecfaqegrpfxiqmdmilas25l9kdygh5co",
                "stacking": true,
                "turnover": true,
                "stacking_limit": 0
            },
            {
                "info": {
                    "color": "#0a1484",
                    "title": "Механизм перемещения противовесов (сланцево-серый RAL 7015)",
                    "article": "",
                    "group_id": "23524dv7mf6gykkwkvsvegkqhm7xfhyj",
                    "group_title": "Группа 2"
                },
                "mass": 70.0,
                "size": {
                    "width": 1200,
                    "height": 50,
                    "length": 1200
                },
                "sort": 2,
                "type": "box",
                "count": 178,
                "margin": {
                    "width": 0,
                    "height": 0,
                    "length": 0
                },
                "cargo_id": "l9saytowh0xhdamjrl1qacwetanlfr9a",
                "stacking": true,
                "turnover": true,
                "stacking_limit": 0
            },
            {
                "info": {
                    "color": "#03f27f",
                    "title": "Ключ для снятия сливной пробки редуктора (сланцево-серый RAL 7015)",
                    "article": "",
                    "group_id": "23524dv7mf6gykkwkvsvegkqhm7xfhyj",
                    "group_title": "Группа 2"
                },
                "mass": 5.0,
                "size": {
                    "width": 50,
                    "height": 30,
                    "length": 300
                },
                "sort": 2,
                "type": "box",
                "count": 178,
                "margin": {
                    "width": 0,
                    "height": 0,
                    "length": 0
                },
                "cargo_id": "tk5oizzowlpy1gnotk6lvtogjz9ya8fp",
                "stacking": true,
                "turnover": true,
                "stacking_limit": 0
            }
        ],
        "settings": {
            "rank": false,
            "max_step": 100,
            "min_step": 50,
            "usersort": false,
            "hardlimit": 1801,
            "timelimit": 1800,
            "step_scaling": 10
        },
        "put_boxes": [],
        "initial_id": 0,
        "cargo_space": {
            "id": 261,
            "info": {
                "uid": "261_0",
                "sort": 0,
                "title": "Стандартный 40 футовый контейнер"
            },
            "mass": 4400,
            "size": {
                "width": 2352,
                "height": 2385,
                "length": 12032
            },
            "type": "container",
            "axles": [],
            "title": "Стандартный 40 футовый контейнер",
            "indentation": {
                "width": 0,
                "height": 0,
                "length": 0,
                "height_top": 0,
                "length_end": 0,
                "width_right": 0
            },
            "loading_size": {
                "width": 2352,
                "height": 2385,
                "length": 12032
            },
            "carrying_capacity": 26600
        },
        "calculation_id": "16681"
    },
    "data_result": {
        "boxes": [
            {
                "id": 368,
                "info": {
                    "color": "#a3e9f1",
                    "title": "Кривошипы (сланцево-серый RAL 7015, наконечник RAL 3020)",
                    "article": "",
                    "group_id": "1xoc9oz75ibyecetqu2pfqoy5dxyhm09",
                    "group_title": "Группа 1"
                },
                "mass": 1100.0,
                "size": {
                    "width": 450.0,
                    "height": 210.0,
                    "length": 2800.0
                },
                "sort": 1,
                "step": 1,
                "type": "box",
                "margin": {
                    "width": 0.0,
                    "height": 0.0,
                    "length": 0.0
                },
                "cargo_id": "qczenboqozpxrs3zyaodtmwqrzlq5p3s",
                "position": {
                    "x": 832.0,
                    "y": 0.0,
                    "z": 1902.0
                },
                "stacking": true,
                "turnover": true,
                "rotation_state": 0,
                "stacking_limit": 0.0,
                "calculated_size": {
                    "width": 450.0,
                    "height": 210.0,
                    "length": 2800.0
                },
                "virtual_positions": null
            },
            {
                "id": 367,
                "info": {
                    "color": "#a3e9f1",
                    "title": "Кривошипы (сланцево-серый RAL 7015, наконечник RAL 3020)",
                    "article": "",
                    "group_id": "1xoc9oz75ibyecetqu2pfqoy5dxyhm09",
                    "group_title": "Группа 1"
                },
                "mass": 1100.0,
                "size": {
                    "width": 450.0,
                    "height": 210.0,
                    "length": 2800.0
                },
                "sort": 1,
                "step": 2,
                "type": "box",
                "margin": {
                    "width": 0.0,
                    "height": 0.0,
                    "length": 0.0
                },
                "cargo_id": "qczenboqozpxrs3zyaodtmwqrzlq5p3s",
                "position": {
                    "x": 832.0,
                    "y": 0.0,
                    "z": 1452.0
                },
                "stacking": true,
                "turnover": true,
                "rotation_state": 0,
                "stacking_limit": 0.0,
                "calculated_size": {
                    "width": 450.0,
                    "height": 210.0,
                    "length": 2800.0
                },
                "virtual_positions": null
            },
            {
                "id": 366,
                "info": {
                    "color": "#a3e9f1",
                    "title": "Кривошипы (сланцево-серый RAL 7015, наконечник RAL 3020)",
                    "article": "",
                    "group_id": "1xoc9oz75ibyecetqu2pfqoy5dxyhm09",
                    "group_title": "Группа 1"
                },
                "mass": 1100.0,
                "size": {
                    "width": 450.0,
                    "height": 210.0,
                    "length": 2800.0
                },
                "sort": 1,
                "step": 3,
                "type": "box",
                "margin": {
                    "width": 0.0,
                    "height": 0.0,
                    "length": 0.0
                },
                "cargo_id": "qczenboqozpxrs3zyaodtmwqrzlq5p3s",
                "position": {
                    "x": 832.0,
                    "y": 0.0,
                    "z": 1002.0
                },
                "stacking": true,
                "turnover": true,
                "rotation_state": 0,
                "stacking_limit": 0.0,
                "calculated_size": {
                    "width": 450.0,
                    "height": 210.0,
                    "length": 2800.0
                },
                "virtual_positions": null
            },
            {
                "id": 365,
                "info": {
                    "color": "#a3e9f1",
                    "title": "Кривошипы (сланцево-серый RAL 7015, наконечник RAL 3020)",
                    "article": "",
                    "group_id": "1xoc9oz75ibyecetqu2pfqoy5dxyhm09",
                    "group_title": "Группа 1"
                },
                "mass": 1100.0,
                "size": {
                    "width": 450.0,
                    "height": 210.0,
                    "length": 2800.0
                },
                "sort": 1,
                "step": 4,
                "type": "box",
                "margin": {
                    "width": 0.0,
                    "height": 0.0,
                    "length": 0.0
                },
                "cargo_id": "qczenboqozpxrs3zyaodtmwqrzlq5p3s",
                "position": {
                    "x": 832.0,
                    "y": 0.0,
                    "z": 552.0
                },
                "stacking": true,
                "turnover": true,
                "rotation_state": 0,
                "stacking_limit": 0.0,
                "calculated_size": {
                    "width": 450.0,
                    "height": 210.0,
                    "length": 2800.0
                },
                "virtual_positions": null
            },
            {
                "id": 364,
                "info": {
                    "color": "#a3e9f1",
                    "title": "Кривошипы (сланцево-серый RAL 7015, наконечник RAL 3020)",
                    "article": "",
                    "group_id": "1xoc9oz75ibyecetqu2pfqoy5dxyhm09",
                    "group_title": "Группа 1"
                },
                "mass": 1100.0,
                "size": {
                    "width": 450.0,
                    "height": 210.0,
                    "length": 2800.0
                },
                "sort": 1,
                "step": 5,
                "type": "box",
                "margin": {
                    "width": 0.0,
                    "height": 0.0,
                    "length": 0.0
                },
                "cargo_id": "qczenboqozpxrs3zyaodtmwqrzlq5p3s",
                "position": {
                    "x": 832.0,
                    "y": 0.0,
                    "z": 102.0
                },
                "stacking": true,
                "turnover": true,
                "rotation_state": 0,
                "stacking_limit": 0.0,
                "calculated_size": {
                    "width": 450.0,
                    "height": 210.0,
                    "length": 2800.0
                },
                "virtual_positions": null
            },
            {
                "id": 186,
                "info": {
                    "color": "#656cb0",
                    "title": "Редуктор 228D (сланцево-серый RAL 7015) в сборе \nШкив ременной передачи 5-ти ручьевой типа «С» диаметром 36 дюймов\n(сланцево-серый RAL 7015) \nБарабанная тормозная система, установленная на редуктор",
                    "article": "",
                    "group_id": "1xoc9oz75ibyecetqu2pfqoy5dxyhm09",
                    "group_title": "Группа 1"
                },
                "mass": 3200.0,
                "size": {
                    "width": 1760.0,
                    "height": 980.0,
                    "length": 1650.0
                },
                "sort": 1,
                "step": 6,
                "type": "box",
                "margin": {
                    "width": 0.0,
                    "height": 0.0,
                    "length": 0.0
                },
                "cargo_id": "jbppen6hkbecjvhm2nftvjrzvrfnqf3h",
                "position": {
                    "x": 832.0,
                    "y": 210.0,
                    "z": 102.0
                },
                "stacking": true,
                "turnover": true,
                "rotation_state": 1,
                "stacking_limit": 0.0,
                "calculated_size": {
                    "width": 1760.0,
                    "height": 980.0,
                    "length": 1650.0
                },
                "virtual_positions": null
            },
            {
                "id": 0,
                "info": {
                    "color": "#477cab",
                    "title": "Сектор с рукояткой для торможения редуктора, горизонтальная и вертикальная тяга из нержавеющей стали, промежуточная опора (сланцево-серый RAL 7015)",
                    "article": "",
                    "group_id": "1xoc9oz75ibyecetqu2pfqoy5dxyhm09",
                    "group_title": "Группа 1"
                },
                "mass": 100.0,
                "size": {
                    "width": 1300.0,
                    "height": 120.0,
                    "length": 1880.0
                },
                "sort": 1,
                "step": 7,
                "type": "box",
                "margin": {
                    "width": 0.0,
                    "height": 0.0,
                    "length": 0.0
                },
                "cargo_id": "pxxhkw1t3lkcqcw82tdw9v4odvnpcxvv",
                "position": {
                    "x": 2482.0,
                    "y": 210.0,
                    "z": 102.0
                },
                "stacking": true,
                "turnover": true,
                "rotation_state": 0,
                "stacking_limit": 0.0,
                "calculated_size": {
                    "width": 1300.0,
                    "height": 120.0,
                    "length": 1880.0
                },
                "virtual_positions": null
            },
            {
                "id": 5,
                "info": {
                    "color": "#477cab",
                    "title": "Сектор с рукояткой для торможения редуктора, горизонтальная и вертикальная тяга из нержавеющей стали, промежуточная опора (сланцево-серый RAL 7015)",
                    "article": "",
                    "group_id": "1xoc9oz75ibyecetqu2pfqoy5dxyhm09",
                    "group_title": "Группа 1"
                },
                "mass": 100.0,
                "size": {
                    "width": 1300.0,
                    "height": 120.0,
                    "length": 1880.0
                },
                "sort": 1,
                "step": 8,
                "type": "box",
                "margin": {
                    "width": 0.0,
                    "height": 0.0,
                    "length": 0.0
                },
                "cargo_id": "pxxhkw1t3lkcqcw82tdw9v4odvnpcxvv",
                "position": {
                    "x": 2482.0,
                    "y": 330.0,
                    "z": 102.0
                },
                "stacking": true,
                "turnover": true,
                "rotation_state": 0,
                "stacking_limit": 0.0,
                "calculated_size": {
                    "width": 1300.0,
                    "height": 120.0,
                    "length": 1880.0
                },
                "virtual_positions": null
            },
            {
                "id": 10,
                "info": {
                    "color": "#477cab",
                    "title": "Сектор с рукояткой для торможения редуктора, горизонтальная и вертикальная тяга из нержавеющей стали, промежуточная опора (сланцево-серый RAL 7015)",
                    "article": "",
                    "group_id": "1xoc9oz75ibyecetqu2pfqoy5dxyhm09",
                    "group_title": "Группа 1"
                },
                "mass": 100.0,
                "size": {
                    "width": 1300.0,
                    "height": 120.0,
                    "length": 1880.0
                },
                "sort": 1,
                "step": 9,
                "type": "box",
                "margin": {
                    "width": 0.0,
                    "height": 0.0,
                    "length": 0.0
                },
                "cargo_id": "pxxhkw1t3lkcqcw82tdw9v4odvnpcxvv",
                "position": {
                    "x": 2482.0,
                    "y": 450.0,
                    "z": 102.0
                },
                "stacking": true,
                "turnover": true,
                "rotation_state": 0,
                "stacking_limit": 0.0,
                "calculated_size": {
                    "width": 1300.0,
                    "height": 120.0,
                    "length": 1880.0
                },
                "virtual_positions": null
            },
            {
                "id": 373,
                "info": {
                    "color": "#a3e9f1",
                    "title": "Кривошипы (сланцево-серый RAL 7015, наконечник RAL 3020)",
                    "article": "",
                    "group_id": "1xoc9oz75ibyecetqu2pfqoy5dxyhm09",
                    "group_title": "Группа 1"
                },
                "mass": 1100.0,
                "size": {
                    "width": 450.0,
                    "height": 210.0,
                    "length": 2800.0
                },
                "sort": 1,
                "step": 10,
                "type": "box",
                "margin": {
                    "width": 0.0,
                    "height": 0.0,
                    "length": 0.0
                },
                "cargo_id": "qczenboqozpxrs3zyaodtmwqrzlq5p3s",
                "position": {
                    "x": 3632.0,
                    "y": 0.0,
                    "z": 1902.0
                },
                "stacking": true,
                "turnover": true,
                "rotation_state": 0,
                "stacking_limit": 0.0,
                "calculated_size": {
                    "width": 450.0,
                    "height": 210.0,
                    "length": 2800.0
                },
                "virtual_positions": null
            },
            {
                "id": 372,
                "info": {
                    "color": "#a3e9f1",
                    "title": "Кривошипы (сланцево-серый RAL 7015, наконечник RAL 3020)",
                    "article": "",
                    "group_id": "1xoc9oz75ibyecetqu2pfqoy5dxyhm09",
                    "group_title": "Группа 1"
                },
                "mass": 1100.0,
                "size": {
                    "width": 450.0,
                    "height": 210.0,
                    "length": 2800.0
                },
                "sort": 1,
                "step": 11,
                "type": "box",
                "margin": {
                    "width": 0.0,
                    "height": 0.0,
                    "length": 0.0
                },
                "cargo_id": "qczenboqozpxrs3zyaodtmwqrzlq5p3s",
                "position": {
                    "x": 3632.0,
                    "y": 0.0,
                    "z": 1452.0
                },
                "stacking": true,
                "turnover": true,
                "rotation_state": 0,
                "stacking_limit": 0.0,
                "calculated_size": {
                    "width": 450.0,
                    "height": 210.0,
                    "length": 2800.0
                },
                "virtual_positions": null
            },
            {
                "id": 371,
                "info": {
                    "color": "#a3e9f1",
                    "title": "Кривошипы (сланцево-серый RAL 7015, наконечник RAL 3020)",
                    "article": "",
                    "group_id": "1xoc9oz75ibyecetqu2pfqoy5dxyhm09",
                    "group_title": "Группа 1"
                },
                "mass": 1100.0,
                "size": {
                    "width": 450.0,
                    "height": 210.0,
                    "length": 2800.0
                },
                "sort": 1,
                "step": 12,
                "type": "box",
                "margin": {
                    "width": 0.0,
                    "height": 0.0,
                    "length": 0.0
                },
                "cargo_id": "qczenboqozpxrs3zyaodtmwqrzlq5p3s",
                "position": {
                    "x": 3632.0,
                    "y": 0.0,
                    "z": 1002.0
                },
                "stacking": true,
                "turnover": true,
                "rotation_state": 0,
                "stacking_limit": 0.0,
                "calculated_size": {
                    "width": 450.0,
                    "height": 210.0,
                    "length": 2800.0
                },
                "virtual_positions": null
            },
            {
                "id": 370,
                "info": {
                    "color": "#a3e9f1",
                    "title": "Кривошипы (сланцево-серый RAL 7015, наконечник RAL 3020)",
                    "article": "",
                    "group_id": "1xoc9oz75ibyecetqu2pfqoy5dxyhm09",
                    "group_title": "Группа 1"
                },
                "mass": 1100.0,
                "size": {
                    "width": 450.0,
                    "height": 210.0,
                    "length": 2800.0
                },
                "sort": 1,
                "step": 13,
                "type": "box",
                "margin": {
                    "width": 0.0,
                    "height": 0.0,
                    "length": 0.0
                },
                "cargo_id": "qczenboqozpxrs3zyaodtmwqrzlq5p3s",
                "position": {
                    "x": 3632.0,
                    "y": 0.0,
                    "z": 552.0
                },
                "stacking": true,
                "turnover": true,
                "rotation_state": 0,
                "stacking_limit": 0.0,
                "calculated_size": {
                    "width": 450.0,
                    "height": 210.0,
                    "length": 2800.0
                },
                "virtual_positions": null
            },
            {
                "id": 369,
                "info": {
                    "color": "#a3e9f1",
                    "title": "Кривошипы (сланцево-серый RAL 7015, наконечник RAL 3020)",
                    "article": "",
                    "group_id": "1xoc9oz75ibyecetqu2pfqoy5dxyhm09",
                    "group_title": "Группа 1"
                },
                "mass": 1100.0,
                "size": {
                    "width": 450.0,
                    "height": 210.0,
                    "length": 2800.0
                },
                "sort": 1,
                "step": 14,
                "type": "box",
                "margin": {
                    "width": 0.0,
                    "height": 0.0,
                    "length": 0.0
                },
                "cargo_id": "qczenboqozpxrs3zyaodtmwqrzlq5p3s",
                "position": {
                    "x": 3632.0,
                    "y": 0.0,
                    "z": 102.0
                },
                "stacking": true,
                "turnover": true,
                "rotation_state": 0,
                "stacking_limit": 0.0,
                "calculated_size": {
                    "width": 450.0,
                    "height": 210.0,
                    "length": 2800.0
                },
                "virtual_positions": null
            },
            {
                "id": 1,
                "info": {
                    "color": "#477cab",
                    "title": "Сектор с рукояткой для торможения редуктора, горизонтальная и вертикальная тяга из нержавеющей стали, промежуточная опора (сланцево-серый RAL 7015)",
                    "article": "",
                    "group_id": "1xoc9oz75ibyecetqu2pfqoy5dxyhm09",
                    "group_title": "Группа 1"
                },
                "mass": 100.0,
                "size": {
                    "width": 1300.0,
                    "height": 120.0,
                    "length": 1880.0
                },
                "sort": 1,
                "step": 15,
                "type": "box",
                "margin": {
                    "width": 0.0,
                    "height": 0.0,
                    "length": 0.0
                },
                "cargo_id": "pxxhkw1t3lkcqcw82tdw9v4odvnpcxvv",
                "position": {
                    "x": 4362.0,
                    "y": 210.0,
                    "z": 102.0
                },
                "stacking": true,
                "turnover": true,
                "rotation_state": 0,
                "stacking_limit": 0.0,
                "calculated_size": {
                    "width": 1300.0,
                    "height": 120.0,
                    "length": 1880.0
                },
                "virtual_positions": null
            },
            {
                "id": 6,
                "info": {
                    "color": "#477cab",
                    "title": "Сектор с рукояткой для торможения редуктора, горизонтальная и вертикальная тяга из нержавеющей стали, промежуточная опора (сланцево-серый RAL 7015)",
                    "article": "",
                    "group_id": "1xoc9oz75ibyecetqu2pfqoy5dxyhm09",
                    "group_title": "Группа 1"
                },
                "mass": 100.0,
                "size": {
                    "width": 1300.0,
                    "height": 120.0,
                    "length": 1880.0
                },
                "sort": 1,
                "step": 16,
                "type": "box",
                "margin": {
                    "width": 0.0,
                    "height": 0.0,
                    "length": 0.0
                },
                "cargo_id": "pxxhkw1t3lkcqcw82tdw9v4odvnpcxvv",
                "position": {
                    "x": 4362.0,
                    "y": 330.0,
                    "z": 102.0
                },
                "stacking": true,
                "turnover": true,
                "rotation_state": 0,
                "stacking_limit": 0.0,
                "calculated_size": {
                    "width": 1300.0,
                    "height": 120.0,
                    "length": 1880.0
                },
                "virtual_positions": null
            },
            {
                "id": 11,
                "info": {
                    "color": "#477cab",
                    "title": "Сектор с рукояткой для торможения редуктора, горизонтальная и вертикальная тяга из нержавеющей стали, промежуточная опора (сланцево-серый RAL 7015)",
                    "article": "",
                    "group_id": "1xoc9oz75ibyecetqu2pfqoy5dxyhm09",
                    "group_title": "Группа 1"
                },
                "mass": 100.0,
                "size": {
                    "width": 1300.0,
                    "height": 120.0,
                    "length": 1880.0
                },
                "sort": 1,
                "step": 17,
                "type": "box",
                "margin": {
                    "width": 0.0,
                    "height": 0.0,
                    "length": 0.0
                },
                "cargo_id": "pxxhkw1t3lkcqcw82tdw9v4odvnpcxvv",
                "position": {
                    "x": 4362.0,
                    "y": 450.0,
                    "z": 102.0
                },
                "stacking": true,
                "turnover": true,
                "rotation_state": 0,
                "stacking_limit": 0.0,
                "calculated_size": {
                    "width": 1300.0,
                    "height": 120.0,
                    "length": 1880.0
                },
                "virtual_positions": null
            },
            {
                "id": 378,
                "info": {
                    "color": "#a3e9f1",
                    "title": "Кривошипы (сланцево-серый RAL 7015, наконечник RAL 3020)",
                    "article": "",
                    "group_id": "1xoc9oz75ibyecetqu2pfqoy5dxyhm09",
                    "group_title": "Группа 1"
                },
                "mass": 1100.0,
                "size": {
                    "width": 450.0,
                    "height": 210.0,
                    "length": 2800.0
                },
                "sort": 1,
                "step": 18,
                "type": "box",
                "margin": {
                    "width": 0.0,
                    "height": 0.0,
                    "length": 0.0
                },
                "cargo_id": "qczenboqozpxrs3zyaodtmwqrzlq5p3s",
                "position": {
                    "x": 6432.0,
                    "y": 0.0,
                    "z": 1902.0
                },
                "stacking": true,
                "turnover": true,
                "rotation_state": 0,
                "stacking_limit": 0.0,
                "calculated_size": {
                    "width": 450.0,
                    "height": 210.0,
                    "length": 2800.0
                },
                "virtual_positions": null
            },
            {
                "id": 377,
                "info": {
                    "color": "#a3e9f1",
                    "title": "Кривошипы (сланцево-серый RAL 7015, наконечник RAL 3020)",
                    "article": "",
                    "group_id": "1xoc9oz75ibyecetqu2pfqoy5dxyhm09",
                    "group_title": "Группа 1"
                },
                "mass": 1100.0,
                "size": {
                    "width": 450.0,
                    "height": 210.0,
                    "length": 2800.0
                },
                "sort": 1,
                "step": 19,
                "type": "box",
                "margin": {
                    "width": 0.0,
                    "height": 0.0,
                    "length": 0.0
                },
                "cargo_id": "qczenboqozpxrs3zyaodtmwqrzlq5p3s",
                "position": {
                    "x": 6432.0,
                    "y": 0.0,
                    "z": 1452.0
                },
                "stacking": true,
                "turnover": true,
                "rotation_state": 0,
                "stacking_limit": 0.0,
                "calculated_size": {
                    "width": 450.0,
                    "height": 210.0,
                    "length": 2800.0
                },
                "virtual_positions": null
            },
            {
                "id": 376,
                "info": {
                    "color": "#a3e9f1",
                    "title": "Кривошипы (сланцево-серый RAL 7015, наконечник RAL 3020)",
                    "article": "",
                    "group_id": "1xoc9oz75ibyecetqu2pfqoy5dxyhm09",
                    "group_title": "Группа 1"
                },
                "mass": 1100.0,
                "size": {
                    "width": 450.0,
                    "height": 210.0,
                    "length": 2800.0
                },
                "sort": 1,
                "step": 20,
                "type": "box",
                "margin": {
                    "width": 0.0,
                    "height": 0.0,
                    "length": 0.0
                },
                "cargo_id": "qczenboqozpxrs3zyaodtmwqrzlq5p3s",
                "position": {
                    "x": 6432.0,
                    "y": 0.0,
                    "z": 1002.0
                },
                "stacking": true,
                "turnover": true,
                "rotation_state": 0,
                "stacking_limit": 0.0,
                "calculated_size": {
                    "width": 450.0,
                    "height": 210.0,
                    "length": 2800.0
                },
                "virtual_positions": null
            },
            {
                "id": 375,
                "info": {
                    "color": "#a3e9f1",
                    "title": "Кривошипы (сланцево-серый RAL 7015, наконечник RAL 3020)",
                    "article": "",
                    "group_id": "1xoc9oz75ibyecetqu2pfqoy5dxyhm09",
                    "group_title": "Группа 1"
                },
                "mass": 1100.0,
                "size": {
                    "width": 450.0,
                    "height": 210.0,
                    "length": 2800.0
                },
                "sort": 1,
                "step": 21,
                "type": "box",
                "margin": {
                    "width": 0.0,
                    "height": 0.0,
                    "length": 0.0
                },
                "cargo_id": "qczenboqozpxrs3zyaodtmwqrzlq5p3s",
                "position": {
                    "x": 6432.0,
                    "y": 0.0,
                    "z": 552.0
                },
                "stacking": true,
                "turnover": true,
                "rotation_state": 0,
                "stacking_limit": 0.0,
                "calculated_size": {
                    "width": 450.0,
                    "height": 210.0,
                    "length": 2800.0
                },
                "virtual_positions": null
            },
            {
                "id": 2,
                "info": {
                    "color": "#477cab",
                    "title": "Сектор с рукояткой для торможения редуктора, горизонтальная и вертикальная тяга из нержавеющей стали, промежуточная опора (сланцево-серый RAL 7015)",
                    "article": "",
                    "group_id": "1xoc9oz75ibyecetqu2pfqoy5dxyhm09",
                    "group_title": "Группа 1"
                },
                "mass": 100.0,
                "size": {
                    "width": 1300.0,
                    "height": 120.0,
                    "length": 1880.0
                },
                "sort": 1,
                "step": 22,
                "type": "box",
                "margin": {
                    "width": 0.0,
                    "height": 0.0,
                    "length": 0.0
                },
                "cargo_id": "pxxhkw1t3lkcqcw82tdw9v4odvnpcxvv",
                "position": {
                    "x": 6242.0,
                    "y": 210.0,
                    "z": 102.0
                },
                "stacking": true,
                "turnover": true,
                "rotation_state": 0,
                "stacking_limit": 0.0,
                "calculated_size": {
                    "width": 1300.0,
                    "height": 120.0,
                    "length": 1880.0
                },
                "virtual_positions": null
            },
            {
                "id": 7,
                "info": {
                    "color": "#477cab",
                    "title": "Сектор с рукояткой для торможения редуктора, горизонтальная и вертикальная тяга из нержавеющей стали, промежуточная опора (сланцево-серый RAL 7015)",
                    "article": "",
                    "group_id": "1xoc9oz75ibyecetqu2pfqoy5dxyhm09",
                    "group_title": "Группа 1"
                },
                "mass": 100.0,
                "size": {
                    "width": 1300.0,
                    "height": 120.0,
                    "length": 1880.0
                },
                "sort": 1,
                "step": 23,
                "type": "box",
                "margin": {
                    "width": 0.0,
                    "height": 0.0,
                    "length": 0.0
                },
                "cargo_id": "pxxhkw1t3lkcqcw82tdw9v4odvnpcxvv",
                "position": {
                    "x": 6242.0,
                    "y": 330.0,
                    "z": 102.0
                },
                "stacking": true,
                "turnover": true,
                "rotation_state": 0,
                "stacking_limit": 0.0,
                "calculated_size": {
                    "width": 1300.0,
                    "height": 120.0,
                    "length": 1880.0
                },
                "virtual_positions": null
            },
            {
                "id": 12,
                "info": {
                    "color": "#477cab",
                    "title": "Сектор с рукояткой для торможения редуктора, горизонтальная и вертикальная тяга из нержавеющей стали, промежуточная опора (сланцево-серый RAL 7015)",
                    "article": "",
                    "group_id": "1xoc9oz75ibyecetqu2pfqoy5dxyhm09",
                    "group_title": "Группа 1"
                },
                "mass": 100.0,
                "size": {
                    "width": 1300.0,
                    "height": 120.0,
                    "length": 1880.0
                },
                "sort": 1,
                "step": 24,
                "type": "box",
                "margin": {
                    "width": 0.0,
                    "height": 0.0,
                    "length": 0.0
                },
                "cargo_id": "pxxhkw1t3lkcqcw82tdw9v4odvnpcxvv",
                "position": {
                    "x": 6242.0,
                    "y": 450.0,
                    "z": 102.0
                },
                "stacking": true,
                "turnover": true,
                "rotation_state": 0,
                "stacking_limit": 0.0,
                "calculated_size": {
                    "width": 1300.0,
                    "height": 120.0,
                    "length": 1880.0
                },
                "virtual_positions": null
            },
            {
                "id": 374,
                "info": {
                    "color": "#a3e9f1",
                    "title": "Кривошипы (сланцево-серый RAL 7015, наконечник RAL 3020)",
                    "article": "",
                    "group_id": "1xoc9oz75ibyecetqu2pfqoy5dxyhm09",
                    "group_title": "Группа 1"
                },
                "mass": 1100.0,
                "size": {
                    "width": 450.0,
                    "height": 210.0,
                    "length": 2800.0
                },
                "sort": 1,
                "step": 25,
                "type": "box",
                "margin": {
                    "width": 0.0,
                    "height": 0.0,
                    "length": 0.0
                },
                "cargo_id": "qczenboqozpxrs3zyaodtmwqrzlq5p3s",
                "position": {
                    "x": 6432.0,
                    "y": 0.0,
                    "z": 102.0
                },
                "stacking": true,
                "turnover": true,
                "rotation_state": 0,
                "stacking_limit": 0.0,
                "calculated_size": {
                    "width": 450.0,
                    "height": 210.0,
                    "length": 2800.0
                },
                "virtual_positions": null
            },
            {
                "id": 383,
                "info": {
                    "color": "#a3e9f1",
                    "title": "Кривошипы (сланцево-серый RAL 7015, наконечник RAL 3020)",
                    "article": "",
                    "group_id": "1xoc9oz75ibyecetqu2pfqoy5dxyhm09",
                    "group_title": "Группа 1"
                },
                "mass": 1100.0,
                "size": {
                    "width": 450.0,
                    "height": 210.0,
                    "length": 2800.0
                },
                "sort": 1,
                "step": 26,
                "type": "box",
                "margin": {
                    "width": 0.0,
                    "height": 0.0,
                    "length": 0.0
                },
                "cargo_id": "qczenboqozpxrs3zyaodtmwqrzlq5p3s",
                "position": {
                    "x": 9232.0,
                    "y": 0.0,
                    "z": 1902.0
                },
                "stacking": true,
                "turnover": true,
                "rotation_state": 0,
                "stacking_limit": 0.0,
                "calculated_size": {
                    "width": 450.0,
                    "height": 210.0,
                    "length": 2800.0
                },
                "virtual_positions": null
            },
            {
                "id": 382,
                "info": {
                    "color": "#a3e9f1",
                    "title": "Кривошипы (сланцево-серый RAL 7015, наконечник RAL 3020)",
                    "article": "",
                    "group_id": "1xoc9oz75ibyecetqu2pfqoy5dxyhm09",
                    "group_title": "Группа 1"
                },
                "mass": 1100.0,
                "size": {
                    "width": 450.0,
                    "height": 210.0,
                    "length": 2800.0
                },
                "sort": 1,
                "step": 27,
                "type": "box",
                "margin": {
                    "width": 0.0,
                    "height": 0.0,
                    "length": 0.0
                },
                "cargo_id": "qczenboqozpxrs3zyaodtmwqrzlq5p3s",
                "position": {
                    "x": 9232.0,
                    "y": 0.0,
                    "z": 1452.0
                },
                "stacking": true,
                "turnover": true,
                "rotation_state": 0,
                "stacking_limit": 0.0,
                "calculated_size": {
                    "width": 450.0,
                    "height": 210.0,
                    "length": 2800.0
                },
                "virtual_positions": null
            },
            {
                "id": 381,
                "info": {
                    "color": "#a3e9f1",
                    "title": "Кривошипы (сланцево-серый RAL 7015, наконечник RAL 3020)",
                    "article": "",
                    "group_id": "1xoc9oz75ibyecetqu2pfqoy5dxyhm09",
                    "group_title": "Группа 1"
                },
                "mass": 1100.0,
                "size": {
                    "width": 450.0,
                    "height": 210.0,
                    "length": 2800.0
                },
                "sort": 1,
                "step": 28,
                "type": "box",
                "margin": {
                    "width": 0.0,
                    "height": 0.0,
                    "length": 0.0
                },
                "cargo_id": "qczenboqozpxrs3zyaodtmwqrzlq5p3s",
                "position": {
                    "x": 9232.0,
                    "y": 0.0,
                    "z": 1002.0
                },
                "stacking": true,
                "turnover": true,
                "rotation_state": 0,
                "stacking_limit": 0.0,
                "calculated_size": {
                    "width": 450.0,
                    "height": 210.0,
                    "length": 2800.0
                },
                "virtual_positions": null
            },
            {
                "id": 3,
                "info": {
                    "color": "#477cab",
                    "title": "Сектор с рукояткой для торможения редуктора, горизонтальная и вертикальная тяга из нержавеющей стали, промежуточная опора (сланцево-серый RAL 7015)",
                    "article": "",
                    "group_id": "1xoc9oz75ibyecetqu2pfqoy5dxyhm09",
                    "group_title": "Группа 1"
                },
                "mass": 100.0,
                "size": {
                    "width": 1300.0,
                    "height": 120.0,
                    "length": 1880.0
                },
                "sort": 1,
                "step": 29,
                "type": "box",
                "margin": {
                    "width": 0.0,
                    "height": 0.0,
                    "length": 0.0
                },
                "cargo_id": "pxxhkw1t3lkcqcw82tdw9v4odvnpcxvv",
                "position": {
                    "x": 8122.0,
                    "y": 210.0,
                    "z": 102.0
                },
                "stacking": true,
                "turnover": true,
                "rotation_state": 0,
                "stacking_limit": 0.0,
                "calculated_size": {
                    "width": 1300.0,
                    "height": 120.0,
                    "length": 1880.0
                },
                "virtual_positions": null
            },
            {
                "id": 8,
                "info": {
                    "color": "#477cab",
                    "title": "Сектор с рукояткой для торможения редуктора, горизонтальная и вертикальная тяга из нержавеющей стали, промежуточная опора (сланцево-серый RAL 7015)",
                    "article": "",
                    "group_id": "1xoc9oz75ibyecetqu2pfqoy5dxyhm09",
                    "group_title": "Группа 1"
                },
                "mass": 100.0,
                "size": {
                    "width": 1300.0,
                    "height": 120.0,
                    "length": 1880.0
                },
                "sort": 1,
                "step": 30,
                "type": "box",
                "margin": {
                    "width": 0.0,
                    "height": 0.0,
                    "length": 0.0
                },
                "cargo_id": "pxxhkw1t3lkcqcw82tdw9v4odvnpcxvv",
                "position": {
                    "x": 8122.0,
                    "y": 330.0,
                    "z": 102.0
                },
                "stacking": true,
                "turnover": true,
                "rotation_state": 0,
                "stacking_limit": 0.0,
                "calculated_size": {
                    "width": 1300.0,
                    "height": 120.0,
                    "length": 1880.0
                },
                "virtual_positions": null
            },
            {
                "id": 13,
                "info": {
                    "color": "#477cab",
                    "title": "Сектор с рукояткой для торможения редуктора, горизонтальная и вертикальная тяга из нержавеющей стали, промежуточная опора (сланцево-серый RAL 7015)",
                    "article": "",
                    "group_id": "1xoc9oz75ibyecetqu2pfqoy5dxyhm09",
                    "group_title": "Группа 1"
                },
                "mass": 100.0,
                "size": {
                    "width": 1300.0,
                    "height": 120.0,
                    "length": 1880.0
                },
                "sort": 1,
                "step": 31,
                "type": "box",
                "margin": {
                    "width": 0.0,
                    "height": 0.0,
                    "length": 0.0
                },
                "cargo_id": "pxxhkw1t3lkcqcw82tdw9v4odvnpcxvv",
                "position": {
                    "x": 8122.0,
                    "y": 450.0,
                    "z": 102.0
                },
                "stacking": true,
                "turnover": true,
                "rotation_state": 0,
                "stacking_limit": 0.0,
                "calculated_size": {
                    "width": 1300.0,
                    "height": 120.0,
                    "length": 1880.0
                },
                "virtual_positions": null
            },
            {
                "id": 380,
                "info": {
                    "color": "#a3e9f1",
                    "title": "Кривошипы (сланцево-серый RAL 7015, наконечник RAL 3020)",
                    "article": "",
                    "group_id": "1xoc9oz75ibyecetqu2pfqoy5dxyhm09",
                    "group_title": "Группа 1"
                },
                "mass": 1100.0,
                "size": {
                    "width": 450.0,
                    "height": 210.0,
                    "length": 2800.0
                },
                "sort": 1,
                "step": 32,
                "type": "box",
                "margin": {
                    "width": 0.0,
                    "height": 0.0,
                    "length": 0.0
                },
                "cargo_id": "qczenboqozpxrs3zyaodtmwqrzlq5p3s",
                "position": {
                    "x": 9232.0,
                    "y": 0.0,
                    "z": 552.0
                },
                "stacking": true,
                "turnover": true,
                "rotation_state": 0,
                "stacking_limit": 0.0,
                "calculated_size": {
                    "width": 450.0,
                    "height": 210.0,
                    "length": 2800.0
                },
                "virtual_positions": null
            },
            {
                "id": 379,
                "info": {
                    "color": "#a3e9f1",
                    "title": "Кривошипы (сланцево-серый RAL 7015, наконечник RAL 3020)",
                    "article": "",
                    "group_id": "1xoc9oz75ibyecetqu2pfqoy5dxyhm09",
                    "group_title": "Группа 1"
                },
                "mass": 1100.0,
                "size": {
                    "width": 450.0,
                    "height": 210.0,
                    "length": 2800.0
                },
                "sort": 1,
                "step": 33,
                "type": "box",
                "margin": {
                    "width": 0.0,
                    "height": 0.0,
                    "length": 0.0
                },
                "cargo_id": "qczenboqozpxrs3zyaodtmwqrzlq5p3s",
                "position": {
                    "x": 9232.0,
                    "y": 0.0,
                    "z": 102.0
                },
                "stacking": true,
                "turnover": true,
                "rotation_state": 0,
                "stacking_limit": 0.0,
                "calculated_size": {
                    "width": 450.0,
                    "height": 210.0,
                    "length": 2800.0
                },
                "virtual_positions": null
            },
            {
                "id": 4,
                "info": {
                    "color": "#477cab",
                    "title": "Сектор с рукояткой для торможения редуктора, горизонтальная и вертикальная тяга из нержавеющей стали, промежуточная опора (сланцево-серый RAL 7015)",
                    "article": "",
                    "group_id": "1xoc9oz75ibyecetqu2pfqoy5dxyhm09",
                    "group_title": "Группа 1"
                },
                "mass": 100.0,
                "size": {
                    "width": 1300.0,
                    "height": 120.0,
                    "length": 1880.0
                },
                "sort": 1,
                "step": 34,
                "type": "box",
                "margin": {
                    "width": 0.0,
                    "height": 0.0,
                    "length": 0.0
                },
                "cargo_id": "pxxhkw1t3lkcqcw82tdw9v4odvnpcxvv",
                "position": {
                    "x": 10002.0,
                    "y": 210.0,
                    "z": 102.0
                },
                "stacking": true,
                "turnover": true,
                "rotation_state": 0,
                "stacking_limit": 0.0,
                "calculated_size": {
                    "width": 1300.0,
                    "height": 120.0,
                    "length": 1880.0
                },
                "virtual_positions": null
            },
            {
                "id": 9,
                "info": {
                    "color": "#477cab",
                    "title": "Сектор с рукояткой для торможения редуктора, горизонтальная и вертикальная тяга из нержавеющей стали, промежуточная опора (сланцево-серый RAL 7015)",
                    "article": "",
                    "group_id": "1xoc9oz75ibyecetqu2pfqoy5dxyhm09",
                    "group_title": "Группа 1"
                },
                "mass": 100.0,
                "size": {
                    "width": 1300.0,
                    "height": 120.0,
                    "length": 1880.0
                },
                "sort": 1,
                "step": 35,
                "type": "box",
                "margin": {
                    "width": 0.0,
                    "height": 0.0,
                    "length": 0.0
                },
                "cargo_id": "pxxhkw1t3lkcqcw82tdw9v4odvnpcxvv",
                "position": {
                    "x": 10002.0,
                    "y": 330.0,
                    "z": 102.0
                },
                "stacking": true,
                "turnover": true,
                "rotation_state": 0,
                "stacking_limit": 0.0,
                "calculated_size": {
                    "width": 1300.0,
                    "height": 120.0,
                    "length": 1880.0
                },
                "virtual_positions": null
            }
        ],
        "version": 5,
        "cargo_space": {
            "id": 261,
            "info": {
                "uid": "261_0",
                "sort": 0,
                "title": "Стандартный 40 футовый контейнер"
            },
            "mass": 4400.0,
            "size": {
                "width": 2352.0,
                "height": 2385.0,
                "length": 12032.0
            },
            "type": "container",
            "indentation": {
                "width": 0.0,
                "height": 0.0,
                "length": 0.0,
                "height_top": 0.0,
                "length_end": 0.0,
                "width_right": 0.0
            },
            "loading_size": {
                "width": 2352.0,
                "height": 2385.0,
                "length": 12032.0
            },
            "calculation_info": {
                "step_count": 35,
                "cargos_mass": 26.6,
                "load_volume": 67.49374464,
                "cargos_volume": 12.24384,
                "count_cargoes": 35,
                "load_capacity": 26.6,
                "loading_height": 1.19,
                "density_percent": 40.82913,
                "remaining_volume": 55.2499,
                "void_space_percent": 81.8593,
                "filling_space_percent": 18.1407
            },
            "carrying_capacity": 26600.0,
            "real_center_of_gravity": [
                5882.9022556390955,
                191.12781954887217,
                1172.5263157894735
            ],
            "ideal_center_of_gravity": [
                6016.0,
                0.0,
                1176.0
            ]
        },
        "cargo_groups": [
            {
                "info": {
                    "color": "#fa7369",
                    "title": "Механизм перемещения противовесов (сланцево-серый RAL 7015)",
                    "article": "",
                    "group_id": "1xoc9oz75ibyecetqu2pfqoy5dxyhm09",
                    "group_title": "Группа 1"
                },
                "mass": 70.0,
                "size": {
                    "width": 1200.0,
                    "height": 50.0,
                    "length": 1200.0
                },
                "sort": 1,
                "type": "box",
                "count": 93.0,
                "margin": {
                    "width": 0.0,
                    "height": 0.0,
                    "length": 0.0
                },
                "cargo_id": "eirz2nzqtieku0zdguycczbs4e8cw791",
                "stacking": true,
                "turnover": true,
                "stacking_limit": 0.0,
                "prepare_last_result": "success"
            },
            {
                "info": {
                    "color": "#477cab",
                    "title": "Сектор с рукояткой для торможения редуктора, горизонтальная и вертикальная тяга из нержавеющей стали, промежуточная опора (сланцево-серый RAL 7015)",
                    "article": "",
                    "group_id": "1xoc9oz75ibyecetqu2pfqoy5dxyhm09",
                    "group_title": "Группа 1"
                },
                "mass": 100.0,
                "size": {
                    "width": 1300.0,
                    "height": 120.0,
                    "length": 1880.0
                },
                "sort": 1,
                "type": "box",
                "count": 79.0,
                "margin": {
                    "width": 0.0,
                    "height": 0.0,
                    "length": 0.0
                },
                "cargo_id": "pxxhkw1t3lkcqcw82tdw9v4odvnpcxvv",
                "stacking": true,
                "turnover": true,
                "stacking_limit": 0.0,
                "prepare_last_result": "success"
            },
            {
                "info": {
                    "color": "#656cb0",
                    "title": "Редуктор 228D (сланцево-серый RAL 7015) в сборе \nШкив ременной передачи 5-ти ручьевой типа «С» диаметром 36 дюймов\n(сланцево-серый RAL 7015) \nБарабанная тормозная система, установленная на редуктор",
                    "article": "",
                    "group_id": "1xoc9oz75ibyecetqu2pfqoy5dxyhm09",
                    "group_title": "Группа 1"
                },
                "mass": 3200.0,
                "size": {
                    "width": 1650.0,
                    "height": 980.0,
                    "length": 1760.0
                },
                "sort": 1,
                "type": "box",
                "count": 177.0,
                "margin": {
                    "width": 0.0,
                    "height": 0.0,
                    "length": 0.0
                },
                "cargo_id": "jbppen6hkbecjvhm2nftvjrzvrfnqf3h",
                "stacking": true,
                "turnover": true,
                "stacking_limit": 0.0,
                "prepare_last_result": "success"
            },
            {
                "info": {
                    "color": "#a3e9f1",
                    "title": "Кривошипы (сланцево-серый RAL 7015, наконечник RAL 3020)",
                    "article": "",
                    "group_id": "1xoc9oz75ibyecetqu2pfqoy5dxyhm09",
                    "group_title": "Группа 1"
                },
                "mass": 1100.0,
                "size": {
                    "width": 450.0,
                    "height": 210.0,
                    "length": 2800.0
                },
                "sort": 1,
                "type": "box",
                "count": 336.0,
                "margin": {
                    "width": 0.0,
                    "height": 0.0,
                    "length": 0.0
                },
                "cargo_id": "qczenboqozpxrs3zyaodtmwqrzlq5p3s",
                "stacking": true,
                "turnover": true,
                "stacking_limit": 0.0,
                "prepare_last_result": "success"
            },
            {
                "info": {
                    "color": "#e09f61",
                    "title": "Сектор с рукояткой для торможения редуктора, горизонтальная и вертикальная тяга из нержавеющей стали, промежуточная опора (сланцево-серый RAL 7015)",
                    "article": "",
                    "group_id": "1xoc9oz75ibyecetqu2pfqoy5dxyhm09",
                    "group_title": "Группа 1"
                },
                "mass": 100.0,
                "size": {
                    "width": 1300.0,
                    "height": 120.0,
                    "length": 1880.0
                },
                "sort": 1,
                "type": "box",
                "count": 178.0,
                "margin": {
                    "width": 0.0,
                    "height": 0.0,
                    "length": 0.0
                },
                "cargo_id": "dugqnd09vsxaoz8if8ptwqwpnb7yoxts",
                "stacking": true,
                "turnover": true,
                "stacking_limit": 0.0,
                "prepare_last_result": "success"
            },
            {
                "info": {
                    "color": "#7c918c",
                    "title": "Комплект ЗИП  • Набор специальных ключей для обслуживания редуктора и нижней головки шатуна",
                    "article": "",
                    "group_id": "1xoc9oz75ibyecetqu2pfqoy5dxyhm09",
                    "group_title": "Группа 1"
                },
                "mass": 10.0,
                "size": {
                    "width": 320.0,
                    "height": 260.0,
                    "length": 400.0
                },
                "sort": 1,
                "type": "box",
                "count": 178.0,
                "margin": {
                    "width": 0.0,
                    "height": 0.0,
                    "length": 0.0
                },
                "cargo_id": "qinsoyvihxjafez0vndlvuwsc1drmg2n",
                "stacking": true,
                "turnover": true,
                "stacking_limit": 0.0,
                "prepare_last_result": "success"
            },
            {
                "info": {
                    "color": "#f0cba4",
                    "title": "Нижняя головка шатуна  с крепежом (сланцево-серый RAL 7015)",
                    "article": "",
                    "group_id": "23524dv7mf6gykkwkvsvegkqhm7xfhyj",
                    "group_title": "Группа 2"
                },
                "mass": 40.0,
                "size": {
                    "width": 400.0,
                    "height": 80.0,
                    "length": 460.0
                },
                "sort": 2,
                "type": "box",
                "count": 186.0,
                "margin": {
                    "width": 0.0,
                    "height": 0.0,
                    "length": 0.0
                },
                "cargo_id": "gsqfruwnlxy9vkbpajkwt7tnvhxyrqyv",
                "stacking": true,
                "turnover": true,
                "stacking_limit": 0.0,
                "prepare_last_result": "success"
            },
            {
                "info": {
                    "color": "#ae1a0b",
                    "title": "Ключ для снятия сливной пробки редуктора (сланцево-серый RAL 7015)",
                    "article": "",
                    "group_id": "23524dv7mf6gykkwkvsvegkqhm7xfhyj",
                    "group_title": "Группа 2"
                },
                "mass": 5.0,
                "size": {
                    "width": 50.0,
                    "height": 30.0,
                    "length": 300.0
                },
                "sort": 2,
                "type": "box",
                "count": 93.0,
                "margin": {
                    "width": 0.0,
                    "height": 0.0,
                    "length": 0.0
                },
                "cargo_id": "clmbmkqsgkmvvbnz0tl15ivbiwoxolqh",
                "stacking": true,
                "turnover": true,
                "stacking_limit": 0.0,
                "prepare_last_result": "success"
            },
            {
                "info": {
                    "color": "#685da9",
                    "title": "Комплект ЗИП  Набор специальных ключей для обслуживания редуктора и нижней головки шатуна",
                    "article": "",
                    "group_id": "23524dv7mf6gykkwkvsvegkqhm7xfhyj",
                    "group_title": "Группа 2"
                },
                "mass": 10.0,
                "size": {
                    "width": 320.0,
                    "height": 260.0,
                    "length": 400.0
                },
                "sort": 2,
                "type": "box",
                "count": 93.0,
                "margin": {
                    "width": 0.0,
                    "height": 0.0,
                    "length": 0.0
                },
                "cargo_id": "vantftm1mxlutemdlxrgo66hcyxvd8hm",
                "stacking": true,
                "turnover": true,
                "stacking_limit": 0.0,
                "prepare_last_result": "success"
            },
            {
                "info": {
                    "color": "#75b53c",
                    "title": "Нижняя головка шатуна  с крепежом (сланцево-серый RAL 7015)",
                    "article": "",
                    "group_id": "23524dv7mf6gykkwkvsvegkqhm7xfhyj",
                    "group_title": "Группа 2"
                },
                "mass": 40.0,
                "size": {
                    "width": 400.0,
                    "height": 80.0,
                    "length": 460.0
                },
                "sort": 2,
                "type": "box",
                "count": 356.0,
                "margin": {
                    "width": 0.0,
                    "height": 0.0,
                    "length": 0.0
                },
                "cargo_id": "ecfaqegrpfxiqmdmilas25l9kdygh5co",
                "stacking": true,
                "turnover": true,
                "stacking_limit": 0.0,
                "prepare_last_result": "success"
            },
            {
                "info": {
                    "color": "#0a1484",
                    "title": "Механизм перемещения противовесов (сланцево-серый RAL 7015)",
                    "article": "",
                    "group_id": "23524dv7mf6gykkwkvsvegkqhm7xfhyj",
                    "group_title": "Группа 2"
                },
                "mass": 70.0,
                "size": {
                    "width": 1200.0,
                    "height": 50.0,
                    "length": 1200.0
                },
                "sort": 2,
                "type": "box",
                "count": 178.0,
                "margin": {
                    "width": 0.0,
                    "height": 0.0,
                    "length": 0.0
                },
                "cargo_id": "l9saytowh0xhdamjrl1qacwetanlfr9a",
                "stacking": true,
                "turnover": true,
                "stacking_limit": 0.0,
                "prepare_last_result": "success"
            },
            {
                "info": {
                    "color": "#03f27f",
                    "title": "Ключ для снятия сливной пробки редуктора (сланцево-серый RAL 7015)",
                    "article": "",
                    "group_id": "23524dv7mf6gykkwkvsvegkqhm7xfhyj",
                    "group_title": "Группа 2"
                },
                "mass": 5.0,
                "size": {
                    "width": 50.0,
                    "height": 30.0,
                    "length": 300.0
                },
                "sort": 2,
                "type": "box",
                "count": 178.0,
                "margin": {
                    "width": 0.0,
                    "height": 0.0,
                    "length": 0.0
                },
                "cargo_id": "tk5oizzowlpy1gnotk6lvtogjz9ya8fp",
                "stacking": true,
                "turnover": true,
                "stacking_limit": 0.0,
                "prepare_last_result": "success"
            }
        ],
        "packing_type": "PackingPalletBlocks",
        "calculation_id": 16681,
        "invalid_errors": [],
        "unpacked_errors": [
            {
                "key": 0,
                "name": "success",
                "boxes": [
                    {
                        "id": "eirz2nzqtieku0zdguycczbs4e8cw791",
                        "info": {
                            "color": "#fa7369",
                            "title": "Механизм перемещения противовесов (сланцево-серый RAL 7015)",
                            "article": "",
                            "group_id": "1xoc9oz75ibyecetqu2pfqoy5dxyhm09",
                            "group_title": "Группа 1"
                        }
                    },
                    {
                        "id": "pxxhkw1t3lkcqcw82tdw9v4odvnpcxvv",
                        "info": {
                            "color": "#477cab",
                            "title": "Сектор с рукояткой для торможения редуктора, горизонтальная и вертикальная тяга из нержавеющей стали, промежуточная опора (сланцево-серый RAL 7015)",
                            "article": "",
                            "group_id": "1xoc9oz75ibyecetqu2pfqoy5dxyhm09",
                            "group_title": "Группа 1"
                        }
                    },
                    {
                        "id": "jbppen6hkbecjvhm2nftvjrzvrfnqf3h",
                        "info": {
                            "color": "#656cb0",
                            "title": "Редуктор 228D (сланцево-серый RAL 7015) в сборе \nШкив ременной передачи 5-ти ручьевой типа «С» диаметром 36 дюймов\n(сланцево-серый RAL 7015) \nБарабанная тормозная система, установленная на редуктор",
                            "article": "",
                            "group_id": "1xoc9oz75ibyecetqu2pfqoy5dxyhm09",
                            "group_title": "Группа 1"
                        }
                    },
                    {
                        "id": "qczenboqozpxrs3zyaodtmwqrzlq5p3s",
                        "info": {
                            "color": "#a3e9f1",
                            "title": "Кривошипы (сланцево-серый RAL 7015, наконечник RAL 3020)",
                            "article": "",
                            "group_id": "1xoc9oz75ibyecetqu2pfqoy5dxyhm09",
                            "group_title": "Группа 1"
                        }
                    },
                    {
                        "id": "dugqnd09vsxaoz8if8ptwqwpnb7yoxts",
                        "info": {
                            "color": "#e09f61",
                            "title": "Сектор с рукояткой для торможения редуктора, горизонтальная и вертикальная тяга из нержавеющей стали, промежуточная опора (сланцево-серый RAL 7015)",
                            "article": "",
                            "group_id": "1xoc9oz75ibyecetqu2pfqoy5dxyhm09",
                            "group_title": "Группа 1"
                        }
                    },
                    {
                        "id": "qinsoyvihxjafez0vndlvuwsc1drmg2n",
                        "info": {
                            "color": "#7c918c",
                            "title": "Комплект ЗИП  • Набор специальных ключей для обслуживания редуктора и нижней головки шатуна",
                            "article": "",
                            "group_id": "1xoc9oz75ibyecetqu2pfqoy5dxyhm09",
                            "group_title": "Группа 1"
                        }
                    },
                    {
                        "id": "gsqfruwnlxy9vkbpajkwt7tnvhxyrqyv",
                        "info": {
                            "color": "#f0cba4",
                            "title": "Нижняя головка шатуна  с крепежом (сланцево-серый RAL 7015)",
                            "article": "",
                            "group_id": "23524dv7mf6gykkwkvsvegkqhm7xfhyj",
                            "group_title": "Группа 2"
                        }
                    },
                    {
                        "id": "clmbmkqsgkmvvbnz0tl15ivbiwoxolqh",
                        "info": {
                            "color": "#ae1a0b",
                            "title": "Ключ для снятия сливной пробки редуктора (сланцево-серый RAL 7015)",
                            "article": "",
                            "group_id": "23524dv7mf6gykkwkvsvegkqhm7xfhyj",
                            "group_title": "Группа 2"
                        }
                    },
                    {
                        "id": "vantftm1mxlutemdlxrgo66hcyxvd8hm",
                        "info": {
                            "color": "#685da9",
                            "title": "Комплект ЗИП  Набор специальных ключей для обслуживания редуктора и нижней головки шатуна",
                            "article": "",
                            "group_id": "23524dv7mf6gykkwkvsvegkqhm7xfhyj",
                            "group_title": "Группа 2"
                        }
                    },
                    {
                        "id": "ecfaqegrpfxiqmdmilas25l9kdygh5co",
                        "info": {
                            "color": "#75b53c",
                            "title": "Нижняя головка шатуна  с крепежом (сланцево-серый RAL 7015)",
                            "article": "",
                            "group_id": "23524dv7mf6gykkwkvsvegkqhm7xfhyj",
                            "group_title": "Группа 2"
                        }
                    },
                    {
                        "id": "l9saytowh0xhdamjrl1qacwetanlfr9a",
                        "info": {
                            "color": "#0a1484",
                            "title": "Механизм перемещения противовесов (сланцево-серый RAL 7015)",
                            "article": "",
                            "group_id": "23524dv7mf6gykkwkvsvegkqhm7xfhyj",
                            "group_title": "Группа 2"
                        }
                    },
                    {
                        "id": "tk5oizzowlpy1gnotk6lvtogjz9ya8fp",
                        "info": {
                            "color": "#03f27f",
                            "title": "Ключ для снятия сливной пробки редуктора (сланцево-серый RAL 7015)",
                            "article": "",
                            "group_id": "23524dv7mf6gykkwkvsvegkqhm7xfhyj",
                            "group_title": "Группа 2"
                        }
                    }
                ]
            }
        ],
        "validate_errors": [],
        "is_packed_same_boxes": false
    }
}