{
    "data": {
        "cargoes": [
            {
                "info": {
                    "color": "#17aa0f",
                    "title": "лопасти",
                    "article": "",
                    "group_id": "2wq7hlakzyvacugpctvngtgfusik7f5p",
                    "group_title": "Группа 1"
                },
                "mass": 1740.0,
                "size": {
                    "width": 520,
                    "height": 620,
                    "length": 2920
                },
                "sort": 2,
                "type": "box",
                "count": 6,
                "margin": {
                    "width": 0,
                    "height": 0,
                    "length": 0
                },
                "cargo_id": "5dtbfguk2czwjh6ix9dqdjsuxjm0nxvh",
                "stacking": true,
                "turnover": true,
                "margin_width": 0,
                "margin_length": 0,
                "stacking_limit": 0
            },
            {
                "info": {
                    "color": "#8339f9",
                    "title": "винт задний",
                    "article": "",
                    "group_id": "2wq7hlakzyvacugpctvngtgfusik7f5p",
                    "group_title": "Группа 1"
                },
                "mass": 784.0,
                "size": {
                    "width": 840,
                    "height": 840,
                    "length": 840
                },
                "sort": 2,
                "type": "box",
                "count": 2,
                "margin": {
                    "width": 0,
                    "height": 0,
                    "length": 0
                },
                "cargo_id": "zwdnwzfxfivpmfkyh1chsogkmlelhfaz",
                "stacking": true,
                "turnover": true,
                "margin_width": 0,
                "margin_length": 0,
                "stacking_limit": 0
            },
            {
                "info": {
                    "color": "#56ffd4",
                    "title": "винт передний",
                    "article": "",
                    "group_id": "2wq7hlakzyvacugpctvngtgfusik7f5p",
                    "group_title": "Группа 1"
                },
                "mass": 245.0,
                "size": {
                    "width": 740,
                    "height": 980,
                    "length": 740
                },
                "sort": 2,
                "type": "box",
                "count": 1,
                "margin": {
                    "width": 0,
                    "height": 0,
                    "length": 0
                },
                "cargo_id": "epnexrxlginx0bw3y3d8razpnxaaiqqy",
                "stacking": true,
                "turnover": true,
                "margin_width": 0,
                "margin_length": 0,
                "stacking_limit": 0
            },
            {
                "info": {
                    "color": "#89f453",
                    "title": "тяга",
                    "article": "",
                    "group_id": "2wq7hlakzyvacugpctvngtgfusik7f5p",
                    "group_title": "Группа 1"
                },
                "mass": 2125.0,
                "size": {
                    "width": 230,
                    "height": 190,
                    "length": 3800
                },
                "sort": 2,
                "type": "box",
                "count": 1,
                "margin": {
                    "width": 0,
                    "height": 0,
                    "length": 0
                },
                "cargo_id": "wy1upe3avoivtgiv0scpx5wvfsqdyc7x",
                "stacking": true,
                "turnover": true,
                "margin_width": 0,
                "margin_length": 0,
                "stacking_limit": 0
            },
            {
                "info": {
                    "color": "#1a6cd8",
                    "title": "узп нижн",
                    "article": "",
                    "group_id": "2wq7hlakzyvacugpctvngtgfusik7f5p",
                    "group_title": "Группа 1"
                },
                "mass": 105.0,
                "size": {
                    "width": 1020,
                    "height": 580,
                    "length": 1040
                },
                "sort": 2,
                "type": "box",
                "count": 2,
                "margin": {
                    "width": 0,
                    "height": 0,
                    "length": 0
                },
                "cargo_id": "u0qowcsbm6fyokizvheoodf6yo5vgx3w",
                "stacking": true,
                "turnover": true,
                "margin_width": 0,
                "margin_length": 0,
                "stacking_limit": 0
            },
            {
                "info": {
                    "color": "#5260f9",
                    "title": "узп верх",
                    "article": "",
                    "group_id": "2wq7hlakzyvacugpctvngtgfusik7f5p",
                    "group_title": "Группа 1"
                },
                "mass": 350.0,
                "size": {
                    "width": 1030,
                    "height": 1550,
                    "length": 1030
                },
                "sort": 2,
                "type": "box",
                "count": 2,
                "margin": {
                    "width": 0,
                    "height": 0,
                    "length": 0
                },
                "cargo_id": "f1pz2mfljv5vuhauj0d65r5hszwhwkqh",
                "stacking": true,
                "turnover": true,
                "margin_width": 0,
                "margin_length": 0,
                "stacking_limit": 0
            },
            {
                "info": {
                    "color": "#2cfc02",
                    "title": "нап",
                    "article": "",
                    "group_id": "2wq7hlakzyvacugpctvngtgfusik7f5p",
                    "group_title": "Группа 1"
                },
                "mass": 510.0,
                "size": {
                    "width": 1030,
                    "height": 1750,
                    "length": 1030
                },
                "sort": 2,
                "type": "box",
                "count": 2,
                "margin": {
                    "width": 0,
                    "height": 0,
                    "length": 0
                },
                "cargo_id": "dn5c1p39gibfxb0glanckslowrfljl3m",
                "stacking": true,
                "turnover": true,
                "margin_width": 0,
                "margin_length": 0,
                "stacking_limit": 0
            },
            {
                "info": {
                    "color": "#48db5e",
                    "title": "вап",
                    "article": "",
                    "group_id": "2wq7hlakzyvacugpctvngtgfusik7f5p",
                    "group_title": "Группа 1"
                },
                "mass": 310.0,
                "size": {
                    "width": 930,
                    "height": 700,
                    "length": 1030
                },
                "sort": 2,
                "type": "box",
                "count": 2,
                "margin": {
                    "width": 0,
                    "height": 0,
                    "length": 0
                },
                "cargo_id": "apkbmwnwo141htrfjnvkidnylvuxxnli",
                "stacking": true,
                "turnover": true,
                "margin_width": 0,
                "margin_length": 0,
                "stacking_limit": 0
            },
            {
                "info": {
                    "color": "#d8506b",
                    "title": "внв",
                    "article": "",
                    "group_id": "2wq7hlakzyvacugpctvngtgfusik7f5p",
                    "group_title": "Группа 1"
                },
                "mass": 1340.0,
                "size": {
                    "width": 2120,
                    "height": 810,
                    "length": 2580
                },
                "sort": 2,
                "type": "box",
                "count": 1,
                "margin": {
                    "width": 0,
                    "height": 0,
                    "length": 0
                },
                "cargo_id": "vcnuakor8bdgbjvo0atwta3p3djb5bpj",
                "stacking": true,
                "turnover": true,
                "margin_width": 0,
                "margin_length": 0,
                "stacking_limit": 0
            },
            {
                "info": {
                    "color": "#d8459d",
                    "title": "ввв",
                    "article": "",
                    "group_id": "2wq7hlakzyvacugpctvngtgfusik7f5p",
                    "group_title": "Группа 1"
                },
                "mass": 1260.0,
                "size": {
                    "width": 2120,
                    "height": 810,
                    "length": 2580
                },
                "sort": 2,
                "type": "box",
                "count": 2,
                "margin": {
                    "width": 0,
                    "height": 0,
                    "length": 0
                },
                "cargo_id": "bwv4mldt8xlxy1heaqeewwv2e7kibptc",
                "stacking": true,
                "turnover": true,
                "margin_width": 0,
                "margin_length": 0,
                "stacking_limit": 0
            }
        ],
        "settings": {
            "rank": false,
            "max_step": 100,
            "min_step": 50,
            "usersort": false,
            "hardlimit": 1801,
            "timelimit": 1800,
            "step_scaling": 10
        },
        "put_boxes": [],
        "initial_id": 0,
        "cargo_space": {
            "id": 418,
            "info": {
                "uid": "418_0",
                "sort": 0,
                "title": "MAN 2 оси | полуприцеп 3 оси"
            },
            "mass": 9694,
            "size": {
                "width": 2500,
                "height": 2679,
                "length": 13550
            },
            "type": "truck",
            "axles": [
                {
                    "title": "Ось 1",
                    "distance": 2990,
                    "max_load": 11000,
                    "default_load": 2113
                },
                {
                    "title": "Ось 2",
                    "distance": 1360,
                    "max_load": 11000,
                    "default_load": 2090
                },
                {
                    "title": "Ось 3",
                    "distance": 1360,
                    "max_load": 11000,
                    "default_load": 2113
                }
            ],
            "hitch": {
                "title": "",
                "distance": 6240,
                "max_load": 10058,
                "default_load": 3378
            },
            "title": "MAN 2 оси | полуприцеп 3 оси",
            "tractor": {
                "mass": 7523,
                "axles": [
                    {
                        "title": "Ось 1",
                        "distance": 1475,
                        "max_load": 10000,
                        "default_load": 6013
                    },
                    {
                        "title": "Ось 2",
                        "distance": 3900,
                        "max_load": 11000,
                        "default_load": 4888
                    }
                ],
                "title": "Тягач MAN (Магнит)",
                "length": 7110,
                "hitch_distance": 885
            },
            "indentation": {
                "width": 5,
                "height": 0,
                "length": 30,
                "height_top": 89,
                "length_end": 30,
                "width_right": 5
            },
            "loading_size": {
                "width": 2490,
                "height": 2590,
                "length": 13490
            },
            "carrying_capacity": 24000
        },
        "calculation_id": "16396"
    },
    "data_result": {
        "boxes": [
            {
                "id": 9,
                "info": {
                    "color": "#89f453",
                    "title": "тяга",
                    "article": "",
                    "group_id": "2wq7hlakzyvacugpctvngtgfusik7f5p",
                    "group_title": "Группа 1"
                },
                "mass": 2125.0,
                "size": {
                    "width": 230.0,
                    "height": 190.0,
                    "length": 3800.0
                },
                "sort": 2,
                "step": 1,
                "type": "box",
                "margin": {
                    "width": 0.0,
                    "height": 0.0,
                    "length": 0.0
                },
                "cargo_id": "wy1upe3avoivtgiv0scpx5wvfsqdyc7x",
                "position": {
                    "x": 0.0,
                    "y": 0.0,
                    "z": 2260.0
                },
                "stacking": true,
                "turnover": true,
                "rotation_state": 0,
                "stacking_limit": 0.0,
                "calculated_size": {
                    "width": 230.0,
                    "height": 190.0,
                    "length": 3800.0
                },
                "virtual_positions": null
            },
            {
                "id": 18,
                "info": {
                    "color": "#d8506b",
                    "title": "внв",
                    "article": "",
                    "group_id": "2wq7hlakzyvacugpctvngtgfusik7f5p",
                    "group_title": "Группа 1"
                },
                "mass": 1340.0,
                "size": {
                    "width": 2120.0,
                    "height": 810.0,
                    "length": 2580.0
                },
                "sort": 2,
                "step": 2,
                "type": "box",
                "margin": {
                    "width": 0.0,
                    "height": 0.0,
                    "length": 0.0
                },
                "cargo_id": "vcnuakor8bdgbjvo0atwta3p3djb5bpj",
                "position": {
                    "x": 0.0,
                    "y": 0.0,
                    "z": 0.0
                },
                "stacking": true,
                "turnover": true,
                "rotation_state": 0,
                "stacking_limit": 0.0,
                "calculated_size": {
                    "width": 2120.0,
                    "height": 810.0,
                    "length": 2580.0
                },
                "virtual_positions": null
            },
            {
                "id": 12,
                "info": {
                    "color": "#5260f9",
                    "title": "узп верх",
                    "article": "",
                    "group_id": "2wq7hlakzyvacugpctvngtgfusik7f5p",
                    "group_title": "Группа 1"
                },
                "mass": 350.0,
                "size": {
                    "width": 1030.0,
                    "height": 1550.0,
                    "length": 1030.0
                },
                "sort": 2,
                "step": 3,
                "type": "box",
                "margin": {
                    "width": 0.0,
                    "height": 0.0,
                    "length": 0.0
                },
                "cargo_id": "f1pz2mfljv5vuhauj0d65r5hszwhwkqh",
                "position": {
                    "x": 0.0,
                    "y": 810.0,
                    "z": 0.0
                },
                "stacking": true,
                "turnover": true,
                "rotation_state": 4,
                "stacking_limit": 0.0,
                "calculated_size": {
                    "width": 1550.0,
                    "height": 1030.0,
                    "length": 1030.0
                },
                "virtual_positions": null
            },
            {
                "id": 13,
                "info": {
                    "color": "#5260f9",
                    "title": "узп верх",
                    "article": "",
                    "group_id": "2wq7hlakzyvacugpctvngtgfusik7f5p",
                    "group_title": "Группа 1"
                },
                "mass": 350.0,
                "size": {
                    "width": 1030.0,
                    "height": 1550.0,
                    "length": 1030.0
                },
                "sort": 2,
                "step": 4,
                "type": "box",
                "margin": {
                    "width": 0.0,
                    "height": 0.0,
                    "length": 0.0
                },
                "cargo_id": "f1pz2mfljv5vuhauj0d65r5hszwhwkqh",
                "position": {
                    "x": 1030.0,
                    "y": 810.0,
                    "z": 0.0
                },
                "stacking": true,
                "turnover": true,
                "rotation_state": 4,
                "stacking_limit": 0.0,
                "calculated_size": {
                    "width": 1550.0,
                    "height": 1030.0,
                    "length": 1030.0
                },
                "virtual_positions": null
            },
            {
                "id": 19,
                "info": {
                    "color": "#d8459d",
                    "title": "ввв",
                    "article": "",
                    "group_id": "2wq7hlakzyvacugpctvngtgfusik7f5p",
                    "group_title": "Группа 1"
                },
                "mass": 1260.0,
                "size": {
                    "width": 2120.0,
                    "height": 810.0,
                    "length": 2580.0
                },
                "sort": 2,
                "step": 5,
                "type": "box",
                "margin": {
                    "width": 0.0,
                    "height": 0.0,
                    "length": 0.0
                },
                "cargo_id": "bwv4mldt8xlxy1heaqeewwv2e7kibptc",
                "position": {
                    "x": 2580.0,
                    "y": 0.0,
                    "z": 0.0
                },
                "stacking": true,
                "turnover": true,
                "rotation_state": 0,
                "stacking_limit": 0.0,
                "calculated_size": {
                    "width": 2120.0,
                    "height": 810.0,
                    "length": 2580.0
                },
                "virtual_positions": null
            },
            {
                "id": 6,
                "info": {
                    "color": "#8339f9",
                    "title": "винт задний",
                    "article": "",
                    "group_id": "2wq7hlakzyvacugpctvngtgfusik7f5p",
                    "group_title": "Группа 1"
                },
                "mass": 784.0,
                "size": {
                    "width": 840.0,
                    "height": 840.0,
                    "length": 840.0
                },
                "sort": 2,
                "step": 6,
                "type": "box",
                "margin": {
                    "width": 0.0,
                    "height": 0.0,
                    "length": 0.0
                },
                "cargo_id": "zwdnwzfxfivpmfkyh1chsogkmlelhfaz",
                "position": {
                    "x": 2060.0,
                    "y": 810.0,
                    "z": 0.0
                },
                "stacking": true,
                "turnover": true,
                "rotation_state": 0,
                "stacking_limit": 0.0,
                "calculated_size": {
                    "width": 840.0,
                    "height": 840.0,
                    "length": 840.0
                },
                "virtual_positions": null
            },
            {
                "id": 7,
                "info": {
                    "color": "#8339f9",
                    "title": "винт задний",
                    "article": "",
                    "group_id": "2wq7hlakzyvacugpctvngtgfusik7f5p",
                    "group_title": "Группа 1"
                },
                "mass": 784.0,
                "size": {
                    "width": 840.0,
                    "height": 840.0,
                    "length": 840.0
                },
                "sort": 2,
                "step": 7,
                "type": "box",
                "margin": {
                    "width": 0.0,
                    "height": 0.0,
                    "length": 0.0
                },
                "cargo_id": "zwdnwzfxfivpmfkyh1chsogkmlelhfaz",
                "position": {
                    "x": 2900.0,
                    "y": 810.0,
                    "z": 0.0
                },
                "stacking": true,
                "turnover": true,
                "rotation_state": 0,
                "stacking_limit": 0.0,
                "calculated_size": {
                    "width": 840.0,
                    "height": 840.0,
                    "length": 840.0
                },
                "virtual_positions": null
            },
            {
                "id": 20,
                "info": {
                    "color": "#d8459d",
                    "title": "ввв",
                    "article": "",
                    "group_id": "2wq7hlakzyvacugpctvngtgfusik7f5p",
                    "group_title": "Группа 1"
                },
                "mass": 1260.0,
                "size": {
                    "width": 2120.0,
                    "height": 810.0,
                    "length": 2580.0
                },
                "sort": 2,
                "step": 8,
                "type": "box",
                "margin": {
                    "width": 0.0,
                    "height": 0.0,
                    "length": 0.0
                },
                "cargo_id": "bwv4mldt8xlxy1heaqeewwv2e7kibptc",
                "position": {
                    "x": 5160.0,
                    "y": 0.0,
                    "z": 0.0
                },
                "stacking": true,
                "turnover": true,
                "rotation_state": 0,
                "stacking_limit": 0.0,
                "calculated_size": {
                    "width": 2120.0,
                    "height": 810.0,
                    "length": 2580.0
                },
                "virtual_positions": null
            },
            {
                "id": 3,
                "info": {
                    "color": "#17aa0f",
                    "title": "лопасти",
                    "article": "",
                    "group_id": "2wq7hlakzyvacugpctvngtgfusik7f5p",
                    "group_title": "Группа 1"
                },
                "mass": 1740.0,
                "size": {
                    "width": 520.0,
                    "height": 620.0,
                    "length": 2920.0
                },
                "sort": 2,
                "step": 9,
                "type": "box",
                "margin": {
                    "width": 0.0,
                    "height": 0.0,
                    "length": 0.0
                },
                "cargo_id": "5dtbfguk2czwjh6ix9dqdjsuxjm0nxvh",
                "position": {
                    "x": 7740.0,
                    "y": 0.0,
                    "z": 1860.0
                },
                "stacking": true,
                "turnover": true,
                "rotation_state": 4,
                "stacking_limit": 0.0,
                "calculated_size": {
                    "width": 620.0,
                    "height": 520.0,
                    "length": 2920.0
                },
                "virtual_positions": null
            },
            {
                "id": 2,
                "info": {
                    "color": "#17aa0f",
                    "title": "лопасти",
                    "article": "",
                    "group_id": "2wq7hlakzyvacugpctvngtgfusik7f5p",
                    "group_title": "Группа 1"
                },
                "mass": 1740.0,
                "size": {
                    "width": 520.0,
                    "height": 620.0,
                    "length": 2920.0
                },
                "sort": 2,
                "step": 10,
                "type": "box",
                "margin": {
                    "width": 0.0,
                    "height": 0.0,
                    "length": 0.0
                },
                "cargo_id": "5dtbfguk2czwjh6ix9dqdjsuxjm0nxvh",
                "position": {
                    "x": 7740.0,
                    "y": 0.0,
                    "z": 1240.0
                },
                "stacking": true,
                "turnover": true,
                "rotation_state": 4,
                "stacking_limit": 0.0,
                "calculated_size": {
                    "width": 620.0,
                    "height": 520.0,
                    "length": 2920.0
                },
                "virtual_positions": null
            },
            {
                "id": 1,
                "info": {
                    "color": "#17aa0f",
                    "title": "лопасти",
                    "article": "",
                    "group_id": "2wq7hlakzyvacugpctvngtgfusik7f5p",
                    "group_title": "Группа 1"
                },
                "mass": 1740.0,
                "size": {
                    "width": 520.0,
                    "height": 620.0,
                    "length": 2920.0
                },
                "sort": 2,
                "step": 11,
                "type": "box",
                "margin": {
                    "width": 0.0,
                    "height": 0.0,
                    "length": 0.0
                },
                "cargo_id": "5dtbfguk2czwjh6ix9dqdjsuxjm0nxvh",
                "position": {
                    "x": 7740.0,
                    "y": 0.0,
                    "z": 620.0
                },
                "stacking": true,
                "turnover": true,
                "rotation_state": 4,
                "stacking_limit": 0.0,
                "calculated_size": {
                    "width": 620.0,
                    "height": 520.0,
                    "length": 2920.0
                },
                "virtual_positions": null
            },
            {
                "id": 0,
                "info": {
                    "color": "#17aa0f",
                    "title": "лопасти",
                    "article": "",
                    "group_id": "2wq7hlakzyvacugpctvngtgfusik7f5p",
                    "group_title": "Группа 1"
                },
                "mass": 1740.0,
                "size": {
                    "width": 520.0,
                    "height": 620.0,
                    "length": 2920.0
                },
                "sort": 2,
                "step": 12,
                "type": "box",
                "margin": {
                    "width": 0.0,
                    "height": 0.0,
                    "length": 0.0
                },
                "cargo_id": "5dtbfguk2czwjh6ix9dqdjsuxjm0nxvh",
                "position": {
                    "x": 7740.0,
                    "y": 0.0,
                    "z": 0.0
                },
                "stacking": true,
                "turnover": true,
                "rotation_state": 4,
                "stacking_limit": 0.0,
                "calculated_size": {
                    "width": 620.0,
                    "height": 520.0,
                    "length": 2920.0
                },
                "virtual_positions": null
            },
            {
                "id": 11,
                "info": {
                    "color": "#1a6cd8",
                    "title": "узп нижн",
                    "article": "",
                    "group_id": "2wq7hlakzyvacugpctvngtgfusik7f5p",
                    "group_title": "Группа 1"
                },
                "mass": 105.0,
                "size": {
                    "width": 1020.0,
                    "height": 580.0,
                    "length": 1040.0
                },
                "sort": 2,
                "step": 13,
                "type": "box",
                "margin": {
                    "width": 0.0,
                    "height": 0.0,
                    "length": 0.0
                },
                "cargo_id": "u0qowcsbm6fyokizvheoodf6yo5vgx3w",
                "position": {
                    "x": 9620.0,
                    "y": 520.0,
                    "z": 1240.0
                },
                "stacking": true,
                "turnover": true,
                "rotation_state": 0,
                "stacking_limit": 0.0,
                "calculated_size": {
                    "width": 1020.0,
                    "height": 580.0,
                    "length": 1040.0
                },
                "virtual_positions": null
            },
            {
                "id": 5,
                "info": {
                    "color": "#17aa0f",
                    "title": "лопасти",
                    "article": "",
                    "group_id": "2wq7hlakzyvacugpctvngtgfusik7f5p",
                    "group_title": "Группа 1"
                },
                "mass": 1740.0,
                "size": {
                    "width": 520.0,
                    "height": 620.0,
                    "length": 2920.0
                },
                "sort": 2,
                "step": 14,
                "type": "box",
                "margin": {
                    "width": 0.0,
                    "height": 0.0,
                    "length": 0.0
                },
                "cargo_id": "5dtbfguk2czwjh6ix9dqdjsuxjm0nxvh",
                "position": {
                    "x": 7740.0,
                    "y": 520.0,
                    "z": 620.0
                },
                "stacking": true,
                "turnover": true,
                "rotation_state": 4,
                "stacking_limit": 0.0,
                "calculated_size": {
                    "width": 620.0,
                    "height": 520.0,
                    "length": 2920.0
                },
                "virtual_positions": null
            },
            {
                "id": 4,
                "info": {
                    "color": "#17aa0f",
                    "title": "лопасти",
                    "article": "",
                    "group_id": "2wq7hlakzyvacugpctvngtgfusik7f5p",
                    "group_title": "Группа 1"
                },
                "mass": 1740.0,
                "size": {
                    "width": 520.0,
                    "height": 620.0,
                    "length": 2920.0
                },
                "sort": 2,
                "step": 15,
                "type": "box",
                "margin": {
                    "width": 0.0,
                    "height": 0.0,
                    "length": 0.0
                },
                "cargo_id": "5dtbfguk2czwjh6ix9dqdjsuxjm0nxvh",
                "position": {
                    "x": 7740.0,
                    "y": 520.0,
                    "z": 0.0
                },
                "stacking": true,
                "turnover": true,
                "rotation_state": 4,
                "stacking_limit": 0.0,
                "calculated_size": {
                    "width": 620.0,
                    "height": 520.0,
                    "length": 2920.0
                },
                "virtual_positions": null
            },
            {
                "id": 8,
                "info": {
                    "color": "#56ffd4",
                    "title": "винт передний",
                    "article": "",
                    "group_id": "2wq7hlakzyvacugpctvngtgfusik7f5p",
                    "group_title": "Группа 1"
                },
                "mass": 245.0,
                "size": {
                    "width": 740.0,
                    "height": 980.0,
                    "length": 740.0
                },
                "sort": 2,
                "step": 16,
                "type": "box",
                "margin": {
                    "width": 0.0,
                    "height": 0.0,
                    "length": 0.0
                },
                "cargo_id": "epnexrxlginx0bw3y3d8razpnxaaiqqy",
                "position": {
                    "x": 10690.0,
                    "y": 0.0,
                    "z": 1750.0
                },
                "stacking": true,
                "turnover": true,
                "rotation_state": 0,
                "stacking_limit": 0.0,
                "calculated_size": {
                    "width": 740.0,
                    "height": 980.0,
                    "length": 740.0
                },
                "virtual_positions": null
            },
            {
                "id": 17,
                "info": {
                    "color": "#48db5e",
                    "title": "вап",
                    "article": "",
                    "group_id": "2wq7hlakzyvacugpctvngtgfusik7f5p",
                    "group_title": "Группа 1"
                },
                "mass": 310.0,
                "size": {
                    "width": 930.0,
                    "height": 700.0,
                    "length": 1030.0
                },
                "sort": 2,
                "step": 17,
                "type": "box",
                "margin": {
                    "width": 0.0,
                    "height": 0.0,
                    "length": 0.0
                },
                "cargo_id": "apkbmwnwo141htrfjnvkidnylvuxxnli",
                "position": {
                    "x": 11430.0,
                    "y": 0.0,
                    "z": 1790.0
                },
                "stacking": true,
                "turnover": true,
                "rotation_state": 4,
                "stacking_limit": 0.0,
                "calculated_size": {
                    "width": 700.0,
                    "height": 930.0,
                    "length": 1030.0
                },
                "virtual_positions": null
            },
            {
                "id": 14,
                "info": {
                    "color": "#2cfc02",
                    "title": "нап",
                    "article": "",
                    "group_id": "2wq7hlakzyvacugpctvngtgfusik7f5p",
                    "group_title": "Группа 1"
                },
                "mass": 510.0,
                "size": {
                    "width": 1030.0,
                    "height": 1750.0,
                    "length": 1030.0
                },
                "sort": 2,
                "step": 18,
                "type": "box",
                "margin": {
                    "width": 0.0,
                    "height": 0.0,
                    "length": 0.0
                },
                "cargo_id": "dn5c1p39gibfxb0glanckslowrfljl3m",
                "position": {
                    "x": 10660.0,
                    "y": 0.0,
                    "z": 0.0
                },
                "stacking": true,
                "turnover": true,
                "rotation_state": 4,
                "stacking_limit": 0.0,
                "calculated_size": {
                    "width": 1750.0,
                    "height": 1030.0,
                    "length": 1030.0
                },
                "virtual_positions": null
            },
            {
                "id": 16,
                "info": {
                    "color": "#48db5e",
                    "title": "вап",
                    "article": "",
                    "group_id": "2wq7hlakzyvacugpctvngtgfusik7f5p",
                    "group_title": "Группа 1"
                },
                "mass": 310.0,
                "size": {
                    "width": 930.0,
                    "height": 700.0,
                    "length": 1030.0
                },
                "sort": 2,
                "step": 19,
                "type": "box",
                "margin": {
                    "width": 0.0,
                    "height": 0.0,
                    "length": 0.0
                },
                "cargo_id": "apkbmwnwo141htrfjnvkidnylvuxxnli",
                "position": {
                    "x": 12460.0,
                    "y": 0.0,
                    "z": 1790.0
                },
                "stacking": true,
                "turnover": true,
                "rotation_state": 4,
                "stacking_limit": 0.0,
                "calculated_size": {
                    "width": 700.0,
                    "height": 930.0,
                    "length": 1030.0
                },
                "virtual_positions": null
            },
            {
                "id": 15,
                "info": {
                    "color": "#2cfc02",
                    "title": "нап",
                    "article": "",
                    "group_id": "2wq7hlakzyvacugpctvngtgfusik7f5p",
                    "group_title": "Группа 1"
                },
                "mass": 510.0,
                "size": {
                    "width": 1030.0,
                    "height": 1750.0,
                    "length": 1030.0
                },
                "sort": 2,
                "step": 20,
                "type": "box",
                "margin": {
                    "width": 0.0,
                    "height": 0.0,
                    "length": 0.0
                },
                "cargo_id": "dn5c1p39gibfxb0glanckslowrfljl3m",
                "position": {
                    "x": 11690.0,
                    "y": 0.0,
                    "z": 0.0
                },
                "stacking": true,
                "turnover": true,
                "rotation_state": 4,
                "stacking_limit": 0.0,
                "calculated_size": {
                    "width": 1750.0,
                    "height": 1030.0,
                    "length": 1030.0
                },
                "virtual_positions": null
            },
            {
                "id": 10,
                "info": {
                    "color": "#1a6cd8",
                    "title": "узп нижн",
                    "article": "",
                    "group_id": "2wq7hlakzyvacugpctvngtgfusik7f5p",
                    "group_title": "Группа 1"
                },
                "mass": 105.0,
                "size": {
                    "width": 1020.0,
                    "height": 580.0,
                    "length": 1040.0
                },
                "sort": 2,
                "step": 21,
                "type": "box",
                "margin": {
                    "width": 0.0,
                    "height": 0.0,
                    "length": 0.0
                },
                "cargo_id": "u0qowcsbm6fyokizvheoodf6yo5vgx3w",
                "position": {
                    "x": 12720.0,
                    "y": 0.0,
                    "z": 0.0
                },
                "stacking": true,
                "turnover": true,
                "rotation_state": 5,
                "stacking_limit": 0.0,
                "calculated_size": {
                    "width": 1040.0,
                    "height": 1020.0,
                    "length": 580.0
                },
                "virtual_positions": null
            }
        ],
        "version": 5,
        "cargo_space": {
            "id": 418,
            "info": {
                "uid": "418_0",
                "sort": 0,
                "title": "MAN 2 оси | полуприцеп 3 оси"
            },
            "mass": 9694.0,
            "size": {
                "width": 2500.0,
                "height": 2679.0,
                "length": 13550.0
            },
            "type": "truck",
            "axles": [
                {
                    "title": "Ось 1",
                    "distance": 2990.0,
                    "max_load": 11000.0,
                    "default_load": 2113.0,
                    "calculated_load": 9713.32436
                },
                {
                    "title": "Ось 2",
                    "distance": 1360.0,
                    "max_load": 11000.0,
                    "default_load": 2090.0,
                    "calculated_load": 9690.32436
                },
                {
                    "title": "Ось 3",
                    "distance": 1360.0,
                    "max_load": 11000.0,
                    "default_load": 2113.0,
                    "calculated_load": 9713.32436
                }
            ],
            "hitch": {
                "title": "",
                "distance": 6240.0,
                "max_load": 10058.0,
                "default_load": 3378.0,
                "calculated_load": 1365.02692
            },
            "tractor": {
                "mass": 7523.0,
                "axles": [
                    {
                        "title": "Ось 1",
                        "distance": 1475.0,
                        "max_load": 10000.0,
                        "default_load": 6013.0,
                        "calculated_load": 5556.20995
                    },
                    {
                        "title": "Ось 2",
                        "distance": 3900.0,
                        "max_load": 11000.0,
                        "default_load": 4888.0,
                        "calculated_load": 3331.81696
                    }
                ],
                "length": 7110.0,
                "hitch_distance": 885.0
            },
            "full_length": 13550.0,
            "indentation": {
                "width": 5.0,
                "height": 0.0,
                "length": 30.0,
                "height_top": 89.0,
                "length_end": 30.0,
                "width_right": 5.0
            },
            "loading_size": {
                "width": 2490.0,
                "height": 2590.0,
                "length": 13490.0
            },
            "calculation_info": {
                "step_count": 21,
                "cargos_mass": 20.788,
                "load_volume": 86.998359,
                "cargos_volume": 30.40122,
                "count_cargoes": 21,
                "load_capacity": 24.0,
                "loading_height": 1.84,
                "density_percent": 49.18831,
                "remaining_volume": 56.59714,
                "void_space_percent": 65.05541,
                "filling_space_percent": 34.94459
            },
            "carrying_capacity": 24000.0,
            "real_center_of_gravity": [
                6969.162497594766,
                491.5126515297286,
                1159.5432461035214
            ],
            "ideal_center_of_gravity": [
                6745.0,
                0.0,
                1245.0
            ]
        },
        "cargo_groups": [],
        "packing_type": "PackingTruck PackingLayers",
        "calculation_id": 16396,
        "invalid_errors": [],
        "unpacked_errors": [],
        "validate_errors": [],
        "is_packed_same_boxes": false
    }
}