{
    "data": {
        "cargoes": [
            {
                "info": {
                    "color": "#06d834",
                    "title": "Сок",
                    "article": "",
                    "group_id": "1mqbymkywznjmkz58fw8xfqxgewgvgib",
                    "group_title": "Группа 1"
                },
                "mass": 1000.0,
                "size": {
                    "width": 1000,
                    "height": 1170,
                    "length": 1200
                },
                "sort": 1,
                "type": "box",
                "count": 30,
                "margin": {
                    "width": 0,
                    "height": 0,
                    "length": 0
                },
                "cargo_id": "lbur3pzpbzcssamy92daw55mwdnlt25b",
                "stacking": true,
                "turnover": false,
                "margin_width": 0,
                "margin_length": 0,
                "stacking_limit": 0
            }
        ],
        "settings": {
            "rank": false,
            "max_step": 100,
            "min_step": 50,
            "usersort": false,
            "hardlimit": 1801,
            "timelimit": 1800,
            "step_scaling": 10
        },
        "put_boxes": [],
        "initial_id": 0,
        "cargo_space": {
            "id": 102,
            "info": {
                "uid": "102_0",
                "sort": 0,
                "title": "Стандартный 40 футовый контейнер"
            },
            "mass": 4400,
            "size": {
                "width": 2352,
                "height": 2385,
                "length": 12032
            },
            "type": "container",
            "axles": [],
            "title": "Стандартный 40 футовый контейнер",
            "indentation": {
                "width": 0,
                "height": 0,
                "length": 0,
                "height_top": 0,
                "length_end": 0,
                "width_right": 0
            },
            "loading_size": {
                "width": 2352,
                "height": 2385,
                "length": 12032
            },
            "carrying_capacity": 26600
        },
        "calculation_id": "15313"
    },
    "data_result": {
        "boxes": [
            {
                "id": 11,
                "info": {
                    "color": "#06d834",
                    "title": "Сок",
                    "article": "",
                    "group_id": "1mqbymkywznjmkz58fw8xfqxgewgvgib",
                    "group_title": "Группа 1"
                },
                "mass": 1000.0,
                "size": {
                    "width": 1000.0,
                    "height": 1170.0,
                    "length": 1200.0
                },
                "sort": 1,
                "step": 1,
                "type": "box",
                "margin": {
                    "width": 0.0,
                    "height": 0.0,
                    "length": 0.0
                },
                "cargo_id": "lbur3pzpbzcssamy92daw55mwdnlt25b",
                "position": {
                    "x": 0.0,
                    "y": 0.0,
                    "z": 0.0
                },
                "stacking": true,
                "turnover": false,
                "rotation_state": 1,
                "stacking_limit": 0.0,
                "calculated_size": {
                    "width": 1200.0,
                    "height": 1170.0,
                    "length": 1000.0
                },
                "virtual_positions": null
            },
            {
                "id": 19,
                "info": {
                    "color": "#06d834",
                    "title": "Сок",
                    "article": "",
                    "group_id": "1mqbymkywznjmkz58fw8xfqxgewgvgib",
                    "group_title": "Группа 1"
                },
                "mass": 1000.0,
                "size": {
                    "width": 1000.0,
                    "height": 1170.0,
                    "length": 1200.0
                },
                "sort": 1,
                "step": 2,
                "type": "box",
                "margin": {
                    "width": 0.0,
                    "height": 0.0,
                    "length": 0.0
                },
                "cargo_id": "lbur3pzpbzcssamy92daw55mwdnlt25b",
                "position": {
                    "x": 1000.0,
                    "y": 0.0,
                    "z": 1352.0
                },
                "stacking": true,
                "turnover": false,
                "rotation_state": 0,
                "stacking_limit": 0.0,
                "calculated_size": {
                    "width": 1000.0,
                    "height": 1170.0,
                    "length": 1200.0
                },
                "virtual_positions": null
            },
            {
                "id": 9,
                "info": {
                    "color": "#06d834",
                    "title": "Сок",
                    "article": "",
                    "group_id": "1mqbymkywznjmkz58fw8xfqxgewgvgib",
                    "group_title": "Группа 1"
                },
                "mass": 1000.0,
                "size": {
                    "width": 1000.0,
                    "height": 1170.0,
                    "length": 1200.0
                },
                "sort": 1,
                "step": 3,
                "type": "box",
                "margin": {
                    "width": 0.0,
                    "height": 0.0,
                    "length": 0.0
                },
                "cargo_id": "lbur3pzpbzcssamy92daw55mwdnlt25b",
                "position": {
                    "x": 1000.0,
                    "y": 0.0,
                    "z": 0.0
                },
                "stacking": true,
                "turnover": false,
                "rotation_state": 1,
                "stacking_limit": 0.0,
                "calculated_size": {
                    "width": 1200.0,
                    "height": 1170.0,
                    "length": 1000.0
                },
                "virtual_positions": null
            },
            {
                "id": 17,
                "info": {
                    "color": "#06d834",
                    "title": "Сок",
                    "article": "",
                    "group_id": "1mqbymkywznjmkz58fw8xfqxgewgvgib",
                    "group_title": "Группа 1"
                },
                "mass": 1000.0,
                "size": {
                    "width": 1000.0,
                    "height": 1170.0,
                    "length": 1200.0
                },
                "sort": 1,
                "step": 4,
                "type": "box",
                "margin": {
                    "width": 0.0,
                    "height": 0.0,
                    "length": 0.0
                },
                "cargo_id": "lbur3pzpbzcssamy92daw55mwdnlt25b",
                "position": {
                    "x": 2200.0,
                    "y": 0.0,
                    "z": 1352.0
                },
                "stacking": true,
                "turnover": false,
                "rotation_state": 0,
                "stacking_limit": 0.0,
                "calculated_size": {
                    "width": 1000.0,
                    "height": 1170.0,
                    "length": 1200.0
                },
                "virtual_positions": null
            },
            {
                "id": 7,
                "info": {
                    "color": "#06d834",
                    "title": "Сок",
                    "article": "",
                    "group_id": "1mqbymkywznjmkz58fw8xfqxgewgvgib",
                    "group_title": "Группа 1"
                },
                "mass": 1000.0,
                "size": {
                    "width": 1000.0,
                    "height": 1170.0,
                    "length": 1200.0
                },
                "sort": 1,
                "step": 5,
                "type": "box",
                "margin": {
                    "width": 0.0,
                    "height": 0.0,
                    "length": 0.0
                },
                "cargo_id": "lbur3pzpbzcssamy92daw55mwdnlt25b",
                "position": {
                    "x": 2000.0,
                    "y": 0.0,
                    "z": 0.0
                },
                "stacking": true,
                "turnover": false,
                "rotation_state": 1,
                "stacking_limit": 0.0,
                "calculated_size": {
                    "width": 1200.0,
                    "height": 1170.0,
                    "length": 1000.0
                },
                "virtual_positions": null
            },
            {
                "id": 15,
                "info": {
                    "color": "#06d834",
                    "title": "Сок",
                    "article": "",
                    "group_id": "1mqbymkywznjmkz58fw8xfqxgewgvgib",
                    "group_title": "Группа 1"
                },
                "mass": 1000.0,
                "size": {
                    "width": 1000.0,
                    "height": 1170.0,
                    "length": 1200.0
                },
                "sort": 1,
                "step": 6,
                "type": "box",
                "margin": {
                    "width": 0.0,
                    "height": 0.0,
                    "length": 0.0
                },
                "cargo_id": "lbur3pzpbzcssamy92daw55mwdnlt25b",
                "position": {
                    "x": 3400.0,
                    "y": 0.0,
                    "z": 1352.0
                },
                "stacking": true,
                "turnover": false,
                "rotation_state": 0,
                "stacking_limit": 0.0,
                "calculated_size": {
                    "width": 1000.0,
                    "height": 1170.0,
                    "length": 1200.0
                },
                "virtual_positions": null
            },
            {
                "id": 5,
                "info": {
                    "color": "#06d834",
                    "title": "Сок",
                    "article": "",
                    "group_id": "1mqbymkywznjmkz58fw8xfqxgewgvgib",
                    "group_title": "Группа 1"
                },
                "mass": 1000.0,
                "size": {
                    "width": 1000.0,
                    "height": 1170.0,
                    "length": 1200.0
                },
                "sort": 1,
                "step": 7,
                "type": "box",
                "margin": {
                    "width": 0.0,
                    "height": 0.0,
                    "length": 0.0
                },
                "cargo_id": "lbur3pzpbzcssamy92daw55mwdnlt25b",
                "position": {
                    "x": 3000.0,
                    "y": 0.0,
                    "z": 0.0
                },
                "stacking": true,
                "turnover": false,
                "rotation_state": 1,
                "stacking_limit": 0.0,
                "calculated_size": {
                    "width": 1200.0,
                    "height": 1170.0,
                    "length": 1000.0
                },
                "virtual_positions": null
            },
            {
                "id": 13,
                "info": {
                    "color": "#06d834",
                    "title": "Сок",
                    "article": "",
                    "group_id": "1mqbymkywznjmkz58fw8xfqxgewgvgib",
                    "group_title": "Группа 1"
                },
                "mass": 1000.0,
                "size": {
                    "width": 1000.0,
                    "height": 1170.0,
                    "length": 1200.0
                },
                "sort": 1,
                "step": 8,
                "type": "box",
                "margin": {
                    "width": 0.0,
                    "height": 0.0,
                    "length": 0.0
                },
                "cargo_id": "lbur3pzpbzcssamy92daw55mwdnlt25b",
                "position": {
                    "x": 4600.0,
                    "y": 0.0,
                    "z": 1352.0
                },
                "stacking": true,
                "turnover": false,
                "rotation_state": 0,
                "stacking_limit": 0.0,
                "calculated_size": {
                    "width": 1000.0,
                    "height": 1170.0,
                    "length": 1200.0
                },
                "virtual_positions": null
            },
            {
                "id": 3,
                "info": {
                    "color": "#06d834",
                    "title": "Сок",
                    "article": "",
                    "group_id": "1mqbymkywznjmkz58fw8xfqxgewgvgib",
                    "group_title": "Группа 1"
                },
                "mass": 1000.0,
                "size": {
                    "width": 1000.0,
                    "height": 1170.0,
                    "length": 1200.0
                },
                "sort": 1,
                "step": 9,
                "type": "box",
                "margin": {
                    "width": 0.0,
                    "height": 0.0,
                    "length": 0.0
                },
                "cargo_id": "lbur3pzpbzcssamy92daw55mwdnlt25b",
                "position": {
                    "x": 4000.0,
                    "y": 0.0,
                    "z": 0.0
                },
                "stacking": true,
                "turnover": false,
                "rotation_state": 1,
                "stacking_limit": 0.0,
                "calculated_size": {
                    "width": 1200.0,
                    "height": 1170.0,
                    "length": 1000.0
                },
                "virtual_positions": null
            },
            {
                "id": 24,
                "info": {
                    "color": "#06d834",
                    "title": "Сок",
                    "article": "",
                    "group_id": "1mqbymkywznjmkz58fw8xfqxgewgvgib",
                    "group_title": "Группа 1"
                },
                "mass": 1000.0,
                "size": {
                    "width": 1000.0,
                    "height": 1170.0,
                    "length": 1200.0
                },
                "sort": 1,
                "step": 10,
                "type": "box",
                "margin": {
                    "width": 0.0,
                    "height": 0.0,
                    "length": 0.0
                },
                "cargo_id": "lbur3pzpbzcssamy92daw55mwdnlt25b",
                "position": {
                    "x": 3800.0,
                    "y": 1170.0,
                    "z": 1152.0
                },
                "stacking": true,
                "turnover": false,
                "rotation_state": 1,
                "stacking_limit": 0.0,
                "calculated_size": {
                    "width": 1200.0,
                    "height": 1170.0,
                    "length": 1000.0
                },
                "virtual_positions": null
            },
            {
                "id": 1,
                "info": {
                    "color": "#06d834",
                    "title": "Сок",
                    "article": "",
                    "group_id": "1mqbymkywznjmkz58fw8xfqxgewgvgib",
                    "group_title": "Группа 1"
                },
                "mass": 1000.0,
                "size": {
                    "width": 1000.0,
                    "height": 1170.0,
                    "length": 1200.0
                },
                "sort": 1,
                "step": 11,
                "type": "box",
                "margin": {
                    "width": 0.0,
                    "height": 0.0,
                    "length": 0.0
                },
                "cargo_id": "lbur3pzpbzcssamy92daw55mwdnlt25b",
                "position": {
                    "x": 5000.0,
                    "y": 0.0,
                    "z": 0.0
                },
                "stacking": true,
                "turnover": false,
                "rotation_state": 1,
                "stacking_limit": 0.0,
                "calculated_size": {
                    "width": 1200.0,
                    "height": 1170.0,
                    "length": 1000.0
                },
                "virtual_positions": null
            },
            {
                "id": 22,
                "info": {
                    "color": "#06d834",
                    "title": "Сок",
                    "article": "",
                    "group_id": "1mqbymkywznjmkz58fw8xfqxgewgvgib",
                    "group_title": "Группа 1"
                },
                "mass": 1000.0,
                "size": {
                    "width": 1000.0,
                    "height": 1170.0,
                    "length": 1200.0
                },
                "sort": 1,
                "step": 12,
                "type": "box",
                "margin": {
                    "width": 0.0,
                    "height": 0.0,
                    "length": 0.0
                },
                "cargo_id": "lbur3pzpbzcssamy92daw55mwdnlt25b",
                "position": {
                    "x": 4800.0,
                    "y": 1170.0,
                    "z": 1152.0
                },
                "stacking": true,
                "turnover": false,
                "rotation_state": 1,
                "stacking_limit": 0.0,
                "calculated_size": {
                    "width": 1200.0,
                    "height": 1170.0,
                    "length": 1000.0
                },
                "virtual_positions": null
            },
            {
                "id": 12,
                "info": {
                    "color": "#06d834",
                    "title": "Сок",
                    "article": "",
                    "group_id": "1mqbymkywznjmkz58fw8xfqxgewgvgib",
                    "group_title": "Группа 1"
                },
                "mass": 1000.0,
                "size": {
                    "width": 1000.0,
                    "height": 1170.0,
                    "length": 1200.0
                },
                "sort": 1,
                "step": 13,
                "type": "box",
                "margin": {
                    "width": 0.0,
                    "height": 0.0,
                    "length": 0.0
                },
                "cargo_id": "lbur3pzpbzcssamy92daw55mwdnlt25b",
                "position": {
                    "x": 5800.0,
                    "y": 0.0,
                    "z": 1352.0
                },
                "stacking": true,
                "turnover": false,
                "rotation_state": 0,
                "stacking_limit": 0.0,
                "calculated_size": {
                    "width": 1000.0,
                    "height": 1170.0,
                    "length": 1200.0
                },
                "virtual_positions": null
            },
            {
                "id": 0,
                "info": {
                    "color": "#06d834",
                    "title": "Сок",
                    "article": "",
                    "group_id": "1mqbymkywznjmkz58fw8xfqxgewgvgib",
                    "group_title": "Группа 1"
                },
                "mass": 1000.0,
                "size": {
                    "width": 1000.0,
                    "height": 1170.0,
                    "length": 1200.0
                },
                "sort": 1,
                "step": 14,
                "type": "box",
                "margin": {
                    "width": 0.0,
                    "height": 0.0,
                    "length": 0.0
                },
                "cargo_id": "lbur3pzpbzcssamy92daw55mwdnlt25b",
                "position": {
                    "x": 6000.0,
                    "y": 0.0,
                    "z": 0.0
                },
                "stacking": true,
                "turnover": false,
                "rotation_state": 1,
                "stacking_limit": 0.0,
                "calculated_size": {
                    "width": 1200.0,
                    "height": 1170.0,
                    "length": 1000.0
                },
                "virtual_positions": null
            },
            {
                "id": 21,
                "info": {
                    "color": "#06d834",
                    "title": "Сок",
                    "article": "",
                    "group_id": "1mqbymkywznjmkz58fw8xfqxgewgvgib",
                    "group_title": "Группа 1"
                },
                "mass": 1000.0,
                "size": {
                    "width": 1000.0,
                    "height": 1170.0,
                    "length": 1200.0
                },
                "sort": 1,
                "step": 15,
                "type": "box",
                "margin": {
                    "width": 0.0,
                    "height": 0.0,
                    "length": 0.0
                },
                "cargo_id": "lbur3pzpbzcssamy92daw55mwdnlt25b",
                "position": {
                    "x": 5800.0,
                    "y": 1170.0,
                    "z": 1152.0
                },
                "stacking": true,
                "turnover": false,
                "rotation_state": 1,
                "stacking_limit": 0.0,
                "calculated_size": {
                    "width": 1200.0,
                    "height": 1170.0,
                    "length": 1000.0
                },
                "virtual_positions": null
            },
            {
                "id": 14,
                "info": {
                    "color": "#06d834",
                    "title": "Сок",
                    "article": "",
                    "group_id": "1mqbymkywznjmkz58fw8xfqxgewgvgib",
                    "group_title": "Группа 1"
                },
                "mass": 1000.0,
                "size": {
                    "width": 1000.0,
                    "height": 1170.0,
                    "length": 1200.0
                },
                "sort": 1,
                "step": 16,
                "type": "box",
                "margin": {
                    "width": 0.0,
                    "height": 0.0,
                    "length": 0.0
                },
                "cargo_id": "lbur3pzpbzcssamy92daw55mwdnlt25b",
                "position": {
                    "x": 7000.0,
                    "y": 0.0,
                    "z": 1352.0
                },
                "stacking": true,
                "turnover": false,
                "rotation_state": 0,
                "stacking_limit": 0.0,
                "calculated_size": {
                    "width": 1000.0,
                    "height": 1170.0,
                    "length": 1200.0
                },
                "virtual_positions": null
            },
            {
                "id": 2,
                "info": {
                    "color": "#06d834",
                    "title": "Сок",
                    "article": "",
                    "group_id": "1mqbymkywznjmkz58fw8xfqxgewgvgib",
                    "group_title": "Группа 1"
                },
                "mass": 1000.0,
                "size": {
                    "width": 1000.0,
                    "height": 1170.0,
                    "length": 1200.0
                },
                "sort": 1,
                "step": 17,
                "type": "box",
                "margin": {
                    "width": 0.0,
                    "height": 0.0,
                    "length": 0.0
                },
                "cargo_id": "lbur3pzpbzcssamy92daw55mwdnlt25b",
                "position": {
                    "x": 7000.0,
                    "y": 0.0,
                    "z": 0.0
                },
                "stacking": true,
                "turnover": false,
                "rotation_state": 1,
                "stacking_limit": 0.0,
                "calculated_size": {
                    "width": 1200.0,
                    "height": 1170.0,
                    "length": 1000.0
                },
                "virtual_positions": null
            },
            {
                "id": 23,
                "info": {
                    "color": "#06d834",
                    "title": "Сок",
                    "article": "",
                    "group_id": "1mqbymkywznjmkz58fw8xfqxgewgvgib",
                    "group_title": "Группа 1"
                },
                "mass": 1000.0,
                "size": {
                    "width": 1000.0,
                    "height": 1170.0,
                    "length": 1200.0
                },
                "sort": 1,
                "step": 18,
                "type": "box",
                "margin": {
                    "width": 0.0,
                    "height": 0.0,
                    "length": 0.0
                },
                "cargo_id": "lbur3pzpbzcssamy92daw55mwdnlt25b",
                "position": {
                    "x": 6800.0,
                    "y": 1170.0,
                    "z": 1152.0
                },
                "stacking": true,
                "turnover": false,
                "rotation_state": 1,
                "stacking_limit": 0.0,
                "calculated_size": {
                    "width": 1200.0,
                    "height": 1170.0,
                    "length": 1000.0
                },
                "virtual_positions": null
            },
            {
                "id": 16,
                "info": {
                    "color": "#06d834",
                    "title": "Сок",
                    "article": "",
                    "group_id": "1mqbymkywznjmkz58fw8xfqxgewgvgib",
                    "group_title": "Группа 1"
                },
                "mass": 1000.0,
                "size": {
                    "width": 1000.0,
                    "height": 1170.0,
                    "length": 1200.0
                },
                "sort": 1,
                "step": 19,
                "type": "box",
                "margin": {
                    "width": 0.0,
                    "height": 0.0,
                    "length": 0.0
                },
                "cargo_id": "lbur3pzpbzcssamy92daw55mwdnlt25b",
                "position": {
                    "x": 8200.0,
                    "y": 0.0,
                    "z": 1352.0
                },
                "stacking": true,
                "turnover": false,
                "rotation_state": 0,
                "stacking_limit": 0.0,
                "calculated_size": {
                    "width": 1000.0,
                    "height": 1170.0,
                    "length": 1200.0
                },
                "virtual_positions": null
            },
            {
                "id": 4,
                "info": {
                    "color": "#06d834",
                    "title": "Сок",
                    "article": "",
                    "group_id": "1mqbymkywznjmkz58fw8xfqxgewgvgib",
                    "group_title": "Группа 1"
                },
                "mass": 1000.0,
                "size": {
                    "width": 1000.0,
                    "height": 1170.0,
                    "length": 1200.0
                },
                "sort": 1,
                "step": 20,
                "type": "box",
                "margin": {
                    "width": 0.0,
                    "height": 0.0,
                    "length": 0.0
                },
                "cargo_id": "lbur3pzpbzcssamy92daw55mwdnlt25b",
                "position": {
                    "x": 8000.0,
                    "y": 0.0,
                    "z": 0.0
                },
                "stacking": true,
                "turnover": false,
                "rotation_state": 1,
                "stacking_limit": 0.0,
                "calculated_size": {
                    "width": 1200.0,
                    "height": 1170.0,
                    "length": 1000.0
                },
                "virtual_positions": null
            },
            {
                "id": 25,
                "info": {
                    "color": "#06d834",
                    "title": "Сок",
                    "article": "",
                    "group_id": "1mqbymkywznjmkz58fw8xfqxgewgvgib",
                    "group_title": "Группа 1"
                },
                "mass": 1000.0,
                "size": {
                    "width": 1000.0,
                    "height": 1170.0,
                    "length": 1200.0
                },
                "sort": 1,
                "step": 21,
                "type": "box",
                "margin": {
                    "width": 0.0,
                    "height": 0.0,
                    "length": 0.0
                },
                "cargo_id": "lbur3pzpbzcssamy92daw55mwdnlt25b",
                "position": {
                    "x": 7800.0,
                    "y": 1170.0,
                    "z": 1152.0
                },
                "stacking": true,
                "turnover": false,
                "rotation_state": 1,
                "stacking_limit": 0.0,
                "calculated_size": {
                    "width": 1200.0,
                    "height": 1170.0,
                    "length": 1000.0
                },
                "virtual_positions": null
            },
            {
                "id": 18,
                "info": {
                    "color": "#06d834",
                    "title": "Сок",
                    "article": "",
                    "group_id": "1mqbymkywznjmkz58fw8xfqxgewgvgib",
                    "group_title": "Группа 1"
                },
                "mass": 1000.0,
                "size": {
                    "width": 1000.0,
                    "height": 1170.0,
                    "length": 1200.0
                },
                "sort": 1,
                "step": 22,
                "type": "box",
                "margin": {
                    "width": 0.0,
                    "height": 0.0,
                    "length": 0.0
                },
                "cargo_id": "lbur3pzpbzcssamy92daw55mwdnlt25b",
                "position": {
                    "x": 9400.0,
                    "y": 0.0,
                    "z": 1352.0
                },
                "stacking": true,
                "turnover": false,
                "rotation_state": 0,
                "stacking_limit": 0.0,
                "calculated_size": {
                    "width": 1000.0,
                    "height": 1170.0,
                    "length": 1200.0
                },
                "virtual_positions": null
            },
            {
                "id": 6,
                "info": {
                    "color": "#06d834",
                    "title": "Сок",
                    "article": "",
                    "group_id": "1mqbymkywznjmkz58fw8xfqxgewgvgib",
                    "group_title": "Группа 1"
                },
                "mass": 1000.0,
                "size": {
                    "width": 1000.0,
                    "height": 1170.0,
                    "length": 1200.0
                },
                "sort": 1,
                "step": 23,
                "type": "box",
                "margin": {
                    "width": 0.0,
                    "height": 0.0,
                    "length": 0.0
                },
                "cargo_id": "lbur3pzpbzcssamy92daw55mwdnlt25b",
                "position": {
                    "x": 9000.0,
                    "y": 0.0,
                    "z": 0.0
                },
                "stacking": true,
                "turnover": false,
                "rotation_state": 1,
                "stacking_limit": 0.0,
                "calculated_size": {
                    "width": 1200.0,
                    "height": 1170.0,
                    "length": 1000.0
                },
                "virtual_positions": null
            },
            {
                "id": 20,
                "info": {
                    "color": "#06d834",
                    "title": "Сок",
                    "article": "",
                    "group_id": "1mqbymkywznjmkz58fw8xfqxgewgvgib",
                    "group_title": "Группа 1"
                },
                "mass": 1000.0,
                "size": {
                    "width": 1000.0,
                    "height": 1170.0,
                    "length": 1200.0
                },
                "sort": 1,
                "step": 24,
                "type": "box",
                "margin": {
                    "width": 0.0,
                    "height": 0.0,
                    "length": 0.0
                },
                "cargo_id": "lbur3pzpbzcssamy92daw55mwdnlt25b",
                "position": {
                    "x": 10600.0,
                    "y": 0.0,
                    "z": 1352.0
                },
                "stacking": true,
                "turnover": false,
                "rotation_state": 0,
                "stacking_limit": 0.0,
                "calculated_size": {
                    "width": 1000.0,
                    "height": 1170.0,
                    "length": 1200.0
                },
                "virtual_positions": null
            },
            {
                "id": 8,
                "info": {
                    "color": "#06d834",
                    "title": "Сок",
                    "article": "",
                    "group_id": "1mqbymkywznjmkz58fw8xfqxgewgvgib",
                    "group_title": "Группа 1"
                },
                "mass": 1000.0,
                "size": {
                    "width": 1000.0,
                    "height": 1170.0,
                    "length": 1200.0
                },
                "sort": 1,
                "step": 25,
                "type": "box",
                "margin": {
                    "width": 0.0,
                    "height": 0.0,
                    "length": 0.0
                },
                "cargo_id": "lbur3pzpbzcssamy92daw55mwdnlt25b",
                "position": {
                    "x": 10000.0,
                    "y": 0.0,
                    "z": 0.0
                },
                "stacking": true,
                "turnover": false,
                "rotation_state": 1,
                "stacking_limit": 0.0,
                "calculated_size": {
                    "width": 1200.0,
                    "height": 1170.0,
                    "length": 1000.0
                },
                "virtual_positions": null
            },
            {
                "id": 10,
                "info": {
                    "color": "#06d834",
                    "title": "Сок",
                    "article": "",
                    "group_id": "1mqbymkywznjmkz58fw8xfqxgewgvgib",
                    "group_title": "Группа 1"
                },
                "mass": 1000.0,
                "size": {
                    "width": 1000.0,
                    "height": 1170.0,
                    "length": 1200.0
                },
                "sort": 1,
                "step": 26,
                "type": "box",
                "margin": {
                    "width": 0.0,
                    "height": 0.0,
                    "length": 0.0
                },
                "cargo_id": "lbur3pzpbzcssamy92daw55mwdnlt25b",
                "position": {
                    "x": 11000.0,
                    "y": 0.0,
                    "z": 0.0
                },
                "stacking": true,
                "turnover": false,
                "rotation_state": 1,
                "stacking_limit": 0.0,
                "calculated_size": {
                    "width": 1200.0,
                    "height": 1170.0,
                    "length": 1000.0
                },
                "virtual_positions": null
            }
        ],
        "version": 5,
        "cargo_space": {
            "id": 102,
            "info": {
                "uid": "102_0",
                "sort": 0,
                "title": "Стандартный 40 футовый контейнер"
            },
            "mass": 4400.0,
            "size": {
                "width": 2352.0,
                "height": 2385.0,
                "length": 12032.0
            },
            "type": "container",
            "indentation": {
                "width": 0.0,
                "height": 0.0,
                "length": 0.0,
                "height_top": 0.0,
                "length_end": 0.0,
                "width_right": 0.0
            },
            "loading_size": {
                "width": 2352.0,
                "height": 2385.0,
                "length": 12032.0
            },
            "calculation_info": {
                "step_count": 26,
                "cargos_mass": 26.0,
                "load_volume": 67.49374464,
                "cargos_volume": 36.504,
                "count_cargoes": 26,
                "load_capacity": 26.6,
                "loading_height": 2.34,
                "density_percent": 55.27211,
                "remaining_volume": 30.98974,
                "void_space_percent": 45.91499,
                "filling_space_percent": 54.08501
            },
            "carrying_capacity": 26600.0,
            "real_center_of_gravity": [
                6196.153846153846,
                810.0,
                1254.9230769230771
            ],
            "ideal_center_of_gravity": [
                6016.0,
                0.0,
                1176.0
            ]
        },
        "cargo_groups": [
            {
                "info": {
                    "color": "#06d834",
                    "title": "Сок",
                    "article": "",
                    "group_id": "1mqbymkywznjmkz58fw8xfqxgewgvgib",
                    "group_title": "Группа 1"
                },
                "mass": 1000.0,
                "size": {
                    "width": 1000.0,
                    "height": 1170.0,
                    "length": 1200.0
                },
                "sort": 1,
                "type": "box",
                "count": 4.0,
                "margin": {
                    "width": 0.0,
                    "height": 0.0,
                    "length": 0.0
                },
                "cargo_id": "lbur3pzpbzcssamy92daw55mwdnlt25b",
                "stacking": true,
                "turnover": false,
                "stacking_limit": 0.0,
                "prepare_last_result": "success"
            }
        ],
        "packing_type": "PackingContainerPoint",
        "calculation_id": 15313,
        "invalid_errors": [],
        "unpacked_errors": [
            {
                "key": 0,
                "name": "success",
                "boxes": [
                    {
                        "id": "lbur3pzpbzcssamy92daw55mwdnlt25b",
                        "info": {
                            "color": "#06d834",
                            "title": "Сок",
                            "article": "",
                            "group_id": "1mqbymkywznjmkz58fw8xfqxgewgvgib",
                            "group_title": "Группа 1"
                        }
                    }
                ]
            }
        ],
        "validate_errors": [],
        "is_packed_same_boxes": false
    }
}