{
    "data": {
        "cargoes": [
            {
                "info": {
                    "color": "#0120b7",
                    "title": "Hygiene Clinic A T24 PE 600х600х15",
                    "article": "3410",
                    "group_id": "1bjhfaaoyy0hsung9y7vjna50bwbkchp",
                    "group_title": "Группа 1"
                },
                "mass": 60.0,
                "size": {
                    "width": 1200,
                    "height": 1500,
                    "length": 1200
                },
                "sort": 1,
                "type": "box",
                "count": 1,
                "margin": {
                    "width": 0,
                    "height": 0,
                    "length": 0
                },
                "cargo_id": "oalayc6tvzcpgi37aw47xhqee6kssxkt",
                "stacking": false,
                "turnover": false,
                "margin_width": 0,
                "margin_length": 0,
                "stacking_limit": 0
            },
            {
                "info": {
                    "color": "#e04e5a",
                    "title": "Connect Hanger clip",
                    "article": "1286",
                    "group_id": "1bjhfaaoyy0hsung9y7vjna50bwbkchp",
                    "group_title": "Группа 1"
                },
                "mass": 500.0,
                "size": {
                    "width": 1200,
                    "height": 800,
                    "length": 1200
                },
                "sort": 1,
                "type": "box",
                "count": 1,
                "margin": {
                    "width": 0,
                    "height": 0,
                    "length": 0
                },
                "cargo_id": "okhjw6iyrbooyg0k5xmh5hnbipjbi6hu",
                "stacking": false,
                "turnover": false,
                "margin_width": 0,
                "margin_length": 0,
                "stacking_limit": 0
            },
            {
                "info": {
                    "color": "#0620a0",
                    "title": "MR Connect T24. Akusto™ Wall C Texona",
                    "article": "8101, 7101",
                    "group_id": "1bjhfaaoyy0hsung9y7vjna50bwbkchp",
                    "group_title": "Группа 1"
                },
                "mass": 400.0,
                "size": {
                    "width": 1200,
                    "height": 800,
                    "length": 3800
                },
                "sort": 1,
                "type": "box",
                "count": 1,
                "margin": {
                    "width": 0,
                    "height": 0,
                    "length": 0
                },
                "cargo_id": "tmnvhwubqeychgpnlabq9mpfew5urfd0",
                "stacking": true,
                "turnover": false,
                "margin_width": 0,
                "margin_length": 0,
                "stacking_limit": 0
            },
            {
                "info": {
                    "color": "#f9c24a",
                    "title": "Hygiene Clinic A T24 PE. Master A T24T15",
                    "article": "3410, 1403",
                    "group_id": "1bjhfaaoyy0hsung9y7vjna50bwbkchp",
                    "group_title": "Группа 1"
                },
                "mass": 942.8,
                "size": {
                    "width": 1220,
                    "height": 2370,
                    "length": 1220
                },
                "sort": 1,
                "type": "box",
                "count": 4,
                "margin": {
                    "width": 0,
                    "height": 0,
                    "length": 0
                },
                "cargo_id": "qra3w2u0cs1q8uc28wgemefozybnucid",
                "stacking": false,
                "turnover": false,
                "margin_width": 0,
                "margin_length": 0,
                "stacking_limit": 0
            },
            {
                "info": {
                    "color": "#8ed82d",
                    "title": "Akusto™ Wall A Texona. Master B",
                    "article": "4010,2650",
                    "group_id": "1bjhfaaoyy0hsung9y7vjna50bwbkchp",
                    "group_title": "Группа 1"
                },
                "mass": 1360.0,
                "size": {
                    "width": 1230,
                    "height": 2370,
                    "length": 2740
                },
                "sort": 1,
                "type": "box",
                "count": 3,
                "margin": {
                    "width": 0,
                    "height": 0,
                    "length": 0
                },
                "cargo_id": "loq14sji7fgkwzeichvi9aoxmxqwn0j0",
                "stacking": false,
                "turnover": false,
                "margin_width": 0,
                "margin_length": 0,
                "stacking_limit": 0
            }
        ],
        "settings": {
            "rank": false,
            "max_step": 100,
            "min_step": 50,
            "usersort": false,
            "hardlimit": 1801,
            "timelimit": 1800,
            "step_scaling": 10
        },
        "put_boxes": [],
        "initial_id": 0,
        "cargo_space": {
            "id": 201,
            "info": {
                "uid": "201_0",
                "sort": 0,
                "title": "KRONE SDP 27"
            },
            "mass": 6500,
            "size": {
                "width": 2480,
                "height": 2860,
                "length": 13692
            },
            "type": "truck",
            "axles": [
                {
                    "title": "Ось 1",
                    "distance": 1155,
                    "max_load": 9000,
                    "default_load": 1665
                },
                {
                    "title": "Ось 2",
                    "distance": 1282,
                    "max_load": 9000,
                    "default_load": 1665
                },
                {
                    "title": "Ось 3",
                    "distance": 1300,
                    "max_load": 9000,
                    "default_load": 1670
                }
            ],
            "hitch": {
                "title": "",
                "distance": 7000,
                "max_load": 12000,
                "default_load": 1500
            },
            "title": "KRONE SDP 27",
            "tractor": {
                "mass": 9000,
                "axles": [
                    {
                        "title": "Ось 1",
                        "distance": 1410,
                        "max_load": 8000,
                        "default_load": 6000
                    },
                    {
                        "title": "Ось 2",
                        "distance": 2827,
                        "max_load": 11000,
                        "default_load": 2300
                    },
                    {
                        "title": "Ось 3",
                        "distance": 1395,
                        "max_load": 10000,
                        "default_load": 2200
                    }
                ],
                "title": "IVECO STRALIS AT440S42",
                "length": 6140,
                "hitch_distance": 778
            },
            "indentation": {
                "width": 0,
                "height": 0,
                "length": 46,
                "height_top": 0,
                "length_end": 46,
                "width_right": 0
            },
            "loading_size": {
                "width": 2480,
                "height": 2860,
                "length": 13600
            },
            "carrying_capacity": 32500
        },
        "calculation_id": "15435"
    },
    "data_result": {
        "boxes": [
            {
                "id": 7,
                "info": {
                    "color": "#8ed82d",
                    "title": "Akusto™ Wall A Texona. Master B",
                    "article": "4010,2650",
                    "group_id": "1bjhfaaoyy0hsung9y7vjna50bwbkchp",
                    "group_title": "Группа 1"
                },
                "mass": 1360.0,
                "size": {
                    "width": 1230.0,
                    "height": 2370.0,
                    "length": 2740.0
                },
                "sort": 1,
                "step": 1,
                "type": "box",
                "margin": {
                    "width": 0.0,
                    "height": 0.0,
                    "length": 0.0
                },
                "cargo_id": "loq14sji7fgkwzeichvi9aoxmxqwn0j0",
                "position": {
                    "x": 0.0,
                    "y": 0.0,
                    "z": 1250.0
                },
                "stacking": false,
                "turnover": false,
                "rotation_state": 0,
                "stacking_limit": 0.0,
                "calculated_size": {
                    "width": 1230.0,
                    "height": 2370.0,
                    "length": 2740.0
                },
                "virtual_positions": null
            },
            {
                "id": 2,
                "info": {
                    "color": "#0620a0",
                    "title": "MR Connect T24. Akusto™ Wall C Texona",
                    "article": "8101, 7101",
                    "group_id": "1bjhfaaoyy0hsung9y7vjna50bwbkchp",
                    "group_title": "Группа 1"
                },
                "mass": 400.0,
                "size": {
                    "width": 1200.0,
                    "height": 800.0,
                    "length": 3800.0
                },
                "sort": 1,
                "step": 2,
                "type": "box",
                "margin": {
                    "width": 0.0,
                    "height": 0.0,
                    "length": 0.0
                },
                "cargo_id": "tmnvhwubqeychgpnlabq9mpfew5urfd0",
                "position": {
                    "x": 0.0,
                    "y": 0.0,
                    "z": 0.0
                },
                "stacking": true,
                "turnover": false,
                "rotation_state": 0,
                "stacking_limit": 0.0,
                "calculated_size": {
                    "width": 1200.0,
                    "height": 800.0,
                    "length": 3800.0
                },
                "virtual_positions": null
            },
            {
                "id": 0,
                "info": {
                    "color": "#0120b7",
                    "title": "Hygiene Clinic A T24 PE 600х600х15",
                    "article": "3410",
                    "group_id": "1bjhfaaoyy0hsung9y7vjna50bwbkchp",
                    "group_title": "Группа 1"
                },
                "mass": 60.0,
                "size": {
                    "width": 1200.0,
                    "height": 1500.0,
                    "length": 1200.0
                },
                "sort": 1,
                "step": 3,
                "type": "box",
                "margin": {
                    "width": 0.0,
                    "height": 0.0,
                    "length": 0.0
                },
                "cargo_id": "oalayc6tvzcpgi37aw47xhqee6kssxkt",
                "position": {
                    "x": 0.0,
                    "y": 800.0,
                    "z": 0.0
                },
                "stacking": false,
                "turnover": false,
                "rotation_state": 0,
                "stacking_limit": 0.0,
                "calculated_size": {
                    "width": 1200.0,
                    "height": 1500.0,
                    "length": 1200.0
                },
                "virtual_positions": null
            },
            {
                "id": 1,
                "info": {
                    "color": "#e04e5a",
                    "title": "Connect Hanger clip",
                    "article": "1286",
                    "group_id": "1bjhfaaoyy0hsung9y7vjna50bwbkchp",
                    "group_title": "Группа 1"
                },
                "mass": 500.0,
                "size": {
                    "width": 1200.0,
                    "height": 800.0,
                    "length": 1200.0
                },
                "sort": 1,
                "step": 4,
                "type": "box",
                "margin": {
                    "width": 0.0,
                    "height": 0.0,
                    "length": 0.0
                },
                "cargo_id": "okhjw6iyrbooyg0k5xmh5hnbipjbi6hu",
                "position": {
                    "x": 1200.0,
                    "y": 800.0,
                    "z": 0.0
                },
                "stacking": false,
                "turnover": false,
                "rotation_state": 0,
                "stacking_limit": 0.0,
                "calculated_size": {
                    "width": 1200.0,
                    "height": 800.0,
                    "length": 1200.0
                },
                "virtual_positions": null
            },
            {
                "id": 8,
                "info": {
                    "color": "#8ed82d",
                    "title": "Akusto™ Wall A Texona. Master B",
                    "article": "4010,2650",
                    "group_id": "1bjhfaaoyy0hsung9y7vjna50bwbkchp",
                    "group_title": "Группа 1"
                },
                "mass": 1360.0,
                "size": {
                    "width": 1230.0,
                    "height": 2370.0,
                    "length": 2740.0
                },
                "sort": 1,
                "step": 5,
                "type": "box",
                "margin": {
                    "width": 0.0,
                    "height": 0.0,
                    "length": 0.0
                },
                "cargo_id": "loq14sji7fgkwzeichvi9aoxmxqwn0j0",
                "position": {
                    "x": 2740.0,
                    "y": 0.0,
                    "z": 1250.0
                },
                "stacking": false,
                "turnover": false,
                "rotation_state": 0,
                "stacking_limit": 0.0,
                "calculated_size": {
                    "width": 1230.0,
                    "height": 2370.0,
                    "length": 2740.0
                },
                "virtual_positions": null
            },
            {
                "id": 3,
                "info": {
                    "color": "#f9c24a",
                    "title": "Hygiene Clinic A T24 PE. Master A T24T15",
                    "article": "3410, 1403",
                    "group_id": "1bjhfaaoyy0hsung9y7vjna50bwbkchp",
                    "group_title": "Группа 1"
                },
                "mass": 942.8,
                "size": {
                    "width": 1220.0,
                    "height": 2370.0,
                    "length": 1220.0
                },
                "sort": 1,
                "step": 6,
                "type": "box",
                "margin": {
                    "width": 0.0,
                    "height": 0.0,
                    "length": 0.0
                },
                "cargo_id": "qra3w2u0cs1q8uc28wgemefozybnucid",
                "position": {
                    "x": 5480.0,
                    "y": 0.0,
                    "z": 1260.0
                },
                "stacking": false,
                "turnover": false,
                "rotation_state": 0,
                "stacking_limit": 0.0,
                "calculated_size": {
                    "width": 1220.0,
                    "height": 2370.0,
                    "length": 1220.0
                },
                "virtual_positions": null
            },
            {
                "id": 9,
                "info": {
                    "color": "#8ed82d",
                    "title": "Akusto™ Wall A Texona. Master B",
                    "article": "4010,2650",
                    "group_id": "1bjhfaaoyy0hsung9y7vjna50bwbkchp",
                    "group_title": "Группа 1"
                },
                "mass": 1360.0,
                "size": {
                    "width": 1230.0,
                    "height": 2370.0,
                    "length": 2740.0
                },
                "sort": 1,
                "step": 7,
                "type": "box",
                "margin": {
                    "width": 0.0,
                    "height": 0.0,
                    "length": 0.0
                },
                "cargo_id": "loq14sji7fgkwzeichvi9aoxmxqwn0j0",
                "position": {
                    "x": 3800.0,
                    "y": 0.0,
                    "z": 0.0
                },
                "stacking": false,
                "turnover": false,
                "rotation_state": 0,
                "stacking_limit": 0.0,
                "calculated_size": {
                    "width": 1230.0,
                    "height": 2370.0,
                    "length": 2740.0
                },
                "virtual_positions": null
            },
            {
                "id": 5,
                "info": {
                    "color": "#f9c24a",
                    "title": "Hygiene Clinic A T24 PE. Master A T24T15",
                    "article": "3410, 1403",
                    "group_id": "1bjhfaaoyy0hsung9y7vjna50bwbkchp",
                    "group_title": "Группа 1"
                },
                "mass": 942.8,
                "size": {
                    "width": 1220.0,
                    "height": 2370.0,
                    "length": 1220.0
                },
                "sort": 1,
                "step": 8,
                "type": "box",
                "margin": {
                    "width": 0.0,
                    "height": 0.0,
                    "length": 0.0
                },
                "cargo_id": "qra3w2u0cs1q8uc28wgemefozybnucid",
                "position": {
                    "x": 6700.0,
                    "y": 0.0,
                    "z": 1260.0
                },
                "stacking": false,
                "turnover": false,
                "rotation_state": 0,
                "stacking_limit": 0.0,
                "calculated_size": {
                    "width": 1220.0,
                    "height": 2370.0,
                    "length": 1220.0
                },
                "virtual_positions": null
            },
            {
                "id": 4,
                "info": {
                    "color": "#f9c24a",
                    "title": "Hygiene Clinic A T24 PE. Master A T24T15",
                    "article": "3410, 1403",
                    "group_id": "1bjhfaaoyy0hsung9y7vjna50bwbkchp",
                    "group_title": "Группа 1"
                },
                "mass": 942.8,
                "size": {
                    "width": 1220.0,
                    "height": 2370.0,
                    "length": 1220.0
                },
                "sort": 1,
                "step": 9,
                "type": "box",
                "margin": {
                    "width": 0.0,
                    "height": 0.0,
                    "length": 0.0
                },
                "cargo_id": "qra3w2u0cs1q8uc28wgemefozybnucid",
                "position": {
                    "x": 6540.0,
                    "y": 0.0,
                    "z": 0.0
                },
                "stacking": false,
                "turnover": false,
                "rotation_state": 0,
                "stacking_limit": 0.0,
                "calculated_size": {
                    "width": 1220.0,
                    "height": 2370.0,
                    "length": 1220.0
                },
                "virtual_positions": null
            },
            {
                "id": 6,
                "info": {
                    "color": "#f9c24a",
                    "title": "Hygiene Clinic A T24 PE. Master A T24T15",
                    "article": "3410, 1403",
                    "group_id": "1bjhfaaoyy0hsung9y7vjna50bwbkchp",
                    "group_title": "Группа 1"
                },
                "mass": 942.8,
                "size": {
                    "width": 1220.0,
                    "height": 2370.0,
                    "length": 1220.0
                },
                "sort": 1,
                "step": 10,
                "type": "box",
                "margin": {
                    "width": 0.0,
                    "height": 0.0,
                    "length": 0.0
                },
                "cargo_id": "qra3w2u0cs1q8uc28wgemefozybnucid",
                "position": {
                    "x": 7760.0,
                    "y": 0.0,
                    "z": 0.0
                },
                "stacking": false,
                "turnover": false,
                "rotation_state": 0,
                "stacking_limit": 0.0,
                "calculated_size": {
                    "width": 1220.0,
                    "height": 2370.0,
                    "length": 1220.0
                },
                "virtual_positions": null
            }
        ],
        "version": 5,
        "cargo_space": {
            "id": 201,
            "info": {
                "uid": "201_0",
                "sort": 0,
                "title": "KRONE SDP 27"
            },
            "mass": 6500.0,
            "size": {
                "width": 2480.0,
                "height": 2860.0,
                "length": 13692.0
            },
            "type": "truck",
            "axles": [
                {
                    "title": "Ось 1",
                    "distance": 1155.0,
                    "max_load": 9000.0,
                    "default_load": 1665.0,
                    "calculated_load": 2811.33174
                },
                {
                    "title": "Ось 2",
                    "distance": 1282.0,
                    "max_load": 9000.0,
                    "default_load": 1665.0,
                    "calculated_load": 2811.33174
                },
                {
                    "title": "Ось 3",
                    "distance": 1300.0,
                    "max_load": 9000.0,
                    "default_load": 1670.0,
                    "calculated_load": 2816.33174
                }
            ],
            "hitch": {
                "title": "",
                "distance": 7000.0,
                "max_load": 12000.0,
                "default_load": 1500.0,
                "calculated_load": 6872.20479
            },
            "tractor": {
                "mass": 9000.0,
                "axles": [
                    {
                        "title": "Ось 1",
                        "distance": 1410.0,
                        "max_load": 8000.0,
                        "default_load": 6000.0,
                        "calculated_load": 7185.86334
                    },
                    {
                        "title": "Ось 2",
                        "distance": 2827.0,
                        "max_load": 11000.0,
                        "default_load": 2300.0,
                        "calculated_load": 4393.17073
                    },
                    {
                        "title": "Ось 3",
                        "distance": 1395.0,
                        "max_load": 10000.0,
                        "default_load": 2200.0,
                        "calculated_load": 4293.17073
                    }
                ],
                "length": 6140.0,
                "hitch_distance": 778.0
            },
            "full_length": 13692.0,
            "indentation": {
                "width": 0.0,
                "height": 0.0,
                "length": 46.0,
                "height_top": 0.0,
                "length_end": 46.0,
                "width_right": 0.0
            },
            "loading_size": {
                "width": 2480.0,
                "height": 2860.0,
                "length": 13600.0
            },
            "calculation_info": {
                "step_count": 10,
                "cargos_mass": 8.811200000000001,
                "load_volume": 96.46208,
                "cargos_volume": 45.03215,
                "count_cargoes": 10,
                "load_capacity": 32.5,
                "loading_height": 2.37,
                "density_percent": 85.31912,
                "remaining_volume": 51.42993,
                "void_space_percent": 53.31621,
                "filling_space_percent": 46.68379
            },
            "carrying_capacity": 32500.0,
            "real_center_of_gravity": [
                4930.744506991102,
                1152.700199745778,
                1266.7386962048301
            ],
            "ideal_center_of_gravity": [
                6800.0,
                0.0,
                1240.0
            ]
        },
        "cargo_groups": [],
        "packing_type": "PackingTruck PackingTwoBoxesInLayer",
        "calculation_id": 15435,
        "invalid_errors": [],
        "unpacked_errors": [],
        "validate_errors": [],
        "is_packed_same_boxes": false
    }
}