{
    "data": {
        "cargoes": [
            {
                "info": {
                    "color": "#bd2254",
                    "title": "А5",
                    "article": "А5",
                    "group_id": "1qw1rtij7oxd3cczf9hm5ctcaclulx8y",
                    "group_title": "Группа 1"
                },
                "mass": 115.0,
                "size": {
                    "width": 850,
                    "height": 1600,
                    "length": 850
                },
                "sort": 1,
                "type": "box",
                "count": 1,
                "margin": {
                    "width": 0,
                    "height": 0,
                    "length": 0
                },
                "cargo_id": "uchiegy40ajf0cv9gw6okz62scvoelru",
                "stacking": false,
                "turnover": false,
                "stacking_limit": 0
            },
            {
                "info": {
                    "color": "#fb0e21",
                    "title": "А6",
                    "article": "А6",
                    "group_id": "1qw1rtij7oxd3cczf9hm5ctcaclulx8y",
                    "group_title": "Группа 1"
                },
                "mass": 70.0,
                "size": {
                    "width": 900,
                    "height": 1000,
                    "length": 900
                },
                "sort": 1,
                "type": "box",
                "count": 1,
                "margin": {
                    "width": 0,
                    "height": 0,
                    "length": 0
                },
                "cargo_id": "fduxdlci7gypew6eiksanazq9ewf4m6c",
                "stacking": false,
                "turnover": false,
                "stacking_limit": 0
            },
            {
                "info": {
                    "color": "#481bb3",
                    "title": "А7",
                    "article": "А7",
                    "group_id": "1qw1rtij7oxd3cczf9hm5ctcaclulx8y",
                    "group_title": "Группа 1"
                },
                "mass": 130.0,
                "size": {
                    "width": 900,
                    "height": 950,
                    "length": 900
                },
                "sort": 1,
                "type": "box",
                "count": 1,
                "margin": {
                    "width": 0,
                    "height": 0,
                    "length": 0
                },
                "cargo_id": "pypzfj5c6yvezhqibuz9ecaegbmdzmjw",
                "stacking": false,
                "turnover": false,
                "stacking_limit": 0
            },
            {
                "info": {
                    "color": "#6f6769",
                    "title": "А8",
                    "article": "А8",
                    "group_id": "1qw1rtij7oxd3cczf9hm5ctcaclulx8y",
                    "group_title": "Группа 1"
                },
                "mass": 115.0,
                "size": {
                    "width": 900,
                    "height": 1600,
                    "length": 900
                },
                "sort": 1,
                "type": "box",
                "count": 1,
                "margin": {
                    "width": 0,
                    "height": 0,
                    "length": 0
                },
                "cargo_id": "iehilr6ycfa9yfcru2sn5gmqyyyi5pjs",
                "stacking": false,
                "turnover": false,
                "stacking_limit": 0
            },
            {
                "info": {
                    "color": "#ce19b3",
                    "title": "А9",
                    "article": "А9",
                    "group_id": "1qw1rtij7oxd3cczf9hm5ctcaclulx8y",
                    "group_title": "Группа 1"
                },
                "mass": 70.0,
                "size": {
                    "width": 900,
                    "height": 1000,
                    "length": 900
                },
                "sort": 1,
                "type": "box",
                "count": 1,
                "margin": {
                    "width": 0,
                    "height": 0,
                    "length": 0
                },
                "cargo_id": "2onmr4dcpvy3cc3n3530ezr2gcywci8t",
                "stacking": false,
                "turnover": false,
                "stacking_limit": 0
            },
            {
                "info": {
                    "color": "#174747",
                    "title": "А10",
                    "article": "А10",
                    "group_id": "1qw1rtij7oxd3cczf9hm5ctcaclulx8y",
                    "group_title": "Группа 1"
                },
                "mass": 70.0,
                "size": {
                    "width": 900,
                    "height": 1000,
                    "length": 900
                },
                "sort": 1,
                "type": "box",
                "count": 1,
                "margin": {
                    "width": 0,
                    "height": 0,
                    "length": 0
                },
                "cargo_id": "cldkrxxsoz0ejm0jwjmwpcrvor4ruxbk",
                "stacking": false,
                "turnover": false,
                "stacking_limit": 0
            },
            {
                "info": {
                    "color": "#1a1ac5",
                    "title": "А11",
                    "article": "А11",
                    "group_id": "1qw1rtij7oxd3cczf9hm5ctcaclulx8y",
                    "group_title": "Группа 1"
                },
                "mass": 70.0,
                "size": {
                    "width": 900,
                    "height": 1000,
                    "length": 900
                },
                "sort": 1,
                "type": "box",
                "count": 1,
                "margin": {
                    "width": 0,
                    "height": 0,
                    "length": 0
                },
                "cargo_id": "jkicgdp3zjrqtkvdulsn8nvv355erpx7",
                "stacking": false,
                "turnover": false,
                "stacking_limit": 0
            },
            {
                "info": {
                    "color": "#7cb3ce",
                    "title": "А12",
                    "article": "А12",
                    "group_id": "1qw1rtij7oxd3cczf9hm5ctcaclulx8y",
                    "group_title": "Группа 1"
                },
                "mass": 130.0,
                "size": {
                    "width": 900,
                    "height": 1000,
                    "length": 900
                },
                "sort": 1,
                "type": "box",
                "count": 1,
                "margin": {
                    "width": 0,
                    "height": 0,
                    "length": 0
                },
                "cargo_id": "gubnm7spyrjvw3g4r2ho1hvb0ypdl7wc",
                "stacking": false,
                "turnover": false,
                "stacking_limit": 0
            },
            {
                "info": {
                    "color": "#f39f02",
                    "title": "А13",
                    "article": "А13",
                    "group_id": "1qw1rtij7oxd3cczf9hm5ctcaclulx8y",
                    "group_title": "Группа 1"
                },
                "mass": 328.0,
                "size": {
                    "width": 900,
                    "height": 2300,
                    "length": 1100
                },
                "sort": 1,
                "type": "box",
                "count": 1,
                "margin": {
                    "width": 0,
                    "height": 0,
                    "length": 0
                },
                "cargo_id": "ktexrv5nusk94zt4no5nbafkmwl4ifgf",
                "stacking": false,
                "turnover": false,
                "stacking_limit": 0
            },
            {
                "info": {
                    "color": "#3b371a",
                    "title": "А14",
                    "article": "А14",
                    "group_id": "1qw1rtij7oxd3cczf9hm5ctcaclulx8y",
                    "group_title": "Группа 1"
                },
                "mass": 328.0,
                "size": {
                    "width": 900,
                    "height": 2300,
                    "length": 1100
                },
                "sort": 1,
                "type": "box",
                "count": 1,
                "margin": {
                    "width": 0,
                    "height": 0,
                    "length": 0
                },
                "cargo_id": "amlpjwypxtrscbqy2meqeptz9xh31l0w",
                "stacking": false,
                "turnover": false,
                "stacking_limit": 0
            },
            {
                "info": {
                    "color": "#a14ddc",
                    "title": "А15",
                    "article": "А15",
                    "group_id": "1qw1rtij7oxd3cczf9hm5ctcaclulx8y",
                    "group_title": "Группа 1"
                },
                "mass": 328.0,
                "size": {
                    "width": 900,
                    "height": 2300,
                    "length": 1100
                },
                "sort": 1,
                "type": "box",
                "count": 1,
                "margin": {
                    "width": 0,
                    "height": 0,
                    "length": 0
                },
                "cargo_id": "m81fls1dftxg2krt7j3symbzwbsa2jmq",
                "stacking": false,
                "turnover": false,
                "stacking_limit": 0
            },
            {
                "info": {
                    "color": "#344087",
                    "title": "А16",
                    "article": "А16",
                    "group_id": "1qw1rtij7oxd3cczf9hm5ctcaclulx8y",
                    "group_title": "Группа 1"
                },
                "mass": 328.0,
                "size": {
                    "width": 900,
                    "height": 2300,
                    "length": 1100
                },
                "sort": 1,
                "type": "box",
                "count": 1,
                "margin": {
                    "width": 0,
                    "height": 0,
                    "length": 0
                },
                "cargo_id": "fmp7xyxzryjx5sj8adx23jcxykjiznd9",
                "stacking": false,
                "turnover": false,
                "stacking_limit": 0
            },
            {
                "info": {
                    "color": "#b0d217",
                    "title": "А17",
                    "article": "А17",
                    "group_id": "1qw1rtij7oxd3cczf9hm5ctcaclulx8y",
                    "group_title": "Группа 1"
                },
                "mass": 138.0,
                "size": {
                    "width": 1050,
                    "height": 1000,
                    "length": 1450
                },
                "sort": 1,
                "type": "box",
                "count": 1,
                "margin": {
                    "width": 0,
                    "height": 0,
                    "length": 0
                },
                "cargo_id": "qjytbsie3qsssbssepquyrqyxotygad7",
                "stacking": false,
                "turnover": false,
                "stacking_limit": 0
            },
            {
                "info": {
                    "color": "#c60283",
                    "title": "А18",
                    "article": "А18",
                    "group_id": "1qw1rtij7oxd3cczf9hm5ctcaclulx8y",
                    "group_title": "Группа 1"
                },
                "mass": 138.0,
                "size": {
                    "width": 1050,
                    "height": 1000,
                    "length": 1450
                },
                "sort": 1,
                "type": "box",
                "count": 1,
                "margin": {
                    "width": 0,
                    "height": 0,
                    "length": 0
                },
                "cargo_id": "4zryfzh63dl6vwgxqrx4vhpsw5smbvhy",
                "stacking": false,
                "turnover": false,
                "stacking_limit": 0
            },
            {
                "info": {
                    "color": "#7ebf61",
                    "title": "А19",
                    "article": "А19",
                    "group_id": "1qw1rtij7oxd3cczf9hm5ctcaclulx8y",
                    "group_title": "Группа 1"
                },
                "mass": 138.0,
                "size": {
                    "width": 1050,
                    "height": 1000,
                    "length": 1450
                },
                "sort": 1,
                "type": "box",
                "count": 1,
                "margin": {
                    "width": 0,
                    "height": 0,
                    "length": 0
                },
                "cargo_id": "liyiqt7uffplbgi8phgi7ggkjcnsi7le",
                "stacking": false,
                "turnover": false,
                "stacking_limit": 0
            },
            {
                "info": {
                    "color": "#027bde",
                    "title": "А20",
                    "article": "А20",
                    "group_id": "1qw1rtij7oxd3cczf9hm5ctcaclulx8y",
                    "group_title": "Группа 1"
                },
                "mass": 138.0,
                "size": {
                    "width": 1100,
                    "height": 1000,
                    "length": 1500
                },
                "sort": 1,
                "type": "box",
                "count": 1,
                "margin": {
                    "width": 0,
                    "height": 0,
                    "length": 0
                },
                "cargo_id": "osnz6cmoegidal4dtgs39cxqj8zt7oy4",
                "stacking": false,
                "turnover": false,
                "stacking_limit": 0
            },
            {
                "info": {
                    "color": "#3831b0",
                    "title": "А21",
                    "article": "А21",
                    "group_id": "1qw1rtij7oxd3cczf9hm5ctcaclulx8y",
                    "group_title": "Группа 1"
                },
                "mass": 138.0,
                "size": {
                    "width": 1100,
                    "height": 1000,
                    "length": 1500
                },
                "sort": 1,
                "type": "box",
                "count": 1,
                "margin": {
                    "width": 0,
                    "height": 0,
                    "length": 0
                },
                "cargo_id": "10vcfixhwgrknhazqamkpiuweebncv8l",
                "stacking": false,
                "turnover": false,
                "stacking_limit": 0
            }
        ],
        "settings": {
            "rank": false,
            "max_step": 100,
            "min_step": 50,
            "usersort": false,
            "hardlimit": 1801,
            "timelimit": 1800,
            "step_scaling": 10
        },
        "put_boxes": [],
        "initial_id": 0,
        "cargo_space": {
            "id": 411,
            "info": {
                "uid": "411_0",
                "sort": 0,
                "title": "Еврофура стандарт"
            },
            "mass": 6500,
            "size": {
                "width": 2480,
                "height": 2650,
                "length": 13692
            },
            "type": "truck",
            "axles": [
                {
                    "title": "Ось 1",
                    "distance": 1155,
                    "max_load": 9000,
                    "default_load": 1665
                },
                {
                    "title": "Ось 2",
                    "distance": 1282,
                    "max_load": 9000,
                    "default_load": 1665
                },
                {
                    "title": "Ось 3",
                    "distance": 1300,
                    "max_load": 9000,
                    "default_load": 1670
                }
            ],
            "hitch": {
                "title": "",
                "distance": 7000,
                "max_load": 12000,
                "default_load": 1500
            },
            "title": "Еврофура стандарт",
            "tractor": {
                "mass": 9000,
                "axles": [
                    {
                        "title": "Ось 1",
                        "distance": 1410,
                        "max_load": 12000,
                        "default_load": 6000
                    },
                    {
                        "title": "Ось 2",
                        "distance": 2827,
                        "max_load": 12000,
                        "default_load": 2300
                    },
                    {
                        "title": "Ось 3",
                        "distance": 1395,
                        "max_load": 12000,
                        "default_load": 2200
                    }
                ],
                "title": "IVECO STRALIS AT440S42",
                "length": 6140,
                "hitch_distance": 778
            },
            "indentation": {
                "width": 0,
                "height": 0,
                "length": 46,
                "height_top": 0,
                "length_end": 46,
                "width_right": 0
            },
            "loading_size": {
                "width": 2480,
                "height": 2650,
                "length": 13600
            },
            "carrying_capacity": 20000
        },
        "calculation_id": "15411"
    },
    "data_result": {
        "boxes": [
            {
                "id": 9,
                "info": {
                    "color": "#3b371a",
                    "title": "А14",
                    "article": "А14",
                    "group_id": "1qw1rtij7oxd3cczf9hm5ctcaclulx8y",
                    "group_title": "Группа 1"
                },
                "mass": 328.0,
                "size": {
                    "width": 900.0,
                    "height": 2300.0,
                    "length": 1100.0
                },
                "sort": 1,
                "step": 1,
                "type": "box",
                "margin": {
                    "width": 0.0,
                    "height": 0.0,
                    "length": 0.0
                },
                "cargo_id": "amlpjwypxtrscbqy2meqeptz9xh31l0w",
                "position": {
                    "x": 0.0,
                    "y": 0.0,
                    "z": 1100.0
                },
                "stacking": false,
                "turnover": false,
                "rotation_state": 1,
                "stacking_limit": 0.0,
                "calculated_size": {
                    "width": 1100.0,
                    "height": 2300.0,
                    "length": 900.0
                },
                "virtual_positions": null
            },
            {
                "id": 8,
                "info": {
                    "color": "#f39f02",
                    "title": "А13",
                    "article": "А13",
                    "group_id": "1qw1rtij7oxd3cczf9hm5ctcaclulx8y",
                    "group_title": "Группа 1"
                },
                "mass": 328.0,
                "size": {
                    "width": 900.0,
                    "height": 2300.0,
                    "length": 1100.0
                },
                "sort": 1,
                "step": 2,
                "type": "box",
                "margin": {
                    "width": 0.0,
                    "height": 0.0,
                    "length": 0.0
                },
                "cargo_id": "ktexrv5nusk94zt4no5nbafkmwl4ifgf",
                "position": {
                    "x": 0.0,
                    "y": 0.0,
                    "z": 0.0
                },
                "stacking": false,
                "turnover": false,
                "rotation_state": 1,
                "stacking_limit": 0.0,
                "calculated_size": {
                    "width": 1100.0,
                    "height": 2300.0,
                    "length": 900.0
                },
                "virtual_positions": null
            },
            {
                "id": 11,
                "info": {
                    "color": "#344087",
                    "title": "А16",
                    "article": "А16",
                    "group_id": "1qw1rtij7oxd3cczf9hm5ctcaclulx8y",
                    "group_title": "Группа 1"
                },
                "mass": 328.0,
                "size": {
                    "width": 900.0,
                    "height": 2300.0,
                    "length": 1100.0
                },
                "sort": 1,
                "step": 3,
                "type": "box",
                "margin": {
                    "width": 0.0,
                    "height": 0.0,
                    "length": 0.0
                },
                "cargo_id": "fmp7xyxzryjx5sj8adx23jcxykjiznd9",
                "position": {
                    "x": 900.0,
                    "y": 0.0,
                    "z": 1100.0
                },
                "stacking": false,
                "turnover": false,
                "rotation_state": 1,
                "stacking_limit": 0.0,
                "calculated_size": {
                    "width": 1100.0,
                    "height": 2300.0,
                    "length": 900.0
                },
                "virtual_positions": null
            },
            {
                "id": 10,
                "info": {
                    "color": "#a14ddc",
                    "title": "А15",
                    "article": "А15",
                    "group_id": "1qw1rtij7oxd3cczf9hm5ctcaclulx8y",
                    "group_title": "Группа 1"
                },
                "mass": 328.0,
                "size": {
                    "width": 900.0,
                    "height": 2300.0,
                    "length": 1100.0
                },
                "sort": 1,
                "step": 4,
                "type": "box",
                "margin": {
                    "width": 0.0,
                    "height": 0.0,
                    "length": 0.0
                },
                "cargo_id": "m81fls1dftxg2krt7j3symbzwbsa2jmq",
                "position": {
                    "x": 900.0,
                    "y": 0.0,
                    "z": 0.0
                },
                "stacking": false,
                "turnover": false,
                "rotation_state": 1,
                "stacking_limit": 0.0,
                "calculated_size": {
                    "width": 1100.0,
                    "height": 2300.0,
                    "length": 900.0
                },
                "virtual_positions": null
            },
            {
                "id": 3,
                "info": {
                    "color": "#6f6769",
                    "title": "А8",
                    "article": "А8",
                    "group_id": "1qw1rtij7oxd3cczf9hm5ctcaclulx8y",
                    "group_title": "Группа 1"
                },
                "mass": 115.0,
                "size": {
                    "width": 900.0,
                    "height": 1600.0,
                    "length": 900.0
                },
                "sort": 1,
                "step": 5,
                "type": "box",
                "margin": {
                    "width": 0.0,
                    "height": 0.0,
                    "length": 0.0
                },
                "cargo_id": "iehilr6ycfa9yfcru2sn5gmqyyyi5pjs",
                "position": {
                    "x": 1800.0,
                    "y": 0.0,
                    "z": 1500.0
                },
                "stacking": false,
                "turnover": false,
                "rotation_state": 0,
                "stacking_limit": 0.0,
                "calculated_size": {
                    "width": 900.0,
                    "height": 1600.0,
                    "length": 900.0
                },
                "virtual_positions": null
            },
            {
                "id": 15,
                "info": {
                    "color": "#027bde",
                    "title": "А20",
                    "article": "А20",
                    "group_id": "1qw1rtij7oxd3cczf9hm5ctcaclulx8y",
                    "group_title": "Группа 1"
                },
                "mass": 138.0,
                "size": {
                    "width": 1100.0,
                    "height": 1000.0,
                    "length": 1500.0
                },
                "sort": 1,
                "step": 6,
                "type": "box",
                "margin": {
                    "width": 0.0,
                    "height": 0.0,
                    "length": 0.0
                },
                "cargo_id": "osnz6cmoegidal4dtgs39cxqj8zt7oy4",
                "position": {
                    "x": 1800.0,
                    "y": 0.0,
                    "z": 0.0
                },
                "stacking": false,
                "turnover": false,
                "rotation_state": 1,
                "stacking_limit": 0.0,
                "calculated_size": {
                    "width": 1500.0,
                    "height": 1000.0,
                    "length": 1100.0
                },
                "virtual_positions": null
            },
            {
                "id": 0,
                "info": {
                    "color": "#bd2254",
                    "title": "А5",
                    "article": "А5",
                    "group_id": "1qw1rtij7oxd3cczf9hm5ctcaclulx8y",
                    "group_title": "Группа 1"
                },
                "mass": 115.0,
                "size": {
                    "width": 850.0,
                    "height": 1600.0,
                    "length": 850.0
                },
                "sort": 1,
                "step": 7,
                "type": "box",
                "margin": {
                    "width": 0.0,
                    "height": 0.0,
                    "length": 0.0
                },
                "cargo_id": "uchiegy40ajf0cv9gw6okz62scvoelru",
                "position": {
                    "x": 2700.0,
                    "y": 0.0,
                    "z": 1500.0
                },
                "stacking": false,
                "turnover": false,
                "rotation_state": 0,
                "stacking_limit": 0.0,
                "calculated_size": {
                    "width": 850.0,
                    "height": 1600.0,
                    "length": 850.0
                },
                "virtual_positions": null
            },
            {
                "id": 7,
                "info": {
                    "color": "#7cb3ce",
                    "title": "А12",
                    "article": "А12",
                    "group_id": "1qw1rtij7oxd3cczf9hm5ctcaclulx8y",
                    "group_title": "Группа 1"
                },
                "mass": 130.0,
                "size": {
                    "width": 900.0,
                    "height": 1000.0,
                    "length": 900.0
                },
                "sort": 1,
                "step": 8,
                "type": "box",
                "margin": {
                    "width": 0.0,
                    "height": 0.0,
                    "length": 0.0
                },
                "cargo_id": "gubnm7spyrjvw3g4r2ho1hvb0ypdl7wc",
                "position": {
                    "x": 3550.0,
                    "y": 0.0,
                    "z": 1500.0
                },
                "stacking": false,
                "turnover": false,
                "rotation_state": 0,
                "stacking_limit": 0.0,
                "calculated_size": {
                    "width": 900.0,
                    "height": 1000.0,
                    "length": 900.0
                },
                "virtual_positions": null
            },
            {
                "id": 16,
                "info": {
                    "color": "#3831b0",
                    "title": "А21",
                    "article": "А21",
                    "group_id": "1qw1rtij7oxd3cczf9hm5ctcaclulx8y",
                    "group_title": "Группа 1"
                },
                "mass": 138.0,
                "size": {
                    "width": 1100.0,
                    "height": 1000.0,
                    "length": 1500.0
                },
                "sort": 1,
                "step": 9,
                "type": "box",
                "margin": {
                    "width": 0.0,
                    "height": 0.0,
                    "length": 0.0
                },
                "cargo_id": "10vcfixhwgrknhazqamkpiuweebncv8l",
                "position": {
                    "x": 2900.0,
                    "y": 0.0,
                    "z": 0.0
                },
                "stacking": false,
                "turnover": false,
                "rotation_state": 1,
                "stacking_limit": 0.0,
                "calculated_size": {
                    "width": 1500.0,
                    "height": 1000.0,
                    "length": 1100.0
                },
                "virtual_positions": null
            },
            {
                "id": 12,
                "info": {
                    "color": "#b0d217",
                    "title": "А17",
                    "article": "А17",
                    "group_id": "1qw1rtij7oxd3cczf9hm5ctcaclulx8y",
                    "group_title": "Группа 1"
                },
                "mass": 138.0,
                "size": {
                    "width": 1050.0,
                    "height": 1000.0,
                    "length": 1450.0
                },
                "sort": 1,
                "step": 10,
                "type": "box",
                "margin": {
                    "width": 0.0,
                    "height": 0.0,
                    "length": 0.0
                },
                "cargo_id": "qjytbsie3qsssbssepquyrqyxotygad7",
                "position": {
                    "x": 4000.0,
                    "y": 0.0,
                    "z": 0.0
                },
                "stacking": false,
                "turnover": false,
                "rotation_state": 1,
                "stacking_limit": 0.0,
                "calculated_size": {
                    "width": 1450.0,
                    "height": 1000.0,
                    "length": 1050.0
                },
                "virtual_positions": null
            },
            {
                "id": 13,
                "info": {
                    "color": "#c60283",
                    "title": "А18",
                    "article": "А18",
                    "group_id": "1qw1rtij7oxd3cczf9hm5ctcaclulx8y",
                    "group_title": "Группа 1"
                },
                "mass": 138.0,
                "size": {
                    "width": 1050.0,
                    "height": 1000.0,
                    "length": 1450.0
                },
                "sort": 1,
                "step": 11,
                "type": "box",
                "margin": {
                    "width": 0.0,
                    "height": 0.0,
                    "length": 0.0
                },
                "cargo_id": "4zryfzh63dl6vwgxqrx4vhpsw5smbvhy",
                "position": {
                    "x": 5050.0,
                    "y": 0.0,
                    "z": 0.0
                },
                "stacking": false,
                "turnover": false,
                "rotation_state": 1,
                "stacking_limit": 0.0,
                "calculated_size": {
                    "width": 1450.0,
                    "height": 1000.0,
                    "length": 1050.0
                },
                "virtual_positions": null
            },
            {
                "id": 14,
                "info": {
                    "color": "#7ebf61",
                    "title": "А19",
                    "article": "А19",
                    "group_id": "1qw1rtij7oxd3cczf9hm5ctcaclulx8y",
                    "group_title": "Группа 1"
                },
                "mass": 138.0,
                "size": {
                    "width": 1050.0,
                    "height": 1000.0,
                    "length": 1450.0
                },
                "sort": 1,
                "step": 12,
                "type": "box",
                "margin": {
                    "width": 0.0,
                    "height": 0.0,
                    "length": 0.0
                },
                "cargo_id": "liyiqt7uffplbgi8phgi7ggkjcnsi7le",
                "position": {
                    "x": 6100.0,
                    "y": 0.0,
                    "z": 0.0
                },
                "stacking": false,
                "turnover": false,
                "rotation_state": 1,
                "stacking_limit": 0.0,
                "calculated_size": {
                    "width": 1450.0,
                    "height": 1000.0,
                    "length": 1050.0
                },
                "virtual_positions": null
            },
            {
                "id": 1,
                "info": {
                    "color": "#fb0e21",
                    "title": "А6",
                    "article": "А6",
                    "group_id": "1qw1rtij7oxd3cczf9hm5ctcaclulx8y",
                    "group_title": "Группа 1"
                },
                "mass": 70.0,
                "size": {
                    "width": 900.0,
                    "height": 1000.0,
                    "length": 900.0
                },
                "sort": 1,
                "step": 13,
                "type": "box",
                "margin": {
                    "width": 0.0,
                    "height": 0.0,
                    "length": 0.0
                },
                "cargo_id": "fduxdlci7gypew6eiksanazq9ewf4m6c",
                "position": {
                    "x": 7150.0,
                    "y": 0.0,
                    "z": 900.0
                },
                "stacking": false,
                "turnover": false,
                "rotation_state": 0,
                "stacking_limit": 0.0,
                "calculated_size": {
                    "width": 900.0,
                    "height": 1000.0,
                    "length": 900.0
                },
                "virtual_positions": null
            },
            {
                "id": 2,
                "info": {
                    "color": "#481bb3",
                    "title": "А7",
                    "article": "А7",
                    "group_id": "1qw1rtij7oxd3cczf9hm5ctcaclulx8y",
                    "group_title": "Группа 1"
                },
                "mass": 130.0,
                "size": {
                    "width": 900.0,
                    "height": 950.0,
                    "length": 900.0
                },
                "sort": 1,
                "step": 14,
                "type": "box",
                "margin": {
                    "width": 0.0,
                    "height": 0.0,
                    "length": 0.0
                },
                "cargo_id": "pypzfj5c6yvezhqibuz9ecaegbmdzmjw",
                "position": {
                    "x": 7150.0,
                    "y": 0.0,
                    "z": 0.0
                },
                "stacking": false,
                "turnover": false,
                "rotation_state": 0,
                "stacking_limit": 0.0,
                "calculated_size": {
                    "width": 900.0,
                    "height": 950.0,
                    "length": 900.0
                },
                "virtual_positions": null
            },
            {
                "id": 5,
                "info": {
                    "color": "#174747",
                    "title": "А10",
                    "article": "А10",
                    "group_id": "1qw1rtij7oxd3cczf9hm5ctcaclulx8y",
                    "group_title": "Группа 1"
                },
                "mass": 70.0,
                "size": {
                    "width": 900.0,
                    "height": 1000.0,
                    "length": 900.0
                },
                "sort": 1,
                "step": 15,
                "type": "box",
                "margin": {
                    "width": 0.0,
                    "height": 0.0,
                    "length": 0.0
                },
                "cargo_id": "cldkrxxsoz0ejm0jwjmwpcrvor4ruxbk",
                "position": {
                    "x": 8050.0,
                    "y": 0.0,
                    "z": 900.0
                },
                "stacking": false,
                "turnover": false,
                "rotation_state": 0,
                "stacking_limit": 0.0,
                "calculated_size": {
                    "width": 900.0,
                    "height": 1000.0,
                    "length": 900.0
                },
                "virtual_positions": null
            },
            {
                "id": 4,
                "info": {
                    "color": "#ce19b3",
                    "title": "А9",
                    "article": "А9",
                    "group_id": "1qw1rtij7oxd3cczf9hm5ctcaclulx8y",
                    "group_title": "Группа 1"
                },
                "mass": 70.0,
                "size": {
                    "width": 900.0,
                    "height": 1000.0,
                    "length": 900.0
                },
                "sort": 1,
                "step": 16,
                "type": "box",
                "margin": {
                    "width": 0.0,
                    "height": 0.0,
                    "length": 0.0
                },
                "cargo_id": "2onmr4dcpvy3cc3n3530ezr2gcywci8t",
                "position": {
                    "x": 8050.0,
                    "y": 0.0,
                    "z": 0.0
                },
                "stacking": false,
                "turnover": false,
                "rotation_state": 0,
                "stacking_limit": 0.0,
                "calculated_size": {
                    "width": 900.0,
                    "height": 1000.0,
                    "length": 900.0
                },
                "virtual_positions": null
            },
            {
                "id": 6,
                "info": {
                    "color": "#1a1ac5",
                    "title": "А11",
                    "article": "А11",
                    "group_id": "1qw1rtij7oxd3cczf9hm5ctcaclulx8y",
                    "group_title": "Группа 1"
                },
                "mass": 70.0,
                "size": {
                    "width": 900.0,
                    "height": 1000.0,
                    "length": 900.0
                },
                "sort": 1,
                "step": 17,
                "type": "box",
                "margin": {
                    "width": 0.0,
                    "height": 0.0,
                    "length": 0.0
                },
                "cargo_id": "jkicgdp3zjrqtkvdulsn8nvv355erpx7",
                "position": {
                    "x": 8950.0,
                    "y": 0.0,
                    "z": 0.0
                },
                "stacking": false,
                "turnover": false,
                "rotation_state": 0,
                "stacking_limit": 0.0,
                "calculated_size": {
                    "width": 900.0,
                    "height": 1000.0,
                    "length": 900.0
                },
                "virtual_positions": null
            }
        ],
        "version": 5,
        "cargo_space": {
            "id": 411,
            "info": {
                "uid": "411_0",
                "sort": 0,
                "title": "Еврофура стандарт"
            },
            "mass": 6500.0,
            "size": {
                "width": 2480.0,
                "height": 2650.0,
                "length": 13692.0
            },
            "type": "truck",
            "axles": [
                {
                    "title": "Ось 1",
                    "distance": 1155.0,
                    "max_load": 9000.0,
                    "default_load": 1665.0,
                    "calculated_load": 1712.08024
                },
                {
                    "title": "Ось 2",
                    "distance": 1282.0,
                    "max_load": 9000.0,
                    "default_load": 1665.0,
                    "calculated_load": 1712.08024
                },
                {
                    "title": "Ось 3",
                    "distance": 1300.0,
                    "max_load": 9000.0,
                    "default_load": 1670.0,
                    "calculated_load": 1717.08024
                }
            ],
            "hitch": {
                "title": "",
                "distance": 7000.0,
                "max_load": 12000.0,
                "default_load": 1500.0,
                "calculated_load": 4130.75927
            },
            "tractor": {
                "mass": 9000.0,
                "axles": [
                    {
                        "title": "Ось 1",
                        "distance": 1410.0,
                        "max_load": 12000.0,
                        "default_load": 6000.0,
                        "calculated_load": 6580.7152
                    },
                    {
                        "title": "Ось 2",
                        "distance": 2827.0,
                        "max_load": 12000.0,
                        "default_load": 2300.0,
                        "calculated_load": 3325.02204
                    },
                    {
                        "title": "Ось 3",
                        "distance": 1395.0,
                        "max_load": 12000.0,
                        "default_load": 2200.0,
                        "calculated_load": 3225.02204
                    }
                ],
                "length": 6140.0,
                "hitch_distance": 778.0
            },
            "full_length": 13692.0,
            "indentation": {
                "width": 0.0,
                "height": 0.0,
                "length": 46.0,
                "height_top": 0.0,
                "length_end": 46.0,
                "width_right": 0.0
            },
            "loading_size": {
                "width": 2480.0,
                "height": 2650.0,
                "length": 13600.0
            },
            "calculation_info": {
                "step_count": 17,
                "cargos_mass": 2.772,
                "load_volume": 89.3792,
                "cargos_volume": 24.247,
                "count_cargoes": 17,
                "load_capacity": 20.0,
                "loading_height": 2.3,
                "density_percent": 44.59464,
                "remaining_volume": 65.1322,
                "void_space_percent": 72.87176,
                "filling_space_percent": 27.12824
            },
            "carrying_capacity": 20000.0,
            "real_center_of_gravity": [
                3172.934704184704,
                831.3672438672438,
                1067.812049062049
            ],
            "ideal_center_of_gravity": [
                6800.0,
                0.0,
                1240.0
            ]
        },
        "cargo_groups": [],
        "packing_type": "PackingTruck PackingLayers",
        "calculation_id": 15411,
        "invalid_errors": [],
        "unpacked_errors": [],
        "validate_errors": [],
        "is_packed_same_boxes": false
    }
}