{
    "data": {
        "cargoes": [
            {
                "info": {
                    "color": "#ad0124",
                    "title": "ЛАНИТ 113",
                    "article": "",
                    "group_id": "1c3jfztkmbfser94icmie7iomydounjs",
                    "group_title": "Группа 4"
                },
                "mass": 100.0,
                "size": {
                    "width": 800,
                    "height": 2000,
                    "length": 1400
                },
                "sort": 1,
                "type": "box",
                "count": 1,
                "margin": {
                    "width": 0,
                    "height": 0,
                    "length": 0
                },
                "cargo_id": "fu38ghacj0zsnyuutbfvi8lph3t8srz2",
                "stacking": false,
                "turnover": false,
                "margin_width": 0,
                "margin_length": 0,
                "stacking_limit": 0
            },
            {
                "info": {
                    "color": "#d8c704",
                    "title": "ПРАЙДЕКС ГВ 200.199",
                    "article": "",
                    "group_id": "2zb398acujxth1veoehqmdpbydhedkvb",
                    "group_title": "Группа 3"
                },
                "mass": 110.0,
                "size": {
                    "width": 800,
                    "height": 2000,
                    "length": 1200
                },
                "sort": 2,
                "type": "box",
                "count": 2,
                "margin": {
                    "width": 0,
                    "height": 0,
                    "length": 0
                },
                "cargo_id": "g5zrrieiili3pyntzmppwbxmhdyidxcd",
                "stacking": false,
                "turnover": false,
                "margin_width": 0,
                "margin_length": 0,
                "stacking_limit": 0
            },
            {
                "info": {
                    "color": "#efcf5b",
                    "title": "ПРАЙДЕКС 144. 154",
                    "article": "",
                    "group_id": "2zb398acujxth1veoehqmdpbydhedkvb",
                    "group_title": "Группа 3"
                },
                "mass": 200.0,
                "size": {
                    "width": 1200,
                    "height": 2000,
                    "length": 1600
                },
                "sort": 2,
                "type": "box",
                "count": 2,
                "margin": {
                    "width": 0,
                    "height": 0,
                    "length": 0
                },
                "cargo_id": "xffo4xfjwdha22kveavlewqrjbifumgy",
                "stacking": false,
                "turnover": false,
                "margin_width": 0,
                "margin_length": 0,
                "stacking_limit": 0
            },
            {
                "info": {
                    "color": "#6440b2",
                    "title": "ПРАЙДЕКС 113.133.134.ГВ 202.201",
                    "article": "",
                    "group_id": "2zb398acujxth1veoehqmdpbydhedkvb",
                    "group_title": "Группа 3"
                },
                "mass": 200.0,
                "size": {
                    "width": 800,
                    "height": 2000,
                    "length": 1400
                },
                "sort": 2,
                "type": "box",
                "count": 7,
                "margin": {
                    "width": 0,
                    "height": 0,
                    "length": 0
                },
                "cargo_id": "ld5jorvqy0eyjaiy5vuqdywz5nxpc5to",
                "stacking": false,
                "turnover": false,
                "margin_width": 0,
                "margin_length": 0,
                "stacking_limit": 0
            },
            {
                "info": {
                    "color": "#cf40f7",
                    "title": "АЙ - ТЕКО",
                    "article": "",
                    "group_id": "31zt3rpu234j2xvzxhabaepkbkewzwrl",
                    "group_title": "Группа 2"
                },
                "mass": 200.0,
                "size": {
                    "width": 800,
                    "height": 2000,
                    "length": 1200
                },
                "sort": 3,
                "type": "box",
                "count": 1,
                "margin": {
                    "width": 0,
                    "height": 0,
                    "length": 0
                },
                "cargo_id": "q47dh5eostf1k7c05gb654e3eou4x86m",
                "stacking": false,
                "turnover": false,
                "margin_width": 0,
                "margin_length": 0,
                "stacking_limit": 0
            },
            {
                "info": {
                    "color": "#c42805",
                    "title": "АЙ - ТЕКО 113",
                    "article": "",
                    "group_id": "31zt3rpu234j2xvzxhabaepkbkewzwrl",
                    "group_title": "Группа 2"
                },
                "mass": 200.0,
                "size": {
                    "width": 800,
                    "height": 2000,
                    "length": 1400
                },
                "sort": 3,
                "type": "box",
                "count": 4,
                "margin": {
                    "width": 0,
                    "height": 0,
                    "length": 0
                },
                "cargo_id": "b9ep6sqqgfe3top9skz9auo5m6s3lwin",
                "stacking": false,
                "turnover": false,
                "margin_width": 0,
                "margin_length": 0,
                "stacking_limit": 0
            },
            {
                "info": {
                    "color": "#e85f95",
                    "title": "АЙ-ТЕКО 154",
                    "article": "",
                    "group_id": "31zt3rpu234j2xvzxhabaepkbkewzwrl",
                    "group_title": "Группа 2"
                },
                "mass": 200.0,
                "size": {
                    "width": 1200,
                    "height": 2000,
                    "length": 1600
                },
                "sort": 3,
                "type": "box",
                "count": 5,
                "margin": {
                    "width": 0,
                    "height": 0,
                    "length": 0
                },
                "cargo_id": "ogqp3bbq89daszsufhawjrvnek3mseq8",
                "stacking": false,
                "turnover": false,
                "margin_width": 0,
                "margin_length": 0,
                "stacking_limit": 0
            },
            {
                "info": {
                    "color": "#81e055",
                    "title": "БС 150",
                    "article": "",
                    "group_id": "4wkodwbnix2rrqapalnsuswe9vkf69gk",
                    "group_title": "Группа 1"
                },
                "mass": 100.0,
                "size": {
                    "width": 800,
                    "height": 1400,
                    "length": 800
                },
                "sort": 4,
                "type": "box",
                "count": 1,
                "margin": {
                    "width": 0,
                    "height": 0,
                    "length": 0
                },
                "cargo_id": "zh25nwu9dvievqrdu8paceley0d62p7y",
                "stacking": false,
                "turnover": false,
                "margin_width": 0,
                "margin_length": 0,
                "stacking_limit": 0
            },
            {
                "info": {
                    "color": "#ce4925",
                    "title": "БС 850.950",
                    "article": "",
                    "group_id": "4wkodwbnix2rrqapalnsuswe9vkf69gk",
                    "group_title": "Группа 1"
                },
                "mass": 200.0,
                "size": {
                    "width": 1100,
                    "height": 2000,
                    "length": 1200
                },
                "sort": 4,
                "type": "box",
                "count": 2,
                "margin": {
                    "width": 0,
                    "height": 0,
                    "length": 0
                },
                "cargo_id": "4edo38xkerzsor87sey8sw0os7vodpcq",
                "stacking": false,
                "turnover": false,
                "margin_width": 0,
                "margin_length": 0,
                "stacking_limit": 0
            },
            {
                "info": {
                    "color": "#9d66f4",
                    "title": "БС - ГРУП 134 ГВ. Ф",
                    "article": "",
                    "group_id": "4wkodwbnix2rrqapalnsuswe9vkf69gk",
                    "group_title": "Группа 1"
                },
                "mass": 200.0,
                "size": {
                    "width": 800,
                    "height": 2000,
                    "length": 1400
                },
                "sort": 4,
                "type": "box",
                "count": 1,
                "margin": {
                    "width": 0,
                    "height": 0,
                    "length": 0
                },
                "cargo_id": "y26a0pkkpkmwndrqo4jzqev4xm20mxwv",
                "stacking": false,
                "turnover": false,
                "margin_width": 0,
                "margin_length": 0,
                "stacking_limit": 0
            }
        ],
        "settings": {
            "rank": false,
            "max_step": 100,
            "min_step": 50,
            "usersort": true,
            "hardlimit": 1801,
            "timelimit": 1800,
            "step_scaling": 10
        },
        "put_boxes": [],
        "initial_id": 0,
        "cargo_space": {
            "id": 1132,
            "info": {
                "uid": "1132_0",
                "sort": 0,
                "title": "Коротыш 8000"
            },
            "mass": 6388,
            "size": {
                "width": 2500,
                "height": 2650,
                "length": 9100
            },
            "type": "truck",
            "axles": [
                {
                    "title": "Ось 1",
                    "distance": 1890,
                    "max_load": 9250,
                    "default_load": 1597
                },
                {
                    "title": "Ось 2",
                    "distance": 1310,
                    "max_load": 9250,
                    "default_load": 1597
                },
                {
                    "title": "Ось 3",
                    "distance": 1310,
                    "max_load": 9250,
                    "default_load": 1597
                }
            ],
            "hitch": {
                "title": "",
                "distance": 4450,
                "max_load": 5600,
                "default_load": 1597
            },
            "title": "Коротыш 8000",
            "tractor": {
                "mass": 6203,
                "axles": [
                    {
                        "title": "Ось 1",
                        "distance": 1475,
                        "max_load": 8666,
                        "default_load": 2600
                    },
                    {
                        "title": "Ось 2",
                        "distance": 3300,
                        "max_load": 8666,
                        "default_load": 2600
                    },
                    {
                        "title": "Ось 3",
                        "distance": 1440,
                        "max_load": 8666,
                        "default_load": 2600
                    }
                ],
                "title": "Тягач №1 (3 оси)",
                "length": 6600,
                "hitch_distance": 1060
            },
            "indentation": {
                "width": 25,
                "height": 0,
                "length": 550,
                "height_top": 0,
                "length_end": 550,
                "width_right": 25
            },
            "loading_size": {
                "width": 2450,
                "height": 2650,
                "length": 8000
            },
            "carrying_capacity": 34470
        },
        "calculation_id": "16018"
    },
    "data_result": {
        "boxes": [
            {
                "id": 5,
                "info": {
                    "color": "#6440b2",
                    "title": "ПРАЙДЕКС 113.133.134.ГВ 202.201",
                    "article": "",
                    "group_id": "2zb398acujxth1veoehqmdpbydhedkvb",
                    "group_title": "Группа 3"
                },
                "mass": 200.0,
                "size": {
                    "width": 800.0,
                    "height": 2000.0,
                    "length": 1400.0
                },
                "sort": 2,
                "step": 1,
                "type": "box",
                "margin": {
                    "width": 0.0,
                    "height": 0.0,
                    "length": 0.0
                },
                "cargo_id": "ld5jorvqy0eyjaiy5vuqdywz5nxpc5to",
                "position": {
                    "x": 0.0,
                    "y": 0.0,
                    "z": 1650.0
                },
                "stacking": false,
                "turnover": false,
                "rotation_state": 0,
                "stacking_limit": 0.0,
                "calculated_size": {
                    "width": 800.0,
                    "height": 2000.0,
                    "length": 1400.0
                },
                "virtual_positions": null
            },
            {
                "id": 0,
                "info": {
                    "color": "#ad0124",
                    "title": "ЛАНИТ 113",
                    "article": "",
                    "group_id": "1c3jfztkmbfser94icmie7iomydounjs",
                    "group_title": "Группа 4"
                },
                "mass": 100.0,
                "size": {
                    "width": 800.0,
                    "height": 2000.0,
                    "length": 1400.0
                },
                "sort": 1,
                "step": 2,
                "type": "box",
                "margin": {
                    "width": 0.0,
                    "height": 0.0,
                    "length": 0.0
                },
                "cargo_id": "fu38ghacj0zsnyuutbfvi8lph3t8srz2",
                "position": {
                    "x": 0.0,
                    "y": 0.0,
                    "z": 0.0
                },
                "stacking": false,
                "turnover": false,
                "rotation_state": 1,
                "stacking_limit": 0.0,
                "calculated_size": {
                    "width": 1400.0,
                    "height": 2000.0,
                    "length": 800.0
                },
                "virtual_positions": null
            },
            {
                "id": 6,
                "info": {
                    "color": "#6440b2",
                    "title": "ПРАЙДЕКС 113.133.134.ГВ 202.201",
                    "article": "",
                    "group_id": "2zb398acujxth1veoehqmdpbydhedkvb",
                    "group_title": "Группа 3"
                },
                "mass": 200.0,
                "size": {
                    "width": 800.0,
                    "height": 2000.0,
                    "length": 1400.0
                },
                "sort": 2,
                "step": 3,
                "type": "box",
                "margin": {
                    "width": 0.0,
                    "height": 0.0,
                    "length": 0.0
                },
                "cargo_id": "ld5jorvqy0eyjaiy5vuqdywz5nxpc5to",
                "position": {
                    "x": 1400.0,
                    "y": 0.0,
                    "z": 1650.0
                },
                "stacking": false,
                "turnover": false,
                "rotation_state": 0,
                "stacking_limit": 0.0,
                "calculated_size": {
                    "width": 800.0,
                    "height": 2000.0,
                    "length": 1400.0
                },
                "virtual_positions": null
            },
            {
                "id": 3,
                "info": {
                    "color": "#efcf5b",
                    "title": "ПРАЙДЕКС 144. 154",
                    "article": "",
                    "group_id": "2zb398acujxth1veoehqmdpbydhedkvb",
                    "group_title": "Группа 3"
                },
                "mass": 200.0,
                "size": {
                    "width": 1200.0,
                    "height": 2000.0,
                    "length": 1600.0
                },
                "sort": 2,
                "step": 4,
                "type": "box",
                "margin": {
                    "width": 0.0,
                    "height": 0.0,
                    "length": 0.0
                },
                "cargo_id": "xffo4xfjwdha22kveavlewqrjbifumgy",
                "position": {
                    "x": 800.0,
                    "y": 0.0,
                    "z": 0.0
                },
                "stacking": false,
                "turnover": false,
                "rotation_state": 1,
                "stacking_limit": 0.0,
                "calculated_size": {
                    "width": 1600.0,
                    "height": 2000.0,
                    "length": 1200.0
                },
                "virtual_positions": null
            },
            {
                "id": 7,
                "info": {
                    "color": "#6440b2",
                    "title": "ПРАЙДЕКС 113.133.134.ГВ 202.201",
                    "article": "",
                    "group_id": "2zb398acujxth1veoehqmdpbydhedkvb",
                    "group_title": "Группа 3"
                },
                "mass": 200.0,
                "size": {
                    "width": 800.0,
                    "height": 2000.0,
                    "length": 1400.0
                },
                "sort": 2,
                "step": 5,
                "type": "box",
                "margin": {
                    "width": 0.0,
                    "height": 0.0,
                    "length": 0.0
                },
                "cargo_id": "ld5jorvqy0eyjaiy5vuqdywz5nxpc5to",
                "position": {
                    "x": 2800.0,
                    "y": 0.0,
                    "z": 1650.0
                },
                "stacking": false,
                "turnover": false,
                "rotation_state": 0,
                "stacking_limit": 0.0,
                "calculated_size": {
                    "width": 800.0,
                    "height": 2000.0,
                    "length": 1400.0
                },
                "virtual_positions": null
            },
            {
                "id": 4,
                "info": {
                    "color": "#efcf5b",
                    "title": "ПРАЙДЕКС 144. 154",
                    "article": "",
                    "group_id": "2zb398acujxth1veoehqmdpbydhedkvb",
                    "group_title": "Группа 3"
                },
                "mass": 200.0,
                "size": {
                    "width": 1200.0,
                    "height": 2000.0,
                    "length": 1600.0
                },
                "sort": 2,
                "step": 6,
                "type": "box",
                "margin": {
                    "width": 0.0,
                    "height": 0.0,
                    "length": 0.0
                },
                "cargo_id": "xffo4xfjwdha22kveavlewqrjbifumgy",
                "position": {
                    "x": 2000.0,
                    "y": 0.0,
                    "z": 0.0
                },
                "stacking": false,
                "turnover": false,
                "rotation_state": 1,
                "stacking_limit": 0.0,
                "calculated_size": {
                    "width": 1600.0,
                    "height": 2000.0,
                    "length": 1200.0
                },
                "virtual_positions": null
            },
            {
                "id": 8,
                "info": {
                    "color": "#6440b2",
                    "title": "ПРАЙДЕКС 113.133.134.ГВ 202.201",
                    "article": "",
                    "group_id": "2zb398acujxth1veoehqmdpbydhedkvb",
                    "group_title": "Группа 3"
                },
                "mass": 200.0,
                "size": {
                    "width": 800.0,
                    "height": 2000.0,
                    "length": 1400.0
                },
                "sort": 2,
                "step": 7,
                "type": "box",
                "margin": {
                    "width": 0.0,
                    "height": 0.0,
                    "length": 0.0
                },
                "cargo_id": "ld5jorvqy0eyjaiy5vuqdywz5nxpc5to",
                "position": {
                    "x": 3200.0,
                    "y": 0.0,
                    "z": 0.0
                },
                "stacking": false,
                "turnover": false,
                "rotation_state": 1,
                "stacking_limit": 0.0,
                "calculated_size": {
                    "width": 1400.0,
                    "height": 2000.0,
                    "length": 800.0
                },
                "virtual_positions": null
            },
            {
                "id": 10,
                "info": {
                    "color": "#6440b2",
                    "title": "ПРАЙДЕКС 113.133.134.ГВ 202.201",
                    "article": "",
                    "group_id": "2zb398acujxth1veoehqmdpbydhedkvb",
                    "group_title": "Группа 3"
                },
                "mass": 200.0,
                "size": {
                    "width": 800.0,
                    "height": 2000.0,
                    "length": 1400.0
                },
                "sort": 2,
                "step": 8,
                "type": "box",
                "margin": {
                    "width": 0.0,
                    "height": 0.0,
                    "length": 0.0
                },
                "cargo_id": "ld5jorvqy0eyjaiy5vuqdywz5nxpc5to",
                "position": {
                    "x": 4200.0,
                    "y": 0.0,
                    "z": 1650.0
                },
                "stacking": false,
                "turnover": false,
                "rotation_state": 0,
                "stacking_limit": 0.0,
                "calculated_size": {
                    "width": 800.0,
                    "height": 2000.0,
                    "length": 1400.0
                },
                "virtual_positions": null
            },
            {
                "id": 9,
                "info": {
                    "color": "#6440b2",
                    "title": "ПРАЙДЕКС 113.133.134.ГВ 202.201",
                    "article": "",
                    "group_id": "2zb398acujxth1veoehqmdpbydhedkvb",
                    "group_title": "Группа 3"
                },
                "mass": 200.0,
                "size": {
                    "width": 800.0,
                    "height": 2000.0,
                    "length": 1400.0
                },
                "sort": 2,
                "step": 9,
                "type": "box",
                "margin": {
                    "width": 0.0,
                    "height": 0.0,
                    "length": 0.0
                },
                "cargo_id": "ld5jorvqy0eyjaiy5vuqdywz5nxpc5to",
                "position": {
                    "x": 4000.0,
                    "y": 0.0,
                    "z": 0.0
                },
                "stacking": false,
                "turnover": false,
                "rotation_state": 1,
                "stacking_limit": 0.0,
                "calculated_size": {
                    "width": 1400.0,
                    "height": 2000.0,
                    "length": 800.0
                },
                "virtual_positions": null
            },
            {
                "id": 11,
                "info": {
                    "color": "#6440b2",
                    "title": "ПРАЙДЕКС 113.133.134.ГВ 202.201",
                    "article": "",
                    "group_id": "2zb398acujxth1veoehqmdpbydhedkvb",
                    "group_title": "Группа 3"
                },
                "mass": 200.0,
                "size": {
                    "width": 800.0,
                    "height": 2000.0,
                    "length": 1400.0
                },
                "sort": 2,
                "step": 10,
                "type": "box",
                "margin": {
                    "width": 0.0,
                    "height": 0.0,
                    "length": 0.0
                },
                "cargo_id": "ld5jorvqy0eyjaiy5vuqdywz5nxpc5to",
                "position": {
                    "x": 4800.0,
                    "y": 0.0,
                    "z": 0.0
                },
                "stacking": false,
                "turnover": false,
                "rotation_state": 1,
                "stacking_limit": 0.0,
                "calculated_size": {
                    "width": 1400.0,
                    "height": 2000.0,
                    "length": 800.0
                },
                "virtual_positions": null
            },
            {
                "id": 2,
                "info": {
                    "color": "#d8c704",
                    "title": "ПРАЙДЕКС ГВ 200.199",
                    "article": "",
                    "group_id": "2zb398acujxth1veoehqmdpbydhedkvb",
                    "group_title": "Группа 3"
                },
                "mass": 110.0,
                "size": {
                    "width": 800.0,
                    "height": 2000.0,
                    "length": 1200.0
                },
                "sort": 2,
                "step": 11,
                "type": "box",
                "margin": {
                    "width": 0.0,
                    "height": 0.0,
                    "length": 0.0
                },
                "cargo_id": "g5zrrieiili3pyntzmppwbxmhdyidxcd",
                "position": {
                    "x": 5600.0,
                    "y": 0.0,
                    "z": 1200.0
                },
                "stacking": false,
                "turnover": false,
                "rotation_state": 1,
                "stacking_limit": 0.0,
                "calculated_size": {
                    "width": 1200.0,
                    "height": 2000.0,
                    "length": 800.0
                },
                "virtual_positions": null
            },
            {
                "id": 1,
                "info": {
                    "color": "#d8c704",
                    "title": "ПРАЙДЕКС ГВ 200.199",
                    "article": "",
                    "group_id": "2zb398acujxth1veoehqmdpbydhedkvb",
                    "group_title": "Группа 3"
                },
                "mass": 110.0,
                "size": {
                    "width": 800.0,
                    "height": 2000.0,
                    "length": 1200.0
                },
                "sort": 2,
                "step": 12,
                "type": "box",
                "margin": {
                    "width": 0.0,
                    "height": 0.0,
                    "length": 0.0
                },
                "cargo_id": "g5zrrieiili3pyntzmppwbxmhdyidxcd",
                "position": {
                    "x": 5600.0,
                    "y": 0.0,
                    "z": 0.0
                },
                "stacking": false,
                "turnover": false,
                "rotation_state": 1,
                "stacking_limit": 0.0,
                "calculated_size": {
                    "width": 1200.0,
                    "height": 2000.0,
                    "length": 800.0
                },
                "virtual_positions": null
            },
            {
                "id": 13,
                "info": {
                    "color": "#c42805",
                    "title": "АЙ - ТЕКО 113",
                    "article": "",
                    "group_id": "31zt3rpu234j2xvzxhabaepkbkewzwrl",
                    "group_title": "Группа 2"
                },
                "mass": 200.0,
                "size": {
                    "width": 800.0,
                    "height": 2000.0,
                    "length": 1400.0
                },
                "sort": 3,
                "step": 13,
                "type": "box",
                "margin": {
                    "width": 0.0,
                    "height": 0.0,
                    "length": 0.0
                },
                "cargo_id": "b9ep6sqqgfe3top9skz9auo5m6s3lwin",
                "position": {
                    "x": 6400.0,
                    "y": 0.0,
                    "z": 1200.0
                },
                "stacking": false,
                "turnover": false,
                "rotation_state": 0,
                "stacking_limit": 0.0,
                "calculated_size": {
                    "width": 800.0,
                    "height": 2000.0,
                    "length": 1400.0
                },
                "virtual_positions": null
            },
            {
                "id": 12,
                "info": {
                    "color": "#cf40f7",
                    "title": "АЙ - ТЕКО",
                    "article": "",
                    "group_id": "31zt3rpu234j2xvzxhabaepkbkewzwrl",
                    "group_title": "Группа 2"
                },
                "mass": 200.0,
                "size": {
                    "width": 800.0,
                    "height": 2000.0,
                    "length": 1200.0
                },
                "sort": 3,
                "step": 14,
                "type": "box",
                "margin": {
                    "width": 0.0,
                    "height": 0.0,
                    "length": 0.0
                },
                "cargo_id": "q47dh5eostf1k7c05gb654e3eou4x86m",
                "position": {
                    "x": 6400.0,
                    "y": 0.0,
                    "z": 0.0
                },
                "stacking": false,
                "turnover": false,
                "rotation_state": 1,
                "stacking_limit": 0.0,
                "calculated_size": {
                    "width": 1200.0,
                    "height": 2000.0,
                    "length": 800.0
                },
                "virtual_positions": null
            },
            {
                "id": 22,
                "info": {
                    "color": "#81e055",
                    "title": "БС 150",
                    "article": "",
                    "group_id": "4wkodwbnix2rrqapalnsuswe9vkf69gk",
                    "group_title": "Группа 1"
                },
                "mass": 100.0,
                "size": {
                    "width": 800.0,
                    "height": 1400.0,
                    "length": 800.0
                },
                "sort": 4,
                "step": 15,
                "type": "box",
                "margin": {
                    "width": 0.0,
                    "height": 0.0,
                    "length": 0.0
                },
                "cargo_id": "zh25nwu9dvievqrdu8paceley0d62p7y",
                "position": {
                    "x": 7200.0,
                    "y": 0.0,
                    "z": 0.0
                },
                "stacking": false,
                "turnover": false,
                "rotation_state": 0,
                "stacking_limit": 0.0,
                "calculated_size": {
                    "width": 800.0,
                    "height": 1400.0,
                    "length": 800.0
                },
                "virtual_positions": null
            }
        ],
        "version": 5,
        "cargo_space": {
            "id": 1132,
            "info": {
                "uid": "1132_0",
                "sort": 0,
                "title": "Коротыш 8000"
            },
            "mass": 6388.0,
            "size": {
                "width": 2500.0,
                "height": 2650.0,
                "length": 9100.0
            },
            "type": "truck",
            "axles": [
                {
                    "title": "Ось 1",
                    "distance": 1890.0,
                    "max_load": 9250.0,
                    "default_load": 1597.0,
                    "calculated_load": 2552.65396
                },
                {
                    "title": "Ось 2",
                    "distance": 1310.0,
                    "max_load": 9250.0,
                    "default_load": 1597.0,
                    "calculated_load": 2552.65396
                },
                {
                    "title": "Ось 3",
                    "distance": 1310.0,
                    "max_load": 9250.0,
                    "default_load": 1597.0,
                    "calculated_load": 2552.65396
                }
            ],
            "hitch": {
                "title": "",
                "distance": 4450.0,
                "max_load": 5600.0,
                "default_load": 1597.0,
                "calculated_load": 1350.03813
            },
            "tractor": {
                "mass": 6203.0,
                "axles": [
                    {
                        "title": "Ось 1",
                        "distance": 1475.0,
                        "max_load": 8666.0,
                        "default_load": 2600.0,
                        "calculated_load": 2534.8807
                    },
                    {
                        "title": "Ось 2",
                        "distance": 3300.0,
                        "max_load": 8666.0,
                        "default_load": 2600.0,
                        "calculated_load": 2509.07871
                    },
                    {
                        "title": "Ось 3",
                        "distance": 1440.0,
                        "max_load": 8666.0,
                        "default_load": 2600.0,
                        "calculated_load": 2509.07871
                    }
                ],
                "length": 6600.0,
                "hitch_distance": 1060.0
            },
            "full_length": 9100.0,
            "indentation": {
                "width": 25.0,
                "height": 0.0,
                "length": 550.0,
                "height_top": 0.0,
                "length_end": 550.0,
                "width_right": 25.0
            },
            "loading_size": {
                "width": 2450.0,
                "height": 2650.0,
                "length": 8000.0
            },
            "calculation_info": {
                "step_count": 15,
                "cargos_mass": 2.62,
                "load_volume": 51.94,
                "cargos_volume": 34.496,
                "count_cargoes": 15,
                "load_capacity": 34.47,
                "loading_height": 2.0,
                "density_percent": 88.0,
                "remaining_volume": 17.444,
                "void_space_percent": 33.58491,
                "filling_space_percent": 66.41509
            },
            "carrying_capacity": 34470.0,
            "real_center_of_gravity": [
                4038.1679389312976,
                988.5496183206106,
                1219.0839694656486
            ],
            "ideal_center_of_gravity": [
                4000.0,
                0.0,
                1225.0
            ]
        },
        "cargo_groups": [
            {
                "info": {
                    "color": "#c42805",
                    "title": "АЙ - ТЕКО 113",
                    "article": "",
                    "group_id": "31zt3rpu234j2xvzxhabaepkbkewzwrl",
                    "group_title": "Группа 2"
                },
                "mass": 200.0,
                "size": {
                    "width": 800.0,
                    "height": 2000.0,
                    "length": 1400.0
                },
                "sort": 3,
                "type": "box",
                "count": 3.0,
                "margin": {
                    "width": 0.0,
                    "height": 0.0,
                    "length": 0.0
                },
                "cargo_id": "b9ep6sqqgfe3top9skz9auo5m6s3lwin",
                "stacking": false,
                "turnover": false,
                "stacking_limit": 0.0,
                "prepare_last_result": "errorIntersectionContainer"
            },
            {
                "info": {
                    "color": "#e85f95",
                    "title": "АЙ-ТЕКО 154",
                    "article": "",
                    "group_id": "31zt3rpu234j2xvzxhabaepkbkewzwrl",
                    "group_title": "Группа 2"
                },
                "mass": 200.0,
                "size": {
                    "width": 1200.0,
                    "height": 2000.0,
                    "length": 1600.0
                },
                "sort": 3,
                "type": "box",
                "count": 5.0,
                "margin": {
                    "width": 0.0,
                    "height": 0.0,
                    "length": 0.0
                },
                "cargo_id": "ogqp3bbq89daszsufhawjrvnek3mseq8",
                "stacking": false,
                "turnover": false,
                "stacking_limit": 0.0,
                "prepare_last_result": "errorIntersectionContainer"
            },
            {
                "info": {
                    "color": "#ce4925",
                    "title": "БС 850.950",
                    "article": "",
                    "group_id": "4wkodwbnix2rrqapalnsuswe9vkf69gk",
                    "group_title": "Группа 1"
                },
                "mass": 200.0,
                "size": {
                    "width": 1100.0,
                    "height": 2000.0,
                    "length": 1200.0
                },
                "sort": 4,
                "type": "box",
                "count": 2.0,
                "margin": {
                    "width": 0.0,
                    "height": 0.0,
                    "length": 0.0
                },
                "cargo_id": "4edo38xkerzsor87sey8sw0os7vodpcq",
                "stacking": false,
                "turnover": false,
                "stacking_limit": 0.0,
                "prepare_last_result": "errorIntersectionContainer"
            },
            {
                "info": {
                    "color": "#9d66f4",
                    "title": "БС - ГРУП 134 ГВ. Ф",
                    "article": "",
                    "group_id": "4wkodwbnix2rrqapalnsuswe9vkf69gk",
                    "group_title": "Группа 1"
                },
                "mass": 200.0,
                "size": {
                    "width": 800.0,
                    "height": 2000.0,
                    "length": 1400.0
                },
                "sort": 4,
                "type": "box",
                "count": 1.0,
                "margin": {
                    "width": 0.0,
                    "height": 0.0,
                    "length": 0.0
                },
                "cargo_id": "y26a0pkkpkmwndrqo4jzqev4xm20mxwv",
                "stacking": false,
                "turnover": false,
                "stacking_limit": 0.0,
                "prepare_last_result": "errorIntersectionContainer"
            }
        ],
        "packing_type": "PackingTruck PackingStepByStep_userSort",
        "calculation_id": 16018,
        "invalid_errors": [],
        "unpacked_errors": [
            {
                "key": 0,
                "name": "success",
                "boxes": [
                    {
                        "id": "b9ep6sqqgfe3top9skz9auo5m6s3lwin",
                        "info": {
                            "color": "#c42805",
                            "title": "АЙ - ТЕКО 113",
                            "article": "",
                            "group_id": "31zt3rpu234j2xvzxhabaepkbkewzwrl",
                            "group_title": "Группа 2"
                        }
                    },
                    {
                        "id": "ogqp3bbq89daszsufhawjrvnek3mseq8",
                        "info": {
                            "color": "#e85f95",
                            "title": "АЙ-ТЕКО 154",
                            "article": "",
                            "group_id": "31zt3rpu234j2xvzxhabaepkbkewzwrl",
                            "group_title": "Группа 2"
                        }
                    },
                    {
                        "id": "4edo38xkerzsor87sey8sw0os7vodpcq",
                        "info": {
                            "color": "#ce4925",
                            "title": "БС 850.950",
                            "article": "",
                            "group_id": "4wkodwbnix2rrqapalnsuswe9vkf69gk",
                            "group_title": "Группа 1"
                        }
                    }
                ]
            },
            {
                "key": 11,
                "name": "errorIntersectionContainer",
                "boxes": [
                    {
                        "id": "b9ep6sqqgfe3top9skz9auo5m6s3lwin",
                        "info": {
                            "color": "#c42805",
                            "title": "АЙ - ТЕКО 113",
                            "article": "",
                            "group_id": "31zt3rpu234j2xvzxhabaepkbkewzwrl",
                            "group_title": "Группа 2"
                        }
                    },
                    {
                        "id": "ogqp3bbq89daszsufhawjrvnek3mseq8",
                        "info": {
                            "color": "#e85f95",
                            "title": "АЙ-ТЕКО 154",
                            "article": "",
                            "group_id": "31zt3rpu234j2xvzxhabaepkbkewzwrl",
                            "group_title": "Группа 2"
                        }
                    },
                    {
                        "id": "4edo38xkerzsor87sey8sw0os7vodpcq",
                        "info": {
                            "color": "#ce4925",
                            "title": "БС 850.950",
                            "article": "",
                            "group_id": "4wkodwbnix2rrqapalnsuswe9vkf69gk",
                            "group_title": "Группа 1"
                        }
                    },
                    {
                        "id": "y26a0pkkpkmwndrqo4jzqev4xm20mxwv",
                        "info": {
                            "color": "#9d66f4",
                            "title": "БС - ГРУП 134 ГВ. Ф",
                            "article": "",
                            "group_id": "4wkodwbnix2rrqapalnsuswe9vkf69gk",
                            "group_title": "Группа 1"
                        }
                    }
                ]
            }
        ],
        "validate_errors": [],
        "is_packed_same_boxes": false
    }
}