{
    "data": {
        "cargoes": [
            {
                "info": {
                    "color": "#d13cbd",
                    "title": "с ноутом",
                    "article": "",
                    "group_id": "1vx3x8upyo7jmu0ycsxftq0txul0b57y",
                    "group_title": "Группа 1"
                },
                "mass": 30.0,
                "size": {
                    "width": 600,
                    "height": 670,
                    "length": 450
                },
                "sort": 1,
                "type": "box",
                "count": 1,
                "margin": {
                    "width": 0,
                    "height": 0,
                    "length": 0
                },
                "cargo_id": "ojxhx6zbekddarfubtutrpyftmevlzsu",
                "stacking": false,
                "turnover": false,
                "margin_width": 0,
                "margin_length": 0,
                "stacking_limit": 0
            },
            {
                "info": {
                    "color": "#189616",
                    "title": "система для напольного",
                    "article": "",
                    "group_id": "1vx3x8upyo7jmu0ycsxftq0txul0b57y",
                    "group_title": "Группа 1"
                },
                "mass": 120.0,
                "size": {
                    "width": 540,
                    "height": 1205,
                    "length": 780
                },
                "sort": 1,
                "type": "box",
                "count": 1,
                "margin": {
                    "width": 0,
                    "height": 0,
                    "length": 0
                },
                "cargo_id": "qyyvmlupkdfdkc7u2ccrkbs5ygnjeisa",
                "stacking": false,
                "turnover": false,
                "margin_width": 0,
                "margin_length": 0,
                "stacking_limit": 0
            },
            {
                "info": {
                    "color": "#48c96d",
                    "title": "станция насосная",
                    "article": "",
                    "group_id": "1vx3x8upyo7jmu0ycsxftq0txul0b57y",
                    "group_title": "Группа 1"
                },
                "mass": 200.0,
                "size": {
                    "width": 560,
                    "height": 1550,
                    "length": 950
                },
                "sort": 1,
                "type": "box",
                "count": 1,
                "margin": {
                    "width": 0,
                    "height": 0,
                    "length": 0
                },
                "cargo_id": "4o6z3we1exum9shylbhocmru80pukvev",
                "stacking": false,
                "turnover": false,
                "margin_width": 0,
                "margin_length": 0,
                "stacking_limit": 0
            },
            {
                "info": {
                    "color": "#6835ba",
                    "title": "на несущем рычаге",
                    "article": "",
                    "group_id": "1vx3x8upyo7jmu0ycsxftq0txul0b57y",
                    "group_title": "Группа 1"
                },
                "mass": 40.0,
                "size": {
                    "width": 650,
                    "height": 200,
                    "length": 1040
                },
                "sort": 1,
                "type": "box",
                "count": 1,
                "margin": {
                    "width": 0,
                    "height": 0,
                    "length": 0
                },
                "cargo_id": "hp1vnipxrzyjybbmcqivs5ojah8o4kka",
                "stacking": false,
                "turnover": false,
                "margin_width": 0,
                "margin_length": 0,
                "stacking_limit": 0
            },
            {
                "info": {
                    "color": "#0d077a",
                    "title": "Стенд",
                    "article": "",
                    "group_id": "1vx3x8upyo7jmu0ycsxftq0txul0b57y",
                    "group_title": "Группа 1"
                },
                "mass": 150.0,
                "size": {
                    "width": 1100,
                    "height": 2150,
                    "length": 1000
                },
                "sort": 1,
                "type": "box",
                "count": 1,
                "margin": {
                    "width": 0,
                    "height": 0,
                    "length": 0
                },
                "cargo_id": "v5jfcr5zjy0449jxqab9snjwsuoieuue",
                "stacking": false,
                "turnover": false,
                "margin_width": 0,
                "margin_length": 0,
                "stacking_limit": 0
            }
        ],
        "settings": {
            "rank": false,
            "max_step": 100,
            "min_step": 50,
            "usersort": false,
            "hardlimit": 1801,
            "timelimit": 1800,
            "step_scaling": 10
        },
        "put_boxes": [],
        "initial_id": 0,
        "cargo_space": {
            "id": 272,
            "info": {
                "uid": "272_0",
                "sort": 0,
                "title": "Полуприцеп 1"
            },
            "mass": 6388,
            "size": {
                "width": 2600,
                "height": 2650,
                "length": 10000
            },
            "type": "truck",
            "axles": [
                {
                    "title": "Ось 1",
                    "distance": 1890,
                    "max_load": 9250,
                    "default_load": 1597
                },
                {
                    "title": "Ось 2",
                    "distance": 1310,
                    "max_load": 9250,
                    "default_load": 1597
                },
                {
                    "title": "Ось 3",
                    "distance": 1310,
                    "max_load": 9250,
                    "default_load": 1597
                }
            ],
            "hitch": {
                "title": "",
                "distance": 4450,
                "max_load": 5600,
                "default_load": 1597
            },
            "title": "Полуприцеп 1",
            "tractor": {
                "mass": 6203,
                "axles": [
                    {
                        "title": "Ось 1",
                        "distance": 1475,
                        "max_load": 8666,
                        "default_load": 2600
                    },
                    {
                        "title": "Ось 2",
                        "distance": 3300,
                        "max_load": 8666,
                        "default_load": 2600
                    },
                    {
                        "title": "Ось 3",
                        "distance": 1440,
                        "max_load": 8666,
                        "default_load": 2600
                    }
                ],
                "title": "Тягач №1 (3 оси)",
                "length": 6600,
                "hitch_distance": 1060
            },
            "indentation": {
                "width": 0,
                "height": 0,
                "length": 150,
                "height_top": 0,
                "length_end": 150,
                "width_right": 0
            },
            "loading_size": {
                "width": 2600,
                "height": 2650,
                "length": 9700
            },
            "carrying_capacity": 34470
        },
        "calculation_id": "16251"
    },
    "data_result": {
        "boxes": [
            {
                "id": 1,
                "info": {
                    "color": "#189616",
                    "title": "система для напольного",
                    "article": "",
                    "group_id": "1vx3x8upyo7jmu0ycsxftq0txul0b57y",
                    "group_title": "Группа 1"
                },
                "mass": 120.0,
                "size": {
                    "width": 540.0,
                    "height": 1205.0,
                    "length": 780.0
                },
                "sort": 1,
                "step": 1,
                "type": "box",
                "margin": {
                    "width": 0.0,
                    "height": 0.0,
                    "length": 0.0
                },
                "cargo_id": "qyyvmlupkdfdkc7u2ccrkbs5ygnjeisa",
                "position": {
                    "x": 0.0,
                    "y": 0.0,
                    "z": 1660.0
                },
                "stacking": false,
                "turnover": false,
                "rotation_state": 0,
                "stacking_limit": 0.0,
                "calculated_size": {
                    "width": 540.0,
                    "height": 1205.0,
                    "length": 780.0
                },
                "virtual_positions": null
            },
            {
                "id": 0,
                "info": {
                    "color": "#d13cbd",
                    "title": "с ноутом",
                    "article": "",
                    "group_id": "1vx3x8upyo7jmu0ycsxftq0txul0b57y",
                    "group_title": "Группа 1"
                },
                "mass": 30.0,
                "size": {
                    "width": 600.0,
                    "height": 670.0,
                    "length": 450.0
                },
                "sort": 1,
                "step": 2,
                "type": "box",
                "margin": {
                    "width": 0.0,
                    "height": 0.0,
                    "length": 0.0
                },
                "cargo_id": "ojxhx6zbekddarfubtutrpyftmevlzsu",
                "position": {
                    "x": 780.0,
                    "y": 0.0,
                    "z": 1660.0
                },
                "stacking": false,
                "turnover": false,
                "rotation_state": 1,
                "stacking_limit": 0.0,
                "calculated_size": {
                    "width": 600.0,
                    "height": 670.0,
                    "length": 450.0
                },
                "virtual_positions": null
            },
            {
                "id": 2,
                "info": {
                    "color": "#48c96d",
                    "title": "станция насосная",
                    "article": "",
                    "group_id": "1vx3x8upyo7jmu0ycsxftq0txul0b57y",
                    "group_title": "Группа 1"
                },
                "mass": 200.0,
                "size": {
                    "width": 560.0,
                    "height": 1550.0,
                    "length": 950.0
                },
                "sort": 1,
                "step": 3,
                "type": "box",
                "margin": {
                    "width": 0.0,
                    "height": 0.0,
                    "length": 0.0
                },
                "cargo_id": "4o6z3we1exum9shylbhocmru80pukvev",
                "position": {
                    "x": 0.0,
                    "y": 0.0,
                    "z": 1100.0
                },
                "stacking": false,
                "turnover": false,
                "rotation_state": 0,
                "stacking_limit": 0.0,
                "calculated_size": {
                    "width": 560.0,
                    "height": 1550.0,
                    "length": 950.0
                },
                "virtual_positions": null
            },
            {
                "id": 4,
                "info": {
                    "color": "#0d077a",
                    "title": "Стенд",
                    "article": "",
                    "group_id": "1vx3x8upyo7jmu0ycsxftq0txul0b57y",
                    "group_title": "Группа 1"
                },
                "mass": 150.0,
                "size": {
                    "width": 1100.0,
                    "height": 2150.0,
                    "length": 1000.0
                },
                "sort": 1,
                "step": 4,
                "type": "box",
                "margin": {
                    "width": 0.0,
                    "height": 0.0,
                    "length": 0.0
                },
                "cargo_id": "v5jfcr5zjy0449jxqab9snjwsuoieuue",
                "position": {
                    "x": 0.0,
                    "y": 0.0,
                    "z": 0.0
                },
                "stacking": false,
                "turnover": false,
                "rotation_state": 1,
                "stacking_limit": 0.0,
                "calculated_size": {
                    "width": 1100.0,
                    "height": 2150.0,
                    "length": 1000.0
                },
                "virtual_positions": null
            },
            {
                "id": 3,
                "info": {
                    "color": "#6835ba",
                    "title": "на несущем рычаге",
                    "article": "",
                    "group_id": "1vx3x8upyo7jmu0ycsxftq0txul0b57y",
                    "group_title": "Группа 1"
                },
                "mass": 40.0,
                "size": {
                    "width": 650.0,
                    "height": 200.0,
                    "length": 1040.0
                },
                "sort": 1,
                "step": 5,
                "type": "box",
                "margin": {
                    "width": 0.0,
                    "height": 0.0,
                    "length": 0.0
                },
                "cargo_id": "hp1vnipxrzyjybbmcqivs5ojah8o4kka",
                "position": {
                    "x": 1000.0,
                    "y": 0.0,
                    "z": 0.0
                },
                "stacking": false,
                "turnover": false,
                "rotation_state": 1,
                "stacking_limit": 0.0,
                "calculated_size": {
                    "width": 1040.0,
                    "height": 200.0,
                    "length": 650.0
                },
                "virtual_positions": null
            }
        ],
        "version": 5,
        "cargo_space": {
            "id": 272,
            "info": {
                "uid": "272_0",
                "sort": 0,
                "title": "Полуприцеп 1"
            },
            "mass": 6388.0,
            "size": {
                "width": 2600.0,
                "height": 2650.0,
                "length": 10000.0
            },
            "type": "truck",
            "axles": [
                {
                    "title": "Ось 1",
                    "distance": 1890.0,
                    "max_load": 9250.0,
                    "default_load": 1597.0,
                    "calculated_load": 1582.18655
                },
                {
                    "title": "Ось 2",
                    "distance": 1310.0,
                    "max_load": 9250.0,
                    "default_load": 1597.0,
                    "calculated_load": 1582.18655
                },
                {
                    "title": "Ось 3",
                    "distance": 1310.0,
                    "max_load": 9250.0,
                    "default_load": 1597.0,
                    "calculated_load": 1582.18655
                }
            ],
            "hitch": {
                "title": "",
                "distance": 4450.0,
                "max_load": 5600.0,
                "default_load": 1597.0,
                "calculated_load": 2181.44034
            },
            "tractor": {
                "mass": 6203.0,
                "axles": [
                    {
                        "title": "Ось 1",
                        "distance": 1475.0,
                        "max_load": 8666.0,
                        "default_load": 2600.0,
                        "calculated_load": 2754.10616
                    },
                    {
                        "title": "Ось 2",
                        "distance": 3300.0,
                        "max_load": 8666.0,
                        "default_load": 2600.0,
                        "calculated_load": 2815.16709
                    },
                    {
                        "title": "Ось 3",
                        "distance": 1440.0,
                        "max_load": 8666.0,
                        "default_load": 2600.0,
                        "calculated_load": 2815.16709
                    }
                ],
                "length": 6600.0,
                "hitch_distance": 1060.0
            },
            "full_length": 10000.0,
            "indentation": {
                "width": 0.0,
                "height": 0.0,
                "length": 150.0,
                "height_top": 0.0,
                "length_end": 150.0,
                "width_right": 0.0
            },
            "loading_size": {
                "width": 2600.0,
                "height": 2650.0,
                "length": 9700.0
            },
            "calculation_info": {
                "step_count": 5,
                "cargos_mass": 0.54,
                "load_volume": 66.833,
                "cargos_volume": 4.01325,
                "count_cargoes": 5,
                "load_capacity": 34.47,
                "loading_height": 2.15,
                "density_percent": 50.05701,
                "remaining_volume": 62.81975,
                "void_space_percent": 93.99511,
                "filling_space_percent": 6.00489
            },
            "carrying_capacity": 34470.0,
            "real_center_of_gravity": [
                555.4629629629629,
                745.5555555555555,
                1240.1851851851852
            ],
            "ideal_center_of_gravity": [
                4850.0,
                0.0,
                1300.0
            ]
        },
        "cargo_groups": [],
        "packing_type": "PackingTruck PackingLayers",
        "calculation_id": 16251,
        "invalid_errors": [],
        "unpacked_errors": [],
        "validate_errors": [],
        "is_packed_same_boxes": false
    }
}