{
    "data": {
        "cargoes": [
            {
                "info": {
                    "color": "#b3ed50",
                    "title": "3",
                    "article": "3",
                    "group_id": "1soj5i2gybrm0jtpbcjzr4bbztopcdqk",
                    "group_title": "Группа 4"
                },
                "mass": 33.0,
                "size": {
                    "width": 400,
                    "height": 450,
                    "length": 500
                },
                "sort": 1,
                "type": "box",
                "count": 1,
                "margin": {
                    "width": 0,
                    "height": 0,
                    "length": 0
                },
                "cargo_id": "zdg3zqapiuemerfdfwwlllaje1r0rlcp",
                "stacking": false,
                "turnover": false,
                "margin_width": 0,
                "margin_length": 0,
                "stacking_limit": 0
            },
            {
                "info": {
                    "color": "#bf59d6",
                    "title": "2",
                    "article": "2",
                    "group_id": "1soj5i2gybrm0jtpbcjzr4bbztopcdqk",
                    "group_title": "Группа 4"
                },
                "mass": 835.0,
                "size": {
                    "width": 1770,
                    "height": 900,
                    "length": 2550
                },
                "sort": 1,
                "type": "box",
                "count": 1,
                "margin": {
                    "width": 0,
                    "height": 0,
                    "length": 0
                },
                "cargo_id": "qphor3brfrcy1xddsszxcl1rff0nw9wc",
                "stacking": false,
                "turnover": false,
                "margin_width": 0,
                "margin_length": 0,
                "stacking_limit": 0
            },
            {
                "info": {
                    "color": "#d266e8",
                    "title": "1",
                    "article": "1",
                    "group_id": "1soj5i2gybrm0jtpbcjzr4bbztopcdqk",
                    "group_title": "Группа 4"
                },
                "mass": 1385.0,
                "size": {
                    "width": 1650,
                    "height": 1800,
                    "length": 2800
                },
                "sort": 1,
                "type": "box",
                "count": 1,
                "margin": {
                    "width": 0,
                    "height": 0,
                    "length": 0
                },
                "cargo_id": "gnhycaupxgqgdvvox4lkpyefa2a68c3y",
                "stacking": false,
                "turnover": false,
                "margin_width": 0,
                "margin_length": 0,
                "stacking_limit": 0
            },
            {
                "info": {
                    "color": "#3066a0",
                    "title": "4",
                    "article": "4",
                    "group_id": "2lvs6gqfeyl0qymekx6c433kcoeu7tdz",
                    "group_title": "Группа 3"
                },
                "mass": 830.0,
                "size": {
                    "width": 1770,
                    "height": 900,
                    "length": 2550
                },
                "sort": 2,
                "type": "box",
                "count": 1,
                "margin": {
                    "width": 0,
                    "height": 0,
                    "length": 0
                },
                "cargo_id": "7xg56d2sdgent8e1sufchgn5kii7bbgg",
                "stacking": false,
                "turnover": false,
                "margin_width": 0,
                "margin_length": 0,
                "stacking_limit": 0
            },
            {
                "info": {
                    "color": "#ef4cd7",
                    "title": "3",
                    "article": "3",
                    "group_id": "2lvs6gqfeyl0qymekx6c433kcoeu7tdz",
                    "group_title": "Группа 3"
                },
                "mass": 765.0,
                "size": {
                    "width": 1810,
                    "height": 910,
                    "length": 2410
                },
                "sort": 2,
                "type": "box",
                "count": 1,
                "margin": {
                    "width": 0,
                    "height": 0,
                    "length": 0
                },
                "cargo_id": "oneqj62xtddr5crcxinq20n4nsycheaf",
                "stacking": false,
                "turnover": false,
                "margin_width": 0,
                "margin_length": 0,
                "stacking_limit": 0
            },
            {
                "info": {
                    "color": "#aa114e",
                    "title": "2",
                    "article": "2",
                    "group_id": "2lvs6gqfeyl0qymekx6c433kcoeu7tdz",
                    "group_title": "Группа 3"
                },
                "mass": 800.0,
                "size": {
                    "width": 2010,
                    "height": 910,
                    "length": 2410
                },
                "sort": 2,
                "type": "box",
                "count": 1,
                "margin": {
                    "width": 0,
                    "height": 0,
                    "length": 0
                },
                "cargo_id": "fdlgqtgeny0yqcv8gba9garurrse0tds",
                "stacking": false,
                "turnover": false,
                "margin_width": 0,
                "margin_length": 0,
                "stacking_limit": 0
            },
            {
                "info": {
                    "color": "#029179",
                    "title": "1",
                    "article": "1",
                    "group_id": "2lvs6gqfeyl0qymekx6c433kcoeu7tdz",
                    "group_title": "Группа 3"
                },
                "mass": 1155.0,
                "size": {
                    "width": 2270,
                    "height": 890,
                    "length": 2550
                },
                "sort": 2,
                "type": "box",
                "count": 1,
                "margin": {
                    "width": 0,
                    "height": 0,
                    "length": 0
                },
                "cargo_id": "z2q37suyvqakygsjlihobrvlvg4jd2br",
                "stacking": false,
                "turnover": false,
                "margin_width": 0,
                "margin_length": 0,
                "stacking_limit": 0
            },
            {
                "info": {
                    "color": "#d3505b",
                    "title": "4",
                    "article": "4",
                    "group_id": "3kkskivjjh2gnmpjlkrefn0togkhzajn",
                    "group_title": "Группа 2"
                },
                "mass": 65.0,
                "size": {
                    "width": 600,
                    "height": 560,
                    "length": 600
                },
                "sort": 3,
                "type": "box",
                "count": 1,
                "margin": {
                    "width": 0,
                    "height": 0,
                    "length": 0
                },
                "cargo_id": "4dyslhwdun9qdeiqgxyksvzkugnuaj3h",
                "stacking": false,
                "turnover": false,
                "margin_width": 0,
                "margin_length": 0,
                "stacking_limit": 0
            },
            {
                "info": {
                    "color": "#ce0eb1",
                    "title": "3",
                    "article": "3",
                    "group_id": "3kkskivjjh2gnmpjlkrefn0togkhzajn",
                    "group_title": "Группа 2"
                },
                "mass": 1625.0,
                "size": {
                    "width": 1650,
                    "height": 1800,
                    "length": 2810
                },
                "sort": 3,
                "type": "box",
                "count": 1,
                "margin": {
                    "width": 0,
                    "height": 0,
                    "length": 0
                },
                "cargo_id": "3efwxmdg7f7m6s35bo1tmgpmyujtlaji",
                "stacking": false,
                "turnover": false,
                "margin_width": 0,
                "margin_length": 0,
                "stacking_limit": 0
            },
            {
                "info": {
                    "color": "#38ed59",
                    "title": "2",
                    "article": "2",
                    "group_id": "3kkskivjjh2gnmpjlkrefn0togkhzajn",
                    "group_title": "Группа 2"
                },
                "mass": 1120.0,
                "size": {
                    "width": 1320,
                    "height": 1470,
                    "length": 2800
                },
                "sort": 3,
                "type": "box",
                "count": 1,
                "margin": {
                    "width": 0,
                    "height": 0,
                    "length": 0
                },
                "cargo_id": "iijvbh2txcwnhlykcawfmecstf7xcxst",
                "stacking": false,
                "turnover": false,
                "margin_width": 0,
                "margin_length": 0,
                "stacking_limit": 0
            },
            {
                "info": {
                    "color": "#6cff4f",
                    "title": "1",
                    "article": "1",
                    "group_id": "3kkskivjjh2gnmpjlkrefn0togkhzajn",
                    "group_title": "Группа 2"
                },
                "mass": 2660.0,
                "size": {
                    "width": 1780,
                    "height": 1720,
                    "length": 5270
                },
                "sort": 3,
                "type": "box",
                "count": 1,
                "margin": {
                    "width": 0,
                    "height": 0,
                    "length": 0
                },
                "cargo_id": "obuibeixudyadcl41kr6wk8ths0g8hwa",
                "stacking": false,
                "turnover": false,
                "margin_width": 0,
                "margin_length": 0,
                "stacking_limit": 0
            },
            {
                "info": {
                    "color": "#e51959",
                    "title": "6",
                    "article": "6",
                    "group_id": "4z6gzftjw1njmo0ptpiysxb5j8croalv",
                    "group_title": "Группа 1"
                },
                "mass": 370.0,
                "size": {
                    "width": 400,
                    "height": 450,
                    "length": 500
                },
                "sort": 4,
                "type": "box",
                "count": 1,
                "margin": {
                    "width": 0,
                    "height": 0,
                    "length": 0
                },
                "cargo_id": "7nms2he0vaufe9ydrphfjcqw9hgqvhdz",
                "stacking": false,
                "turnover": false,
                "margin_width": 0,
                "margin_length": 0,
                "stacking_limit": 0
            },
            {
                "info": {
                    "color": "#d82d58",
                    "title": "5",
                    "article": "5",
                    "group_id": "4z6gzftjw1njmo0ptpiysxb5j8croalv",
                    "group_title": "Группа 1"
                },
                "mass": 58.0,
                "size": {
                    "width": 600,
                    "height": 560,
                    "length": 600
                },
                "sort": 4,
                "type": "box",
                "count": 1,
                "margin": {
                    "width": 0,
                    "height": 0,
                    "length": 0
                },
                "cargo_id": "a8zpfssaxtanlkaoomyejqcjcsnlt6k3",
                "stacking": false,
                "turnover": false,
                "margin_width": 0,
                "margin_length": 0,
                "stacking_limit": 0
            },
            {
                "info": {
                    "color": "#c1b800",
                    "title": "4",
                    "article": "4",
                    "group_id": "4z6gzftjw1njmo0ptpiysxb5j8croalv",
                    "group_title": "Группа 1"
                },
                "mass": 70.0,
                "size": {
                    "width": 600,
                    "height": 560,
                    "length": 600
                },
                "sort": 4,
                "type": "box",
                "count": 1,
                "margin": {
                    "width": 0,
                    "height": 0,
                    "length": 0
                },
                "cargo_id": "glkutoovoa1btye2f4ontnfignzgmjwr",
                "stacking": false,
                "turnover": false,
                "margin_width": 0,
                "margin_length": 0,
                "stacking_limit": 0
            },
            {
                "info": {
                    "color": "#26d655",
                    "title": "3",
                    "article": "3",
                    "group_id": "4z6gzftjw1njmo0ptpiysxb5j8croalv",
                    "group_title": "Группа 1"
                },
                "mass": 1630.0,
                "size": {
                    "width": 1650,
                    "height": 1800,
                    "length": 2810
                },
                "sort": 4,
                "type": "box",
                "count": 1,
                "margin": {
                    "width": 0,
                    "height": 0,
                    "length": 0
                },
                "cargo_id": "uj6krqvkc3uweradnipa12gc08rrit1c",
                "stacking": false,
                "turnover": false,
                "margin_width": 0,
                "margin_length": 0,
                "stacking_limit": 0
            },
            {
                "info": {
                    "color": "#24c5e5",
                    "title": "2",
                    "article": "2",
                    "group_id": "4z6gzftjw1njmo0ptpiysxb5j8croalv",
                    "group_title": "Группа 1"
                },
                "mass": 1135.0,
                "size": {
                    "width": 1330,
                    "height": 1470,
                    "length": 2810
                },
                "sort": 4,
                "type": "box",
                "count": 1,
                "margin": {
                    "width": 0,
                    "height": 0,
                    "length": 0
                },
                "cargo_id": "iadlwpxiuysz9z0jw6fo95ea3fvm6cks",
                "stacking": false,
                "turnover": false,
                "margin_width": 0,
                "margin_length": 0,
                "stacking_limit": 0
            },
            {
                "info": {
                    "color": "#ef47c2",
                    "title": "1",
                    "article": "1",
                    "group_id": "4z6gzftjw1njmo0ptpiysxb5j8croalv",
                    "group_title": "Группа 1"
                },
                "mass": 2645.0,
                "size": {
                    "width": 1780,
                    "height": 1720,
                    "length": 5270
                },
                "sort": 4,
                "type": "box",
                "count": 1,
                "margin": {
                    "width": 0,
                    "height": 0,
                    "length": 0
                },
                "cargo_id": "inofczdrjfmcjz1tci9avml93nanqygu",
                "stacking": false,
                "turnover": false,
                "margin_width": 0,
                "margin_length": 0,
                "stacking_limit": 0
            }
        ],
        "settings": {
            "rank": false,
            "max_step": 100,
            "min_step": 50,
            "usersort": true,
            "hardlimit": 1801,
            "timelimit": 1800,
            "step_scaling": 10
        },
        "put_boxes": [],
        "initial_id": 0,
        "cargo_space": {
            "id": 418,
            "info": {
                "uid": "418_0",
                "sort": 0,
                "title": "MAN 2 оси | полуприцеп 3 оси"
            },
            "mass": 9694,
            "size": {
                "width": 2500,
                "height": 2679,
                "length": 13550
            },
            "type": "truck",
            "axles": [
                {
                    "title": "Ось 1",
                    "distance": 2990,
                    "max_load": 11000,
                    "default_load": 2113
                },
                {
                    "title": "Ось 2",
                    "distance": 1360,
                    "max_load": 11000,
                    "default_load": 2090
                },
                {
                    "title": "Ось 3",
                    "distance": 1360,
                    "max_load": 11000,
                    "default_load": 2113
                }
            ],
            "hitch": {
                "title": "",
                "distance": 6240,
                "max_load": 10058,
                "default_load": 3378
            },
            "title": "MAN 2 оси | полуприцеп 3 оси",
            "tractor": {
                "mass": 7523,
                "axles": [
                    {
                        "title": "Ось 1",
                        "distance": 1475,
                        "max_load": 10000,
                        "default_load": 6013
                    },
                    {
                        "title": "Ось 2",
                        "distance": 3900,
                        "max_load": 11000,
                        "default_load": 4888
                    }
                ],
                "title": "Тягач MAN (Магнит)",
                "length": 7110,
                "hitch_distance": 885
            },
            "indentation": {
                "width": 5,
                "height": 0,
                "length": 30,
                "height_top": 89,
                "length_end": 30,
                "width_right": 5
            },
            "loading_size": {
                "width": 2490,
                "height": 2590,
                "length": 13490
            },
            "carrying_capacity": 24000
        },
        "calculation_id": "15198"
    },
    "data_result": {
        "boxes": [
            {
                "id": 0,
                "info": {
                    "color": "#b3ed50",
                    "title": "3",
                    "article": "3",
                    "group_id": "1soj5i2gybrm0jtpbcjzr4bbztopcdqk",
                    "group_title": "Группа 4"
                },
                "mass": 33.0,
                "size": {
                    "width": 400.0,
                    "height": 450.0,
                    "length": 500.0
                },
                "sort": 1,
                "step": 1,
                "type": "box",
                "margin": {
                    "width": 0.0,
                    "height": 0.0,
                    "length": 0.0
                },
                "cargo_id": "zdg3zqapiuemerfdfwwlllaje1r0rlcp",
                "position": {
                    "x": 0.0,
                    "y": 0.0,
                    "z": 1650.0
                },
                "stacking": false,
                "turnover": false,
                "rotation_state": 0,
                "stacking_limit": 0.0,
                "calculated_size": {
                    "width": 400.0,
                    "height": 450.0,
                    "length": 500.0
                },
                "virtual_positions": null
            },
            {
                "id": 2,
                "info": {
                    "color": "#d266e8",
                    "title": "1",
                    "article": "1",
                    "group_id": "1soj5i2gybrm0jtpbcjzr4bbztopcdqk",
                    "group_title": "Группа 4"
                },
                "mass": 1385.0,
                "size": {
                    "width": 1650.0,
                    "height": 1800.0,
                    "length": 2800.0
                },
                "sort": 1,
                "step": 2,
                "type": "box",
                "margin": {
                    "width": 0.0,
                    "height": 0.0,
                    "length": 0.0
                },
                "cargo_id": "gnhycaupxgqgdvvox4lkpyefa2a68c3y",
                "position": {
                    "x": 0.0,
                    "y": 0.0,
                    "z": 0.0
                },
                "stacking": false,
                "turnover": false,
                "rotation_state": 0,
                "stacking_limit": 0.0,
                "calculated_size": {
                    "width": 1650.0,
                    "height": 1800.0,
                    "length": 2800.0
                },
                "virtual_positions": null
            },
            {
                "id": 1,
                "info": {
                    "color": "#bf59d6",
                    "title": "2",
                    "article": "2",
                    "group_id": "1soj5i2gybrm0jtpbcjzr4bbztopcdqk",
                    "group_title": "Группа 4"
                },
                "mass": 835.0,
                "size": {
                    "width": 1770.0,
                    "height": 900.0,
                    "length": 2550.0
                },
                "sort": 1,
                "step": 3,
                "type": "box",
                "margin": {
                    "width": 0.0,
                    "height": 0.0,
                    "length": 0.0
                },
                "cargo_id": "qphor3brfrcy1xddsszxcl1rff0nw9wc",
                "position": {
                    "x": 2800.0,
                    "y": 0.0,
                    "z": 0.0
                },
                "stacking": false,
                "turnover": false,
                "rotation_state": 0,
                "stacking_limit": 0.0,
                "calculated_size": {
                    "width": 1770.0,
                    "height": 900.0,
                    "length": 2550.0
                },
                "virtual_positions": null
            },
            {
                "id": 6,
                "info": {
                    "color": "#029179",
                    "title": "1",
                    "article": "1",
                    "group_id": "2lvs6gqfeyl0qymekx6c433kcoeu7tdz",
                    "group_title": "Группа 3"
                },
                "mass": 1155.0,
                "size": {
                    "width": 2270.0,
                    "height": 890.0,
                    "length": 2550.0
                },
                "sort": 2,
                "step": 4,
                "type": "box",
                "margin": {
                    "width": 0.0,
                    "height": 0.0,
                    "length": 0.0
                },
                "cargo_id": "z2q37suyvqakygsjlihobrvlvg4jd2br",
                "position": {
                    "x": 5350.0,
                    "y": 0.0,
                    "z": 0.0
                },
                "stacking": false,
                "turnover": false,
                "rotation_state": 0,
                "stacking_limit": 0.0,
                "calculated_size": {
                    "width": 2270.0,
                    "height": 890.0,
                    "length": 2550.0
                },
                "virtual_positions": null
            },
            {
                "id": 11,
                "info": {
                    "color": "#e51959",
                    "title": "6",
                    "article": "6",
                    "group_id": "4z6gzftjw1njmo0ptpiysxb5j8croalv",
                    "group_title": "Группа 1"
                },
                "mass": 370.0,
                "size": {
                    "width": 400.0,
                    "height": 450.0,
                    "length": 500.0
                },
                "sort": 4,
                "step": 5,
                "type": "box",
                "margin": {
                    "width": 0.0,
                    "height": 0.0,
                    "length": 0.0
                },
                "cargo_id": "7nms2he0vaufe9ydrphfjcqw9hgqvhdz",
                "position": {
                    "x": 9350.0,
                    "y": 0.0,
                    "z": 1770.0
                },
                "stacking": false,
                "turnover": false,
                "rotation_state": 0,
                "stacking_limit": 0.0,
                "calculated_size": {
                    "width": 400.0,
                    "height": 450.0,
                    "length": 500.0
                },
                "virtual_positions": null
            },
            {
                "id": 7,
                "info": {
                    "color": "#d3505b",
                    "title": "4",
                    "article": "4",
                    "group_id": "3kkskivjjh2gnmpjlkrefn0togkhzajn",
                    "group_title": "Группа 2"
                },
                "mass": 65.0,
                "size": {
                    "width": 600.0,
                    "height": 560.0,
                    "length": 600.0
                },
                "sort": 3,
                "step": 6,
                "type": "box",
                "margin": {
                    "width": 0.0,
                    "height": 0.0,
                    "length": 0.0
                },
                "cargo_id": "4dyslhwdun9qdeiqgxyksvzkugnuaj3h",
                "position": {
                    "x": 9850.0,
                    "y": 0.0,
                    "z": 1770.0
                },
                "stacking": false,
                "turnover": false,
                "rotation_state": 0,
                "stacking_limit": 0.0,
                "calculated_size": {
                    "width": 600.0,
                    "height": 560.0,
                    "length": 600.0
                },
                "virtual_positions": null
            },
            {
                "id": 3,
                "info": {
                    "color": "#3066a0",
                    "title": "4",
                    "article": "4",
                    "group_id": "2lvs6gqfeyl0qymekx6c433kcoeu7tdz",
                    "group_title": "Группа 3"
                },
                "mass": 830.0,
                "size": {
                    "width": 1770.0,
                    "height": 900.0,
                    "length": 2550.0
                },
                "sort": 2,
                "step": 7,
                "type": "box",
                "margin": {
                    "width": 0.0,
                    "height": 0.0,
                    "length": 0.0
                },
                "cargo_id": "7xg56d2sdgent8e1sufchgn5kii7bbgg",
                "position": {
                    "x": 7900.0,
                    "y": 0.0,
                    "z": 0.0
                },
                "stacking": false,
                "turnover": false,
                "rotation_state": 0,
                "stacking_limit": 0.0,
                "calculated_size": {
                    "width": 1770.0,
                    "height": 900.0,
                    "length": 2550.0
                },
                "virtual_positions": null
            },
            {
                "id": 5,
                "info": {
                    "color": "#aa114e",
                    "title": "2",
                    "article": "2",
                    "group_id": "2lvs6gqfeyl0qymekx6c433kcoeu7tdz",
                    "group_title": "Группа 3"
                },
                "mass": 800.0,
                "size": {
                    "width": 2010.0,
                    "height": 910.0,
                    "length": 2410.0
                },
                "sort": 2,
                "step": 8,
                "type": "box",
                "margin": {
                    "width": 0.0,
                    "height": 0.0,
                    "length": 0.0
                },
                "cargo_id": "fdlgqtgeny0yqcv8gba9garurrse0tds",
                "position": {
                    "x": 10450.0,
                    "y": 0.0,
                    "z": 0.0
                },
                "stacking": false,
                "turnover": false,
                "rotation_state": 0,
                "stacking_limit": 0.0,
                "calculated_size": {
                    "width": 2010.0,
                    "height": 910.0,
                    "length": 2410.0
                },
                "virtual_positions": null
            },
            {
                "id": 12,
                "info": {
                    "color": "#d82d58",
                    "title": "5",
                    "article": "5",
                    "group_id": "4z6gzftjw1njmo0ptpiysxb5j8croalv",
                    "group_title": "Группа 1"
                },
                "mass": 58.0,
                "size": {
                    "width": 600.0,
                    "height": 560.0,
                    "length": 600.0
                },
                "sort": 4,
                "step": 9,
                "type": "box",
                "margin": {
                    "width": 0.0,
                    "height": 0.0,
                    "length": 0.0
                },
                "cargo_id": "a8zpfssaxtanlkaoomyejqcjcsnlt6k3",
                "position": {
                    "x": 12860.0,
                    "y": 0.0,
                    "z": 600.0
                },
                "stacking": false,
                "turnover": false,
                "rotation_state": 0,
                "stacking_limit": 0.0,
                "calculated_size": {
                    "width": 600.0,
                    "height": 560.0,
                    "length": 600.0
                },
                "virtual_positions": null
            },
            {
                "id": 13,
                "info": {
                    "color": "#c1b800",
                    "title": "4",
                    "article": "4",
                    "group_id": "4z6gzftjw1njmo0ptpiysxb5j8croalv",
                    "group_title": "Группа 1"
                },
                "mass": 70.0,
                "size": {
                    "width": 600.0,
                    "height": 560.0,
                    "length": 600.0
                },
                "sort": 4,
                "step": 10,
                "type": "box",
                "margin": {
                    "width": 0.0,
                    "height": 0.0,
                    "length": 0.0
                },
                "cargo_id": "glkutoovoa1btye2f4ontnfignzgmjwr",
                "position": {
                    "x": 12860.0,
                    "y": 0.0,
                    "z": 0.0
                },
                "stacking": false,
                "turnover": false,
                "rotation_state": 0,
                "stacking_limit": 0.0,
                "calculated_size": {
                    "width": 600.0,
                    "height": 560.0,
                    "length": 600.0
                },
                "virtual_positions": null
            }
        ],
        "version": 5,
        "cargo_space": {
            "id": 418,
            "info": {
                "uid": "418_0",
                "sort": 0,
                "title": "MAN 2 оси | полуприцеп 3 оси"
            },
            "mass": 9694.0,
            "size": {
                "width": 2500.0,
                "height": 2679.0,
                "length": 13550.0
            },
            "type": "truck",
            "axles": [
                {
                    "title": "Ось 1",
                    "distance": 2990.0,
                    "max_load": 11000.0,
                    "default_load": 2113.0,
                    "calculated_load": 3944.29575
                },
                {
                    "title": "Ось 2",
                    "distance": 1360.0,
                    "max_load": 11000.0,
                    "default_load": 2090.0,
                    "calculated_load": 3921.29575
                },
                {
                    "title": "Ось 3",
                    "distance": 1360.0,
                    "max_load": 11000.0,
                    "default_load": 2113.0,
                    "calculated_load": 3944.29575
                }
            ],
            "hitch": {
                "title": "",
                "distance": 6240.0,
                "max_load": 10058.0,
                "default_load": 3378.0,
                "calculated_load": 3485.11275
            },
            "tractor": {
                "mass": 7523.0,
                "axles": [
                    {
                        "title": "Ось 1",
                        "distance": 1475.0,
                        "max_load": 10000.0,
                        "default_load": 6013.0,
                        "calculated_load": 6037.30635
                    },
                    {
                        "title": "Ось 2",
                        "distance": 3900.0,
                        "max_load": 11000.0,
                        "default_load": 4888.0,
                        "calculated_load": 4970.80639
                    }
                ],
                "length": 7110.0,
                "hitch_distance": 885.0
            },
            "full_length": 13550.0,
            "indentation": {
                "width": 5.0,
                "height": 0.0,
                "length": 30.0,
                "height_top": 89.0,
                "length_end": 30.0,
                "width_right": 5.0
            },
            "loading_size": {
                "width": 2490.0,
                "height": 2590.0,
                "length": 13490.0
            },
            "calculation_info": {
                "step_count": 10,
                "cargos_mass": 5.601,
                "load_volume": 86.998359,
                "cargos_volume": 26.785,
                "count_cargoes": 10,
                "load_capacity": 24.0,
                "loading_height": 1.8,
                "density_percent": 46.64721,
                "remaining_volume": 60.21336,
                "void_space_percent": 69.21207,
                "filling_space_percent": 30.78793
            },
            "carrying_capacity": 24000.0,
            "real_center_of_gravity": [
                6398.362792358507,
                538.9109087662916,
                1022.8128905552582
            ],
            "ideal_center_of_gravity": [
                6745.0,
                0.0,
                1245.0
            ]
        },
        "cargo_groups": [
            {
                "info": {
                    "color": "#26d655",
                    "title": "3",
                    "article": "3",
                    "group_id": "4z6gzftjw1njmo0ptpiysxb5j8croalv",
                    "group_title": "Группа 1"
                },
                "mass": 1630.0,
                "size": {
                    "width": 1650.0,
                    "height": 1800.0,
                    "length": 2810.0
                },
                "sort": 4,
                "type": "box",
                "count": 1.0,
                "margin": {
                    "width": 0.0,
                    "height": 0.0,
                    "length": 0.0
                },
                "cargo_id": "uj6krqvkc3uweradnipa12gc08rrit1c",
                "stacking": false,
                "turnover": false,
                "stacking_limit": 0.0,
                "prepare_last_result": "errorIntersectionContainer"
            },
            {
                "info": {
                    "color": "#ef4cd7",
                    "title": "3",
                    "article": "3",
                    "group_id": "2lvs6gqfeyl0qymekx6c433kcoeu7tdz",
                    "group_title": "Группа 3"
                },
                "mass": 765.0,
                "size": {
                    "width": 1810.0,
                    "height": 910.0,
                    "length": 2410.0
                },
                "sort": 2,
                "type": "box",
                "count": 1.0,
                "margin": {
                    "width": 0.0,
                    "height": 0.0,
                    "length": 0.0
                },
                "cargo_id": "oneqj62xtddr5crcxinq20n4nsycheaf",
                "stacking": false,
                "turnover": false,
                "stacking_limit": 0.0,
                "prepare_last_result": "errorIntersectionContainer"
            },
            {
                "info": {
                    "color": "#ce0eb1",
                    "title": "3",
                    "article": "3",
                    "group_id": "3kkskivjjh2gnmpjlkrefn0togkhzajn",
                    "group_title": "Группа 2"
                },
                "mass": 1625.0,
                "size": {
                    "width": 1650.0,
                    "height": 1800.0,
                    "length": 2810.0
                },
                "sort": 3,
                "type": "box",
                "count": 1.0,
                "margin": {
                    "width": 0.0,
                    "height": 0.0,
                    "length": 0.0
                },
                "cargo_id": "3efwxmdg7f7m6s35bo1tmgpmyujtlaji",
                "stacking": false,
                "turnover": false,
                "stacking_limit": 0.0,
                "prepare_last_result": "errorIntersectionContainer"
            },
            {
                "info": {
                    "color": "#38ed59",
                    "title": "2",
                    "article": "2",
                    "group_id": "3kkskivjjh2gnmpjlkrefn0togkhzajn",
                    "group_title": "Группа 2"
                },
                "mass": 1120.0,
                "size": {
                    "width": 1320.0,
                    "height": 1470.0,
                    "length": 2800.0
                },
                "sort": 3,
                "type": "box",
                "count": 1.0,
                "margin": {
                    "width": 0.0,
                    "height": 0.0,
                    "length": 0.0
                },
                "cargo_id": "iijvbh2txcwnhlykcawfmecstf7xcxst",
                "stacking": false,
                "turnover": false,
                "stacking_limit": 0.0,
                "prepare_last_result": "errorIntersectionContainer"
            },
            {
                "info": {
                    "color": "#6cff4f",
                    "title": "1",
                    "article": "1",
                    "group_id": "3kkskivjjh2gnmpjlkrefn0togkhzajn",
                    "group_title": "Группа 2"
                },
                "mass": 2660.0,
                "size": {
                    "width": 1780.0,
                    "height": 1720.0,
                    "length": 5270.0
                },
                "sort": 3,
                "type": "box",
                "count": 1.0,
                "margin": {
                    "width": 0.0,
                    "height": 0.0,
                    "length": 0.0
                },
                "cargo_id": "obuibeixudyadcl41kr6wk8ths0g8hwa",
                "stacking": false,
                "turnover": false,
                "stacking_limit": 0.0,
                "prepare_last_result": "errorIntersectionContainer"
            },
            {
                "info": {
                    "color": "#ef47c2",
                    "title": "1",
                    "article": "1",
                    "group_id": "4z6gzftjw1njmo0ptpiysxb5j8croalv",
                    "group_title": "Группа 1"
                },
                "mass": 2645.0,
                "size": {
                    "width": 1780.0,
                    "height": 1720.0,
                    "length": 5270.0
                },
                "sort": 4,
                "type": "box",
                "count": 1.0,
                "margin": {
                    "width": 0.0,
                    "height": 0.0,
                    "length": 0.0
                },
                "cargo_id": "inofczdrjfmcjz1tci9avml93nanqygu",
                "stacking": false,
                "turnover": false,
                "stacking_limit": 0.0,
                "prepare_last_result": "errorIntersectionContainer"
            },
            {
                "info": {
                    "color": "#24c5e5",
                    "title": "2",
                    "article": "2",
                    "group_id": "4z6gzftjw1njmo0ptpiysxb5j8croalv",
                    "group_title": "Группа 1"
                },
                "mass": 1135.0,
                "size": {
                    "width": 1330.0,
                    "height": 1470.0,
                    "length": 2810.0
                },
                "sort": 4,
                "type": "box",
                "count": 1.0,
                "margin": {
                    "width": 0.0,
                    "height": 0.0,
                    "length": 0.0
                },
                "cargo_id": "iadlwpxiuysz9z0jw6fo95ea3fvm6cks",
                "stacking": false,
                "turnover": false,
                "stacking_limit": 0.0,
                "prepare_last_result": "errorIntersectionContainer"
            }
        ],
        "packing_type": "PackingTruck PackingStepByStep_userSort",
        "calculation_id": 15198,
        "invalid_errors": [],
        "unpacked_errors": [
            {
                "key": 11,
                "name": "errorIntersectionContainer",
                "boxes": [
                    {
                        "id": "uj6krqvkc3uweradnipa12gc08rrit1c",
                        "info": {
                            "color": "#26d655",
                            "title": "3",
                            "article": "3",
                            "group_id": "4z6gzftjw1njmo0ptpiysxb5j8croalv",
                            "group_title": "Группа 1"
                        }
                    },
                    {
                        "id": "oneqj62xtddr5crcxinq20n4nsycheaf",
                        "info": {
                            "color": "#ef4cd7",
                            "title": "3",
                            "article": "3",
                            "group_id": "2lvs6gqfeyl0qymekx6c433kcoeu7tdz",
                            "group_title": "Группа 3"
                        }
                    },
                    {
                        "id": "3efwxmdg7f7m6s35bo1tmgpmyujtlaji",
                        "info": {
                            "color": "#ce0eb1",
                            "title": "3",
                            "article": "3",
                            "group_id": "3kkskivjjh2gnmpjlkrefn0togkhzajn",
                            "group_title": "Группа 2"
                        }
                    },
                    {
                        "id": "iijvbh2txcwnhlykcawfmecstf7xcxst",
                        "info": {
                            "color": "#38ed59",
                            "title": "2",
                            "article": "2",
                            "group_id": "3kkskivjjh2gnmpjlkrefn0togkhzajn",
                            "group_title": "Группа 2"
                        }
                    },
                    {
                        "id": "obuibeixudyadcl41kr6wk8ths0g8hwa",
                        "info": {
                            "color": "#6cff4f",
                            "title": "1",
                            "article": "1",
                            "group_id": "3kkskivjjh2gnmpjlkrefn0togkhzajn",
                            "group_title": "Группа 2"
                        }
                    },
                    {
                        "id": "inofczdrjfmcjz1tci9avml93nanqygu",
                        "info": {
                            "color": "#ef47c2",
                            "title": "1",
                            "article": "1",
                            "group_id": "4z6gzftjw1njmo0ptpiysxb5j8croalv",
                            "group_title": "Группа 1"
                        }
                    },
                    {
                        "id": "iadlwpxiuysz9z0jw6fo95ea3fvm6cks",
                        "info": {
                            "color": "#24c5e5",
                            "title": "2",
                            "article": "2",
                            "group_id": "4z6gzftjw1njmo0ptpiysxb5j8croalv",
                            "group_title": "Группа 1"
                        }
                    }
                ]
            }
        ],
        "validate_errors": [],
        "is_packed_same_boxes": false
    }
}