{
    "data": {
        "cargoes": [
            {
                "info": {
                    "color": "#c50b67",
                    "title": "RM600AMKII",
                    "article": "9",
                    "group_id": "1netmrdzf1irqpdemnvu2szybld1k1cm",
                    "group_title": "Группа 2"
                },
                "mass": 33.6,
                "size": {
                    "width": 490,
                    "height": 570,
                    "length": 1290
                },
                "sort": 1,
                "type": "box",
                "count": 1,
                "margin": {
                    "width": 0,
                    "height": 0,
                    "length": 0
                },
                "cargo_id": "v3pjqwrh7yvqswrgdskicn7v2zqimlkb",
                "stacking": true,
                "turnover": true,
                "margin_width": 0,
                "margin_length": 0,
                "stacking_limit": 0
            },
            {
                "info": {
                    "color": "#87a18b",
                    "title": "RM800F",
                    "article": "12",
                    "group_id": "1netmrdzf1irqpdemnvu2szybld1k1cm",
                    "group_title": "Группа 2"
                },
                "mass": 48.0,
                "size": {
                    "width": 720,
                    "height": 600,
                    "length": 1420
                },
                "sort": 1,
                "type": "box",
                "count": 2,
                "margin": {
                    "width": 0,
                    "height": 0,
                    "length": 0
                },
                "cargo_id": "kva7iy6nessfz6phpvlolzlwg9akhsqo",
                "stacking": true,
                "turnover": true,
                "margin_width": 0,
                "margin_length": 0,
                "stacking_limit": 0
            },
            {
                "info": {
                    "color": "#680009",
                    "title": "JamLab 6R",
                    "article": "4",
                    "group_id": "1netmrdzf1irqpdemnvu2szybld1k1cm",
                    "group_title": "Группа 2"
                },
                "mass": 9.5,
                "size": {
                    "width": 280,
                    "height": 380,
                    "length": 490
                },
                "sort": 1,
                "type": "box",
                "count": 14,
                "margin": {
                    "width": 0,
                    "height": 0,
                    "length": 0
                },
                "cargo_id": "vfyhofdz2qjvswalhu1nljhfxaiuktf1",
                "stacking": true,
                "turnover": true,
                "margin_width": 0,
                "margin_length": 0,
                "stacking_limit": 0
            },
            {
                "info": {
                    "color": "#94cd2a",
                    "title": "JamLab 6",
                    "article": "1",
                    "group_id": "2xvfts6wvnguenrqpxhymamshkdybcai",
                    "group_title": "Группа 1"
                },
                "mass": 24.2,
                "size": {
                    "width": 320,
                    "height": 430,
                    "length": 1070
                },
                "sort": 2,
                "type": "box",
                "count": 1,
                "margin": {
                    "width": 0,
                    "height": 0,
                    "length": 0
                },
                "cargo_id": "glnulnhdjba2adu5fawatjmcun2myi5e",
                "stacking": true,
                "turnover": true,
                "margin_width": 0,
                "margin_length": 0,
                "stacking_limit": 0
            }
        ],
        "settings": {
            "rank": false,
            "max_step": 100,
            "min_step": 50,
            "usersort": true,
            "hardlimit": 1801,
            "timelimit": 1800,
            "step_scaling": 10
        },
        "put_boxes": [],
        "initial_id": 0,
        "cargo_space": {
            "id": 1057,
            "info": {
                "uid": "1057_0",
                "sort": 0,
                "title": "Аудио USA (copy)",
                "margin": {
                    "width": 0,
                    "height": 0,
                    "length": 0
                }
            },
            "mass": 20,
            "size": {
                "width": 1060,
                "height": 135,
                "length": 1360
            },
            "type": "pallet",
            "axles": [],
            "title": "Аудио USA (copy)",
            "margin": {
                "width": 0,
                "height": 0,
                "length": 0
            },
            "indentation": {
                "width": 0,
                "height": 0,
                "length": 0,
                "height_top": 0,
                "length_end": 0,
                "width_right": 0
            },
            "loading_size": {
                "width": 1060,
                "height": 2330,
                "length": 1360
            },
            "carrying_capacity": 1000
        },
        "calculation_id": "15389"
    },
    "data_result": {
        "boxes": [
            {
                "id": 6,
                "info": {
                    "color": "#680009",
                    "title": "JamLab 6R",
                    "article": "4",
                    "group_id": "1netmrdzf1irqpdemnvu2szybld1k1cm",
                    "group_title": "Группа 2"
                },
                "mass": 9.5,
                "size": {
                    "width": 280.0,
                    "height": 380.0,
                    "length": 490.0
                },
                "sort": 1,
                "step": 1,
                "type": "box",
                "margin": {
                    "width": 0.0,
                    "height": 0.0,
                    "length": 0.0
                },
                "cargo_id": "vfyhofdz2qjvswalhu1nljhfxaiuktf1",
                "position": {
                    "x": 0.0,
                    "y": 0.0,
                    "z": 770.0
                },
                "stacking": true,
                "turnover": true,
                "rotation_state": 0,
                "stacking_limit": 0.0,
                "calculated_size": {
                    "width": 280.0,
                    "height": 380.0,
                    "length": 490.0
                },
                "virtual_positions": null
            },
            {
                "id": 3,
                "info": {
                    "color": "#680009",
                    "title": "JamLab 6R",
                    "article": "4",
                    "group_id": "1netmrdzf1irqpdemnvu2szybld1k1cm",
                    "group_title": "Группа 2"
                },
                "mass": 9.5,
                "size": {
                    "width": 280.0,
                    "height": 380.0,
                    "length": 490.0
                },
                "sort": 1,
                "step": 2,
                "type": "box",
                "margin": {
                    "width": 0.0,
                    "height": 0.0,
                    "length": 0.0
                },
                "cargo_id": "vfyhofdz2qjvswalhu1nljhfxaiuktf1",
                "position": {
                    "x": 0.0,
                    "y": 0.0,
                    "z": 490.0
                },
                "stacking": true,
                "turnover": true,
                "rotation_state": 0,
                "stacking_limit": 0.0,
                "calculated_size": {
                    "width": 280.0,
                    "height": 380.0,
                    "length": 490.0
                },
                "virtual_positions": null
            },
            {
                "id": 7,
                "info": {
                    "color": "#680009",
                    "title": "JamLab 6R",
                    "article": "4",
                    "group_id": "1netmrdzf1irqpdemnvu2szybld1k1cm",
                    "group_title": "Группа 2"
                },
                "mass": 9.5,
                "size": {
                    "width": 280.0,
                    "height": 380.0,
                    "length": 490.0
                },
                "sort": 1,
                "step": 3,
                "type": "box",
                "margin": {
                    "width": 0.0,
                    "height": 0.0,
                    "length": 0.0
                },
                "cargo_id": "vfyhofdz2qjvswalhu1nljhfxaiuktf1",
                "position": {
                    "x": 490.0,
                    "y": 0.0,
                    "z": 770.0
                },
                "stacking": true,
                "turnover": true,
                "rotation_state": 0,
                "stacking_limit": 0.0,
                "calculated_size": {
                    "width": 280.0,
                    "height": 380.0,
                    "length": 490.0
                },
                "virtual_positions": null
            },
            {
                "id": 4,
                "info": {
                    "color": "#680009",
                    "title": "JamLab 6R",
                    "article": "4",
                    "group_id": "1netmrdzf1irqpdemnvu2szybld1k1cm",
                    "group_title": "Группа 2"
                },
                "mass": 9.5,
                "size": {
                    "width": 280.0,
                    "height": 380.0,
                    "length": 490.0
                },
                "sort": 1,
                "step": 4,
                "type": "box",
                "margin": {
                    "width": 0.0,
                    "height": 0.0,
                    "length": 0.0
                },
                "cargo_id": "vfyhofdz2qjvswalhu1nljhfxaiuktf1",
                "position": {
                    "x": 490.0,
                    "y": 0.0,
                    "z": 490.0
                },
                "stacking": true,
                "turnover": true,
                "rotation_state": 0,
                "stacking_limit": 0.0,
                "calculated_size": {
                    "width": 280.0,
                    "height": 380.0,
                    "length": 490.0
                },
                "virtual_positions": null
            },
            {
                "id": 9,
                "info": {
                    "color": "#680009",
                    "title": "JamLab 6R",
                    "article": "4",
                    "group_id": "1netmrdzf1irqpdemnvu2szybld1k1cm",
                    "group_title": "Группа 2"
                },
                "mass": 9.5,
                "size": {
                    "width": 280.0,
                    "height": 380.0,
                    "length": 490.0
                },
                "sort": 1,
                "step": 5,
                "type": "box",
                "margin": {
                    "width": 0.0,
                    "height": 0.0,
                    "length": 0.0
                },
                "cargo_id": "vfyhofdz2qjvswalhu1nljhfxaiuktf1",
                "position": {
                    "x": 0.0,
                    "y": 380.0,
                    "z": 680.0
                },
                "stacking": true,
                "turnover": true,
                "rotation_state": 4,
                "stacking_limit": 0.0,
                "calculated_size": {
                    "width": 380.0,
                    "height": 280.0,
                    "length": 490.0
                },
                "virtual_positions": null
            },
            {
                "id": 10,
                "info": {
                    "color": "#680009",
                    "title": "JamLab 6R",
                    "article": "4",
                    "group_id": "1netmrdzf1irqpdemnvu2szybld1k1cm",
                    "group_title": "Группа 2"
                },
                "mass": 9.5,
                "size": {
                    "width": 280.0,
                    "height": 380.0,
                    "length": 490.0
                },
                "sort": 1,
                "step": 6,
                "type": "box",
                "margin": {
                    "width": 0.0,
                    "height": 0.0,
                    "length": 0.0
                },
                "cargo_id": "vfyhofdz2qjvswalhu1nljhfxaiuktf1",
                "position": {
                    "x": 490.0,
                    "y": 380.0,
                    "z": 780.0
                },
                "stacking": true,
                "turnover": true,
                "rotation_state": 0,
                "stacking_limit": 0.0,
                "calculated_size": {
                    "width": 280.0,
                    "height": 380.0,
                    "length": 490.0
                },
                "virtual_positions": null
            },
            {
                "id": 8,
                "info": {
                    "color": "#680009",
                    "title": "JamLab 6R",
                    "article": "4",
                    "group_id": "1netmrdzf1irqpdemnvu2szybld1k1cm",
                    "group_title": "Группа 2"
                },
                "mass": 9.5,
                "size": {
                    "width": 280.0,
                    "height": 380.0,
                    "length": 490.0
                },
                "sort": 1,
                "step": 7,
                "type": "box",
                "margin": {
                    "width": 0.0,
                    "height": 0.0,
                    "length": 0.0
                },
                "cargo_id": "vfyhofdz2qjvswalhu1nljhfxaiuktf1",
                "position": {
                    "x": 980.0,
                    "y": 0.0,
                    "z": 770.0
                },
                "stacking": true,
                "turnover": true,
                "rotation_state": 2,
                "stacking_limit": 0.0,
                "calculated_size": {
                    "width": 280.0,
                    "height": 490.0,
                    "length": 380.0
                },
                "virtual_positions": null
            },
            {
                "id": 5,
                "info": {
                    "color": "#680009",
                    "title": "JamLab 6R",
                    "article": "4",
                    "group_id": "1netmrdzf1irqpdemnvu2szybld1k1cm",
                    "group_title": "Группа 2"
                },
                "mass": 9.5,
                "size": {
                    "width": 280.0,
                    "height": 380.0,
                    "length": 490.0
                },
                "sort": 1,
                "step": 8,
                "type": "box",
                "margin": {
                    "width": 0.0,
                    "height": 0.0,
                    "length": 0.0
                },
                "cargo_id": "vfyhofdz2qjvswalhu1nljhfxaiuktf1",
                "position": {
                    "x": 980.0,
                    "y": 0.0,
                    "z": 490.0
                },
                "stacking": true,
                "turnover": true,
                "rotation_state": 2,
                "stacking_limit": 0.0,
                "calculated_size": {
                    "width": 280.0,
                    "height": 490.0,
                    "length": 380.0
                },
                "virtual_positions": null
            },
            {
                "id": 0,
                "info": {
                    "color": "#c50b67",
                    "title": "RM600AMKII",
                    "article": "9",
                    "group_id": "1netmrdzf1irqpdemnvu2szybld1k1cm",
                    "group_title": "Группа 2"
                },
                "mass": 33.6,
                "size": {
                    "width": 490.0,
                    "height": 570.0,
                    "length": 1290.0
                },
                "sort": 1,
                "step": 9,
                "type": "box",
                "margin": {
                    "width": 0.0,
                    "height": 0.0,
                    "length": 0.0
                },
                "cargo_id": "v3pjqwrh7yvqswrgdskicn7v2zqimlkb",
                "position": {
                    "x": 0.0,
                    "y": 0.0,
                    "z": 0.0
                },
                "stacking": true,
                "turnover": true,
                "rotation_state": 0,
                "stacking_limit": 0.0,
                "calculated_size": {
                    "width": 490.0,
                    "height": 570.0,
                    "length": 1290.0
                },
                "virtual_positions": null
            },
            {
                "id": 17,
                "info": {
                    "color": "#94cd2a",
                    "title": "JamLab 6",
                    "article": "1",
                    "group_id": "2xvfts6wvnguenrqpxhymamshkdybcai",
                    "group_title": "Группа 1"
                },
                "mass": 24.2,
                "size": {
                    "width": 320.0,
                    "height": 430.0,
                    "length": 1070.0
                },
                "sort": 2,
                "step": 10,
                "type": "box",
                "margin": {
                    "width": 0.0,
                    "height": 0.0,
                    "length": 0.0
                },
                "cargo_id": "glnulnhdjba2adu5fawatjmcun2myi5e",
                "position": {
                    "x": 0.0,
                    "y": 660.0,
                    "z": 740.0
                },
                "stacking": true,
                "turnover": true,
                "rotation_state": 2,
                "stacking_limit": 0.0,
                "calculated_size": {
                    "width": 320.0,
                    "height": 1070.0,
                    "length": 430.0
                },
                "virtual_positions": null
            },
            {
                "id": 12,
                "info": {
                    "color": "#680009",
                    "title": "JamLab 6R",
                    "article": "4",
                    "group_id": "1netmrdzf1irqpdemnvu2szybld1k1cm",
                    "group_title": "Группа 2"
                },
                "mass": 9.5,
                "size": {
                    "width": 280.0,
                    "height": 380.0,
                    "length": 490.0
                },
                "sort": 1,
                "step": 11,
                "type": "box",
                "margin": {
                    "width": 0.0,
                    "height": 0.0,
                    "length": 0.0
                },
                "cargo_id": "vfyhofdz2qjvswalhu1nljhfxaiuktf1",
                "position": {
                    "x": 490.0,
                    "y": 760.0,
                    "z": 780.0
                },
                "stacking": true,
                "turnover": true,
                "rotation_state": 0,
                "stacking_limit": 0.0,
                "calculated_size": {
                    "width": 280.0,
                    "height": 380.0,
                    "length": 490.0
                },
                "virtual_positions": null
            },
            {
                "id": 11,
                "info": {
                    "color": "#680009",
                    "title": "JamLab 6R",
                    "article": "4",
                    "group_id": "1netmrdzf1irqpdemnvu2szybld1k1cm",
                    "group_title": "Группа 2"
                },
                "mass": 9.5,
                "size": {
                    "width": 280.0,
                    "height": 380.0,
                    "length": 490.0
                },
                "sort": 1,
                "step": 12,
                "type": "box",
                "margin": {
                    "width": 0.0,
                    "height": 0.0,
                    "length": 0.0
                },
                "cargo_id": "vfyhofdz2qjvswalhu1nljhfxaiuktf1",
                "position": {
                    "x": 980.0,
                    "y": 490.0,
                    "z": 780.0
                },
                "stacking": true,
                "turnover": true,
                "rotation_state": 2,
                "stacking_limit": 0.0,
                "calculated_size": {
                    "width": 280.0,
                    "height": 490.0,
                    "length": 380.0
                },
                "virtual_positions": null
            },
            {
                "id": 14,
                "info": {
                    "color": "#680009",
                    "title": "JamLab 6R",
                    "article": "4",
                    "group_id": "1netmrdzf1irqpdemnvu2szybld1k1cm",
                    "group_title": "Группа 2"
                },
                "mass": 9.5,
                "size": {
                    "width": 280.0,
                    "height": 380.0,
                    "length": 490.0
                },
                "sort": 1,
                "step": 13,
                "type": "box",
                "margin": {
                    "width": 0.0,
                    "height": 0.0,
                    "length": 0.0
                },
                "cargo_id": "vfyhofdz2qjvswalhu1nljhfxaiuktf1",
                "position": {
                    "x": 490.0,
                    "y": 1140.0,
                    "z": 780.0
                },
                "stacking": true,
                "turnover": true,
                "rotation_state": 0,
                "stacking_limit": 0.0,
                "calculated_size": {
                    "width": 280.0,
                    "height": 380.0,
                    "length": 490.0
                },
                "virtual_positions": null
            },
            {
                "id": 13,
                "info": {
                    "color": "#680009",
                    "title": "JamLab 6R",
                    "article": "4",
                    "group_id": "1netmrdzf1irqpdemnvu2szybld1k1cm",
                    "group_title": "Группа 2"
                },
                "mass": 9.5,
                "size": {
                    "width": 280.0,
                    "height": 380.0,
                    "length": 490.0
                },
                "sort": 1,
                "step": 14,
                "type": "box",
                "margin": {
                    "width": 0.0,
                    "height": 0.0,
                    "length": 0.0
                },
                "cargo_id": "vfyhofdz2qjvswalhu1nljhfxaiuktf1",
                "position": {
                    "x": 980.0,
                    "y": 980.0,
                    "z": 780.0
                },
                "stacking": true,
                "turnover": true,
                "rotation_state": 2,
                "stacking_limit": 0.0,
                "calculated_size": {
                    "width": 280.0,
                    "height": 490.0,
                    "length": 380.0
                },
                "virtual_positions": null
            },
            {
                "id": 16,
                "info": {
                    "color": "#680009",
                    "title": "JamLab 6R",
                    "article": "4",
                    "group_id": "1netmrdzf1irqpdemnvu2szybld1k1cm",
                    "group_title": "Группа 2"
                },
                "mass": 9.5,
                "size": {
                    "width": 280.0,
                    "height": 380.0,
                    "length": 490.0
                },
                "sort": 1,
                "step": 15,
                "type": "box",
                "margin": {
                    "width": 0.0,
                    "height": 0.0,
                    "length": 0.0
                },
                "cargo_id": "vfyhofdz2qjvswalhu1nljhfxaiuktf1",
                "position": {
                    "x": 490.0,
                    "y": 1520.0,
                    "z": 780.0
                },
                "stacking": true,
                "turnover": true,
                "rotation_state": 0,
                "stacking_limit": 0.0,
                "calculated_size": {
                    "width": 280.0,
                    "height": 380.0,
                    "length": 490.0
                },
                "virtual_positions": null
            },
            {
                "id": 15,
                "info": {
                    "color": "#680009",
                    "title": "JamLab 6R",
                    "article": "4",
                    "group_id": "1netmrdzf1irqpdemnvu2szybld1k1cm",
                    "group_title": "Группа 2"
                },
                "mass": 9.5,
                "size": {
                    "width": 280.0,
                    "height": 380.0,
                    "length": 490.0
                },
                "sort": 1,
                "step": 16,
                "type": "box",
                "margin": {
                    "width": 0.0,
                    "height": 0.0,
                    "length": 0.0
                },
                "cargo_id": "vfyhofdz2qjvswalhu1nljhfxaiuktf1",
                "position": {
                    "x": 980.0,
                    "y": 1470.0,
                    "z": 780.0
                },
                "stacking": true,
                "turnover": true,
                "rotation_state": 2,
                "stacking_limit": 0.0,
                "calculated_size": {
                    "width": 280.0,
                    "height": 490.0,
                    "length": 380.0
                },
                "virtual_positions": null
            },
            {
                "id": 1,
                "info": {
                    "color": "#87a18b",
                    "title": "RM800F",
                    "article": "12",
                    "group_id": "1netmrdzf1irqpdemnvu2szybld1k1cm",
                    "group_title": "Группа 2"
                },
                "mass": 48.0,
                "size": {
                    "width": 720.0,
                    "height": 600.0,
                    "length": 1420.0
                },
                "sort": 1,
                "step": 17,
                "type": "box",
                "margin": {
                    "width": 0.0,
                    "height": 0.0,
                    "length": 0.0
                },
                "cargo_id": "kva7iy6nessfz6phpvlolzlwg9akhsqo",
                "position": {
                    "x": 0.0,
                    "y": 570.0,
                    "z": 0.0
                },
                "stacking": true,
                "turnover": true,
                "rotation_state": 3,
                "stacking_limit": 0.0,
                "calculated_size": {
                    "width": 600.0,
                    "height": 1420.0,
                    "length": 720.0
                },
                "virtual_positions": null
            },
            {
                "id": 2,
                "info": {
                    "color": "#87a18b",
                    "title": "RM800F",
                    "article": "12",
                    "group_id": "1netmrdzf1irqpdemnvu2szybld1k1cm",
                    "group_title": "Группа 2"
                },
                "mass": 48.0,
                "size": {
                    "width": 720.0,
                    "height": 600.0,
                    "length": 1420.0
                },
                "sort": 1,
                "step": 18,
                "type": "box",
                "margin": {
                    "width": 0.0,
                    "height": 0.0,
                    "length": 0.0
                },
                "cargo_id": "kva7iy6nessfz6phpvlolzlwg9akhsqo",
                "position": {
                    "x": 720.0,
                    "y": 570.0,
                    "z": 0.0
                },
                "stacking": true,
                "turnover": true,
                "rotation_state": 2,
                "stacking_limit": 0.0,
                "calculated_size": {
                    "width": 720.0,
                    "height": 1420.0,
                    "length": 600.0
                },
                "virtual_positions": null
            }
        ],
        "version": 5,
        "cargo_space": {
            "id": 1057,
            "info": {
                "uid": "1057_0",
                "sort": 0,
                "title": "Аудио USA (copy)",
                "margin": {
                    "width": 0,
                    "height": 0,
                    "length": 0
                }
            },
            "mass": 20.0,
            "size": {
                "width": 1060.0,
                "height": 135.0,
                "length": 1360.0
            },
            "type": "pallet",
            "indentation": {
                "width": 0.0,
                "height": 0.0,
                "length": 0.0,
                "height_top": -2195.0,
                "length_end": 0.0,
                "width_right": 0.0
            },
            "loading_size": {
                "width": 1060.0,
                "height": 2330.0,
                "length": 1360.0
            },
            "calculation_info": {
                "step_count": 18,
                "cargos_mass": 0.2868,
                "load_volume": 3.358928,
                "cargos_volume": 2.46431,
                "count_cargoes": 18,
                "load_capacity": 1.0,
                "loading_height": 1.99,
                "density_percent": 85.90096,
                "remaining_volume": 0.89462,
                "void_space_percent": 26.63394,
                "filling_space_percent": 73.36606
            },
            "carrying_capacity": 1000.0,
            "real_center_of_gravity": [
                688.868549511855,
                894.0812412831243,
                610.2754532775455
            ],
            "ideal_center_of_gravity": [
                680.0,
                0.0,
                530.0
            ]
        },
        "cargo_groups": [],
        "packing_type": "PackingLayers",
        "calculation_id": 15389,
        "invalid_errors": [],
        "unpacked_errors": [],
        "validate_errors": [
            "ERROR_INDENTATION"
        ],
        "is_packed_same_boxes": false
    }
}