{
    "data": {
        "cargoes": [
            {
                "info": {
                    "color": "#2b8eaf",
                    "title": "ппп",
                    "article": "",
                    "group_id": "1jxdtlqi8l9ktfsq0qalhgluxzzywnn2",
                    "group_title": "Группа 1"
                },
                "mass": 25.0,
                "size": {
                    "width": 2200,
                    "height": 2200,
                    "length": 4000
                },
                "sort": 1,
                "type": "box",
                "count": 3,
                "margin": {
                    "width": 0,
                    "height": 0,
                    "length": 0
                },
                "cargo_id": "ehgq7uz9i5e73fmvfydfw5mvrzbzlanz",
                "stacking": true,
                "turnover": true,
                "margin_width": 0,
                "margin_length": 0,
                "stacking_limit": 0
            }
        ],
        "settings": {
            "rank": false,
            "max_step": 100,
            "min_step": 50,
            "usersort": false,
            "hardlimit": 1801,
            "timelimit": 1800,
            "step_scaling": 10
        },
        "put_boxes": [],
        "initial_id": 0,
        "cargo_space": {
            "id": 261,
            "info": {
                "uid": "261_0",
                "sort": 0,
                "title": "Стандартный 40 футовый контейнер"
            },
            "mass": 4400,
            "size": {
                "width": 2352,
                "height": 2385,
                "length": 12032
            },
            "type": "container",
            "axles": [],
            "title": "Стандартный 40 футовый контейнер",
            "indentation": {
                "width": 0,
                "height": 0,
                "length": 0,
                "height_top": 0,
                "length_end": 0,
                "width_right": 0
            },
            "loading_size": {
                "width": 2352,
                "height": 2385,
                "length": 12032
            },
            "carrying_capacity": 26600
        },
        "calculation_id": "16569"
    },
    "data_result": {
        "boxes": [
            {
                "id": 2,
                "info": {
                    "color": "#2b8eaf",
                    "title": "ппп",
                    "article": "",
                    "group_id": "1jxdtlqi8l9ktfsq0qalhgluxzzywnn2",
                    "group_title": "Группа 1"
                },
                "mass": 25.0,
                "size": {
                    "width": 2200.0,
                    "height": 2200.0,
                    "length": 4000.0
                },
                "sort": 1,
                "step": 1,
                "type": "box",
                "margin": {
                    "width": 0.0,
                    "height": 0.0,
                    "length": 0.0
                },
                "cargo_id": "ehgq7uz9i5e73fmvfydfw5mvrzbzlanz",
                "position": {
                    "x": 16.0,
                    "y": 0.0,
                    "z": 76.0
                },
                "stacking": true,
                "turnover": true,
                "rotation_state": 0,
                "stacking_limit": 0.0,
                "calculated_size": {
                    "width": 2200.0,
                    "height": 2200.0,
                    "length": 4000.0
                },
                "virtual_positions": null
            },
            {
                "id": 0,
                "info": {
                    "color": "#2b8eaf",
                    "title": "ппп",
                    "article": "",
                    "group_id": "1jxdtlqi8l9ktfsq0qalhgluxzzywnn2",
                    "group_title": "Группа 1"
                },
                "mass": 25.0,
                "size": {
                    "width": 2200.0,
                    "height": 2200.0,
                    "length": 4000.0
                },
                "sort": 1,
                "step": 2,
                "type": "box",
                "margin": {
                    "width": 0.0,
                    "height": 0.0,
                    "length": 0.0
                },
                "cargo_id": "ehgq7uz9i5e73fmvfydfw5mvrzbzlanz",
                "position": {
                    "x": 4016.0,
                    "y": 0.0,
                    "z": 76.0
                },
                "stacking": true,
                "turnover": true,
                "rotation_state": 0,
                "stacking_limit": 0.0,
                "calculated_size": {
                    "width": 2200.0,
                    "height": 2200.0,
                    "length": 4000.0
                },
                "virtual_positions": null
            },
            {
                "id": 1,
                "info": {
                    "color": "#2b8eaf",
                    "title": "ппп",
                    "article": "",
                    "group_id": "1jxdtlqi8l9ktfsq0qalhgluxzzywnn2",
                    "group_title": "Группа 1"
                },
                "mass": 25.0,
                "size": {
                    "width": 2200.0,
                    "height": 2200.0,
                    "length": 4000.0
                },
                "sort": 1,
                "step": 3,
                "type": "box",
                "margin": {
                    "width": 0.0,
                    "height": 0.0,
                    "length": 0.0
                },
                "cargo_id": "ehgq7uz9i5e73fmvfydfw5mvrzbzlanz",
                "position": {
                    "x": 8016.0,
                    "y": 0.0,
                    "z": 76.0
                },
                "stacking": true,
                "turnover": true,
                "rotation_state": 0,
                "stacking_limit": 0.0,
                "calculated_size": {
                    "width": 2200.0,
                    "height": 2200.0,
                    "length": 4000.0
                },
                "virtual_positions": null
            }
        ],
        "version": 5,
        "cargo_space": {
            "id": 261,
            "info": {
                "uid": "261_0",
                "sort": 0,
                "title": "Стандартный 40 футовый контейнер"
            },
            "mass": 4400.0,
            "size": {
                "width": 2352.0,
                "height": 2385.0,
                "length": 12032.0
            },
            "type": "container",
            "indentation": {
                "width": 0.0,
                "height": 0.0,
                "length": 0.0,
                "height_top": 0.0,
                "length_end": 0.0,
                "width_right": 0.0
            },
            "loading_size": {
                "width": 2352.0,
                "height": 2385.0,
                "length": 12032.0
            },
            "calculation_info": {
                "step_count": 3,
                "cargos_mass": 0.075,
                "load_volume": 67.49374464,
                "cargos_volume": 58.08,
                "count_cargoes": 3,
                "load_capacity": 26.6,
                "loading_height": 2.2,
                "density_percent": 100.0,
                "remaining_volume": 9.41374,
                "void_space_percent": 13.94758,
                "filling_space_percent": 86.05242
            },
            "carrying_capacity": 26600.0,
            "real_center_of_gravity": [
                6016.0,
                1100.0,
                1176.0
            ],
            "ideal_center_of_gravity": [
                6016.0,
                0.0,
                1176.0
            ]
        },
        "cargo_groups": [],
        "packing_type": "PackingContainerPoint",
        "calculation_id": 16569,
        "invalid_errors": [],
        "unpacked_errors": [],
        "validate_errors": [],
        "is_packed_same_boxes": false
    }
}