{
    "data": {
        "cargoes": [
            {
                "info": {
                    "uid": "1187_0_0",
                    "sort": 0,
                    "type": "pallet",
                    "title": "Шкаф витрина Олаф 2 уп",
                    "margin": {
                        "width": 0,
                        "height": 0,
                        "length": 0
                    },
                    "group_id": "1zuvagyuk09mljctlp7ajd5fhvnxaohe",
                    "pallet_id": "1zuvagyuk09mljctlp7ajd5fhvnxaohe_PALLET#1",
                    "loading_size": {
                        "width": 870.0,
                        "height": 1300.0,
                        "length": 1280.0
                    }
                },
                "mass": 90.0,
                "size": {
                    "width": 870.0,
                    "height": 1500.0,
                    "length": 1280.0
                },
                "sort": 1,
                "type": "pallet",
                "color": "",
                "count": 1,
                "title": "pallet 1zuvagyuk09mljctlp7ajd5fhvnxaohe_PALLET#1",
                "margin": {
                    "width": 0,
                    "height": 0,
                    "length": 0
                },
                "cargo_id": "1187_0_0",
                "stacking": false,
                "turnover": false,
                "stacking_limit": 0
            },
            {
                "info": {
                    "uid": "1186_1_0",
                    "sort": 1,
                    "type": "pallet",
                    "title": "Шкаф витрина Олаф 1 уп",
                    "margin": {
                        "width": 0,
                        "height": 0,
                        "length": 0
                    },
                    "group_id": "2ztokggw1fjylopmfnpp7m1tu6ndxr10",
                    "pallet_id": "2ztokggw1fjylopmfnpp7m1tu6ndxr10_PALLET#1",
                    "loading_size": {
                        "width": 870.0,
                        "height": 1300.0,
                        "length": 1280.0
                    }
                },
                "mass": 300.0,
                "size": {
                    "width": 870.0,
                    "height": 1500.0,
                    "length": 1280.0
                },
                "sort": 2,
                "type": "pallet",
                "color": "",
                "count": 1,
                "title": "pallet 2ztokggw1fjylopmfnpp7m1tu6ndxr10_PALLET#1",
                "margin": {
                    "width": 0,
                    "height": 0,
                    "length": 0
                },
                "cargo_id": "1186_1_0",
                "stacking": false,
                "turnover": false,
                "stacking_limit": 0
            },
            {
                "info": {
                    "uid": "1187_2_0",
                    "sort": 2,
                    "type": "pallet",
                    "title": "Шкаф витрина Олаф 2 уп",
                    "margin": {
                        "width": 0,
                        "height": 0,
                        "length": 0
                    },
                    "group_id": "3dlr99rjikblgsajka3rv0le2zwhuqcx",
                    "pallet_id": "3dlr99rjikblgsajka3rv0le2zwhuqcx_PALLET#1",
                    "loading_size": {
                        "width": 870.0,
                        "height": 1300.0,
                        "length": 1280.0
                    }
                },
                "mass": 240.0,
                "size": {
                    "width": 870.0,
                    "height": 1500.0,
                    "length": 1280.0
                },
                "sort": 3,
                "type": "pallet",
                "color": "",
                "count": 1,
                "title": "pallet 3dlr99rjikblgsajka3rv0le2zwhuqcx_PALLET#1",
                "margin": {
                    "width": 0,
                    "height": 0,
                    "length": 0
                },
                "cargo_id": "1187_2_0",
                "stacking": false,
                "turnover": false,
                "stacking_limit": 0
            },
            {
                "info": {
                    "uid": "1186_3_0",
                    "sort": 3,
                    "type": "pallet",
                    "title": "Шкаф витрина Олаф 1 уп",
                    "margin": {
                        "width": 0,
                        "height": 0,
                        "length": 0
                    },
                    "group_id": "4g7oa93x0nb4jfuryciavvm6buo4owr5",
                    "pallet_id": "4g7oa93x0nb4jfuryciavvm6buo4owr5_PALLET#1",
                    "loading_size": {
                        "width": 870.0,
                        "height": 1300.0,
                        "length": 1280.0
                    }
                },
                "mass": 750.0,
                "size": {
                    "width": 870.0,
                    "height": 1500.0,
                    "length": 1280.0
                },
                "sort": 4,
                "type": "pallet",
                "color": "",
                "count": 1,
                "title": "pallet 4g7oa93x0nb4jfuryciavvm6buo4owr5_PALLET#1",
                "margin": {
                    "width": 0,
                    "height": 0,
                    "length": 0
                },
                "cargo_id": "1186_3_0",
                "stacking": false,
                "turnover": false,
                "stacking_limit": 0
            },
            {
                "info": {
                    "uid": "1186_3_1",
                    "sort": 3,
                    "type": "pallet",
                    "title": "Шкаф витрина Олаф 1 уп",
                    "margin": {
                        "width": 0,
                        "height": 0,
                        "length": 0
                    },
                    "group_id": "4g7oa93x0nb4jfuryciavvm6buo4owr5",
                    "pallet_id": "4g7oa93x0nb4jfuryciavvm6buo4owr5_PALLET#2",
                    "loading_size": {
                        "width": 870.0,
                        "height": 1300.0,
                        "length": 1280.0
                    }
                },
                "mass": 100.0,
                "size": {
                    "width": 870.0,
                    "height": 1500.0,
                    "length": 1280.0
                },
                "sort": 4,
                "type": "pallet",
                "color": "",
                "count": 1,
                "title": "pallet 4g7oa93x0nb4jfuryciavvm6buo4owr5_PALLET#2",
                "margin": {
                    "width": 0,
                    "height": 0,
                    "length": 0
                },
                "cargo_id": "1186_3_1",
                "stacking": false,
                "turnover": false,
                "stacking_limit": 0
            },
            {
                "info": {
                    "uid": "1182_4_0",
                    "sort": 4,
                    "type": "pallet",
                    "title": "Тумба Олаф",
                    "margin": {
                        "width": 0,
                        "height": 0,
                        "length": 0
                    },
                    "group_id": "5xwv2acvscrdgmvcraab64bvkr97tu9b",
                    "pallet_id": "5xwv2acvscrdgmvcraab64bvkr97tu9b_PALLET#1",
                    "loading_size": {
                        "width": 870.0,
                        "height": 1300.0,
                        "length": 1280.0
                    }
                },
                "mass": 709.0,
                "size": {
                    "width": 870.0,
                    "height": 1500.0,
                    "length": 1280.0
                },
                "sort": 5,
                "type": "pallet",
                "color": "",
                "count": 1,
                "title": "pallet 5xwv2acvscrdgmvcraab64bvkr97tu9b_PALLET#1",
                "margin": {
                    "width": 0,
                    "height": 0,
                    "length": 0
                },
                "cargo_id": "1182_4_0",
                "stacking": false,
                "turnover": false,
                "stacking_limit": 0
            },
            {
                "info": {
                    "uid": "1182_4_1",
                    "sort": 4,
                    "type": "pallet",
                    "title": "Тумба Олаф",
                    "margin": {
                        "width": 0,
                        "height": 0,
                        "length": 0
                    },
                    "group_id": "5xwv2acvscrdgmvcraab64bvkr97tu9b",
                    "pallet_id": "5xwv2acvscrdgmvcraab64bvkr97tu9b_PALLET#2",
                    "loading_size": {
                        "width": 870.0,
                        "height": 1300.0,
                        "length": 1280.0
                    }
                },
                "mass": 709.0,
                "size": {
                    "width": 870.0,
                    "height": 1500.0,
                    "length": 1280.0
                },
                "sort": 5,
                "type": "pallet",
                "color": "",
                "count": 1,
                "title": "pallet 5xwv2acvscrdgmvcraab64bvkr97tu9b_PALLET#2",
                "margin": {
                    "width": 0,
                    "height": 0,
                    "length": 0
                },
                "cargo_id": "1182_4_1",
                "stacking": false,
                "turnover": false,
                "stacking_limit": 0
            },
            {
                "info": {
                    "uid": "1182_4_2",
                    "sort": 4,
                    "type": "pallet",
                    "title": "Тумба Олаф",
                    "margin": {
                        "width": 0,
                        "height": 0,
                        "length": 0
                    },
                    "group_id": "5xwv2acvscrdgmvcraab64bvkr97tu9b",
                    "pallet_id": "5xwv2acvscrdgmvcraab64bvkr97tu9b_PALLET#3",
                    "loading_size": {
                        "width": 870.0,
                        "height": 1300.0,
                        "length": 1280.0
                    }
                },
                "mass": 72.0,
                "size": {
                    "width": 870.0,
                    "height": 1500.0,
                    "length": 1280.0
                },
                "sort": 5,
                "type": "pallet",
                "color": "",
                "count": 1,
                "title": "pallet 5xwv2acvscrdgmvcraab64bvkr97tu9b_PALLET#3",
                "margin": {
                    "width": 0,
                    "height": 0,
                    "length": 0
                },
                "cargo_id": "1182_4_2",
                "stacking": false,
                "turnover": false,
                "stacking_limit": 0
            },
            {
                "info": {
                    "uid": "1182_5_0",
                    "sort": 5,
                    "type": "pallet",
                    "title": "Тумба Олаф",
                    "margin": {
                        "width": 0,
                        "height": 0,
                        "length": 0
                    },
                    "group_id": "65dvweug1qar4zrjlp5lbnmtirinrphw",
                    "pallet_id": "65dvweug1qar4zrjlp5lbnmtirinrphw_PALLET#1",
                    "loading_size": {
                        "width": 870.0,
                        "height": 1300.0,
                        "length": 1280.0
                    }
                },
                "mass": 709.0,
                "size": {
                    "width": 870.0,
                    "height": 1500.0,
                    "length": 1280.0
                },
                "sort": 6,
                "type": "pallet",
                "color": "",
                "count": 1,
                "title": "pallet 65dvweug1qar4zrjlp5lbnmtirinrphw_PALLET#1",
                "margin": {
                    "width": 0,
                    "height": 0,
                    "length": 0
                },
                "cargo_id": "1182_5_0",
                "stacking": false,
                "turnover": false,
                "stacking_limit": 0
            },
            {
                "info": {
                    "uid": "1182_5_1",
                    "sort": 5,
                    "type": "pallet",
                    "title": "Тумба Олаф",
                    "margin": {
                        "width": 0,
                        "height": 0,
                        "length": 0
                    },
                    "group_id": "65dvweug1qar4zrjlp5lbnmtirinrphw",
                    "pallet_id": "65dvweug1qar4zrjlp5lbnmtirinrphw_PALLET#2",
                    "loading_size": {
                        "width": 870.0,
                        "height": 1300.0,
                        "length": 1280.0
                    }
                },
                "mass": 501.0,
                "size": {
                    "width": 870.0,
                    "height": 1500.0,
                    "length": 1280.0
                },
                "sort": 6,
                "type": "pallet",
                "color": "",
                "count": 1,
                "title": "pallet 65dvweug1qar4zrjlp5lbnmtirinrphw_PALLET#2",
                "margin": {
                    "width": 0,
                    "height": 0,
                    "length": 0
                },
                "cargo_id": "1182_5_1",
                "stacking": false,
                "turnover": false,
                "stacking_limit": 0
            },
            {
                "info": {
                    "uid": "1184_7_0",
                    "sort": 7,
                    "type": "pallet",
                    "title": "Тумба ТВ Олаф",
                    "margin": {
                        "width": 0,
                        "height": 0,
                        "length": 0
                    },
                    "group_id": "8talo1063t1cvjierrsvpuvbhqrpspkt",
                    "pallet_id": "8talo1063t1cvjierrsvpuvbhqrpspkt_PALLET#1",
                    "loading_size": {
                        "width": 870.0,
                        "height": 1300.0,
                        "length": 1530.0
                    }
                },
                "mass": 840.0,
                "size": {
                    "width": 870.0,
                    "height": 1500.0,
                    "length": 1530.0
                },
                "sort": 8,
                "type": "pallet",
                "color": "",
                "count": 1,
                "title": "pallet 8talo1063t1cvjierrsvpuvbhqrpspkt_PALLET#1",
                "margin": {
                    "width": 0,
                    "height": 0,
                    "length": 0
                },
                "cargo_id": "1184_7_0",
                "stacking": false,
                "turnover": false,
                "stacking_limit": 0
            },
            {
                "info": {
                    "uid": "1185_8_0",
                    "sort": 8,
                    "type": "pallet",
                    "title": "Стеллаж Олаф",
                    "margin": {
                        "width": 0,
                        "height": 0,
                        "length": 0
                    },
                    "group_id": "948c5sqwh0chqkxizj6itx4yelrlcd63",
                    "pallet_id": "948c5sqwh0chqkxizj6itx4yelrlcd63_PALLET#1",
                    "loading_size": {
                        "width": 870.0,
                        "height": 1300.0,
                        "length": 1780.0
                    }
                },
                "mass": 330.0,
                "size": {
                    "width": 870.0,
                    "height": 1500.0,
                    "length": 1780.0
                },
                "sort": 9,
                "type": "pallet",
                "color": "",
                "count": 1,
                "title": "pallet 948c5sqwh0chqkxizj6itx4yelrlcd63_PALLET#1",
                "margin": {
                    "width": 0,
                    "height": 0,
                    "length": 0
                },
                "cargo_id": "1185_8_0",
                "stacking": false,
                "turnover": false,
                "stacking_limit": 0
            },
            {
                "info": {
                    "uid": "1185_9_0",
                    "sort": 9,
                    "type": "pallet",
                    "title": "Стеллаж Олаф",
                    "margin": {
                        "width": 0,
                        "height": 0,
                        "length": 0
                    },
                    "group_id": "10uftdjzfiys1swfh4iekzbkzuv9hizg",
                    "pallet_id": "10uftdjzfiys1swfh4iekzbkzuv9hizg_PALLET#1",
                    "loading_size": {
                        "width": 870.0,
                        "height": 1300.0,
                        "length": 1780.0
                    }
                },
                "mass": 330.0,
                "size": {
                    "width": 870.0,
                    "height": 1500.0,
                    "length": 1780.0
                },
                "sort": 10,
                "type": "pallet",
                "color": "",
                "count": 1,
                "title": "pallet 10uftdjzfiys1swfh4iekzbkzuv9hizg_PALLET#1",
                "margin": {
                    "width": 0,
                    "height": 0,
                    "length": 0
                },
                "cargo_id": "1185_9_0",
                "stacking": false,
                "turnover": false,
                "stacking_limit": 0
            },
            {
                "info": {
                    "uid": "1180_10_0",
                    "sort": 10,
                    "type": "pallet",
                    "title": "Комод Олаф",
                    "margin": {
                        "width": 0,
                        "height": 0,
                        "length": 0
                    },
                    "group_id": "11yibmquodugh7prz5aab4igagkaxytd",
                    "pallet_id": "11yibmquodugh7prz5aab4igagkaxytd_PALLET#1",
                    "loading_size": {
                        "width": 1170.0,
                        "height": 1300.0,
                        "length": 1530.0
                    }
                },
                "mass": 1175.0,
                "size": {
                    "width": 1170.0,
                    "height": 1500.0,
                    "length": 1530.0
                },
                "sort": 11,
                "type": "pallet",
                "color": "",
                "count": 1,
                "title": "pallet 11yibmquodugh7prz5aab4igagkaxytd_PALLET#1",
                "margin": {
                    "width": 0,
                    "height": 0,
                    "length": 0
                },
                "cargo_id": "1180_10_0",
                "stacking": false,
                "turnover": false,
                "stacking_limit": 0
            },
            {
                "info": {
                    "uid": "1180_10_1",
                    "sort": 10,
                    "type": "pallet",
                    "title": "Комод Олаф",
                    "margin": {
                        "width": 0,
                        "height": 0,
                        "length": 0
                    },
                    "group_id": "11yibmquodugh7prz5aab4igagkaxytd",
                    "pallet_id": "11yibmquodugh7prz5aab4igagkaxytd_PALLET#2",
                    "loading_size": {
                        "width": 1170.0,
                        "height": 1300.0,
                        "length": 1530.0
                    }
                },
                "mass": 1175.0,
                "size": {
                    "width": 1170.0,
                    "height": 1500.0,
                    "length": 1530.0
                },
                "sort": 11,
                "type": "pallet",
                "color": "",
                "count": 1,
                "title": "pallet 11yibmquodugh7prz5aab4igagkaxytd_PALLET#2",
                "margin": {
                    "width": 0,
                    "height": 0,
                    "length": 0
                },
                "cargo_id": "1180_10_1",
                "stacking": false,
                "turnover": false,
                "stacking_limit": 0
            },
            {
                "info": {
                    "uid": "1180_10_2",
                    "sort": 10,
                    "type": "pallet",
                    "title": "Комод Олаф",
                    "margin": {
                        "width": 0,
                        "height": 0,
                        "length": 0
                    },
                    "group_id": "11yibmquodugh7prz5aab4igagkaxytd",
                    "pallet_id": "11yibmquodugh7prz5aab4igagkaxytd_PALLET#3",
                    "loading_size": {
                        "width": 1170.0,
                        "height": 1300.0,
                        "length": 1530.0
                    }
                },
                "mass": 1175.0,
                "size": {
                    "width": 1170.0,
                    "height": 1500.0,
                    "length": 1530.0
                },
                "sort": 11,
                "type": "pallet",
                "color": "",
                "count": 1,
                "title": "pallet 11yibmquodugh7prz5aab4igagkaxytd_PALLET#3",
                "margin": {
                    "width": 0,
                    "height": 0,
                    "length": 0
                },
                "cargo_id": "1180_10_2",
                "stacking": false,
                "turnover": false,
                "stacking_limit": 0
            },
            {
                "info": {
                    "uid": "1180_10_3",
                    "sort": 10,
                    "type": "pallet",
                    "title": "Комод Олаф",
                    "margin": {
                        "width": 0,
                        "height": 0,
                        "length": 0
                    },
                    "group_id": "11yibmquodugh7prz5aab4igagkaxytd",
                    "pallet_id": "11yibmquodugh7prz5aab4igagkaxytd_PALLET#4",
                    "loading_size": {
                        "width": 1170.0,
                        "height": 1300.0,
                        "length": 1530.0
                    }
                },
                "mass": 405.0,
                "size": {
                    "width": 1170.0,
                    "height": 1500.0,
                    "length": 1530.0
                },
                "sort": 11,
                "type": "pallet",
                "color": "",
                "count": 1,
                "title": "pallet 11yibmquodugh7prz5aab4igagkaxytd_PALLET#4",
                "margin": {
                    "width": 0,
                    "height": 0,
                    "length": 0
                },
                "cargo_id": "1180_10_3",
                "stacking": false,
                "turnover": false,
                "stacking_limit": 0
            }
        ],
        "settings": {
            "rank": false,
            "max_step": 100,
            "min_step": 50,
            "usersort": false,
            "hardlimit": 1801,
            "timelimit": 1797.5445249999998,
            "step_scaling": 10
        },
        "put_boxes": [],
        "initial_id": 340,
        "cargo_space": {
            "id": 201,
            "info": {
                "uid": "201_0",
                "sort": 0,
                "title": "KRONE SDP 27"
            },
            "mass": 6500,
            "size": {
                "width": 2480,
                "height": 2860,
                "length": 13692
            },
            "type": "truck",
            "axles": [
                {
                    "title": "Ось 1",
                    "distance": 1155,
                    "max_load": 9000,
                    "default_load": 1665
                },
                {
                    "title": "Ось 2",
                    "distance": 1282,
                    "max_load": 9000,
                    "default_load": 1665
                },
                {
                    "title": "Ось 3",
                    "distance": 1300,
                    "max_load": 9000,
                    "default_load": 1670
                }
            ],
            "hitch": {
                "title": "",
                "distance": 7000,
                "max_load": 12000,
                "default_load": 1500
            },
            "title": "KRONE SDP 27",
            "tractor": {
                "mass": 9000,
                "axles": [
                    {
                        "title": "Ось 1",
                        "distance": 1410,
                        "max_load": 8000,
                        "default_load": 6000
                    },
                    {
                        "title": "Ось 2",
                        "distance": 2827,
                        "max_load": 11000,
                        "default_load": 2300
                    },
                    {
                        "title": "Ось 3",
                        "distance": 1395,
                        "max_load": 10000,
                        "default_load": 2200
                    }
                ],
                "title": "IVECO STRALIS AT440S42",
                "length": 6140,
                "hitch_distance": 778
            },
            "indentation": {
                "width": 0,
                "height": 0,
                "length": 46,
                "height_top": 0,
                "length_end": 46,
                "width_right": 0
            },
            "loading_size": {
                "width": 2480,
                "height": 2860,
                "length": 13600
            },
            "carrying_capacity": 32500
        },
        "calculation_id": "16442"
    },
    "data_result": {
        "boxes": [
            {
                "id": 350,
                "info": {
                    "uid": "1184_7_0",
                    "sort": 7,
                    "type": "pallet",
                    "title": "Тумба ТВ Олаф",
                    "margin": {
                        "width": 0,
                        "height": 0,
                        "length": 0
                    },
                    "group_id": "8talo1063t1cvjierrsvpuvbhqrpspkt",
                    "pallet_id": "8talo1063t1cvjierrsvpuvbhqrpspkt_PALLET#1",
                    "loading_size": {
                        "width": 870.0,
                        "height": 1300.0,
                        "length": 1530.0
                    }
                },
                "mass": 840.0,
                "size": {
                    "width": 870.0,
                    "height": 1500.0,
                    "length": 1530.0
                },
                "sort": 8,
                "step": 1,
                "type": "pallet",
                "margin": {
                    "width": 0.0,
                    "height": 0.0,
                    "length": 0.0
                },
                "cargo_id": "1184_7_0",
                "position": {
                    "x": 0.0,
                    "y": 0.0,
                    "z": 1610.0
                },
                "stacking": false,
                "turnover": false,
                "rotation_state": 0,
                "stacking_limit": 0.0,
                "calculated_size": {
                    "width": 870.0,
                    "height": 1500.0,
                    "length": 1530.0
                },
                "virtual_positions": null
            },
            {
                "id": 353,
                "info": {
                    "uid": "1180_10_0",
                    "sort": 10,
                    "type": "pallet",
                    "title": "Комод Олаф",
                    "margin": {
                        "width": 0,
                        "height": 0,
                        "length": 0
                    },
                    "group_id": "11yibmquodugh7prz5aab4igagkaxytd",
                    "pallet_id": "11yibmquodugh7prz5aab4igagkaxytd_PALLET#1",
                    "loading_size": {
                        "width": 1170.0,
                        "height": 1300.0,
                        "length": 1530.0
                    }
                },
                "mass": 1175.0,
                "size": {
                    "width": 1170.0,
                    "height": 1500.0,
                    "length": 1530.0
                },
                "sort": 11,
                "step": 2,
                "type": "pallet",
                "margin": {
                    "width": 0.0,
                    "height": 0.0,
                    "length": 0.0
                },
                "cargo_id": "1180_10_0",
                "position": {
                    "x": 0.0,
                    "y": 0.0,
                    "z": 0.0
                },
                "stacking": false,
                "turnover": false,
                "rotation_state": 1,
                "stacking_limit": 0.0,
                "calculated_size": {
                    "width": 1530.0,
                    "height": 1500.0,
                    "length": 1170.0
                },
                "virtual_positions": null
            },
            {
                "id": 343,
                "info": {
                    "uid": "1186_3_0",
                    "sort": 3,
                    "type": "pallet",
                    "title": "Шкаф витрина Олаф 1 уп",
                    "margin": {
                        "width": 0,
                        "height": 0,
                        "length": 0
                    },
                    "group_id": "4g7oa93x0nb4jfuryciavvm6buo4owr5",
                    "pallet_id": "4g7oa93x0nb4jfuryciavvm6buo4owr5_PALLET#1",
                    "loading_size": {
                        "width": 870.0,
                        "height": 1300.0,
                        "length": 1280.0
                    }
                },
                "mass": 750.0,
                "size": {
                    "width": 870.0,
                    "height": 1500.0,
                    "length": 1280.0
                },
                "sort": 4,
                "step": 3,
                "type": "pallet",
                "margin": {
                    "width": 0.0,
                    "height": 0.0,
                    "length": 0.0
                },
                "cargo_id": "1186_3_0",
                "position": {
                    "x": 1530.0,
                    "y": 0.0,
                    "z": 1610.0
                },
                "stacking": false,
                "turnover": false,
                "rotation_state": 0,
                "stacking_limit": 0.0,
                "calculated_size": {
                    "width": 870.0,
                    "height": 1500.0,
                    "length": 1280.0
                },
                "virtual_positions": null
            },
            {
                "id": 354,
                "info": {
                    "uid": "1180_10_1",
                    "sort": 10,
                    "type": "pallet",
                    "title": "Комод Олаф",
                    "margin": {
                        "width": 0,
                        "height": 0,
                        "length": 0
                    },
                    "group_id": "11yibmquodugh7prz5aab4igagkaxytd",
                    "pallet_id": "11yibmquodugh7prz5aab4igagkaxytd_PALLET#2",
                    "loading_size": {
                        "width": 1170.0,
                        "height": 1300.0,
                        "length": 1530.0
                    }
                },
                "mass": 1175.0,
                "size": {
                    "width": 1170.0,
                    "height": 1500.0,
                    "length": 1530.0
                },
                "sort": 11,
                "step": 4,
                "type": "pallet",
                "margin": {
                    "width": 0.0,
                    "height": 0.0,
                    "length": 0.0
                },
                "cargo_id": "1180_10_1",
                "position": {
                    "x": 1170.0,
                    "y": 0.0,
                    "z": 0.0
                },
                "stacking": false,
                "turnover": false,
                "rotation_state": 1,
                "stacking_limit": 0.0,
                "calculated_size": {
                    "width": 1530.0,
                    "height": 1500.0,
                    "length": 1170.0
                },
                "virtual_positions": null
            },
            {
                "id": 346,
                "info": {
                    "uid": "1182_4_1",
                    "sort": 4,
                    "type": "pallet",
                    "title": "Тумба Олаф",
                    "margin": {
                        "width": 0,
                        "height": 0,
                        "length": 0
                    },
                    "group_id": "5xwv2acvscrdgmvcraab64bvkr97tu9b",
                    "pallet_id": "5xwv2acvscrdgmvcraab64bvkr97tu9b_PALLET#2",
                    "loading_size": {
                        "width": 870.0,
                        "height": 1300.0,
                        "length": 1280.0
                    }
                },
                "mass": 709.0,
                "size": {
                    "width": 870.0,
                    "height": 1500.0,
                    "length": 1280.0
                },
                "sort": 5,
                "step": 5,
                "type": "pallet",
                "margin": {
                    "width": 0.0,
                    "height": 0.0,
                    "length": 0.0
                },
                "cargo_id": "1182_4_1",
                "position": {
                    "x": 2810.0,
                    "y": 0.0,
                    "z": 1610.0
                },
                "stacking": false,
                "turnover": false,
                "rotation_state": 0,
                "stacking_limit": 0.0,
                "calculated_size": {
                    "width": 870.0,
                    "height": 1500.0,
                    "length": 1280.0
                },
                "virtual_positions": null
            },
            {
                "id": 355,
                "info": {
                    "uid": "1180_10_2",
                    "sort": 10,
                    "type": "pallet",
                    "title": "Комод Олаф",
                    "margin": {
                        "width": 0,
                        "height": 0,
                        "length": 0
                    },
                    "group_id": "11yibmquodugh7prz5aab4igagkaxytd",
                    "pallet_id": "11yibmquodugh7prz5aab4igagkaxytd_PALLET#3",
                    "loading_size": {
                        "width": 1170.0,
                        "height": 1300.0,
                        "length": 1530.0
                    }
                },
                "mass": 1175.0,
                "size": {
                    "width": 1170.0,
                    "height": 1500.0,
                    "length": 1530.0
                },
                "sort": 11,
                "step": 6,
                "type": "pallet",
                "margin": {
                    "width": 0.0,
                    "height": 0.0,
                    "length": 0.0
                },
                "cargo_id": "1180_10_2",
                "position": {
                    "x": 2340.0,
                    "y": 0.0,
                    "z": 0.0
                },
                "stacking": false,
                "turnover": false,
                "rotation_state": 1,
                "stacking_limit": 0.0,
                "calculated_size": {
                    "width": 1530.0,
                    "height": 1500.0,
                    "length": 1170.0
                },
                "virtual_positions": null
            },
            {
                "id": 345,
                "info": {
                    "uid": "1182_4_0",
                    "sort": 4,
                    "type": "pallet",
                    "title": "Тумба Олаф",
                    "margin": {
                        "width": 0,
                        "height": 0,
                        "length": 0
                    },
                    "group_id": "5xwv2acvscrdgmvcraab64bvkr97tu9b",
                    "pallet_id": "5xwv2acvscrdgmvcraab64bvkr97tu9b_PALLET#1",
                    "loading_size": {
                        "width": 870.0,
                        "height": 1300.0,
                        "length": 1280.0
                    }
                },
                "mass": 709.0,
                "size": {
                    "width": 870.0,
                    "height": 1500.0,
                    "length": 1280.0
                },
                "sort": 5,
                "step": 7,
                "type": "pallet",
                "margin": {
                    "width": 0.0,
                    "height": 0.0,
                    "length": 0.0
                },
                "cargo_id": "1182_4_0",
                "position": {
                    "x": 3510.0,
                    "y": 0.0,
                    "z": 0.0
                },
                "stacking": false,
                "turnover": false,
                "rotation_state": 1,
                "stacking_limit": 0.0,
                "calculated_size": {
                    "width": 1280.0,
                    "height": 1500.0,
                    "length": 870.0
                },
                "virtual_positions": null
            },
            {
                "id": 356,
                "info": {
                    "uid": "1180_10_3",
                    "sort": 10,
                    "type": "pallet",
                    "title": "Комод Олаф",
                    "margin": {
                        "width": 0,
                        "height": 0,
                        "length": 0
                    },
                    "group_id": "11yibmquodugh7prz5aab4igagkaxytd",
                    "pallet_id": "11yibmquodugh7prz5aab4igagkaxytd_PALLET#4",
                    "loading_size": {
                        "width": 1170.0,
                        "height": 1300.0,
                        "length": 1530.0
                    }
                },
                "mass": 405.0,
                "size": {
                    "width": 1170.0,
                    "height": 1500.0,
                    "length": 1530.0
                },
                "sort": 11,
                "step": 8,
                "type": "pallet",
                "margin": {
                    "width": 0.0,
                    "height": 0.0,
                    "length": 0.0
                },
                "cargo_id": "1180_10_3",
                "position": {
                    "x": 4090.0,
                    "y": 0.0,
                    "z": 1310.0
                },
                "stacking": false,
                "turnover": false,
                "rotation_state": 0,
                "stacking_limit": 0.0,
                "calculated_size": {
                    "width": 1170.0,
                    "height": 1500.0,
                    "length": 1530.0
                },
                "virtual_positions": null
            },
            {
                "id": 348,
                "info": {
                    "uid": "1182_5_0",
                    "sort": 5,
                    "type": "pallet",
                    "title": "Тумба Олаф",
                    "margin": {
                        "width": 0,
                        "height": 0,
                        "length": 0
                    },
                    "group_id": "65dvweug1qar4zrjlp5lbnmtirinrphw",
                    "pallet_id": "65dvweug1qar4zrjlp5lbnmtirinrphw_PALLET#1",
                    "loading_size": {
                        "width": 870.0,
                        "height": 1300.0,
                        "length": 1280.0
                    }
                },
                "mass": 709.0,
                "size": {
                    "width": 870.0,
                    "height": 1500.0,
                    "length": 1280.0
                },
                "sort": 6,
                "step": 9,
                "type": "pallet",
                "margin": {
                    "width": 0.0,
                    "height": 0.0,
                    "length": 0.0
                },
                "cargo_id": "1182_5_0",
                "position": {
                    "x": 4380.0,
                    "y": 0.0,
                    "z": 0.0
                },
                "stacking": false,
                "turnover": false,
                "rotation_state": 1,
                "stacking_limit": 0.0,
                "calculated_size": {
                    "width": 1280.0,
                    "height": 1500.0,
                    "length": 870.0
                },
                "virtual_positions": null
            },
            {
                "id": 349,
                "info": {
                    "uid": "1182_5_1",
                    "sort": 5,
                    "type": "pallet",
                    "title": "Тумба Олаф",
                    "margin": {
                        "width": 0,
                        "height": 0,
                        "length": 0
                    },
                    "group_id": "65dvweug1qar4zrjlp5lbnmtirinrphw",
                    "pallet_id": "65dvweug1qar4zrjlp5lbnmtirinrphw_PALLET#2",
                    "loading_size": {
                        "width": 870.0,
                        "height": 1300.0,
                        "length": 1280.0
                    }
                },
                "mass": 501.0,
                "size": {
                    "width": 870.0,
                    "height": 1500.0,
                    "length": 1280.0
                },
                "sort": 6,
                "step": 10,
                "type": "pallet",
                "margin": {
                    "width": 0.0,
                    "height": 0.0,
                    "length": 0.0
                },
                "cargo_id": "1182_5_1",
                "position": {
                    "x": 5250.0,
                    "y": 0.0,
                    "z": 0.0
                },
                "stacking": false,
                "turnover": false,
                "rotation_state": 1,
                "stacking_limit": 0.0,
                "calculated_size": {
                    "width": 1280.0,
                    "height": 1500.0,
                    "length": 870.0
                },
                "virtual_positions": null
            },
            {
                "id": 351,
                "info": {
                    "uid": "1185_8_0",
                    "sort": 8,
                    "type": "pallet",
                    "title": "Стеллаж Олаф",
                    "margin": {
                        "width": 0,
                        "height": 0,
                        "length": 0
                    },
                    "group_id": "948c5sqwh0chqkxizj6itx4yelrlcd63",
                    "pallet_id": "948c5sqwh0chqkxizj6itx4yelrlcd63_PALLET#1",
                    "loading_size": {
                        "width": 870.0,
                        "height": 1300.0,
                        "length": 1780.0
                    }
                },
                "mass": 330.0,
                "size": {
                    "width": 870.0,
                    "height": 1500.0,
                    "length": 1780.0
                },
                "sort": 9,
                "step": 11,
                "type": "pallet",
                "margin": {
                    "width": 0.0,
                    "height": 0.0,
                    "length": 0.0
                },
                "cargo_id": "1185_8_0",
                "position": {
                    "x": 6120.0,
                    "y": 0.0,
                    "z": 0.0
                },
                "stacking": false,
                "turnover": false,
                "rotation_state": 1,
                "stacking_limit": 0.0,
                "calculated_size": {
                    "width": 1780.0,
                    "height": 1500.0,
                    "length": 870.0
                },
                "virtual_positions": null
            },
            {
                "id": 352,
                "info": {
                    "uid": "1185_9_0",
                    "sort": 9,
                    "type": "pallet",
                    "title": "Стеллаж Олаф",
                    "margin": {
                        "width": 0,
                        "height": 0,
                        "length": 0
                    },
                    "group_id": "10uftdjzfiys1swfh4iekzbkzuv9hizg",
                    "pallet_id": "10uftdjzfiys1swfh4iekzbkzuv9hizg_PALLET#1",
                    "loading_size": {
                        "width": 870.0,
                        "height": 1300.0,
                        "length": 1780.0
                    }
                },
                "mass": 330.0,
                "size": {
                    "width": 870.0,
                    "height": 1500.0,
                    "length": 1780.0
                },
                "sort": 10,
                "step": 12,
                "type": "pallet",
                "margin": {
                    "width": 0.0,
                    "height": 0.0,
                    "length": 0.0
                },
                "cargo_id": "1185_9_0",
                "position": {
                    "x": 6990.0,
                    "y": 0.0,
                    "z": 0.0
                },
                "stacking": false,
                "turnover": false,
                "rotation_state": 1,
                "stacking_limit": 0.0,
                "calculated_size": {
                    "width": 1780.0,
                    "height": 1500.0,
                    "length": 870.0
                },
                "virtual_positions": null
            },
            {
                "id": 342,
                "info": {
                    "uid": "1187_2_0",
                    "sort": 2,
                    "type": "pallet",
                    "title": "Шкаф витрина Олаф 2 уп",
                    "margin": {
                        "width": 0,
                        "height": 0,
                        "length": 0
                    },
                    "group_id": "3dlr99rjikblgsajka3rv0le2zwhuqcx",
                    "pallet_id": "3dlr99rjikblgsajka3rv0le2zwhuqcx_PALLET#1",
                    "loading_size": {
                        "width": 870.0,
                        "height": 1300.0,
                        "length": 1280.0
                    }
                },
                "mass": 240.0,
                "size": {
                    "width": 870.0,
                    "height": 1500.0,
                    "length": 1280.0
                },
                "sort": 3,
                "step": 13,
                "type": "pallet",
                "margin": {
                    "width": 0.0,
                    "height": 0.0,
                    "length": 0.0
                },
                "cargo_id": "1187_2_0",
                "position": {
                    "x": 7860.0,
                    "y": 0.0,
                    "z": 1280.0
                },
                "stacking": false,
                "turnover": false,
                "rotation_state": 0,
                "stacking_limit": 0.0,
                "calculated_size": {
                    "width": 870.0,
                    "height": 1500.0,
                    "length": 1280.0
                },
                "virtual_positions": null
            },
            {
                "id": 341,
                "info": {
                    "uid": "1186_1_0",
                    "sort": 1,
                    "type": "pallet",
                    "title": "Шкаф витрина Олаф 1 уп",
                    "margin": {
                        "width": 0,
                        "height": 0,
                        "length": 0
                    },
                    "group_id": "2ztokggw1fjylopmfnpp7m1tu6ndxr10",
                    "pallet_id": "2ztokggw1fjylopmfnpp7m1tu6ndxr10_PALLET#1",
                    "loading_size": {
                        "width": 870.0,
                        "height": 1300.0,
                        "length": 1280.0
                    }
                },
                "mass": 300.0,
                "size": {
                    "width": 870.0,
                    "height": 1500.0,
                    "length": 1280.0
                },
                "sort": 2,
                "step": 14,
                "type": "pallet",
                "margin": {
                    "width": 0.0,
                    "height": 0.0,
                    "length": 0.0
                },
                "cargo_id": "1186_1_0",
                "position": {
                    "x": 7860.0,
                    "y": 0.0,
                    "z": 0.0
                },
                "stacking": false,
                "turnover": false,
                "rotation_state": 1,
                "stacking_limit": 0.0,
                "calculated_size": {
                    "width": 1280.0,
                    "height": 1500.0,
                    "length": 870.0
                },
                "virtual_positions": null
            },
            {
                "id": 347,
                "info": {
                    "uid": "1182_4_2",
                    "sort": 4,
                    "type": "pallet",
                    "title": "Тумба Олаф",
                    "margin": {
                        "width": 0,
                        "height": 0,
                        "length": 0
                    },
                    "group_id": "5xwv2acvscrdgmvcraab64bvkr97tu9b",
                    "pallet_id": "5xwv2acvscrdgmvcraab64bvkr97tu9b_PALLET#3",
                    "loading_size": {
                        "width": 870.0,
                        "height": 1300.0,
                        "length": 1280.0
                    }
                },
                "mass": 72.0,
                "size": {
                    "width": 870.0,
                    "height": 1500.0,
                    "length": 1280.0
                },
                "sort": 5,
                "step": 15,
                "type": "pallet",
                "margin": {
                    "width": 0.0,
                    "height": 0.0,
                    "length": 0.0
                },
                "cargo_id": "1182_4_2",
                "position": {
                    "x": 9140.0,
                    "y": 0.0,
                    "z": 1280.0
                },
                "stacking": false,
                "turnover": false,
                "rotation_state": 0,
                "stacking_limit": 0.0,
                "calculated_size": {
                    "width": 870.0,
                    "height": 1500.0,
                    "length": 1280.0
                },
                "virtual_positions": null
            },
            {
                "id": 344,
                "info": {
                    "uid": "1186_3_1",
                    "sort": 3,
                    "type": "pallet",
                    "title": "Шкаф витрина Олаф 1 уп",
                    "margin": {
                        "width": 0,
                        "height": 0,
                        "length": 0
                    },
                    "group_id": "4g7oa93x0nb4jfuryciavvm6buo4owr5",
                    "pallet_id": "4g7oa93x0nb4jfuryciavvm6buo4owr5_PALLET#2",
                    "loading_size": {
                        "width": 870.0,
                        "height": 1300.0,
                        "length": 1280.0
                    }
                },
                "mass": 100.0,
                "size": {
                    "width": 870.0,
                    "height": 1500.0,
                    "length": 1280.0
                },
                "sort": 4,
                "step": 16,
                "type": "pallet",
                "margin": {
                    "width": 0.0,
                    "height": 0.0,
                    "length": 0.0
                },
                "cargo_id": "1186_3_1",
                "position": {
                    "x": 8730.0,
                    "y": 0.0,
                    "z": 0.0
                },
                "stacking": false,
                "turnover": false,
                "rotation_state": 1,
                "stacking_limit": 0.0,
                "calculated_size": {
                    "width": 1280.0,
                    "height": 1500.0,
                    "length": 870.0
                },
                "virtual_positions": null
            },
            {
                "id": 340,
                "info": {
                    "uid": "1187_0_0",
                    "sort": 0,
                    "type": "pallet",
                    "title": "Шкаф витрина Олаф 2 уп",
                    "margin": {
                        "width": 0,
                        "height": 0,
                        "length": 0
                    },
                    "group_id": "1zuvagyuk09mljctlp7ajd5fhvnxaohe",
                    "pallet_id": "1zuvagyuk09mljctlp7ajd5fhvnxaohe_PALLET#1",
                    "loading_size": {
                        "width": 870.0,
                        "height": 1300.0,
                        "length": 1280.0
                    }
                },
                "mass": 90.0,
                "size": {
                    "width": 870.0,
                    "height": 1500.0,
                    "length": 1280.0
                },
                "sort": 1,
                "step": 17,
                "type": "pallet",
                "margin": {
                    "width": 0.0,
                    "height": 0.0,
                    "length": 0.0
                },
                "cargo_id": "1187_0_0",
                "position": {
                    "x": 9600.0,
                    "y": 0.0,
                    "z": 0.0
                },
                "stacking": false,
                "turnover": false,
                "rotation_state": 1,
                "stacking_limit": 0.0,
                "calculated_size": {
                    "width": 1280.0,
                    "height": 1500.0,
                    "length": 870.0
                },
                "virtual_positions": null
            }
        ],
        "version": 5,
        "cargo_space": {
            "id": 201,
            "info": {
                "uid": "201_0",
                "sort": 0,
                "title": "KRONE SDP 27"
            },
            "mass": 6500.0,
            "size": {
                "width": 2480.0,
                "height": 2860.0,
                "length": 13692.0
            },
            "type": "truck",
            "axles": [
                {
                    "title": "Ось 1",
                    "distance": 1155.0,
                    "max_load": 9000.0,
                    "default_load": 1665.0,
                    "calculated_load": 2027.80856
                },
                {
                    "title": "Ось 2",
                    "distance": 1282.0,
                    "max_load": 9000.0,
                    "default_load": 1665.0,
                    "calculated_load": 2027.80856
                },
                {
                    "title": "Ось 3",
                    "distance": 1300.0,
                    "max_load": 9000.0,
                    "default_load": 1670.0,
                    "calculated_load": 2032.80856
                }
            ],
            "hitch": {
                "title": "",
                "distance": 7000.0,
                "max_load": 12000.0,
                "default_load": 1500.0,
                "calculated_load": 10021.57432
            },
            "tractor": {
                "mass": 9000.0,
                "axles": [
                    {
                        "title": "Ось 1",
                        "distance": 1410.0,
                        "max_load": 8000.0,
                        "default_load": 6000.0,
                        "calculated_load": 7881.05684
                    },
                    {
                        "title": "Ось 2",
                        "distance": 2827.0,
                        "max_load": 11000.0,
                        "default_load": 2300.0,
                        "calculated_load": 5620.25874
                    },
                    {
                        "title": "Ось 3",
                        "distance": 1395.0,
                        "max_load": 10000.0,
                        "default_load": 2200.0,
                        "calculated_load": 5520.25874
                    }
                ],
                "length": 6140.0,
                "hitch_distance": 778.0
            },
            "full_length": 13692.0,
            "indentation": {
                "width": 0.0,
                "height": 0.0,
                "length": 46.0,
                "height_top": 0.0,
                "length_end": 46.0,
                "width_right": 0.0
            },
            "loading_size": {
                "width": 2480.0,
                "height": 2860.0,
                "length": 13600.0
            },
            "calculation_info": {
                "step_count": 17,
                "cargos_mass": 9.61,
                "load_volume": 96.46208,
                "cargos_volume": 34.08705,
                "count_cargoes": 17,
                "load_capacity": 32.5,
                "loading_height": 1.5,
                "density_percent": 87.51849,
                "remaining_volume": 62.37503,
                "void_space_percent": 64.66275,
                "filling_space_percent": 35.33725
            },
            "carrying_capacity": 32500.0,
            "real_center_of_gravity": [
                3495.685223725286,
                750.0,
                1126.9297606659732
            ],
            "ideal_center_of_gravity": [
                6800.0,
                0.0,
                1240.0
            ]
        },
        "cargo_groups": [],
        "packing_type": "PackingTruck PackingStepByStep",
        "calculation_id": 16442,
        "invalid_errors": [],
        "unpacked_errors": [],
        "validate_errors": [],
        "is_packed_same_boxes": false
    }
}