{
    "data": {
        "cargoes": [
            {
                "info": {
                    "color": "#18a503",
                    "title": "rrr2",
                    "article": "666",
                    "group_id": "1mmyflzz1syg8hzenfkoz0dxkiwsr0xq",
                    "group_title": "Группа 1"
                },
                "mass": 800.0,
                "size": {
                    "width": 1005,
                    "height": 190,
                    "length": 1250
                },
                "sort": 1,
                "type": "box",
                "count": 5,
                "margin": {
                    "width": 0,
                    "height": 0,
                    "length": 0
                },
                "cargo_id": "kjmyaobfovzymciujezpxizw1ckpy0jr",
                "stacking": true,
                "turnover": false,
                "margin_width": 0,
                "margin_length": 0,
                "stacking_limit": 0
            },
            {
                "info": {
                    "color": "#b72128",
                    "title": "kkk",
                    "article": "555",
                    "group_id": "1mmyflzz1syg8hzenfkoz0dxkiwsr0xq",
                    "group_title": "Группа 1"
                },
                "mass": 1200.0,
                "size": {
                    "width": 1005,
                    "height": 190,
                    "length": 1250
                },
                "sort": 1,
                "type": "box",
                "count": 15,
                "margin": {
                    "width": 0,
                    "height": 0,
                    "length": 0
                },
                "cargo_id": "ausrzdtup3qdsli9p6pwrxsip8mn9or6",
                "stacking": true,
                "turnover": false,
                "margin_width": 0,
                "margin_length": 0,
                "stacking_limit": 0
            }
        ],
        "settings": {
            "rank": false,
            "max_step": 100,
            "min_step": 50,
            "usersort": false,
            "hardlimit": 1801,
            "timelimit": 1800,
            "step_scaling": 10
        },
        "put_boxes": [],
        "initial_id": 0,
        "cargo_space": {
            "id": 418,
            "info": {
                "uid": "418_0",
                "sort": 0,
                "title": "MAN 2 оси | полуприцеп 3 оси"
            },
            "mass": 9694,
            "size": {
                "width": 2500,
                "height": 2679,
                "length": 13550
            },
            "type": "truck",
            "axles": [
                {
                    "title": "Ось 1",
                    "distance": 2990,
                    "max_load": 11000,
                    "default_load": 2113
                },
                {
                    "title": "Ось 2",
                    "distance": 1360,
                    "max_load": 11000,
                    "default_load": 2090
                },
                {
                    "title": "Ось 3",
                    "distance": 1360,
                    "max_load": 11000,
                    "default_load": 2113
                }
            ],
            "hitch": {
                "title": "",
                "distance": 6240,
                "max_load": 10058,
                "default_load": 3378
            },
            "title": "MAN 2 оси | полуприцеп 3 оси",
            "tractor": {
                "mass": 7523,
                "axles": [
                    {
                        "title": "Ось 1",
                        "distance": 1475,
                        "max_load": 10000,
                        "default_load": 6013
                    },
                    {
                        "title": "Ось 2",
                        "distance": 3900,
                        "max_load": 11000,
                        "default_load": 4888
                    }
                ],
                "title": "Тягач MAN (Магнит)",
                "length": 7110,
                "hitch_distance": 885
            },
            "indentation": {
                "width": 5,
                "height": 0,
                "length": 30,
                "height_top": 89,
                "length_end": 30,
                "width_right": 5
            },
            "loading_size": {
                "width": 2490,
                "height": 2590,
                "length": 13490
            },
            "carrying_capacity": 24000
        },
        "calculation_id": "16636"
    },
    "data_result": {
        "boxes": [
            {
                "id": 6,
                "info": {
                    "color": "#b72128",
                    "title": "kkk",
                    "article": "555",
                    "group_id": "1mmyflzz1syg8hzenfkoz0dxkiwsr0xq",
                    "group_title": "Группа 1"
                },
                "mass": 1200.0,
                "size": {
                    "width": 1005.0,
                    "height": 190.0,
                    "length": 1250.0
                },
                "sort": 1,
                "step": 1,
                "type": "box",
                "margin": {
                    "width": 0.0,
                    "height": 0.0,
                    "length": 0.0
                },
                "cargo_id": "ausrzdtup3qdsli9p6pwrxsip8mn9or6",
                "position": {
                    "x": 0.0,
                    "y": 0.0,
                    "z": 1250.0
                },
                "stacking": true,
                "turnover": false,
                "rotation_state": 0,
                "stacking_limit": 0.0,
                "calculated_size": {
                    "width": 1005.0,
                    "height": 190.0,
                    "length": 1250.0
                },
                "virtual_positions": null
            },
            {
                "id": 5,
                "info": {
                    "color": "#b72128",
                    "title": "kkk",
                    "article": "555",
                    "group_id": "1mmyflzz1syg8hzenfkoz0dxkiwsr0xq",
                    "group_title": "Группа 1"
                },
                "mass": 1200.0,
                "size": {
                    "width": 1005.0,
                    "height": 190.0,
                    "length": 1250.0
                },
                "sort": 1,
                "step": 2,
                "type": "box",
                "margin": {
                    "width": 0.0,
                    "height": 0.0,
                    "length": 0.0
                },
                "cargo_id": "ausrzdtup3qdsli9p6pwrxsip8mn9or6",
                "position": {
                    "x": 0.0,
                    "y": 0.0,
                    "z": 0.0
                },
                "stacking": true,
                "turnover": false,
                "rotation_state": 1,
                "stacking_limit": 0.0,
                "calculated_size": {
                    "width": 1250.0,
                    "height": 190.0,
                    "length": 1005.0
                },
                "virtual_positions": null
            },
            {
                "id": 8,
                "info": {
                    "color": "#b72128",
                    "title": "kkk",
                    "article": "555",
                    "group_id": "1mmyflzz1syg8hzenfkoz0dxkiwsr0xq",
                    "group_title": "Группа 1"
                },
                "mass": 1200.0,
                "size": {
                    "width": 1005.0,
                    "height": 190.0,
                    "length": 1250.0
                },
                "sort": 1,
                "step": 3,
                "type": "box",
                "margin": {
                    "width": 0.0,
                    "height": 0.0,
                    "length": 0.0
                },
                "cargo_id": "ausrzdtup3qdsli9p6pwrxsip8mn9or6",
                "position": {
                    "x": 1250.0,
                    "y": 0.0,
                    "z": 1250.0
                },
                "stacking": true,
                "turnover": false,
                "rotation_state": 0,
                "stacking_limit": 0.0,
                "calculated_size": {
                    "width": 1005.0,
                    "height": 190.0,
                    "length": 1250.0
                },
                "virtual_positions": null
            },
            {
                "id": 7,
                "info": {
                    "color": "#b72128",
                    "title": "kkk",
                    "article": "555",
                    "group_id": "1mmyflzz1syg8hzenfkoz0dxkiwsr0xq",
                    "group_title": "Группа 1"
                },
                "mass": 1200.0,
                "size": {
                    "width": 1005.0,
                    "height": 190.0,
                    "length": 1250.0
                },
                "sort": 1,
                "step": 4,
                "type": "box",
                "margin": {
                    "width": 0.0,
                    "height": 0.0,
                    "length": 0.0
                },
                "cargo_id": "ausrzdtup3qdsli9p6pwrxsip8mn9or6",
                "position": {
                    "x": 1005.0,
                    "y": 0.0,
                    "z": 0.0
                },
                "stacking": true,
                "turnover": false,
                "rotation_state": 1,
                "stacking_limit": 0.0,
                "calculated_size": {
                    "width": 1250.0,
                    "height": 190.0,
                    "length": 1005.0
                },
                "virtual_positions": null
            },
            {
                "id": 10,
                "info": {
                    "color": "#b72128",
                    "title": "kkk",
                    "article": "555",
                    "group_id": "1mmyflzz1syg8hzenfkoz0dxkiwsr0xq",
                    "group_title": "Группа 1"
                },
                "mass": 1200.0,
                "size": {
                    "width": 1005.0,
                    "height": 190.0,
                    "length": 1250.0
                },
                "sort": 1,
                "step": 5,
                "type": "box",
                "margin": {
                    "width": 0.0,
                    "height": 0.0,
                    "length": 0.0
                },
                "cargo_id": "ausrzdtup3qdsli9p6pwrxsip8mn9or6",
                "position": {
                    "x": 2500.0,
                    "y": 0.0,
                    "z": 1250.0
                },
                "stacking": true,
                "turnover": false,
                "rotation_state": 0,
                "stacking_limit": 0.0,
                "calculated_size": {
                    "width": 1005.0,
                    "height": 190.0,
                    "length": 1250.0
                },
                "virtual_positions": null
            },
            {
                "id": 9,
                "info": {
                    "color": "#b72128",
                    "title": "kkk",
                    "article": "555",
                    "group_id": "1mmyflzz1syg8hzenfkoz0dxkiwsr0xq",
                    "group_title": "Группа 1"
                },
                "mass": 1200.0,
                "size": {
                    "width": 1005.0,
                    "height": 190.0,
                    "length": 1250.0
                },
                "sort": 1,
                "step": 6,
                "type": "box",
                "margin": {
                    "width": 0.0,
                    "height": 0.0,
                    "length": 0.0
                },
                "cargo_id": "ausrzdtup3qdsli9p6pwrxsip8mn9or6",
                "position": {
                    "x": 2010.0,
                    "y": 0.0,
                    "z": 0.0
                },
                "stacking": true,
                "turnover": false,
                "rotation_state": 1,
                "stacking_limit": 0.0,
                "calculated_size": {
                    "width": 1250.0,
                    "height": 190.0,
                    "length": 1005.0
                },
                "virtual_positions": null
            },
            {
                "id": 13,
                "info": {
                    "color": "#b72128",
                    "title": "kkk",
                    "article": "555",
                    "group_id": "1mmyflzz1syg8hzenfkoz0dxkiwsr0xq",
                    "group_title": "Группа 1"
                },
                "mass": 1200.0,
                "size": {
                    "width": 1005.0,
                    "height": 190.0,
                    "length": 1250.0
                },
                "sort": 1,
                "step": 7,
                "type": "box",
                "margin": {
                    "width": 0.0,
                    "height": 0.0,
                    "length": 0.0
                },
                "cargo_id": "ausrzdtup3qdsli9p6pwrxsip8mn9or6",
                "position": {
                    "x": 3750.0,
                    "y": 0.0,
                    "z": 1250.0
                },
                "stacking": true,
                "turnover": false,
                "rotation_state": 0,
                "stacking_limit": 0.0,
                "calculated_size": {
                    "width": 1005.0,
                    "height": 190.0,
                    "length": 1250.0
                },
                "virtual_positions": null
            },
            {
                "id": 11,
                "info": {
                    "color": "#b72128",
                    "title": "kkk",
                    "article": "555",
                    "group_id": "1mmyflzz1syg8hzenfkoz0dxkiwsr0xq",
                    "group_title": "Группа 1"
                },
                "mass": 1200.0,
                "size": {
                    "width": 1005.0,
                    "height": 190.0,
                    "length": 1250.0
                },
                "sort": 1,
                "step": 8,
                "type": "box",
                "margin": {
                    "width": 0.0,
                    "height": 0.0,
                    "length": 0.0
                },
                "cargo_id": "ausrzdtup3qdsli9p6pwrxsip8mn9or6",
                "position": {
                    "x": 3015.0,
                    "y": 0.0,
                    "z": 0.0
                },
                "stacking": true,
                "turnover": false,
                "rotation_state": 1,
                "stacking_limit": 0.0,
                "calculated_size": {
                    "width": 1250.0,
                    "height": 190.0,
                    "length": 1005.0
                },
                "virtual_positions": null
            },
            {
                "id": 12,
                "info": {
                    "color": "#b72128",
                    "title": "kkk",
                    "article": "555",
                    "group_id": "1mmyflzz1syg8hzenfkoz0dxkiwsr0xq",
                    "group_title": "Группа 1"
                },
                "mass": 1200.0,
                "size": {
                    "width": 1005.0,
                    "height": 190.0,
                    "length": 1250.0
                },
                "sort": 1,
                "step": 9,
                "type": "box",
                "margin": {
                    "width": 0.0,
                    "height": 0.0,
                    "length": 0.0
                },
                "cargo_id": "ausrzdtup3qdsli9p6pwrxsip8mn9or6",
                "position": {
                    "x": 4020.0,
                    "y": 0.0,
                    "z": 0.0
                },
                "stacking": true,
                "turnover": false,
                "rotation_state": 1,
                "stacking_limit": 0.0,
                "calculated_size": {
                    "width": 1250.0,
                    "height": 190.0,
                    "length": 1005.0
                },
                "virtual_positions": null
            },
            {
                "id": 15,
                "info": {
                    "color": "#b72128",
                    "title": "kkk",
                    "article": "555",
                    "group_id": "1mmyflzz1syg8hzenfkoz0dxkiwsr0xq",
                    "group_title": "Группа 1"
                },
                "mass": 1200.0,
                "size": {
                    "width": 1005.0,
                    "height": 190.0,
                    "length": 1250.0
                },
                "sort": 1,
                "step": 10,
                "type": "box",
                "margin": {
                    "width": 0.0,
                    "height": 0.0,
                    "length": 0.0
                },
                "cargo_id": "ausrzdtup3qdsli9p6pwrxsip8mn9or6",
                "position": {
                    "x": 5000.0,
                    "y": 0.0,
                    "z": 1250.0
                },
                "stacking": true,
                "turnover": false,
                "rotation_state": 0,
                "stacking_limit": 0.0,
                "calculated_size": {
                    "width": 1005.0,
                    "height": 190.0,
                    "length": 1250.0
                },
                "virtual_positions": null
            },
            {
                "id": 14,
                "info": {
                    "color": "#b72128",
                    "title": "kkk",
                    "article": "555",
                    "group_id": "1mmyflzz1syg8hzenfkoz0dxkiwsr0xq",
                    "group_title": "Группа 1"
                },
                "mass": 1200.0,
                "size": {
                    "width": 1005.0,
                    "height": 190.0,
                    "length": 1250.0
                },
                "sort": 1,
                "step": 11,
                "type": "box",
                "margin": {
                    "width": 0.0,
                    "height": 0.0,
                    "length": 0.0
                },
                "cargo_id": "ausrzdtup3qdsli9p6pwrxsip8mn9or6",
                "position": {
                    "x": 5025.0,
                    "y": 0.0,
                    "z": 0.0
                },
                "stacking": true,
                "turnover": false,
                "rotation_state": 1,
                "stacking_limit": 0.0,
                "calculated_size": {
                    "width": 1250.0,
                    "height": 190.0,
                    "length": 1005.0
                },
                "virtual_positions": null
            },
            {
                "id": 17,
                "info": {
                    "color": "#b72128",
                    "title": "kkk",
                    "article": "555",
                    "group_id": "1mmyflzz1syg8hzenfkoz0dxkiwsr0xq",
                    "group_title": "Группа 1"
                },
                "mass": 1200.0,
                "size": {
                    "width": 1005.0,
                    "height": 190.0,
                    "length": 1250.0
                },
                "sort": 1,
                "step": 12,
                "type": "box",
                "margin": {
                    "width": 0.0,
                    "height": 0.0,
                    "length": 0.0
                },
                "cargo_id": "ausrzdtup3qdsli9p6pwrxsip8mn9or6",
                "position": {
                    "x": 6250.0,
                    "y": 0.0,
                    "z": 1250.0
                },
                "stacking": true,
                "turnover": false,
                "rotation_state": 0,
                "stacking_limit": 0.0,
                "calculated_size": {
                    "width": 1005.0,
                    "height": 190.0,
                    "length": 1250.0
                },
                "virtual_positions": null
            },
            {
                "id": 16,
                "info": {
                    "color": "#b72128",
                    "title": "kkk",
                    "article": "555",
                    "group_id": "1mmyflzz1syg8hzenfkoz0dxkiwsr0xq",
                    "group_title": "Группа 1"
                },
                "mass": 1200.0,
                "size": {
                    "width": 1005.0,
                    "height": 190.0,
                    "length": 1250.0
                },
                "sort": 1,
                "step": 13,
                "type": "box",
                "margin": {
                    "width": 0.0,
                    "height": 0.0,
                    "length": 0.0
                },
                "cargo_id": "ausrzdtup3qdsli9p6pwrxsip8mn9or6",
                "position": {
                    "x": 6030.0,
                    "y": 0.0,
                    "z": 0.0
                },
                "stacking": true,
                "turnover": false,
                "rotation_state": 1,
                "stacking_limit": 0.0,
                "calculated_size": {
                    "width": 1250.0,
                    "height": 190.0,
                    "length": 1005.0
                },
                "virtual_positions": null
            },
            {
                "id": 0,
                "info": {
                    "color": "#18a503",
                    "title": "rrr2",
                    "article": "666",
                    "group_id": "1mmyflzz1syg8hzenfkoz0dxkiwsr0xq",
                    "group_title": "Группа 1"
                },
                "mass": 800.0,
                "size": {
                    "width": 1005.0,
                    "height": 190.0,
                    "length": 1250.0
                },
                "sort": 1,
                "step": 14,
                "type": "box",
                "margin": {
                    "width": 0.0,
                    "height": 0.0,
                    "length": 0.0
                },
                "cargo_id": "kjmyaobfovzymciujezpxizw1ckpy0jr",
                "position": {
                    "x": 7500.0,
                    "y": 0.0,
                    "z": 1250.0
                },
                "stacking": true,
                "turnover": false,
                "rotation_state": 0,
                "stacking_limit": 0.0,
                "calculated_size": {
                    "width": 1005.0,
                    "height": 190.0,
                    "length": 1250.0
                },
                "virtual_positions": null
            },
            {
                "id": 18,
                "info": {
                    "color": "#b72128",
                    "title": "kkk",
                    "article": "555",
                    "group_id": "1mmyflzz1syg8hzenfkoz0dxkiwsr0xq",
                    "group_title": "Группа 1"
                },
                "mass": 1200.0,
                "size": {
                    "width": 1005.0,
                    "height": 190.0,
                    "length": 1250.0
                },
                "sort": 1,
                "step": 15,
                "type": "box",
                "margin": {
                    "width": 0.0,
                    "height": 0.0,
                    "length": 0.0
                },
                "cargo_id": "ausrzdtup3qdsli9p6pwrxsip8mn9or6",
                "position": {
                    "x": 7035.0,
                    "y": 0.0,
                    "z": 0.0
                },
                "stacking": true,
                "turnover": false,
                "rotation_state": 1,
                "stacking_limit": 0.0,
                "calculated_size": {
                    "width": 1250.0,
                    "height": 190.0,
                    "length": 1005.0
                },
                "virtual_positions": null
            },
            {
                "id": 2,
                "info": {
                    "color": "#18a503",
                    "title": "rrr2",
                    "article": "666",
                    "group_id": "1mmyflzz1syg8hzenfkoz0dxkiwsr0xq",
                    "group_title": "Группа 1"
                },
                "mass": 800.0,
                "size": {
                    "width": 1005.0,
                    "height": 190.0,
                    "length": 1250.0
                },
                "sort": 1,
                "step": 16,
                "type": "box",
                "margin": {
                    "width": 0.0,
                    "height": 0.0,
                    "length": 0.0
                },
                "cargo_id": "kjmyaobfovzymciujezpxizw1ckpy0jr",
                "position": {
                    "x": 8750.0,
                    "y": 0.0,
                    "z": 1250.0
                },
                "stacking": true,
                "turnover": false,
                "rotation_state": 0,
                "stacking_limit": 0.0,
                "calculated_size": {
                    "width": 1005.0,
                    "height": 190.0,
                    "length": 1250.0
                },
                "virtual_positions": null
            },
            {
                "id": 19,
                "info": {
                    "color": "#b72128",
                    "title": "kkk",
                    "article": "555",
                    "group_id": "1mmyflzz1syg8hzenfkoz0dxkiwsr0xq",
                    "group_title": "Группа 1"
                },
                "mass": 1200.0,
                "size": {
                    "width": 1005.0,
                    "height": 190.0,
                    "length": 1250.0
                },
                "sort": 1,
                "step": 17,
                "type": "box",
                "margin": {
                    "width": 0.0,
                    "height": 0.0,
                    "length": 0.0
                },
                "cargo_id": "ausrzdtup3qdsli9p6pwrxsip8mn9or6",
                "position": {
                    "x": 8040.0,
                    "y": 0.0,
                    "z": 0.0
                },
                "stacking": true,
                "turnover": false,
                "rotation_state": 1,
                "stacking_limit": 0.0,
                "calculated_size": {
                    "width": 1250.0,
                    "height": 190.0,
                    "length": 1005.0
                },
                "virtual_positions": null
            },
            {
                "id": 1,
                "info": {
                    "color": "#18a503",
                    "title": "rrr2",
                    "article": "666",
                    "group_id": "1mmyflzz1syg8hzenfkoz0dxkiwsr0xq",
                    "group_title": "Группа 1"
                },
                "mass": 800.0,
                "size": {
                    "width": 1005.0,
                    "height": 190.0,
                    "length": 1250.0
                },
                "sort": 1,
                "step": 18,
                "type": "box",
                "margin": {
                    "width": 0.0,
                    "height": 0.0,
                    "length": 0.0
                },
                "cargo_id": "kjmyaobfovzymciujezpxizw1ckpy0jr",
                "position": {
                    "x": 9045.0,
                    "y": 0.0,
                    "z": 0.0
                },
                "stacking": true,
                "turnover": false,
                "rotation_state": 1,
                "stacking_limit": 0.0,
                "calculated_size": {
                    "width": 1250.0,
                    "height": 190.0,
                    "length": 1005.0
                },
                "virtual_positions": null
            },
            {
                "id": 4,
                "info": {
                    "color": "#18a503",
                    "title": "rrr2",
                    "article": "666",
                    "group_id": "1mmyflzz1syg8hzenfkoz0dxkiwsr0xq",
                    "group_title": "Группа 1"
                },
                "mass": 800.0,
                "size": {
                    "width": 1005.0,
                    "height": 190.0,
                    "length": 1250.0
                },
                "sort": 1,
                "step": 19,
                "type": "box",
                "margin": {
                    "width": 0.0,
                    "height": 0.0,
                    "length": 0.0
                },
                "cargo_id": "kjmyaobfovzymciujezpxizw1ckpy0jr",
                "position": {
                    "x": 10000.0,
                    "y": 0.0,
                    "z": 1250.0
                },
                "stacking": true,
                "turnover": false,
                "rotation_state": 0,
                "stacking_limit": 0.0,
                "calculated_size": {
                    "width": 1005.0,
                    "height": 190.0,
                    "length": 1250.0
                },
                "virtual_positions": null
            },
            {
                "id": 3,
                "info": {
                    "color": "#18a503",
                    "title": "rrr2",
                    "article": "666",
                    "group_id": "1mmyflzz1syg8hzenfkoz0dxkiwsr0xq",
                    "group_title": "Группа 1"
                },
                "mass": 800.0,
                "size": {
                    "width": 1005.0,
                    "height": 190.0,
                    "length": 1250.0
                },
                "sort": 1,
                "step": 20,
                "type": "box",
                "margin": {
                    "width": 0.0,
                    "height": 0.0,
                    "length": 0.0
                },
                "cargo_id": "kjmyaobfovzymciujezpxizw1ckpy0jr",
                "position": {
                    "x": 10050.0,
                    "y": 0.0,
                    "z": 0.0
                },
                "stacking": true,
                "turnover": false,
                "rotation_state": 1,
                "stacking_limit": 0.0,
                "calculated_size": {
                    "width": 1250.0,
                    "height": 190.0,
                    "length": 1005.0
                },
                "virtual_positions": null
            }
        ],
        "version": 5,
        "cargo_space": {
            "id": 418,
            "info": {
                "uid": "418_0",
                "sort": 0,
                "title": "MAN 2 оси | полуприцеп 3 оси"
            },
            "mass": 9694.0,
            "size": {
                "width": 2500.0,
                "height": 2679.0,
                "length": 13550.0
            },
            "type": "truck",
            "axles": [
                {
                    "title": "Ось 1",
                    "distance": 2990.0,
                    "max_load": 11000.0,
                    "default_load": 2113.0,
                    "calculated_load": 7522.3787
                },
                {
                    "title": "Ось 2",
                    "distance": 1360.0,
                    "max_load": 11000.0,
                    "default_load": 2090.0,
                    "calculated_load": 7499.3787
                },
                {
                    "title": "Ось 3",
                    "distance": 1360.0,
                    "max_load": 11000.0,
                    "default_load": 2113.0,
                    "calculated_load": 7522.3787
                }
            ],
            "hitch": {
                "title": "",
                "distance": 6240.0,
                "max_load": 10058.0,
                "default_load": 3378.0,
                "calculated_load": 9149.86389
            },
            "tractor": {
                "mass": 7523.0,
                "axles": [
                    {
                        "title": "Ось 1",
                        "distance": 1475.0,
                        "max_load": 10000.0,
                        "default_load": 6013.0,
                        "calculated_load": 7322.76911
                    },
                    {
                        "title": "Ось 2",
                        "distance": 3900.0,
                        "max_load": 11000.0,
                        "default_load": 4888.0,
                        "calculated_load": 9350.09478
                    }
                ],
                "length": 7110.0,
                "hitch_distance": 885.0
            },
            "full_length": 13550.0,
            "indentation": {
                "width": 5.0,
                "height": 0.0,
                "length": 30.0,
                "height_top": 89.0,
                "length_end": 30.0,
                "width_right": 5.0
            },
            "loading_size": {
                "width": 2490.0,
                "height": 2590.0,
                "length": 13490.0
            },
            "calculation_info": {
                "step_count": 20,
                "cargos_mass": 22.0,
                "load_volume": 86.998359,
                "cargos_volume": 4.77375,
                "count_cargoes": 20,
                "load_capacity": 24.0,
                "loading_height": 0.19,
                "density_percent": 99.03917,
                "remaining_volume": 82.22461,
                "void_space_percent": 94.51283,
                "filling_space_percent": 5.48717
            },
            "carrying_capacity": 24000.0,
            "real_center_of_gravity": [
                5201.045454545455,
                95.0,
                1116.9999999999998
            ],
            "ideal_center_of_gravity": [
                6745.0,
                0.0,
                1245.0
            ]
        },
        "cargo_groups": [],
        "packing_type": "PackingTruck PackingLayers",
        "calculation_id": 16636,
        "invalid_errors": [],
        "unpacked_errors": [],
        "validate_errors": [],
        "is_packed_same_boxes": false
    }
}