{
    "data": {
        "cargoes": [
            {
                "info": {
                    "color": "#c7d646",
                    "title": "63",
                    "article": "",
                    "group_id": "1ytyx6ndizx50i6anu5erg0zxypji4il",
                    "group_title": "Группа 1"
                },
                "mass": 150.0,
                "size": {
                    "width": 1000,
                    "height": 1200,
                    "length": 1100
                },
                "sort": 1,
                "type": "box",
                "count": 1,
                "margin": {
                    "width": 0,
                    "height": 0,
                    "length": 0
                },
                "cargo_id": "6rf7nkck37bh6xdzaxs5ehbkwnawrbbd",
                "stacking": false,
                "turnover": true,
                "margin_width": 0,
                "margin_length": 0,
                "stacking_limit": 0
            },
            {
                "info": {
                    "color": "#159938",
                    "title": "6575",
                    "article": "",
                    "group_id": "1ytyx6ndizx50i6anu5erg0zxypji4il",
                    "group_title": "Группа 1"
                },
                "mass": 36.0,
                "size": {
                    "width": 800,
                    "height": 1320,
                    "length": 760
                },
                "sort": 1,
                "type": "box",
                "count": 1,
                "margin": {
                    "width": 0,
                    "height": 0,
                    "length": 0
                },
                "cargo_id": "aae5siqxi3dxdzm8pmpbikog8vpfbgab",
                "stacking": false,
                "turnover": true,
                "margin_width": 0,
                "margin_length": 0,
                "stacking_limit": 0
            },
            {
                "info": {
                    "color": "#d1e562",
                    "title": "67",
                    "article": "",
                    "group_id": "1ytyx6ndizx50i6anu5erg0zxypji4il",
                    "group_title": "Группа 1"
                },
                "mass": 230.0,
                "size": {
                    "width": 800,
                    "height": 1400,
                    "length": 560
                },
                "sort": 1,
                "type": "box",
                "count": 2,
                "margin": {
                    "width": 0,
                    "height": 0,
                    "length": 0
                },
                "cargo_id": "c07sv2urptqkkh7kuaofvlhtapvze9dc",
                "stacking": false,
                "turnover": true,
                "margin_width": 0,
                "margin_length": 0,
                "stacking_limit": 0
            },
            {
                "info": {
                    "color": "#5344d6",
                    "title": "66",
                    "article": "",
                    "group_id": "1ytyx6ndizx50i6anu5erg0zxypji4il",
                    "group_title": "Группа 1"
                },
                "mass": 1150.0,
                "size": {
                    "width": 1400,
                    "height": 2450,
                    "length": 2400
                },
                "sort": 1,
                "type": "box",
                "count": 1,
                "margin": {
                    "width": 0,
                    "height": 0,
                    "length": 0
                },
                "cargo_id": "s1fvgq7x46jm1dvwgyf19t9xhxg7au4d",
                "stacking": false,
                "turnover": true,
                "margin_width": 0,
                "margin_length": 0,
                "stacking_limit": 0
            },
            {
                "info": {
                    "color": "#80a50e",
                    "title": "13",
                    "article": "",
                    "group_id": "1ytyx6ndizx50i6anu5erg0zxypji4il",
                    "group_title": "Группа 1"
                },
                "mass": 440.0,
                "size": {
                    "width": 800,
                    "height": 600,
                    "length": 1200
                },
                "sort": 1,
                "type": "box",
                "count": 1,
                "margin": {
                    "width": 0,
                    "height": 0,
                    "length": 0
                },
                "cargo_id": "pr1pquqawhscd9gog0afnq1ihucqftc0",
                "stacking": false,
                "turnover": true,
                "margin_width": 0,
                "margin_length": 0,
                "stacking_limit": 0
            },
            {
                "info": {
                    "color": "#ea6476",
                    "title": "12",
                    "article": "",
                    "group_id": "1ytyx6ndizx50i6anu5erg0zxypji4il",
                    "group_title": "Группа 1"
                },
                "mass": 400.0,
                "size": {
                    "width": 850,
                    "height": 470,
                    "length": 1200
                },
                "sort": 1,
                "type": "box",
                "count": 1,
                "margin": {
                    "width": 0,
                    "height": 0,
                    "length": 0
                },
                "cargo_id": "mffzgvs1syeppv5mxmxziaqcxr5aiybu",
                "stacking": false,
                "turnover": true,
                "margin_width": 0,
                "margin_length": 0,
                "stacking_limit": 0
            },
            {
                "info": {
                    "color": "#6df273",
                    "title": "11",
                    "article": "",
                    "group_id": "1ytyx6ndizx50i6anu5erg0zxypji4il",
                    "group_title": "Группа 1"
                },
                "mass": 312.0,
                "size": {
                    "width": 850,
                    "height": 420,
                    "length": 1200
                },
                "sort": 1,
                "type": "box",
                "count": 1,
                "margin": {
                    "width": 0,
                    "height": 0,
                    "length": 0
                },
                "cargo_id": "3xuoltcjtvrtodavfuix9adtodtsntcc",
                "stacking": false,
                "turnover": true,
                "margin_width": 0,
                "margin_length": 0,
                "stacking_limit": 0
            },
            {
                "info": {
                    "color": "#523baa",
                    "title": "7",
                    "article": "",
                    "group_id": "1ytyx6ndizx50i6anu5erg0zxypji4il",
                    "group_title": "Группа 1"
                },
                "mass": 268.0,
                "size": {
                    "width": 540,
                    "height": 370,
                    "length": 1800
                },
                "sort": 1,
                "type": "box",
                "count": 1,
                "margin": {
                    "width": 0,
                    "height": 0,
                    "length": 0
                },
                "cargo_id": "qolcw2ihzujpcu2wekyuaet2nbpos63x",
                "stacking": false,
                "turnover": true,
                "margin_width": 0,
                "margin_length": 0,
                "stacking_limit": 0
            },
            {
                "info": {
                    "color": "#d10a3c",
                    "title": "6",
                    "article": "",
                    "group_id": "1ytyx6ndizx50i6anu5erg0zxypji4il",
                    "group_title": "Группа 1"
                },
                "mass": 148.0,
                "size": {
                    "width": 800,
                    "height": 1500,
                    "length": 1200
                },
                "sort": 1,
                "type": "box",
                "count": 1,
                "margin": {
                    "width": 0,
                    "height": 0,
                    "length": 0
                },
                "cargo_id": "tcnrmf2ro5qknbovi599uktzjzotyhcz",
                "stacking": false,
                "turnover": true,
                "margin_width": 0,
                "margin_length": 0,
                "stacking_limit": 0
            },
            {
                "info": {
                    "color": "#12779b",
                    "title": "5",
                    "article": "",
                    "group_id": "1ytyx6ndizx50i6anu5erg0zxypji4il",
                    "group_title": "Группа 1"
                },
                "mass": 29.0,
                "size": {
                    "width": 600,
                    "height": 600,
                    "length": 800
                },
                "sort": 1,
                "type": "box",
                "count": 1,
                "margin": {
                    "width": 0,
                    "height": 0,
                    "length": 0
                },
                "cargo_id": "muregdb4ditwfxueqb0wqkcobxv6nrgg",
                "stacking": false,
                "turnover": true,
                "margin_width": 0,
                "margin_length": 0,
                "stacking_limit": 0
            },
            {
                "info": {
                    "color": "#16ddbc",
                    "title": "4",
                    "article": "",
                    "group_id": "1ytyx6ndizx50i6anu5erg0zxypji4il",
                    "group_title": "Группа 1"
                },
                "mass": 311.0,
                "size": {
                    "width": 1300,
                    "height": 2300,
                    "length": 600
                },
                "sort": 1,
                "type": "box",
                "count": 1,
                "margin": {
                    "width": 0,
                    "height": 0,
                    "length": 0
                },
                "cargo_id": "hpbhe0agmeqezxtcu5knqwzw3o4zurnj",
                "stacking": false,
                "turnover": true,
                "margin_width": 0,
                "margin_length": 0,
                "stacking_limit": 0
            },
            {
                "info": {
                    "color": "#85d841",
                    "title": "3",
                    "article": "",
                    "group_id": "1ytyx6ndizx50i6anu5erg0zxypji4il",
                    "group_title": "Группа 1"
                },
                "mass": 358.0,
                "size": {
                    "width": 1900,
                    "height": 1500,
                    "length": 1600
                },
                "sort": 1,
                "type": "box",
                "count": 1,
                "margin": {
                    "width": 0,
                    "height": 0,
                    "length": 0
                },
                "cargo_id": "zzxz7wjdepyp6ql5jafjrrltu1bjrirl",
                "stacking": false,
                "turnover": true,
                "margin_width": 0,
                "margin_length": 0,
                "stacking_limit": 0
            },
            {
                "info": {
                    "color": "#fc9f25",
                    "title": "2",
                    "article": "",
                    "group_id": "1ytyx6ndizx50i6anu5erg0zxypji4il",
                    "group_title": "Группа 1"
                },
                "mass": 173.0,
                "size": {
                    "width": 650,
                    "height": 2300,
                    "length": 550
                },
                "sort": 1,
                "type": "box",
                "count": 1,
                "margin": {
                    "width": 0,
                    "height": 0,
                    "length": 0
                },
                "cargo_id": "c1xvkg5gjdf2ylhitvnhtiw7ysoi9ftv",
                "stacking": false,
                "turnover": true,
                "margin_width": 0,
                "margin_length": 0,
                "stacking_limit": 0
            },
            {
                "info": {
                    "color": "#5ffc99",
                    "title": "1",
                    "article": "",
                    "group_id": "1ytyx6ndizx50i6anu5erg0zxypji4il",
                    "group_title": "Группа 1"
                },
                "mass": 180.0,
                "size": {
                    "width": 800,
                    "height": 900,
                    "length": 1200
                },
                "sort": 1,
                "type": "box",
                "count": 1,
                "margin": {
                    "width": 0,
                    "height": 0,
                    "length": 0
                },
                "cargo_id": "ghs6maggssvofooehpktemvdzej0ecjj",
                "stacking": false,
                "turnover": true,
                "margin_width": 0,
                "margin_length": 0,
                "stacking_limit": 0
            },
            {
                "info": {
                    "color": "#d14f6d",
                    "title": "v",
                    "article": "",
                    "group_id": "1ytyx6ndizx50i6anu5erg0zxypji4il",
                    "group_title": "Группа 1"
                },
                "mass": 785.0,
                "size": {
                    "width": 1500,
                    "height": 2450,
                    "length": 1850
                },
                "sort": 1,
                "type": "box",
                "count": 1,
                "margin": {
                    "width": 0,
                    "height": 0,
                    "length": 0
                },
                "cargo_id": "vy7c7jcy1cty9lmpdb0esd4cfb0kmij4",
                "stacking": false,
                "turnover": true,
                "margin_width": 0,
                "margin_length": 0,
                "stacking_limit": 0
            },
            {
                "info": {
                    "color": "#c0d85d",
                    "title": "a",
                    "article": "",
                    "group_id": "1ytyx6ndizx50i6anu5erg0zxypji4il",
                    "group_title": "Группа 1"
                },
                "mass": 173.0,
                "size": {
                    "width": 510,
                    "height": 1770,
                    "length": 810
                },
                "sort": 1,
                "type": "box",
                "count": 1,
                "margin": {
                    "width": 0,
                    "height": 0,
                    "length": 0
                },
                "cargo_id": "spzfbcs5b5kryzxxuauezdmxjyv8eeek",
                "stacking": false,
                "turnover": true,
                "margin_width": 0,
                "margin_length": 0,
                "stacking_limit": 0
            },
            {
                "info": {
                    "color": "#1cb217",
                    "title": "i",
                    "article": "",
                    "group_id": "1ytyx6ndizx50i6anu5erg0zxypji4il",
                    "group_title": "Группа 1"
                },
                "mass": 3000.0,
                "size": {
                    "width": 1500,
                    "height": 2100,
                    "length": 350
                },
                "sort": 1,
                "type": "box",
                "count": 1,
                "margin": {
                    "width": 0,
                    "height": 0,
                    "length": 0
                },
                "cargo_id": "1h66dm0pwhvso2cwlvu1qyygcg56fy0u",
                "stacking": false,
                "turnover": true,
                "margin_width": 0,
                "margin_length": 0,
                "stacking_limit": 0
            },
            {
                "info": {
                    "color": "#521c9e",
                    "title": "w",
                    "article": "",
                    "group_id": "1ytyx6ndizx50i6anu5erg0zxypji4il",
                    "group_title": "Группа 1"
                },
                "mass": 950.0,
                "size": {
                    "width": 1600,
                    "height": 1600,
                    "length": 1200
                },
                "sort": 1,
                "type": "box",
                "count": 2,
                "margin": {
                    "width": 0,
                    "height": 0,
                    "length": 0
                },
                "cargo_id": "v8abhfab96lq5z6fya9pzxyiwbpecwuw",
                "stacking": false,
                "turnover": true,
                "margin_width": 0,
                "margin_length": 0,
                "stacking_limit": 0
            },
            {
                "info": {
                    "color": "#6217a8",
                    "title": "q",
                    "article": "",
                    "group_id": "1ytyx6ndizx50i6anu5erg0zxypji4il",
                    "group_title": "Группа 1"
                },
                "mass": 135.0,
                "size": {
                    "width": 800,
                    "height": 540,
                    "length": 120
                },
                "sort": 1,
                "type": "box",
                "count": 1,
                "margin": {
                    "width": 0,
                    "height": 0,
                    "length": 0
                },
                "cargo_id": "0xinf0xa0pg1ko9tm06tnozk3lkkcqqi",
                "stacking": false,
                "turnover": true,
                "margin_width": 0,
                "margin_length": 0,
                "stacking_limit": 0
            },
            {
                "info": {
                    "color": "#318ebc",
                    "title": "s",
                    "article": "",
                    "group_id": "1ytyx6ndizx50i6anu5erg0zxypji4il",
                    "group_title": "Группа 1"
                },
                "mass": 60.0,
                "size": {
                    "width": 600,
                    "height": 700,
                    "length": 800
                },
                "sort": 1,
                "type": "box",
                "count": 1,
                "margin": {
                    "width": 0,
                    "height": 0,
                    "length": 0
                },
                "cargo_id": "wwwkbyzob4odg71rxq5ngqptgvzbqehq",
                "stacking": true,
                "turnover": true,
                "margin_width": 0,
                "margin_length": 0,
                "stacking_limit": 0
            },
            {
                "info": {
                    "color": "#e0dd4a",
                    "title": "d",
                    "article": "",
                    "group_id": "1ytyx6ndizx50i6anu5erg0zxypji4il",
                    "group_title": "Группа 1"
                },
                "mass": 1095.0,
                "size": {
                    "width": 1000,
                    "height": 1700,
                    "length": 2400
                },
                "sort": 1,
                "type": "box",
                "count": 1,
                "margin": {
                    "width": 0,
                    "height": 0,
                    "length": 0
                },
                "cargo_id": "5tsqujffvfl04g7atnzettzml5rylkob",
                "stacking": false,
                "turnover": true,
                "margin_width": 0,
                "margin_length": 0,
                "stacking_limit": 0
            },
            {
                "info": {
                    "color": "#725ae8",
                    "title": "d",
                    "article": "",
                    "group_id": "1ytyx6ndizx50i6anu5erg0zxypji4il",
                    "group_title": "Группа 1"
                },
                "mass": 140.0,
                "size": {
                    "width": 950,
                    "height": 2100,
                    "length": 950
                },
                "sort": 1,
                "type": "box",
                "count": 1,
                "margin": {
                    "width": 0,
                    "height": 0,
                    "length": 0
                },
                "cargo_id": "z6gr7nwlfq8etyfxr3kcoumpkogxi6y9",
                "stacking": false,
                "turnover": true,
                "margin_width": 0,
                "margin_length": 0,
                "stacking_limit": 0
            },
            {
                "info": {
                    "color": "#37b9d6",
                    "title": "sd",
                    "article": "",
                    "group_id": "1ytyx6ndizx50i6anu5erg0zxypji4il",
                    "group_title": "Группа 1"
                },
                "mass": 1095.0,
                "size": {
                    "width": 900,
                    "height": 1550,
                    "length": 2250
                },
                "sort": 1,
                "type": "box",
                "count": 1,
                "margin": {
                    "width": 0,
                    "height": 0,
                    "length": 0
                },
                "cargo_id": "wvumabcuhsoyrkgaczvii9tc2gh4fjfu",
                "stacking": false,
                "turnover": true,
                "margin_width": 0,
                "margin_length": 0,
                "stacking_limit": 0
            }
        ],
        "settings": {
            "rank": false,
            "max_step": 100,
            "min_step": 50,
            "usersort": false,
            "hardlimit": 1801,
            "timelimit": 1800,
            "step_scaling": 10
        },
        "put_boxes": [],
        "initial_id": 0,
        "cargo_space": {
            "id": 201,
            "info": {
                "uid": "201_0",
                "sort": 0,
                "title": "KRONE SDP 27"
            },
            "mass": 6500,
            "size": {
                "width": 2480,
                "height": 2860,
                "length": 13692
            },
            "type": "truck",
            "axles": [
                {
                    "title": "Ось 1",
                    "distance": 1155,
                    "max_load": 9000,
                    "default_load": 1665
                },
                {
                    "title": "Ось 2",
                    "distance": 1282,
                    "max_load": 9000,
                    "default_load": 1665
                },
                {
                    "title": "Ось 3",
                    "distance": 1300,
                    "max_load": 9000,
                    "default_load": 1670
                }
            ],
            "hitch": {
                "title": "",
                "distance": 7000,
                "max_load": 12000,
                "default_load": 1500
            },
            "title": "KRONE SDP 27",
            "tractor": {
                "mass": 9000,
                "axles": [
                    {
                        "title": "Ось 1",
                        "distance": 1410,
                        "max_load": 8000,
                        "default_load": 6000
                    },
                    {
                        "title": "Ось 2",
                        "distance": 2827,
                        "max_load": 11000,
                        "default_load": 2300
                    },
                    {
                        "title": "Ось 3",
                        "distance": 1395,
                        "max_load": 10000,
                        "default_load": 2200
                    }
                ],
                "title": "IVECO STRALIS AT440S42",
                "length": 6140,
                "hitch_distance": 778
            },
            "indentation": {
                "width": 0,
                "height": 0,
                "length": 46,
                "height_top": 0,
                "length_end": 46,
                "width_right": 0
            },
            "loading_size": {
                "width": 2480,
                "height": 2860,
                "length": 13600
            },
            "carrying_capacity": 32500
        },
        "calculation_id": "15211"
    },
    "data_result": {
        "boxes": [
            {
                "id": 4,
                "info": {
                    "color": "#5344d6",
                    "title": "66",
                    "article": "",
                    "group_id": "1ytyx6ndizx50i6anu5erg0zxypji4il",
                    "group_title": "Группа 1"
                },
                "mass": 1150.0,
                "size": {
                    "width": 1400.0,
                    "height": 2450.0,
                    "length": 2400.0
                },
                "sort": 1,
                "step": 1,
                "type": "box",
                "margin": {
                    "width": 0.0,
                    "height": 0.0,
                    "length": 0.0
                },
                "cargo_id": "s1fvgq7x46jm1dvwgyf19t9xhxg7au4d",
                "position": {
                    "x": 0.0,
                    "y": 0.0,
                    "z": 0.0
                },
                "stacking": false,
                "turnover": true,
                "rotation_state": 1,
                "stacking_limit": 0.0,
                "calculated_size": {
                    "width": 2400.0,
                    "height": 2450.0,
                    "length": 1400.0
                },
                "virtual_positions": null
            },
            {
                "id": 17,
                "info": {
                    "color": "#1cb217",
                    "title": "i",
                    "article": "",
                    "group_id": "1ytyx6ndizx50i6anu5erg0zxypji4il",
                    "group_title": "Группа 1"
                },
                "mass": 3000.0,
                "size": {
                    "width": 1500.0,
                    "height": 2100.0,
                    "length": 350.0
                },
                "sort": 1,
                "step": 2,
                "type": "box",
                "margin": {
                    "width": 0.0,
                    "height": 0.0,
                    "length": 0.0
                },
                "cargo_id": "1h66dm0pwhvso2cwlvu1qyygcg56fy0u",
                "position": {
                    "x": 1400.0,
                    "y": 0.0,
                    "z": 1850.0
                },
                "stacking": false,
                "turnover": true,
                "rotation_state": 0,
                "stacking_limit": 0.0,
                "calculated_size": {
                    "width": 350.0,
                    "height": 2100.0,
                    "length": 1500.0
                },
                "virtual_positions": null
            },
            {
                "id": 15,
                "info": {
                    "color": "#d14f6d",
                    "title": "v",
                    "article": "",
                    "group_id": "1ytyx6ndizx50i6anu5erg0zxypji4il",
                    "group_title": "Группа 1"
                },
                "mass": 785.0,
                "size": {
                    "width": 1500.0,
                    "height": 2450.0,
                    "length": 1850.0
                },
                "sort": 1,
                "step": 3,
                "type": "box",
                "margin": {
                    "width": 0.0,
                    "height": 0.0,
                    "length": 0.0
                },
                "cargo_id": "vy7c7jcy1cty9lmpdb0esd4cfb0kmij4",
                "position": {
                    "x": 1400.0,
                    "y": 0.0,
                    "z": 0.0
                },
                "stacking": false,
                "turnover": true,
                "rotation_state": 1,
                "stacking_limit": 0.0,
                "calculated_size": {
                    "width": 1850.0,
                    "height": 2450.0,
                    "length": 1500.0
                },
                "virtual_positions": null
            },
            {
                "id": 11,
                "info": {
                    "color": "#16ddbc",
                    "title": "4",
                    "article": "",
                    "group_id": "1ytyx6ndizx50i6anu5erg0zxypji4il",
                    "group_title": "Группа 1"
                },
                "mass": 311.0,
                "size": {
                    "width": 1300.0,
                    "height": 2300.0,
                    "length": 600.0
                },
                "sort": 1,
                "step": 4,
                "type": "box",
                "margin": {
                    "width": 0.0,
                    "height": 0.0,
                    "length": 0.0
                },
                "cargo_id": "hpbhe0agmeqezxtcu5knqwzw3o4zurnj",
                "position": {
                    "x": 2900.0,
                    "y": 0.0,
                    "z": 1700.0
                },
                "stacking": false,
                "turnover": true,
                "rotation_state": 0,
                "stacking_limit": 0.0,
                "calculated_size": {
                    "width": 600.0,
                    "height": 2300.0,
                    "length": 1300.0
                },
                "virtual_positions": null
            },
            {
                "id": 22,
                "info": {
                    "color": "#e0dd4a",
                    "title": "d",
                    "article": "",
                    "group_id": "1ytyx6ndizx50i6anu5erg0zxypji4il",
                    "group_title": "Группа 1"
                },
                "mass": 1095.0,
                "size": {
                    "width": 1000.0,
                    "height": 1700.0,
                    "length": 2400.0
                },
                "sort": 1,
                "step": 5,
                "type": "box",
                "margin": {
                    "width": 0.0,
                    "height": 0.0,
                    "length": 0.0
                },
                "cargo_id": "5tsqujffvfl04g7atnzettzml5rylkob",
                "position": {
                    "x": 2900.0,
                    "y": 0.0,
                    "z": 0.0
                },
                "stacking": false,
                "turnover": true,
                "rotation_state": 1,
                "stacking_limit": 0.0,
                "calculated_size": {
                    "width": 1700.0,
                    "height": 2400.0,
                    "length": 1000.0
                },
                "virtual_positions": null
            },
            {
                "id": 13,
                "info": {
                    "color": "#fc9f25",
                    "title": "2",
                    "article": "",
                    "group_id": "1ytyx6ndizx50i6anu5erg0zxypji4il",
                    "group_title": "Группа 1"
                },
                "mass": 173.0,
                "size": {
                    "width": 650.0,
                    "height": 2300.0,
                    "length": 550.0
                },
                "sort": 1,
                "step": 6,
                "type": "box",
                "margin": {
                    "width": 0.0,
                    "height": 0.0,
                    "length": 0.0
                },
                "cargo_id": "c1xvkg5gjdf2ylhitvnhtiw7ysoi9ftv",
                "position": {
                    "x": 4250.0,
                    "y": 0.0,
                    "z": 1550.0
                },
                "stacking": false,
                "turnover": true,
                "rotation_state": 1,
                "stacking_limit": 0.0,
                "calculated_size": {
                    "width": 650.0,
                    "height": 2300.0,
                    "length": 550.0
                },
                "virtual_positions": null
            },
            {
                "id": 24,
                "info": {
                    "color": "#37b9d6",
                    "title": "sd",
                    "article": "",
                    "group_id": "1ytyx6ndizx50i6anu5erg0zxypji4il",
                    "group_title": "Группа 1"
                },
                "mass": 1095.0,
                "size": {
                    "width": 900.0,
                    "height": 1550.0,
                    "length": 2250.0
                },
                "sort": 1,
                "step": 7,
                "type": "box",
                "margin": {
                    "width": 0.0,
                    "height": 0.0,
                    "length": 0.0
                },
                "cargo_id": "wvumabcuhsoyrkgaczvii9tc2gh4fjfu",
                "position": {
                    "x": 3900.0,
                    "y": 0.0,
                    "z": 0.0
                },
                "stacking": false,
                "turnover": true,
                "rotation_state": 1,
                "stacking_limit": 0.0,
                "calculated_size": {
                    "width": 1550.0,
                    "height": 2250.0,
                    "length": 900.0
                },
                "virtual_positions": null
            },
            {
                "id": 9,
                "info": {
                    "color": "#d10a3c",
                    "title": "6",
                    "article": "",
                    "group_id": "1ytyx6ndizx50i6anu5erg0zxypji4il",
                    "group_title": "Группа 1"
                },
                "mass": 148.0,
                "size": {
                    "width": 800.0,
                    "height": 1500.0,
                    "length": 1200.0
                },
                "sort": 1,
                "step": 8,
                "type": "box",
                "margin": {
                    "width": 0.0,
                    "height": 0.0,
                    "length": 0.0
                },
                "cargo_id": "tcnrmf2ro5qknbovi599uktzjzotyhcz",
                "position": {
                    "x": 4800.0,
                    "y": 0.0,
                    "z": 1600.0
                },
                "stacking": false,
                "turnover": true,
                "rotation_state": 0,
                "stacking_limit": 0.0,
                "calculated_size": {
                    "width": 800.0,
                    "height": 1500.0,
                    "length": 1200.0
                },
                "virtual_positions": null
            },
            {
                "id": 8,
                "info": {
                    "color": "#523baa",
                    "title": "7",
                    "article": "",
                    "group_id": "1ytyx6ndizx50i6anu5erg0zxypji4il",
                    "group_title": "Группа 1"
                },
                "mass": 268.0,
                "size": {
                    "width": 540.0,
                    "height": 370.0,
                    "length": 1800.0
                },
                "sort": 1,
                "step": 9,
                "type": "box",
                "margin": {
                    "width": 0.0,
                    "height": 0.0,
                    "length": 0.0
                },
                "cargo_id": "qolcw2ihzujpcu2wekyuaet2nbpos63x",
                "position": {
                    "x": 6000.0,
                    "y": 0.0,
                    "z": 2110.0
                },
                "stacking": false,
                "turnover": true,
                "rotation_state": 0,
                "stacking_limit": 0.0,
                "calculated_size": {
                    "width": 370.0,
                    "height": 1800.0,
                    "length": 540.0
                },
                "virtual_positions": null
            },
            {
                "id": 16,
                "info": {
                    "color": "#c0d85d",
                    "title": "a",
                    "article": "",
                    "group_id": "1ytyx6ndizx50i6anu5erg0zxypji4il",
                    "group_title": "Группа 1"
                },
                "mass": 173.0,
                "size": {
                    "width": 510.0,
                    "height": 1770.0,
                    "length": 810.0
                },
                "sort": 1,
                "step": 10,
                "type": "box",
                "margin": {
                    "width": 0.0,
                    "height": 0.0,
                    "length": 0.0
                },
                "cargo_id": "spzfbcs5b5kryzxxuauezdmxjyv8eeek",
                "position": {
                    "x": 6000.0,
                    "y": 0.0,
                    "z": 1600.0
                },
                "stacking": false,
                "turnover": true,
                "rotation_state": 0,
                "stacking_limit": 0.0,
                "calculated_size": {
                    "width": 510.0,
                    "height": 1770.0,
                    "length": 810.0
                },
                "virtual_positions": null
            },
            {
                "id": 12,
                "info": {
                    "color": "#85d841",
                    "title": "3",
                    "article": "",
                    "group_id": "1ytyx6ndizx50i6anu5erg0zxypji4il",
                    "group_title": "Группа 1"
                },
                "mass": 358.0,
                "size": {
                    "width": 1900.0,
                    "height": 1500.0,
                    "length": 1600.0
                },
                "sort": 1,
                "step": 11,
                "type": "box",
                "margin": {
                    "width": 0.0,
                    "height": 0.0,
                    "length": 0.0
                },
                "cargo_id": "zzxz7wjdepyp6ql5jafjrrltu1bjrirl",
                "position": {
                    "x": 4800.0,
                    "y": 0.0,
                    "z": 0.0
                },
                "stacking": false,
                "turnover": true,
                "rotation_state": 1,
                "stacking_limit": 0.0,
                "calculated_size": {
                    "width": 1600.0,
                    "height": 1900.0,
                    "length": 1500.0
                },
                "virtual_positions": null
            },
            {
                "id": 2,
                "info": {
                    "color": "#d1e562",
                    "title": "67",
                    "article": "",
                    "group_id": "1ytyx6ndizx50i6anu5erg0zxypji4il",
                    "group_title": "Группа 1"
                },
                "mass": 230.0,
                "size": {
                    "width": 800.0,
                    "height": 1400.0,
                    "length": 560.0
                },
                "sort": 1,
                "step": 12,
                "type": "box",
                "margin": {
                    "width": 0.0,
                    "height": 0.0,
                    "length": 0.0
                },
                "cargo_id": "c07sv2urptqkkh7kuaofvlhtapvze9dc",
                "position": {
                    "x": 6810.0,
                    "y": 0.0,
                    "z": 1600.0
                },
                "stacking": false,
                "turnover": true,
                "rotation_state": 0,
                "stacking_limit": 0.0,
                "calculated_size": {
                    "width": 560.0,
                    "height": 1400.0,
                    "length": 800.0
                },
                "virtual_positions": null
            },
            {
                "id": 18,
                "info": {
                    "color": "#521c9e",
                    "title": "w",
                    "article": "",
                    "group_id": "1ytyx6ndizx50i6anu5erg0zxypji4il",
                    "group_title": "Группа 1"
                },
                "mass": 950.0,
                "size": {
                    "width": 1600.0,
                    "height": 1600.0,
                    "length": 1200.0
                },
                "sort": 1,
                "step": 13,
                "type": "box",
                "margin": {
                    "width": 0.0,
                    "height": 0.0,
                    "length": 0.0
                },
                "cargo_id": "v8abhfab96lq5z6fya9pzxyiwbpecwuw",
                "position": {
                    "x": 6300.0,
                    "y": 0.0,
                    "z": 0.0
                },
                "stacking": false,
                "turnover": true,
                "rotation_state": 1,
                "stacking_limit": 0.0,
                "calculated_size": {
                    "width": 1600.0,
                    "height": 1600.0,
                    "length": 1200.0
                },
                "virtual_positions": null
            },
            {
                "id": 3,
                "info": {
                    "color": "#d1e562",
                    "title": "67",
                    "article": "",
                    "group_id": "1ytyx6ndizx50i6anu5erg0zxypji4il",
                    "group_title": "Группа 1"
                },
                "mass": 230.0,
                "size": {
                    "width": 800.0,
                    "height": 1400.0,
                    "length": 560.0
                },
                "sort": 1,
                "step": 14,
                "type": "box",
                "margin": {
                    "width": 0.0,
                    "height": 0.0,
                    "length": 0.0
                },
                "cargo_id": "c07sv2urptqkkh7kuaofvlhtapvze9dc",
                "position": {
                    "x": 7610.0,
                    "y": 0.0,
                    "z": 1600.0
                },
                "stacking": false,
                "turnover": true,
                "rotation_state": 0,
                "stacking_limit": 0.0,
                "calculated_size": {
                    "width": 560.0,
                    "height": 1400.0,
                    "length": 800.0
                },
                "virtual_positions": null
            },
            {
                "id": 19,
                "info": {
                    "color": "#521c9e",
                    "title": "w",
                    "article": "",
                    "group_id": "1ytyx6ndizx50i6anu5erg0zxypji4il",
                    "group_title": "Группа 1"
                },
                "mass": 950.0,
                "size": {
                    "width": 1600.0,
                    "height": 1600.0,
                    "length": 1200.0
                },
                "sort": 1,
                "step": 15,
                "type": "box",
                "margin": {
                    "width": 0.0,
                    "height": 0.0,
                    "length": 0.0
                },
                "cargo_id": "v8abhfab96lq5z6fya9pzxyiwbpecwuw",
                "position": {
                    "x": 7500.0,
                    "y": 0.0,
                    "z": 0.0
                },
                "stacking": false,
                "turnover": true,
                "rotation_state": 1,
                "stacking_limit": 0.0,
                "calculated_size": {
                    "width": 1600.0,
                    "height": 1600.0,
                    "length": 1200.0
                },
                "virtual_positions": null
            },
            {
                "id": 0,
                "info": {
                    "color": "#c7d646",
                    "title": "63",
                    "article": "",
                    "group_id": "1ytyx6ndizx50i6anu5erg0zxypji4il",
                    "group_title": "Группа 1"
                },
                "mass": 150.0,
                "size": {
                    "width": 1000.0,
                    "height": 1200.0,
                    "length": 1100.0
                },
                "sort": 1,
                "step": 16,
                "type": "box",
                "margin": {
                    "width": 0.0,
                    "height": 0.0,
                    "length": 0.0
                },
                "cargo_id": "6rf7nkck37bh6xdzaxs5ehbkwnawrbbd",
                "position": {
                    "x": 8700.0,
                    "y": 0.0,
                    "z": 950.0
                },
                "stacking": false,
                "turnover": true,
                "rotation_state": 1,
                "stacking_limit": 0.0,
                "calculated_size": {
                    "width": 1100.0,
                    "height": 1200.0,
                    "length": 1000.0
                },
                "virtual_positions": null
            },
            {
                "id": 23,
                "info": {
                    "color": "#725ae8",
                    "title": "d",
                    "article": "",
                    "group_id": "1ytyx6ndizx50i6anu5erg0zxypji4il",
                    "group_title": "Группа 1"
                },
                "mass": 140.0,
                "size": {
                    "width": 950.0,
                    "height": 2100.0,
                    "length": 950.0
                },
                "sort": 1,
                "step": 17,
                "type": "box",
                "margin": {
                    "width": 0.0,
                    "height": 0.0,
                    "length": 0.0
                },
                "cargo_id": "z6gr7nwlfq8etyfxr3kcoumpkogxi6y9",
                "position": {
                    "x": 8700.0,
                    "y": 0.0,
                    "z": 0.0
                },
                "stacking": false,
                "turnover": true,
                "rotation_state": 0,
                "stacking_limit": 0.0,
                "calculated_size": {
                    "width": 950.0,
                    "height": 2100.0,
                    "length": 950.0
                },
                "virtual_positions": null
            },
            {
                "id": 14,
                "info": {
                    "color": "#5ffc99",
                    "title": "1",
                    "article": "",
                    "group_id": "1ytyx6ndizx50i6anu5erg0zxypji4il",
                    "group_title": "Группа 1"
                },
                "mass": 180.0,
                "size": {
                    "width": 800.0,
                    "height": 900.0,
                    "length": 1200.0
                },
                "sort": 1,
                "step": 18,
                "type": "box",
                "margin": {
                    "width": 0.0,
                    "height": 0.0,
                    "length": 0.0
                },
                "cargo_id": "ghs6maggssvofooehpktemvdzej0ecjj",
                "position": {
                    "x": 9650.0,
                    "y": 0.0,
                    "z": 0.0
                },
                "stacking": false,
                "turnover": true,
                "rotation_state": 1,
                "stacking_limit": 0.0,
                "calculated_size": {
                    "width": 900.0,
                    "height": 1200.0,
                    "length": 800.0
                },
                "virtual_positions": null
            },
            {
                "id": 1,
                "info": {
                    "color": "#159938",
                    "title": "6575",
                    "article": "",
                    "group_id": "1ytyx6ndizx50i6anu5erg0zxypji4il",
                    "group_title": "Группа 1"
                },
                "mass": 36.0,
                "size": {
                    "width": 800.0,
                    "height": 1320.0,
                    "length": 760.0
                },
                "sort": 1,
                "step": 19,
                "type": "box",
                "margin": {
                    "width": 0.0,
                    "height": 0.0,
                    "length": 0.0
                },
                "cargo_id": "aae5siqxi3dxdzm8pmpbikog8vpfbgab",
                "position": {
                    "x": 10450.0,
                    "y": 0.0,
                    "z": 0.0
                },
                "stacking": false,
                "turnover": true,
                "rotation_state": 1,
                "stacking_limit": 0.0,
                "calculated_size": {
                    "width": 800.0,
                    "height": 1320.0,
                    "length": 760.0
                },
                "virtual_positions": null
            },
            {
                "id": 6,
                "info": {
                    "color": "#ea6476",
                    "title": "12",
                    "article": "",
                    "group_id": "1ytyx6ndizx50i6anu5erg0zxypji4il",
                    "group_title": "Группа 1"
                },
                "mass": 400.0,
                "size": {
                    "width": 850.0,
                    "height": 470.0,
                    "length": 1200.0
                },
                "sort": 1,
                "step": 20,
                "type": "box",
                "margin": {
                    "width": 0.0,
                    "height": 0.0,
                    "length": 0.0
                },
                "cargo_id": "mffzgvs1syeppv5mxmxziaqcxr5aiybu",
                "position": {
                    "x": 11210.0,
                    "y": 0.0,
                    "z": 0.0
                },
                "stacking": false,
                "turnover": true,
                "rotation_state": 1,
                "stacking_limit": 0.0,
                "calculated_size": {
                    "width": 850.0,
                    "height": 1200.0,
                    "length": 470.0
                },
                "virtual_positions": null
            },
            {
                "id": 7,
                "info": {
                    "color": "#6df273",
                    "title": "11",
                    "article": "",
                    "group_id": "1ytyx6ndizx50i6anu5erg0zxypji4il",
                    "group_title": "Группа 1"
                },
                "mass": 312.0,
                "size": {
                    "width": 850.0,
                    "height": 420.0,
                    "length": 1200.0
                },
                "sort": 1,
                "step": 21,
                "type": "box",
                "margin": {
                    "width": 0.0,
                    "height": 0.0,
                    "length": 0.0
                },
                "cargo_id": "3xuoltcjtvrtodavfuix9adtodtsntcc",
                "position": {
                    "x": 11680.0,
                    "y": 0.0,
                    "z": 0.0
                },
                "stacking": false,
                "turnover": true,
                "rotation_state": 1,
                "stacking_limit": 0.0,
                "calculated_size": {
                    "width": 850.0,
                    "height": 1200.0,
                    "length": 420.0
                },
                "virtual_positions": null
            },
            {
                "id": 5,
                "info": {
                    "color": "#80a50e",
                    "title": "13",
                    "article": "",
                    "group_id": "1ytyx6ndizx50i6anu5erg0zxypji4il",
                    "group_title": "Группа 1"
                },
                "mass": 440.0,
                "size": {
                    "width": 800.0,
                    "height": 600.0,
                    "length": 1200.0
                },
                "sort": 1,
                "step": 22,
                "type": "box",
                "margin": {
                    "width": 0.0,
                    "height": 0.0,
                    "length": 0.0
                },
                "cargo_id": "pr1pquqawhscd9gog0afnq1ihucqftc0",
                "position": {
                    "x": 12100.0,
                    "y": 0.0,
                    "z": 0.0
                },
                "stacking": false,
                "turnover": true,
                "rotation_state": 1,
                "stacking_limit": 0.0,
                "calculated_size": {
                    "width": 800.0,
                    "height": 1200.0,
                    "length": 600.0
                },
                "virtual_positions": null
            },
            {
                "id": 21,
                "info": {
                    "color": "#318ebc",
                    "title": "s",
                    "article": "",
                    "group_id": "1ytyx6ndizx50i6anu5erg0zxypji4il",
                    "group_title": "Группа 1"
                },
                "mass": 60.0,
                "size": {
                    "width": 600.0,
                    "height": 700.0,
                    "length": 800.0
                },
                "sort": 1,
                "step": 23,
                "type": "box",
                "margin": {
                    "width": 0.0,
                    "height": 0.0,
                    "length": 0.0
                },
                "cargo_id": "wwwkbyzob4odg71rxq5ngqptgvzbqehq",
                "position": {
                    "x": 12700.0,
                    "y": 0.0,
                    "z": 0.0
                },
                "stacking": true,
                "turnover": true,
                "rotation_state": 5,
                "stacking_limit": 0.0,
                "calculated_size": {
                    "width": 800.0,
                    "height": 600.0,
                    "length": 700.0
                },
                "virtual_positions": null
            },
            {
                "id": 20,
                "info": {
                    "color": "#6217a8",
                    "title": "q",
                    "article": "",
                    "group_id": "1ytyx6ndizx50i6anu5erg0zxypji4il",
                    "group_title": "Группа 1"
                },
                "mass": 135.0,
                "size": {
                    "width": 800.0,
                    "height": 540.0,
                    "length": 120.0
                },
                "sort": 1,
                "step": 24,
                "type": "box",
                "margin": {
                    "width": 0.0,
                    "height": 0.0,
                    "length": 0.0
                },
                "cargo_id": "0xinf0xa0pg1ko9tm06tnozk3lkkcqqi",
                "position": {
                    "x": 12700.0,
                    "y": 600.0,
                    "z": 600.0
                },
                "stacking": false,
                "turnover": true,
                "rotation_state": 0,
                "stacking_limit": 0.0,
                "calculated_size": {
                    "width": 120.0,
                    "height": 800.0,
                    "length": 540.0
                },
                "virtual_positions": null
            },
            {
                "id": 10,
                "info": {
                    "color": "#12779b",
                    "title": "5",
                    "article": "",
                    "group_id": "1ytyx6ndizx50i6anu5erg0zxypji4il",
                    "group_title": "Группа 1"
                },
                "mass": 29.0,
                "size": {
                    "width": 600.0,
                    "height": 600.0,
                    "length": 800.0
                },
                "sort": 1,
                "step": 25,
                "type": "box",
                "margin": {
                    "width": 0.0,
                    "height": 0.0,
                    "length": 0.0
                },
                "cargo_id": "muregdb4ditwfxueqb0wqkcobxv6nrgg",
                "position": {
                    "x": 12700.0,
                    "y": 600.0,
                    "z": 0.0
                },
                "stacking": false,
                "turnover": true,
                "rotation_state": 0,
                "stacking_limit": 0.0,
                "calculated_size": {
                    "width": 600.0,
                    "height": 800.0,
                    "length": 600.0
                },
                "virtual_positions": null
            }
        ],
        "version": 5,
        "cargo_space": {
            "id": 201,
            "info": {
                "uid": "201_0",
                "sort": 0,
                "title": "KRONE SDP 27"
            },
            "mass": 6500.0,
            "size": {
                "width": 2480.0,
                "height": 2860.0,
                "length": 13692.0
            },
            "type": "truck",
            "axles": [
                {
                    "title": "Ось 1",
                    "distance": 1155.0,
                    "max_load": 9000.0,
                    "default_load": 1665.0,
                    "calculated_load": 3397.92329
                },
                {
                    "title": "Ось 2",
                    "distance": 1282.0,
                    "max_load": 9000.0,
                    "default_load": 1665.0,
                    "calculated_load": 3397.92329
                },
                {
                    "title": "Ось 3",
                    "distance": 1300.0,
                    "max_load": 9000.0,
                    "default_load": 1670.0,
                    "calculated_load": 3402.92329
                }
            ],
            "hitch": {
                "title": "",
                "distance": 7000.0,
                "max_load": 12000.0,
                "default_load": 1500.0,
                "calculated_load": 9099.23012
            },
            "tractor": {
                "mass": 9000.0,
                "axles": [
                    {
                        "title": "Ось 1",
                        "distance": 1410.0,
                        "max_load": 8000.0,
                        "default_load": 6000.0,
                        "calculated_load": 7677.45809
                    },
                    {
                        "title": "Ось 2",
                        "distance": 2827.0,
                        "max_load": 11000.0,
                        "default_load": 2300.0,
                        "calculated_load": 5260.88601
                    },
                    {
                        "title": "Ось 3",
                        "distance": 1395.0,
                        "max_load": 10000.0,
                        "default_load": 2200.0,
                        "calculated_load": 5160.88601
                    }
                ],
                "length": 6140.0,
                "hitch_distance": 778.0
            },
            "full_length": 13692.0,
            "indentation": {
                "width": 0.0,
                "height": 0.0,
                "length": 46.0,
                "height_top": 0.0,
                "length_end": 46.0,
                "width_right": 0.0
            },
            "loading_size": {
                "width": 2480.0,
                "height": 2860.0,
                "length": 13600.0
            },
            "calculation_info": {
                "step_count": 25,
                "cargos_mass": 12.798,
                "load_volume": 96.46208,
                "cargos_volume": 47.49893,
                "count_cargoes": 25,
                "load_capacity": 32.5,
                "loading_height": 2.45,
                "density_percent": 58.3393,
                "remaining_volume": 48.96315,
                "void_space_percent": 50.75896,
                "filling_space_percent": 49.24104
            },
            "carrying_capacity": 32500.0,
            "real_center_of_gravity": [
                5013.205969682763,
                980.7950461009533,
                1234.3608376308805
            ],
            "ideal_center_of_gravity": [
                6800.0,
                0.0,
                1240.0
            ]
        },
        "cargo_groups": [],
        "packing_type": "PackingTruck PackingTwoBoxesInLayer",
        "calculation_id": 15211,
        "invalid_errors": [],
        "unpacked_errors": [],
        "validate_errors": [],
        "is_packed_same_boxes": false
    }
}