{
    "data": {
        "cargoes": [
            {
                "info": {
                    "color": "#9452b7",
                    "title": "BOX",
                    "article": "",
                    "group_id": "16p8woxcjfe9kczyiml8mkivuq4f1k7d",
                    "group_title": "Группа 1"
                },
                "mass": 15.0,
                "size": {
                    "width": 500,
                    "height": 400,
                    "length": 600
                },
                "sort": 1,
                "type": "box",
                "count": 12,
                "margin": {
                    "width": 0,
                    "height": 0,
                    "length": 0
                },
                "cargo_id": "3flmqfcgk7bkikxvdquc8oguzsdujfdi",
                "stacking": true,
                "turnover": true,
                "margin_width": 0,
                "margin_length": 0,
                "stacking_limit": 0
            }
        ],
        "settings": {
            "rank": false,
            "max_step": 100,
            "min_step": 50,
            "usersort": false,
            "hardlimit": 1801,
            "timelimit": 1800,
            "step_scaling": 10
        },
        "put_boxes": [],
        "initial_id": 0,
        "cargo_space": {
            "id": 97,
            "info": {
                "uid": "97_0",
                "sort": 0,
                "title": "EURO",
                "margin": {
                    "width": 0,
                    "height": 0,
                    "length": 0
                }
            },
            "mass": 20,
            "size": {
                "width": 800,
                "height": 200,
                "length": 1200
            },
            "type": "pallet",
            "axles": [],
            "title": "EURO",
            "margin": {
                "width": 0,
                "height": 0,
                "length": 0
            },
            "indentation": {
                "width": 0,
                "height": 0,
                "length": 0,
                "height_top": 0,
                "length_end": 0,
                "width_right": 0
            },
            "loading_size": {
                "width": 800,
                "height": 2000,
                "length": 1200
            },
            "carrying_capacity": 1000
        },
        "calculation_id": "14946"
    },
    "data_result": {
        "boxes": [
            {
                "id": 1,
                "info": {
                    "color": "#9452b7",
                    "title": "BOX",
                    "article": "",
                    "group_id": "16p8woxcjfe9kczyiml8mkivuq4f1k7d",
                    "group_title": "Группа 1"
                },
                "mass": 15.0,
                "size": {
                    "width": 500.0,
                    "height": 400.0,
                    "length": 600.0
                },
                "sort": 1,
                "step": 1,
                "type": "box",
                "margin": {
                    "width": 0.0,
                    "height": 0.0,
                    "length": 0.0
                },
                "cargo_id": "3flmqfcgk7bkikxvdquc8oguzsdujfdi",
                "position": {
                    "x": 0.0,
                    "y": 0.0,
                    "z": 400.0
                },
                "stacking": true,
                "turnover": true,
                "rotation_state": 4,
                "stacking_limit": 0.0,
                "calculated_size": {
                    "width": 400.0,
                    "height": 500.0,
                    "length": 600.0
                },
                "virtual_positions": null
            },
            {
                "id": 0,
                "info": {
                    "color": "#9452b7",
                    "title": "BOX",
                    "article": "",
                    "group_id": "16p8woxcjfe9kczyiml8mkivuq4f1k7d",
                    "group_title": "Группа 1"
                },
                "mass": 15.0,
                "size": {
                    "width": 500.0,
                    "height": 400.0,
                    "length": 600.0
                },
                "sort": 1,
                "step": 2,
                "type": "box",
                "margin": {
                    "width": 0.0,
                    "height": 0.0,
                    "length": 0.0
                },
                "cargo_id": "3flmqfcgk7bkikxvdquc8oguzsdujfdi",
                "position": {
                    "x": 0.0,
                    "y": 0.0,
                    "z": 0.0
                },
                "stacking": true,
                "turnover": true,
                "rotation_state": 4,
                "stacking_limit": 0.0,
                "calculated_size": {
                    "width": 400.0,
                    "height": 500.0,
                    "length": 600.0
                },
                "virtual_positions": null
            },
            {
                "id": 3,
                "info": {
                    "color": "#9452b7",
                    "title": "BOX",
                    "article": "",
                    "group_id": "16p8woxcjfe9kczyiml8mkivuq4f1k7d",
                    "group_title": "Группа 1"
                },
                "mass": 15.0,
                "size": {
                    "width": 500.0,
                    "height": 400.0,
                    "length": 600.0
                },
                "sort": 1,
                "step": 3,
                "type": "box",
                "margin": {
                    "width": 0.0,
                    "height": 0.0,
                    "length": 0.0
                },
                "cargo_id": "3flmqfcgk7bkikxvdquc8oguzsdujfdi",
                "position": {
                    "x": 600.0,
                    "y": 0.0,
                    "z": 400.0
                },
                "stacking": true,
                "turnover": true,
                "rotation_state": 4,
                "stacking_limit": 0.0,
                "calculated_size": {
                    "width": 400.0,
                    "height": 500.0,
                    "length": 600.0
                },
                "virtual_positions": null
            },
            {
                "id": 2,
                "info": {
                    "color": "#9452b7",
                    "title": "BOX",
                    "article": "",
                    "group_id": "16p8woxcjfe9kczyiml8mkivuq4f1k7d",
                    "group_title": "Группа 1"
                },
                "mass": 15.0,
                "size": {
                    "width": 500.0,
                    "height": 400.0,
                    "length": 600.0
                },
                "sort": 1,
                "step": 4,
                "type": "box",
                "margin": {
                    "width": 0.0,
                    "height": 0.0,
                    "length": 0.0
                },
                "cargo_id": "3flmqfcgk7bkikxvdquc8oguzsdujfdi",
                "position": {
                    "x": 600.0,
                    "y": 0.0,
                    "z": 0.0
                },
                "stacking": true,
                "turnover": true,
                "rotation_state": 4,
                "stacking_limit": 0.0,
                "calculated_size": {
                    "width": 400.0,
                    "height": 500.0,
                    "length": 600.0
                },
                "virtual_positions": null
            },
            {
                "id": 5,
                "info": {
                    "color": "#9452b7",
                    "title": "BOX",
                    "article": "",
                    "group_id": "16p8woxcjfe9kczyiml8mkivuq4f1k7d",
                    "group_title": "Группа 1"
                },
                "mass": 15.0,
                "size": {
                    "width": 500.0,
                    "height": 400.0,
                    "length": 600.0
                },
                "sort": 1,
                "step": 5,
                "type": "box",
                "margin": {
                    "width": 0.0,
                    "height": 0.0,
                    "length": 0.0
                },
                "cargo_id": "3flmqfcgk7bkikxvdquc8oguzsdujfdi",
                "position": {
                    "x": 0.0,
                    "y": 500.0,
                    "z": 400.0
                },
                "stacking": true,
                "turnover": true,
                "rotation_state": 4,
                "stacking_limit": 0.0,
                "calculated_size": {
                    "width": 400.0,
                    "height": 500.0,
                    "length": 600.0
                },
                "virtual_positions": null
            },
            {
                "id": 4,
                "info": {
                    "color": "#9452b7",
                    "title": "BOX",
                    "article": "",
                    "group_id": "16p8woxcjfe9kczyiml8mkivuq4f1k7d",
                    "group_title": "Группа 1"
                },
                "mass": 15.0,
                "size": {
                    "width": 500.0,
                    "height": 400.0,
                    "length": 600.0
                },
                "sort": 1,
                "step": 6,
                "type": "box",
                "margin": {
                    "width": 0.0,
                    "height": 0.0,
                    "length": 0.0
                },
                "cargo_id": "3flmqfcgk7bkikxvdquc8oguzsdujfdi",
                "position": {
                    "x": 0.0,
                    "y": 500.0,
                    "z": 0.0
                },
                "stacking": true,
                "turnover": true,
                "rotation_state": 4,
                "stacking_limit": 0.0,
                "calculated_size": {
                    "width": 400.0,
                    "height": 500.0,
                    "length": 600.0
                },
                "virtual_positions": null
            },
            {
                "id": 7,
                "info": {
                    "color": "#9452b7",
                    "title": "BOX",
                    "article": "",
                    "group_id": "16p8woxcjfe9kczyiml8mkivuq4f1k7d",
                    "group_title": "Группа 1"
                },
                "mass": 15.0,
                "size": {
                    "width": 500.0,
                    "height": 400.0,
                    "length": 600.0
                },
                "sort": 1,
                "step": 7,
                "type": "box",
                "margin": {
                    "width": 0.0,
                    "height": 0.0,
                    "length": 0.0
                },
                "cargo_id": "3flmqfcgk7bkikxvdquc8oguzsdujfdi",
                "position": {
                    "x": 600.0,
                    "y": 500.0,
                    "z": 400.0
                },
                "stacking": true,
                "turnover": true,
                "rotation_state": 4,
                "stacking_limit": 0.0,
                "calculated_size": {
                    "width": 400.0,
                    "height": 500.0,
                    "length": 600.0
                },
                "virtual_positions": null
            },
            {
                "id": 6,
                "info": {
                    "color": "#9452b7",
                    "title": "BOX",
                    "article": "",
                    "group_id": "16p8woxcjfe9kczyiml8mkivuq4f1k7d",
                    "group_title": "Группа 1"
                },
                "mass": 15.0,
                "size": {
                    "width": 500.0,
                    "height": 400.0,
                    "length": 600.0
                },
                "sort": 1,
                "step": 8,
                "type": "box",
                "margin": {
                    "width": 0.0,
                    "height": 0.0,
                    "length": 0.0
                },
                "cargo_id": "3flmqfcgk7bkikxvdquc8oguzsdujfdi",
                "position": {
                    "x": 600.0,
                    "y": 500.0,
                    "z": 0.0
                },
                "stacking": true,
                "turnover": true,
                "rotation_state": 4,
                "stacking_limit": 0.0,
                "calculated_size": {
                    "width": 400.0,
                    "height": 500.0,
                    "length": 600.0
                },
                "virtual_positions": null
            },
            {
                "id": 9,
                "info": {
                    "color": "#9452b7",
                    "title": "BOX",
                    "article": "",
                    "group_id": "16p8woxcjfe9kczyiml8mkivuq4f1k7d",
                    "group_title": "Группа 1"
                },
                "mass": 15.0,
                "size": {
                    "width": 500.0,
                    "height": 400.0,
                    "length": 600.0
                },
                "sort": 1,
                "step": 9,
                "type": "box",
                "margin": {
                    "width": 0.0,
                    "height": 0.0,
                    "length": 0.0
                },
                "cargo_id": "3flmqfcgk7bkikxvdquc8oguzsdujfdi",
                "position": {
                    "x": 0.0,
                    "y": 1000.0,
                    "z": 400.0
                },
                "stacking": true,
                "turnover": true,
                "rotation_state": 4,
                "stacking_limit": 0.0,
                "calculated_size": {
                    "width": 400.0,
                    "height": 500.0,
                    "length": 600.0
                },
                "virtual_positions": null
            },
            {
                "id": 8,
                "info": {
                    "color": "#9452b7",
                    "title": "BOX",
                    "article": "",
                    "group_id": "16p8woxcjfe9kczyiml8mkivuq4f1k7d",
                    "group_title": "Группа 1"
                },
                "mass": 15.0,
                "size": {
                    "width": 500.0,
                    "height": 400.0,
                    "length": 600.0
                },
                "sort": 1,
                "step": 10,
                "type": "box",
                "margin": {
                    "width": 0.0,
                    "height": 0.0,
                    "length": 0.0
                },
                "cargo_id": "3flmqfcgk7bkikxvdquc8oguzsdujfdi",
                "position": {
                    "x": 0.0,
                    "y": 1000.0,
                    "z": 0.0
                },
                "stacking": true,
                "turnover": true,
                "rotation_state": 4,
                "stacking_limit": 0.0,
                "calculated_size": {
                    "width": 400.0,
                    "height": 500.0,
                    "length": 600.0
                },
                "virtual_positions": null
            },
            {
                "id": 11,
                "info": {
                    "color": "#9452b7",
                    "title": "BOX",
                    "article": "",
                    "group_id": "16p8woxcjfe9kczyiml8mkivuq4f1k7d",
                    "group_title": "Группа 1"
                },
                "mass": 15.0,
                "size": {
                    "width": 500.0,
                    "height": 400.0,
                    "length": 600.0
                },
                "sort": 1,
                "step": 11,
                "type": "box",
                "margin": {
                    "width": 0.0,
                    "height": 0.0,
                    "length": 0.0
                },
                "cargo_id": "3flmqfcgk7bkikxvdquc8oguzsdujfdi",
                "position": {
                    "x": 600.0,
                    "y": 1000.0,
                    "z": 400.0
                },
                "stacking": true,
                "turnover": true,
                "rotation_state": 4,
                "stacking_limit": 0.0,
                "calculated_size": {
                    "width": 400.0,
                    "height": 500.0,
                    "length": 600.0
                },
                "virtual_positions": null
            },
            {
                "id": 10,
                "info": {
                    "color": "#9452b7",
                    "title": "BOX",
                    "article": "",
                    "group_id": "16p8woxcjfe9kczyiml8mkivuq4f1k7d",
                    "group_title": "Группа 1"
                },
                "mass": 15.0,
                "size": {
                    "width": 500.0,
                    "height": 400.0,
                    "length": 600.0
                },
                "sort": 1,
                "step": 12,
                "type": "box",
                "margin": {
                    "width": 0.0,
                    "height": 0.0,
                    "length": 0.0
                },
                "cargo_id": "3flmqfcgk7bkikxvdquc8oguzsdujfdi",
                "position": {
                    "x": 600.0,
                    "y": 1000.0,
                    "z": 0.0
                },
                "stacking": true,
                "turnover": true,
                "rotation_state": 4,
                "stacking_limit": 0.0,
                "calculated_size": {
                    "width": 400.0,
                    "height": 500.0,
                    "length": 600.0
                },
                "virtual_positions": null
            }
        ],
        "version": 5,
        "cargo_space": {
            "id": 97,
            "info": {
                "uid": "97_0",
                "sort": 0,
                "title": "EURO",
                "margin": {
                    "width": 0,
                    "height": 0,
                    "length": 0
                }
            },
            "mass": 20.0,
            "size": {
                "width": 800.0,
                "height": 200.0,
                "length": 1200.0
            },
            "type": "pallet",
            "indentation": {
                "width": 0.0,
                "height": 0.0,
                "length": 0.0,
                "height_top": -1800.0,
                "length_end": 0.0,
                "width_right": 0.0
            },
            "loading_size": {
                "width": 800.0,
                "height": 2000.0,
                "length": 1200.0
            },
            "calculation_info": {
                "step_count": 12,
                "cargos_mass": 0.18,
                "load_volume": 1.92,
                "cargos_volume": 1.44,
                "count_cargoes": 12,
                "load_capacity": 1.0,
                "loading_height": 1.5,
                "density_percent": 100.0,
                "remaining_volume": 0.48,
                "void_space_percent": 25.0,
                "filling_space_percent": 75.0
            },
            "carrying_capacity": 1000.0,
            "real_center_of_gravity": [
                600.0,
                750.0,
                400.0
            ],
            "ideal_center_of_gravity": [
                600.0,
                0.0,
                400.0
            ]
        },
        "cargo_groups": [],
        "packing_type": "PackingBlocks",
        "calculation_id": 14946,
        "invalid_errors": [],
        "unpacked_errors": [],
        "validate_errors": [
            "ERROR_INDENTATION"
        ],
        "is_packed_same_boxes": true
    }
}