{
    "data": {
        "cargoes": [
            {
                "info": {
                    "color": "#f9fc2f",
                    "title": "станд",
                    "article": "",
                    "group_id": "1om9cwzfrgb82hh2nwwojrlvjrbvc6r9",
                    "group_title": "Группа 1"
                },
                "mass": 100.0,
                "size": {
                    "width": 800,
                    "height": 1000,
                    "length": 1200
                },
                "sort": 1,
                "type": "box",
                "count": 3,
                "margin": {
                    "width": 0,
                    "height": 0,
                    "length": 0
                },
                "cargo_id": "1iaz6evpvpgzeuzssdc9yhumleyf9bdz",
                "stacking": false,
                "turnover": true,
                "margin_width": 0,
                "margin_length": 0,
                "stacking_limit": 0
            },
            {
                "info": {
                    "color": "#17edb0",
                    "title": "4",
                    "article": "",
                    "group_id": "1om9cwzfrgb82hh2nwwojrlvjrbvc6r9",
                    "group_title": "Группа 1"
                },
                "mass": 1300.0,
                "size": {
                    "width": 2300,
                    "height": 2500,
                    "length": 2700
                },
                "sort": 1,
                "type": "box",
                "count": 1,
                "margin": {
                    "width": 0,
                    "height": 0,
                    "length": 0
                },
                "cargo_id": "90y0f1amsfouyq6kjc04ljaavjtocisz",
                "stacking": false,
                "turnover": true,
                "margin_width": 0,
                "margin_length": 0,
                "stacking_limit": 0
            },
            {
                "info": {
                    "color": "#f26f65",
                    "title": "3",
                    "article": "",
                    "group_id": "1om9cwzfrgb82hh2nwwojrlvjrbvc6r9",
                    "group_title": "Группа 1"
                },
                "mass": 350.0,
                "size": {
                    "width": 1350,
                    "height": 1100,
                    "length": 1250
                },
                "sort": 1,
                "type": "box",
                "count": 6,
                "margin": {
                    "width": 0,
                    "height": 0,
                    "length": 0
                },
                "cargo_id": "zqvcejhzbmiiohc1on2mg0f59sjvtqtf",
                "stacking": true,
                "turnover": true,
                "margin_width": 0,
                "margin_length": 0,
                "stacking_limit": 0
            },
            {
                "info": {
                    "color": "#c6633f",
                    "title": "2",
                    "article": "",
                    "group_id": "1om9cwzfrgb82hh2nwwojrlvjrbvc6r9",
                    "group_title": "Группа 1"
                },
                "mass": 1450.0,
                "size": {
                    "width": 1550,
                    "height": 2200,
                    "length": 2700
                },
                "sort": 1,
                "type": "box",
                "count": 1,
                "margin": {
                    "width": 0,
                    "height": 0,
                    "length": 0
                },
                "cargo_id": "4cz5kolmqosovtjes5dehpjx4qmnzv9b",
                "stacking": false,
                "turnover": true,
                "margin_width": 0,
                "margin_length": 0,
                "stacking_limit": 0
            },
            {
                "info": {
                    "color": "#64a81f",
                    "title": "1",
                    "article": "",
                    "group_id": "1om9cwzfrgb82hh2nwwojrlvjrbvc6r9",
                    "group_title": "Группа 1"
                },
                "mass": 1450.0,
                "size": {
                    "width": 1900,
                    "height": 2200,
                    "length": 2300
                },
                "sort": 1,
                "type": "box",
                "count": 1,
                "margin": {
                    "width": 0,
                    "height": 0,
                    "length": 0
                },
                "cargo_id": "4ms9kd5ou3fmpw8mypbnduaub7nfegrl",
                "stacking": false,
                "turnover": true,
                "margin_width": 0,
                "margin_length": 0,
                "stacking_limit": 0
            }
        ],
        "settings": {
            "rank": false,
            "max_step": 100,
            "min_step": 50,
            "usersort": false,
            "hardlimit": 1801,
            "timelimit": 1800,
            "step_scaling": 10
        },
        "put_boxes": [],
        "initial_id": 0,
        "cargo_space": {
            "id": 201,
            "info": {
                "uid": "201_0",
                "sort": 0,
                "title": "KRONE SDP 27"
            },
            "mass": 6500,
            "size": {
                "width": 2480,
                "height": 2860,
                "length": 13692
            },
            "type": "truck",
            "axles": [
                {
                    "title": "Ось 1",
                    "distance": 1155,
                    "max_load": 9000,
                    "default_load": 1665
                },
                {
                    "title": "Ось 2",
                    "distance": 1282,
                    "max_load": 9000,
                    "default_load": 1665
                },
                {
                    "title": "Ось 3",
                    "distance": 1300,
                    "max_load": 9000,
                    "default_load": 1670
                }
            ],
            "hitch": {
                "title": "",
                "distance": 7000,
                "max_load": 12000,
                "default_load": 1500
            },
            "title": "KRONE SDP 27",
            "tractor": {
                "mass": 9000,
                "axles": [
                    {
                        "title": "Ось 1",
                        "distance": 1410,
                        "max_load": 8000,
                        "default_load": 6000
                    },
                    {
                        "title": "Ось 2",
                        "distance": 2827,
                        "max_load": 11000,
                        "default_load": 2300
                    },
                    {
                        "title": "Ось 3",
                        "distance": 1395,
                        "max_load": 10000,
                        "default_load": 2200
                    }
                ],
                "title": "IVECO STRALIS AT440S42",
                "length": 6140,
                "hitch_distance": 778
            },
            "indentation": {
                "width": 0,
                "height": 0,
                "length": 46,
                "height_top": 0,
                "length_end": 46,
                "width_right": 0
            },
            "loading_size": {
                "width": 2480,
                "height": 2860,
                "length": 13600
            },
            "carrying_capacity": 32500
        },
        "calculation_id": "15950"
    },
    "data_result": {
        "boxes": [
            {
                "id": 10,
                "info": {
                    "color": "#c6633f",
                    "title": "2",
                    "article": "",
                    "group_id": "1om9cwzfrgb82hh2nwwojrlvjrbvc6r9",
                    "group_title": "Группа 1"
                },
                "mass": 1450.0,
                "size": {
                    "width": 1550.0,
                    "height": 2200.0,
                    "length": 2700.0
                },
                "sort": 1,
                "step": 1,
                "type": "box",
                "margin": {
                    "width": 0.0,
                    "height": 0.0,
                    "length": 0.0
                },
                "cargo_id": "4cz5kolmqosovtjes5dehpjx4qmnzv9b",
                "position": {
                    "x": 0.0,
                    "y": 0.0,
                    "z": 0.0
                },
                "stacking": false,
                "turnover": true,
                "rotation_state": 1,
                "stacking_limit": 0.0,
                "calculated_size": {
                    "width": 2200.0,
                    "height": 2700.0,
                    "length": 1550.0
                },
                "virtual_positions": null
            },
            {
                "id": 11,
                "info": {
                    "color": "#64a81f",
                    "title": "1",
                    "article": "",
                    "group_id": "1om9cwzfrgb82hh2nwwojrlvjrbvc6r9",
                    "group_title": "Группа 1"
                },
                "mass": 1450.0,
                "size": {
                    "width": 1900.0,
                    "height": 2200.0,
                    "length": 2300.0
                },
                "sort": 1,
                "step": 2,
                "type": "box",
                "margin": {
                    "width": 0.0,
                    "height": 0.0,
                    "length": 0.0
                },
                "cargo_id": "4ms9kd5ou3fmpw8mypbnduaub7nfegrl",
                "position": {
                    "x": 1550.0,
                    "y": 0.0,
                    "z": 0.0
                },
                "stacking": false,
                "turnover": true,
                "rotation_state": 1,
                "stacking_limit": 0.0,
                "calculated_size": {
                    "width": 2200.0,
                    "height": 2300.0,
                    "length": 1900.0
                },
                "virtual_positions": null
            },
            {
                "id": 4,
                "info": {
                    "color": "#f26f65",
                    "title": "3",
                    "article": "",
                    "group_id": "1om9cwzfrgb82hh2nwwojrlvjrbvc6r9",
                    "group_title": "Группа 1"
                },
                "mass": 350.0,
                "size": {
                    "width": 1350.0,
                    "height": 1100.0,
                    "length": 1250.0
                },
                "sort": 1,
                "step": 3,
                "type": "box",
                "margin": {
                    "width": 0.0,
                    "height": 0.0,
                    "length": 0.0
                },
                "cargo_id": "zqvcejhzbmiiohc1on2mg0f59sjvtqtf",
                "position": {
                    "x": 3450.0,
                    "y": 0.0,
                    "z": 0.0
                },
                "stacking": true,
                "turnover": true,
                "rotation_state": 1,
                "stacking_limit": 0.0,
                "calculated_size": {
                    "width": 1350.0,
                    "height": 1100.0,
                    "length": 1250.0
                },
                "virtual_positions": null
            },
            {
                "id": 0,
                "info": {
                    "color": "#f9fc2f",
                    "title": "станд",
                    "article": "",
                    "group_id": "1om9cwzfrgb82hh2nwwojrlvjrbvc6r9",
                    "group_title": "Группа 1"
                },
                "mass": 100.0,
                "size": {
                    "width": 800.0,
                    "height": 1000.0,
                    "length": 1200.0
                },
                "sort": 1,
                "step": 4,
                "type": "box",
                "margin": {
                    "width": 0.0,
                    "height": 0.0,
                    "length": 0.0
                },
                "cargo_id": "1iaz6evpvpgzeuzssdc9yhumleyf9bdz",
                "position": {
                    "x": 3450.0,
                    "y": 1100.0,
                    "z": 0.0
                },
                "stacking": false,
                "turnover": true,
                "rotation_state": 1,
                "stacking_limit": 0.0,
                "calculated_size": {
                    "width": 1000.0,
                    "height": 1200.0,
                    "length": 800.0
                },
                "virtual_positions": null
            },
            {
                "id": 5,
                "info": {
                    "color": "#f26f65",
                    "title": "3",
                    "article": "",
                    "group_id": "1om9cwzfrgb82hh2nwwojrlvjrbvc6r9",
                    "group_title": "Группа 1"
                },
                "mass": 350.0,
                "size": {
                    "width": 1350.0,
                    "height": 1100.0,
                    "length": 1250.0
                },
                "sort": 1,
                "step": 5,
                "type": "box",
                "margin": {
                    "width": 0.0,
                    "height": 0.0,
                    "length": 0.0
                },
                "cargo_id": "zqvcejhzbmiiohc1on2mg0f59sjvtqtf",
                "position": {
                    "x": 4700.0,
                    "y": 0.0,
                    "z": 0.0
                },
                "stacking": true,
                "turnover": true,
                "rotation_state": 1,
                "stacking_limit": 0.0,
                "calculated_size": {
                    "width": 1350.0,
                    "height": 1100.0,
                    "length": 1250.0
                },
                "virtual_positions": null
            },
            {
                "id": 1,
                "info": {
                    "color": "#f9fc2f",
                    "title": "станд",
                    "article": "",
                    "group_id": "1om9cwzfrgb82hh2nwwojrlvjrbvc6r9",
                    "group_title": "Группа 1"
                },
                "mass": 100.0,
                "size": {
                    "width": 800.0,
                    "height": 1000.0,
                    "length": 1200.0
                },
                "sort": 1,
                "step": 6,
                "type": "box",
                "margin": {
                    "width": 0.0,
                    "height": 0.0,
                    "length": 0.0
                },
                "cargo_id": "1iaz6evpvpgzeuzssdc9yhumleyf9bdz",
                "position": {
                    "x": 4250.0,
                    "y": 1100.0,
                    "z": 0.0
                },
                "stacking": false,
                "turnover": true,
                "rotation_state": 1,
                "stacking_limit": 0.0,
                "calculated_size": {
                    "width": 1000.0,
                    "height": 1200.0,
                    "length": 800.0
                },
                "virtual_positions": null
            },
            {
                "id": 2,
                "info": {
                    "color": "#f9fc2f",
                    "title": "станд",
                    "article": "",
                    "group_id": "1om9cwzfrgb82hh2nwwojrlvjrbvc6r9",
                    "group_title": "Группа 1"
                },
                "mass": 100.0,
                "size": {
                    "width": 800.0,
                    "height": 1000.0,
                    "length": 1200.0
                },
                "sort": 1,
                "step": 7,
                "type": "box",
                "margin": {
                    "width": 0.0,
                    "height": 0.0,
                    "length": 0.0
                },
                "cargo_id": "1iaz6evpvpgzeuzssdc9yhumleyf9bdz",
                "position": {
                    "x": 5050.0,
                    "y": 1100.0,
                    "z": 0.0
                },
                "stacking": false,
                "turnover": true,
                "rotation_state": 1,
                "stacking_limit": 0.0,
                "calculated_size": {
                    "width": 1000.0,
                    "height": 1200.0,
                    "length": 800.0
                },
                "virtual_positions": null
            },
            {
                "id": 6,
                "info": {
                    "color": "#f26f65",
                    "title": "3",
                    "article": "",
                    "group_id": "1om9cwzfrgb82hh2nwwojrlvjrbvc6r9",
                    "group_title": "Группа 1"
                },
                "mass": 350.0,
                "size": {
                    "width": 1350.0,
                    "height": 1100.0,
                    "length": 1250.0
                },
                "sort": 1,
                "step": 8,
                "type": "box",
                "margin": {
                    "width": 0.0,
                    "height": 0.0,
                    "length": 0.0
                },
                "cargo_id": "zqvcejhzbmiiohc1on2mg0f59sjvtqtf",
                "position": {
                    "x": 5950.0,
                    "y": 0.0,
                    "z": 0.0
                },
                "stacking": true,
                "turnover": true,
                "rotation_state": 1,
                "stacking_limit": 0.0,
                "calculated_size": {
                    "width": 1350.0,
                    "height": 1100.0,
                    "length": 1250.0
                },
                "virtual_positions": null
            },
            {
                "id": 7,
                "info": {
                    "color": "#f26f65",
                    "title": "3",
                    "article": "",
                    "group_id": "1om9cwzfrgb82hh2nwwojrlvjrbvc6r9",
                    "group_title": "Группа 1"
                },
                "mass": 350.0,
                "size": {
                    "width": 1350.0,
                    "height": 1100.0,
                    "length": 1250.0
                },
                "sort": 1,
                "step": 9,
                "type": "box",
                "margin": {
                    "width": 0.0,
                    "height": 0.0,
                    "length": 0.0
                },
                "cargo_id": "zqvcejhzbmiiohc1on2mg0f59sjvtqtf",
                "position": {
                    "x": 7200.0,
                    "y": 0.0,
                    "z": 0.0
                },
                "stacking": true,
                "turnover": true,
                "rotation_state": 1,
                "stacking_limit": 0.0,
                "calculated_size": {
                    "width": 1350.0,
                    "height": 1100.0,
                    "length": 1250.0
                },
                "virtual_positions": null
            },
            {
                "id": 8,
                "info": {
                    "color": "#f26f65",
                    "title": "3",
                    "article": "",
                    "group_id": "1om9cwzfrgb82hh2nwwojrlvjrbvc6r9",
                    "group_title": "Группа 1"
                },
                "mass": 350.0,
                "size": {
                    "width": 1350.0,
                    "height": 1100.0,
                    "length": 1250.0
                },
                "sort": 1,
                "step": 10,
                "type": "box",
                "margin": {
                    "width": 0.0,
                    "height": 0.0,
                    "length": 0.0
                },
                "cargo_id": "zqvcejhzbmiiohc1on2mg0f59sjvtqtf",
                "position": {
                    "x": 8450.0,
                    "y": 0.0,
                    "z": 0.0
                },
                "stacking": true,
                "turnover": true,
                "rotation_state": 1,
                "stacking_limit": 0.0,
                "calculated_size": {
                    "width": 1350.0,
                    "height": 1100.0,
                    "length": 1250.0
                },
                "virtual_positions": null
            },
            {
                "id": 9,
                "info": {
                    "color": "#f26f65",
                    "title": "3",
                    "article": "",
                    "group_id": "1om9cwzfrgb82hh2nwwojrlvjrbvc6r9",
                    "group_title": "Группа 1"
                },
                "mass": 350.0,
                "size": {
                    "width": 1350.0,
                    "height": 1100.0,
                    "length": 1250.0
                },
                "sort": 1,
                "step": 11,
                "type": "box",
                "margin": {
                    "width": 0.0,
                    "height": 0.0,
                    "length": 0.0
                },
                "cargo_id": "zqvcejhzbmiiohc1on2mg0f59sjvtqtf",
                "position": {
                    "x": 9700.0,
                    "y": 0.0,
                    "z": 0.0
                },
                "stacking": true,
                "turnover": true,
                "rotation_state": 1,
                "stacking_limit": 0.0,
                "calculated_size": {
                    "width": 1350.0,
                    "height": 1100.0,
                    "length": 1250.0
                },
                "virtual_positions": null
            },
            {
                "id": 3,
                "info": {
                    "color": "#17edb0",
                    "title": "4",
                    "article": "",
                    "group_id": "1om9cwzfrgb82hh2nwwojrlvjrbvc6r9",
                    "group_title": "Группа 1"
                },
                "mass": 1300.0,
                "size": {
                    "width": 2300.0,
                    "height": 2500.0,
                    "length": 2700.0
                },
                "sort": 1,
                "step": 12,
                "type": "box",
                "margin": {
                    "width": 0.0,
                    "height": 0.0,
                    "length": 0.0
                },
                "cargo_id": "90y0f1amsfouyq6kjc04ljaavjtocisz",
                "position": {
                    "x": 11100.0,
                    "y": 0.0,
                    "z": 0.0
                },
                "stacking": false,
                "turnover": true,
                "rotation_state": 0,
                "stacking_limit": 0.0,
                "calculated_size": {
                    "width": 2300.0,
                    "height": 2700.0,
                    "length": 2500.0
                },
                "virtual_positions": null
            }
        ],
        "version": 5,
        "cargo_space": {
            "id": 201,
            "info": {
                "uid": "201_0",
                "sort": 0,
                "title": "KRONE SDP 27"
            },
            "mass": 6500.0,
            "size": {
                "width": 2480.0,
                "height": 2860.0,
                "length": 13692.0
            },
            "type": "truck",
            "axles": [
                {
                    "title": "Ось 1",
                    "distance": 1155.0,
                    "max_load": 9000.0,
                    "default_load": 1665.0,
                    "calculated_load": 2830.98134
                },
                {
                    "title": "Ось 2",
                    "distance": 1282.0,
                    "max_load": 9000.0,
                    "default_load": 1665.0,
                    "calculated_load": 2830.98134
                },
                {
                    "title": "Ось 3",
                    "distance": 1300.0,
                    "max_load": 9000.0,
                    "default_load": 1670.0,
                    "calculated_load": 2835.98134
                }
            ],
            "hitch": {
                "title": "",
                "distance": 7000.0,
                "max_load": 12000.0,
                "default_load": 1500.0,
                "calculated_load": 4602.05598
            },
            "tractor": {
                "mass": 9000.0,
                "axles": [
                    {
                        "title": "Ось 1",
                        "distance": 1410.0,
                        "max_load": 8000.0,
                        "default_load": 6000.0,
                        "calculated_load": 6684.74948
                    },
                    {
                        "title": "Ось 2",
                        "distance": 2827.0,
                        "max_load": 11000.0,
                        "default_load": 2300.0,
                        "calculated_load": 3508.65325
                    },
                    {
                        "title": "Ось 3",
                        "distance": 1395.0,
                        "max_load": 10000.0,
                        "default_load": 2200.0,
                        "calculated_load": 3408.65325
                    }
                ],
                "length": 6140.0,
                "hitch_distance": 778.0
            },
            "full_length": 13692.0,
            "indentation": {
                "width": 0.0,
                "height": 0.0,
                "length": 46.0,
                "height_top": 0.0,
                "length_end": 46.0,
                "width_right": 0.0
            },
            "loading_size": {
                "width": 2480.0,
                "height": 2860.0,
                "length": 13600.0
            },
            "calculation_info": {
                "step_count": 12,
                "cargos_mass": 6.6,
                "load_volume": 96.46208,
                "cargos_volume": 48.3635,
                "count_cargoes": 12,
                "load_capacity": 32.5,
                "loading_height": 2.7,
                "density_percent": 57.26473,
                "remaining_volume": 48.09858,
                "void_space_percent": 49.86268,
                "filling_space_percent": 50.13732
            },
            "carrying_capacity": 32500.0,
            "real_center_of_gravity": [
                5654.356060606061,
                1067.4242424242423,
                947.3484848484849
            ],
            "ideal_center_of_gravity": [
                6800.0,
                0.0,
                1240.0
            ]
        },
        "cargo_groups": [],
        "packing_type": "PackingTruck PackingTwoBoxesInLayer",
        "calculation_id": 15950,
        "invalid_errors": [],
        "unpacked_errors": [],
        "validate_errors": [],
        "is_packed_same_boxes": false
    }
}