{
    "data": {
        "cargoes": [
            {
                "info": {
                    "color": "#87a18b",
                    "title": "RM800F",
                    "article": "12",
                    "group_id": "1rebg5idvj27zrnpma4bmf01tjit7kll",
                    "group_title": "Группа 3"
                },
                "mass": 48.0,
                "size": {
                    "width": 720,
                    "height": 600,
                    "length": 1420
                },
                "sort": 1,
                "type": "box",
                "count": 6,
                "margin": {
                    "width": 0,
                    "height": 0,
                    "length": 0
                },
                "cargo_id": "sdewcdj2yajkuwvl3tre0uxckj2czp1p",
                "stacking": true,
                "turnover": true,
                "margin_width": 0,
                "margin_length": 0,
                "stacking_limit": 0
            },
            {
                "info": {
                    "color": "#c50b67",
                    "title": "RM600AMKII",
                    "article": "9",
                    "group_id": "2ssmrapltmg29jjjk24tckh7mznmphzy",
                    "group_title": "Группа 2"
                },
                "mass": 33.6,
                "size": {
                    "width": 490,
                    "height": 570,
                    "length": 1290
                },
                "sort": 2,
                "type": "box",
                "count": 1,
                "margin": {
                    "width": 0,
                    "height": 0,
                    "length": 0
                },
                "cargo_id": "yawrbraixmau9prdncsveri2h0km9evc",
                "stacking": true,
                "turnover": true,
                "margin_width": 0,
                "margin_length": 0,
                "stacking_limit": 0
            },
            {
                "info": {
                    "color": "#94f88b",
                    "title": "DIVA 8.3",
                    "article": "13",
                    "group_id": "2ssmrapltmg29jjjk24tckh7mznmphzy",
                    "group_title": "Группа 2"
                },
                "mass": 38.0,
                "size": {
                    "width": 480,
                    "height": 530,
                    "length": 1200
                },
                "sort": 2,
                "type": "box",
                "count": 2,
                "margin": {
                    "width": 0,
                    "height": 0,
                    "length": 0
                },
                "cargo_id": "agqtktpepzx4ubjikoyxkk6fzpgfq1cu",
                "stacking": true,
                "turnover": true,
                "margin_width": 0,
                "margin_length": 0,
                "stacking_limit": 0
            },
            {
                "info": {
                    "color": "#cedad4",
                    "title": "M808A",
                    "article": "19",
                    "group_id": "2ssmrapltmg29jjjk24tckh7mznmphzy",
                    "group_title": "Группа 2"
                },
                "mass": 136.0,
                "size": {
                    "width": 980,
                    "height": 490,
                    "length": 1620
                },
                "sort": 2,
                "type": "box",
                "count": 1,
                "margin": {
                    "width": 0,
                    "height": 0,
                    "length": 0
                },
                "cargo_id": "uxfudlsfsb9gpds4iddajkspnzk2ztbh",
                "stacking": true,
                "turnover": true,
                "margin_width": 0,
                "margin_length": 0,
                "stacking_limit": 0
            },
            {
                "info": {
                    "color": "#ef088d",
                    "title": "M806A",
                    "article": "18",
                    "group_id": "2ssmrapltmg29jjjk24tckh7mznmphzy",
                    "group_title": "Группа 2"
                },
                "mass": 61.4,
                "size": {
                    "width": 870,
                    "height": 510,
                    "length": 1410
                },
                "sort": 2,
                "type": "box",
                "count": 1,
                "margin": {
                    "width": 0,
                    "height": 0,
                    "length": 0
                },
                "cargo_id": "fisjhs6rfzhctdz0saei3n29xzxdk8wx",
                "stacking": true,
                "turnover": true,
                "margin_width": 0,
                "margin_length": 0,
                "stacking_limit": 0
            },
            {
                "info": {
                    "color": "#e4d454",
                    "title": "SUB10G",
                    "article": "20",
                    "group_id": "3p6xefwfpnnoh6t446luc2bototrt5by",
                    "group_title": "Группа 1"
                },
                "mass": 21.5,
                "size": {
                    "width": 450,
                    "height": 470,
                    "length": 440
                },
                "sort": 3,
                "type": "box",
                "count": 15,
                "margin": {
                    "width": 0,
                    "height": 0,
                    "length": 0
                },
                "cargo_id": "ekttfiin7biwqw6xl1ronmlpkyhygvgw",
                "stacking": true,
                "turnover": true,
                "margin_width": 0,
                "margin_length": 0,
                "stacking_limit": 0
            },
            {
                "info": {
                    "color": "#5ec381",
                    "title": "M300MKII",
                    "article": "17",
                    "group_id": "3p6xefwfpnnoh6t446luc2bototrt5by",
                    "group_title": "Группа 1"
                },
                "mass": 29.5,
                "size": {
                    "width": 380,
                    "height": 520,
                    "length": 650
                },
                "sort": 3,
                "type": "box",
                "count": 3,
                "margin": {
                    "width": 0,
                    "height": 0,
                    "length": 0
                },
                "cargo_id": "wfkjisp7nu72gks2nmcmrpv26l8froof",
                "stacking": true,
                "turnover": true,
                "margin_width": 0,
                "margin_length": 0,
                "stacking_limit": 0
            },
            {
                "info": {
                    "color": "#ae7254",
                    "title": "D300",
                    "article": "16",
                    "group_id": "3p6xefwfpnnoh6t446luc2bototrt5by",
                    "group_title": "Группа 1"
                },
                "mass": 20.0,
                "size": {
                    "width": 400,
                    "height": 450,
                    "length": 630
                },
                "sort": 3,
                "type": "box",
                "count": 3,
                "margin": {
                    "width": 0,
                    "height": 0,
                    "length": 0
                },
                "cargo_id": "waomc4cl11y2soi4jlyzfbulzzz8cjfq",
                "stacking": true,
                "turnover": true,
                "margin_width": 0,
                "margin_length": 0,
                "stacking_limit": 0
            },
            {
                "info": {
                    "color": "#0b8cac",
                    "title": "DIVA 6.3F",
                    "article": "14",
                    "group_id": "3p6xefwfpnnoh6t446luc2bototrt5by",
                    "group_title": "Группа 1"
                },
                "mass": 5.7,
                "size": {
                    "width": 390,
                    "height": 330,
                    "length": 510
                },
                "sort": 3,
                "type": "box",
                "count": 4,
                "margin": {
                    "width": 0,
                    "height": 0,
                    "length": 0
                },
                "cargo_id": "e204cwrkibljonpd6e5q1bn5gg1aiakc",
                "stacking": true,
                "turnover": true,
                "margin_width": 0,
                "margin_length": 0,
                "stacking_limit": 0
            },
            {
                "info": {
                    "color": "#fcf3fa",
                    "title": "RM600AMKII-R",
                    "article": "11",
                    "group_id": "3p6xefwfpnnoh6t446luc2bototrt5by",
                    "group_title": "Группа 1"
                },
                "mass": 18.2,
                "size": {
                    "width": 430,
                    "height": 400,
                    "length": 740
                },
                "sort": 3,
                "type": "box",
                "count": 5,
                "margin": {
                    "width": 0,
                    "height": 0,
                    "length": 0
                },
                "cargo_id": "owg6e2yqmnlkdk3uceanf4zthpaaw8tg",
                "stacking": true,
                "turnover": true,
                "margin_width": 0,
                "margin_length": 0,
                "stacking_limit": 0
            },
            {
                "info": {
                    "color": "#55c6b6",
                    "title": "RM600AMKII-C",
                    "article": "10",
                    "group_id": "3p6xefwfpnnoh6t446luc2bototrt5by",
                    "group_title": "Группа 1"
                },
                "mass": 8.0,
                "size": {
                    "width": 410,
                    "height": 310,
                    "length": 530
                },
                "sort": 3,
                "type": "box",
                "count": 4,
                "margin": {
                    "width": 0,
                    "height": 0,
                    "length": 0
                },
                "cargo_id": "vfkxuah7wqvwd2v9ezltf5nhbcevidnz",
                "stacking": true,
                "turnover": true,
                "margin_width": 0,
                "margin_length": 0,
                "stacking_limit": 0
            },
            {
                "info": {
                    "color": "#2edd66",
                    "title": "D3.2C",
                    "article": "7",
                    "group_id": "3p6xefwfpnnoh6t446luc2bototrt5by",
                    "group_title": "Группа 1"
                },
                "mass": 16.0,
                "size": {
                    "width": 380,
                    "height": 330,
                    "length": 740
                },
                "sort": 3,
                "type": "box",
                "count": 1,
                "margin": {
                    "width": 0,
                    "height": 0,
                    "length": 0
                },
                "cargo_id": "mt73pmnnc4sak9nhnsoaa3aa7ghhkzge",
                "stacking": true,
                "turnover": true,
                "margin_width": 0,
                "margin_length": 0,
                "stacking_limit": 0
            },
            {
                "info": {
                    "color": "#29a7bc",
                    "title": "D3.2R",
                    "article": "6",
                    "group_id": "3p6xefwfpnnoh6t446luc2bototrt5by",
                    "group_title": "Группа 1"
                },
                "mass": 13.5,
                "size": {
                    "width": 400,
                    "height": 440,
                    "length": 440
                },
                "sort": 3,
                "type": "box",
                "count": 10,
                "margin": {
                    "width": 0,
                    "height": 0,
                    "length": 0
                },
                "cargo_id": "jtbndiamiklcqxpimbckabqt1ha6oqbi",
                "stacking": true,
                "turnover": true,
                "margin_width": 0,
                "margin_length": 0,
                "stacking_limit": 0
            },
            {
                "info": {
                    "color": "#680009",
                    "title": "JamLab 6R",
                    "article": "4",
                    "group_id": "3p6xefwfpnnoh6t446luc2bototrt5by",
                    "group_title": "Группа 1"
                },
                "mass": 9.5,
                "size": {
                    "width": 280,
                    "height": 380,
                    "length": 490
                },
                "sort": 3,
                "type": "box",
                "count": 9,
                "margin": {
                    "width": 0,
                    "height": 0,
                    "length": 0
                },
                "cargo_id": "ufdvqe6bn8smbotvvn5qy2u4ozgs0zp8",
                "stacking": true,
                "turnover": true,
                "margin_width": 0,
                "margin_length": 0,
                "stacking_limit": 0
            },
            {
                "info": {
                    "color": "#6a5d24",
                    "title": "JamLab 6C",
                    "article": "3",
                    "group_id": "3p6xefwfpnnoh6t446luc2bototrt5by",
                    "group_title": "Группа 1"
                },
                "mass": 7.5,
                "size": {
                    "width": 290,
                    "height": 290,
                    "length": 520
                },
                "sort": 3,
                "type": "box",
                "count": 20,
                "margin": {
                    "width": 0,
                    "height": 0,
                    "length": 0
                },
                "cargo_id": "wxeouxvq1ft3sbywejyi1npnjivkm325",
                "stacking": true,
                "turnover": true,
                "margin_width": 0,
                "margin_length": 0,
                "stacking_limit": 0
            }
        ],
        "settings": {
            "rank": false,
            "max_step": 100,
            "min_step": 50,
            "usersort": true,
            "hardlimit": 1801,
            "timelimit": 1800,
            "step_scaling": 10
        },
        "put_boxes": [],
        "initial_id": 0,
        "cargo_space": {
            "id": 1045,
            "info": {
                "uid": "1045_0",
                "sort": 0,
                "title": "EURO (copy)",
                "margin": {
                    "width": 0,
                    "height": 0,
                    "length": 0
                }
            },
            "mass": 20,
            "size": {
                "width": 800,
                "height": 200,
                "length": 1200
            },
            "type": "pallet",
            "axles": [],
            "title": "EURO (copy)",
            "margin": {
                "width": 0,
                "height": 0,
                "length": 0
            },
            "indentation": {
                "width": 0,
                "height": 0,
                "length": 0,
                "height_top": 0,
                "length_end": 0,
                "width_right": 0
            },
            "loading_size": {
                "width": 800,
                "height": 2500,
                "length": 1200
            },
            "carrying_capacity": 1000
        },
        "calculation_id": "15537"
    },
    "data_result": {
        "boxes": [
            {
                "id": 0,
                "info": {
                    "color": "#87a18b",
                    "title": "RM800F",
                    "article": "12",
                    "group_id": "1rebg5idvj27zrnpma4bmf01tjit7kll",
                    "group_title": "Группа 3"
                },
                "mass": 48.0,
                "size": {
                    "width": 720.0,
                    "height": 600.0,
                    "length": 1420.0
                },
                "sort": 1,
                "step": 1,
                "type": "box",
                "margin": {
                    "width": 0.0,
                    "height": 0.0,
                    "length": 0.0
                },
                "cargo_id": "sdewcdj2yajkuwvl3tre0uxckj2czp1p",
                "position": {
                    "x": 0.0,
                    "y": 0.0,
                    "z": 0.0
                },
                "stacking": true,
                "turnover": true,
                "rotation_state": 2,
                "stacking_limit": 0.0,
                "calculated_size": {
                    "width": 720.0,
                    "height": 1420.0,
                    "length": 600.0
                },
                "virtual_positions": null
            },
            {
                "id": 1,
                "info": {
                    "color": "#87a18b",
                    "title": "RM800F",
                    "article": "12",
                    "group_id": "1rebg5idvj27zrnpma4bmf01tjit7kll",
                    "group_title": "Группа 3"
                },
                "mass": 48.0,
                "size": {
                    "width": 720.0,
                    "height": 600.0,
                    "length": 1420.0
                },
                "sort": 1,
                "step": 2,
                "type": "box",
                "margin": {
                    "width": 0.0,
                    "height": 0.0,
                    "length": 0.0
                },
                "cargo_id": "sdewcdj2yajkuwvl3tre0uxckj2czp1p",
                "position": {
                    "x": 600.0,
                    "y": 0.0,
                    "z": 0.0
                },
                "stacking": true,
                "turnover": true,
                "rotation_state": 2,
                "stacking_limit": 0.0,
                "calculated_size": {
                    "width": 720.0,
                    "height": 1420.0,
                    "length": 600.0
                },
                "virtual_positions": null
            },
            {
                "id": 41,
                "info": {
                    "color": "#55c6b6",
                    "title": "RM600AMKII-C",
                    "article": "10",
                    "group_id": "3p6xefwfpnnoh6t446luc2bototrt5by",
                    "group_title": "Группа 1"
                },
                "mass": 8.0,
                "size": {
                    "width": 410.0,
                    "height": 310.0,
                    "length": 530.0
                },
                "sort": 3,
                "step": 3,
                "type": "box",
                "margin": {
                    "width": 0.0,
                    "height": 0.0,
                    "length": 0.0
                },
                "cargo_id": "vfkxuah7wqvwd2v9ezltf5nhbcevidnz",
                "position": {
                    "x": 0.0,
                    "y": 1420.0,
                    "z": 480.0
                },
                "stacking": true,
                "turnover": true,
                "rotation_state": 3,
                "stacking_limit": 0.0,
                "calculated_size": {
                    "width": 310.0,
                    "height": 530.0,
                    "length": 410.0
                },
                "virtual_positions": null
            },
            {
                "id": 56,
                "info": {
                    "color": "#680009",
                    "title": "JamLab 6R",
                    "article": "4",
                    "group_id": "3p6xefwfpnnoh6t446luc2bototrt5by",
                    "group_title": "Группа 1"
                },
                "mass": 9.5,
                "size": {
                    "width": 280.0,
                    "height": 380.0,
                    "length": 490.0
                },
                "sort": 3,
                "step": 4,
                "type": "box",
                "margin": {
                    "width": 0.0,
                    "height": 0.0,
                    "length": 0.0
                },
                "cargo_id": "ufdvqe6bn8smbotvvn5qy2u4ozgs0zp8",
                "position": {
                    "x": 410.0,
                    "y": 1420.0,
                    "z": 510.0
                },
                "stacking": true,
                "turnover": true,
                "rotation_state": 2,
                "stacking_limit": 0.0,
                "calculated_size": {
                    "width": 280.0,
                    "height": 490.0,
                    "length": 380.0
                },
                "virtual_positions": null
            },
            {
                "id": 42,
                "info": {
                    "color": "#55c6b6",
                    "title": "RM600AMKII-C",
                    "article": "10",
                    "group_id": "3p6xefwfpnnoh6t446luc2bototrt5by",
                    "group_title": "Группа 1"
                },
                "mass": 8.0,
                "size": {
                    "width": 410.0,
                    "height": 310.0,
                    "length": 530.0
                },
                "sort": 3,
                "step": 5,
                "type": "box",
                "margin": {
                    "width": 0.0,
                    "height": 0.0,
                    "length": 0.0
                },
                "cargo_id": "vfkxuah7wqvwd2v9ezltf5nhbcevidnz",
                "position": {
                    "x": 790.0,
                    "y": 1420.0,
                    "z": 480.0
                },
                "stacking": true,
                "turnover": true,
                "rotation_state": 3,
                "stacking_limit": 0.0,
                "calculated_size": {
                    "width": 310.0,
                    "height": 530.0,
                    "length": 410.0
                },
                "virtual_positions": null
            },
            {
                "id": 7,
                "info": {
                    "color": "#94f88b",
                    "title": "DIVA 8.3",
                    "article": "13",
                    "group_id": "2ssmrapltmg29jjjk24tckh7mznmphzy",
                    "group_title": "Группа 2"
                },
                "mass": 38.0,
                "size": {
                    "width": 480.0,
                    "height": 530.0,
                    "length": 1200.0
                },
                "sort": 2,
                "step": 6,
                "type": "box",
                "margin": {
                    "width": 0.0,
                    "height": 0.0,
                    "length": 0.0
                },
                "cargo_id": "agqtktpepzx4ubjikoyxkk6fzpgfq1cu",
                "position": {
                    "x": 0.0,
                    "y": 1420.0,
                    "z": 0.0
                },
                "stacking": true,
                "turnover": true,
                "rotation_state": 0,
                "stacking_limit": 0.0,
                "calculated_size": {
                    "width": 480.0,
                    "height": 530.0,
                    "length": 1200.0
                },
                "virtual_positions": null
            },
            {
                "id": 43,
                "info": {
                    "color": "#55c6b6",
                    "title": "RM600AMKII-C",
                    "article": "10",
                    "group_id": "3p6xefwfpnnoh6t446luc2bototrt5by",
                    "group_title": "Группа 1"
                },
                "mass": 8.0,
                "size": {
                    "width": 410.0,
                    "height": 310.0,
                    "length": 530.0
                },
                "sort": 3,
                "step": 7,
                "type": "box",
                "margin": {
                    "width": 0.0,
                    "height": 0.0,
                    "length": 0.0
                },
                "cargo_id": "vfkxuah7wqvwd2v9ezltf5nhbcevidnz",
                "position": {
                    "x": 0.0,
                    "y": 1950.0,
                    "z": 490.0
                },
                "stacking": true,
                "turnover": true,
                "rotation_state": 3,
                "stacking_limit": 0.0,
                "calculated_size": {
                    "width": 310.0,
                    "height": 530.0,
                    "length": 410.0
                },
                "virtual_positions": null
            },
            {
                "id": 57,
                "info": {
                    "color": "#680009",
                    "title": "JamLab 6R",
                    "article": "4",
                    "group_id": "3p6xefwfpnnoh6t446luc2bototrt5by",
                    "group_title": "Группа 1"
                },
                "mass": 9.5,
                "size": {
                    "width": 280.0,
                    "height": 380.0,
                    "length": 490.0
                },
                "sort": 3,
                "step": 8,
                "type": "box",
                "margin": {
                    "width": 0.0,
                    "height": 0.0,
                    "length": 0.0
                },
                "cargo_id": "ufdvqe6bn8smbotvvn5qy2u4ozgs0zp8",
                "position": {
                    "x": 410.0,
                    "y": 1910.0,
                    "z": 510.0
                },
                "stacking": true,
                "turnover": true,
                "rotation_state": 2,
                "stacking_limit": 0.0,
                "calculated_size": {
                    "width": 280.0,
                    "height": 490.0,
                    "length": 380.0
                },
                "virtual_positions": null
            },
            {
                "id": 44,
                "info": {
                    "color": "#55c6b6",
                    "title": "RM600AMKII-C",
                    "article": "10",
                    "group_id": "3p6xefwfpnnoh6t446luc2bototrt5by",
                    "group_title": "Группа 1"
                },
                "mass": 8.0,
                "size": {
                    "width": 410.0,
                    "height": 310.0,
                    "length": 530.0
                },
                "sort": 3,
                "step": 9,
                "type": "box",
                "margin": {
                    "width": 0.0,
                    "height": 0.0,
                    "length": 0.0
                },
                "cargo_id": "vfkxuah7wqvwd2v9ezltf5nhbcevidnz",
                "position": {
                    "x": 790.0,
                    "y": 1950.0,
                    "z": 490.0
                },
                "stacking": true,
                "turnover": true,
                "rotation_state": 3,
                "stacking_limit": 0.0,
                "calculated_size": {
                    "width": 310.0,
                    "height": 530.0,
                    "length": 410.0
                },
                "virtual_positions": null
            },
            {
                "id": 8,
                "info": {
                    "color": "#94f88b",
                    "title": "DIVA 8.3",
                    "article": "13",
                    "group_id": "2ssmrapltmg29jjjk24tckh7mznmphzy",
                    "group_title": "Группа 2"
                },
                "mass": 38.0,
                "size": {
                    "width": 480.0,
                    "height": 530.0,
                    "length": 1200.0
                },
                "sort": 2,
                "step": 10,
                "type": "box",
                "margin": {
                    "width": 0.0,
                    "height": 0.0,
                    "length": 0.0
                },
                "cargo_id": "agqtktpepzx4ubjikoyxkk6fzpgfq1cu",
                "position": {
                    "x": 0.0,
                    "y": 1950.0,
                    "z": 0.0
                },
                "stacking": true,
                "turnover": true,
                "rotation_state": 0,
                "stacking_limit": 0.0,
                "calculated_size": {
                    "width": 480.0,
                    "height": 530.0,
                    "length": 1200.0
                },
                "virtual_positions": null
            }
        ],
        "version": 5,
        "cargo_space": {
            "id": 1045,
            "info": {
                "uid": "1045_0",
                "sort": 0,
                "title": "EURO (copy)",
                "margin": {
                    "width": 0,
                    "height": 0,
                    "length": 0
                }
            },
            "mass": 20.0,
            "size": {
                "width": 800.0,
                "height": 200.0,
                "length": 1200.0
            },
            "type": "pallet",
            "indentation": {
                "width": 0.0,
                "height": 0.0,
                "length": 0.0,
                "height_top": -2300.0,
                "length_end": 0.0,
                "width_right": 0.0
            },
            "loading_size": {
                "width": 800.0,
                "height": 2500.0,
                "length": 1200.0
            },
            "calculation_info": {
                "step_count": 10,
                "cargos_mass": 0.223,
                "load_volume": 2.4,
                "cargos_volume": 2.21116,
                "count_cargoes": 10,
                "load_capacity": 1.0,
                "loading_height": 2.48,
                "density_percent": 92.87483,
                "remaining_volume": 0.18884,
                "void_space_percent": 7.86817,
                "filling_space_percent": 92.13183
            },
            "carrying_capacity": 1000.0,
            "real_center_of_gravity": [
                600.0,
                1412.780269058296,
                383.99103139013454
            ],
            "ideal_center_of_gravity": [
                600.0,
                0.0,
                400.0
            ]
        },
        "cargo_groups": [
            {
                "info": {
                    "color": "#c50b67",
                    "title": "RM600AMKII",
                    "article": "9",
                    "group_id": "2ssmrapltmg29jjjk24tckh7mznmphzy",
                    "group_title": "Группа 2"
                },
                "mass": 33.6,
                "size": {
                    "width": 490.0,
                    "height": 570.0,
                    "length": 1290.0
                },
                "sort": 2,
                "type": "box",
                "count": 1.0,
                "margin": {
                    "width": 0.0,
                    "height": 0.0,
                    "length": 0.0
                },
                "cargo_id": "yawrbraixmau9prdncsveri2h0km9evc",
                "stacking": true,
                "turnover": true,
                "stacking_limit": 0.0,
                "prepare_last_result": "errorIntersectionContainer"
            },
            {
                "info": {
                    "color": "#0b8cac",
                    "title": "DIVA 6.3F",
                    "article": "14",
                    "group_id": "3p6xefwfpnnoh6t446luc2bototrt5by",
                    "group_title": "Группа 1"
                },
                "mass": 5.7,
                "size": {
                    "width": 390.0,
                    "height": 330.0,
                    "length": 510.0
                },
                "sort": 3,
                "type": "box",
                "count": 4.0,
                "margin": {
                    "width": 0.0,
                    "height": 0.0,
                    "length": 0.0
                },
                "cargo_id": "e204cwrkibljonpd6e5q1bn5gg1aiakc",
                "stacking": true,
                "turnover": true,
                "stacking_limit": 0.0,
                "prepare_last_result": "errorIntersectionContainer"
            },
            {
                "info": {
                    "color": "#fcf3fa",
                    "title": "RM600AMKII-R",
                    "article": "11",
                    "group_id": "3p6xefwfpnnoh6t446luc2bototrt5by",
                    "group_title": "Группа 1"
                },
                "mass": 18.2,
                "size": {
                    "width": 430.0,
                    "height": 400.0,
                    "length": 740.0
                },
                "sort": 3,
                "type": "box",
                "count": 5.0,
                "margin": {
                    "width": 0.0,
                    "height": 0.0,
                    "length": 0.0
                },
                "cargo_id": "owg6e2yqmnlkdk3uceanf4zthpaaw8tg",
                "stacking": true,
                "turnover": true,
                "stacking_limit": 0.0,
                "prepare_last_result": "errorIntersectionContainer"
            },
            {
                "info": {
                    "color": "#2edd66",
                    "title": "D3.2C",
                    "article": "7",
                    "group_id": "3p6xefwfpnnoh6t446luc2bototrt5by",
                    "group_title": "Группа 1"
                },
                "mass": 16.0,
                "size": {
                    "width": 380.0,
                    "height": 330.0,
                    "length": 740.0
                },
                "sort": 3,
                "type": "box",
                "count": 1.0,
                "margin": {
                    "width": 0.0,
                    "height": 0.0,
                    "length": 0.0
                },
                "cargo_id": "mt73pmnnc4sak9nhnsoaa3aa7ghhkzge",
                "stacking": true,
                "turnover": true,
                "stacking_limit": 0.0,
                "prepare_last_result": "errorIntersectionContainer"
            },
            {
                "info": {
                    "color": "#29a7bc",
                    "title": "D3.2R",
                    "article": "6",
                    "group_id": "3p6xefwfpnnoh6t446luc2bototrt5by",
                    "group_title": "Группа 1"
                },
                "mass": 13.5,
                "size": {
                    "width": 400.0,
                    "height": 440.0,
                    "length": 440.0
                },
                "sort": 3,
                "type": "box",
                "count": 10.0,
                "margin": {
                    "width": 0.0,
                    "height": 0.0,
                    "length": 0.0
                },
                "cargo_id": "jtbndiamiklcqxpimbckabqt1ha6oqbi",
                "stacking": true,
                "turnover": true,
                "stacking_limit": 0.0,
                "prepare_last_result": "errorIntersectionContainer"
            },
            {
                "info": {
                    "color": "#5ec381",
                    "title": "M300MKII",
                    "article": "17",
                    "group_id": "3p6xefwfpnnoh6t446luc2bototrt5by",
                    "group_title": "Группа 1"
                },
                "mass": 29.5,
                "size": {
                    "width": 380.0,
                    "height": 520.0,
                    "length": 650.0
                },
                "sort": 3,
                "type": "box",
                "count": 3.0,
                "margin": {
                    "width": 0.0,
                    "height": 0.0,
                    "length": 0.0
                },
                "cargo_id": "wfkjisp7nu72gks2nmcmrpv26l8froof",
                "stacking": true,
                "turnover": true,
                "stacking_limit": 0.0,
                "prepare_last_result": "errorIntersectionContainer"
            },
            {
                "info": {
                    "color": "#cedad4",
                    "title": "M808A",
                    "article": "19",
                    "group_id": "2ssmrapltmg29jjjk24tckh7mznmphzy",
                    "group_title": "Группа 2"
                },
                "mass": 136.0,
                "size": {
                    "width": 980.0,
                    "height": 490.0,
                    "length": 1620.0
                },
                "sort": 2,
                "type": "box",
                "count": 1.0,
                "margin": {
                    "width": 0.0,
                    "height": 0.0,
                    "length": 0.0
                },
                "cargo_id": "uxfudlsfsb9gpds4iddajkspnzk2ztbh",
                "stacking": true,
                "turnover": true,
                "stacking_limit": 0.0,
                "prepare_last_result": "errorIntersectionContainer"
            },
            {
                "info": {
                    "color": "#e4d454",
                    "title": "SUB10G",
                    "article": "20",
                    "group_id": "3p6xefwfpnnoh6t446luc2bototrt5by",
                    "group_title": "Группа 1"
                },
                "mass": 21.5,
                "size": {
                    "width": 440.0,
                    "height": 470.0,
                    "length": 450.0
                },
                "sort": 3,
                "type": "box",
                "count": 15.0,
                "margin": {
                    "width": 0.0,
                    "height": 0.0,
                    "length": 0.0
                },
                "cargo_id": "ekttfiin7biwqw6xl1ronmlpkyhygvgw",
                "stacking": true,
                "turnover": true,
                "stacking_limit": 0.0,
                "prepare_last_result": "errorIntersectionContainer"
            },
            {
                "info": {
                    "color": "#87a18b",
                    "title": "RM800F",
                    "article": "12",
                    "group_id": "1rebg5idvj27zrnpma4bmf01tjit7kll",
                    "group_title": "Группа 3"
                },
                "mass": 48.0,
                "size": {
                    "width": 720.0,
                    "height": 600.0,
                    "length": 1420.0
                },
                "sort": 1,
                "type": "box",
                "count": 4.0,
                "margin": {
                    "width": 0.0,
                    "height": 0.0,
                    "length": 0.0
                },
                "cargo_id": "sdewcdj2yajkuwvl3tre0uxckj2czp1p",
                "stacking": true,
                "turnover": true,
                "stacking_limit": 0.0,
                "prepare_last_result": "errorIntersectionContainer"
            },
            {
                "info": {
                    "color": "#ef088d",
                    "title": "M806A",
                    "article": "18",
                    "group_id": "2ssmrapltmg29jjjk24tckh7mznmphzy",
                    "group_title": "Группа 2"
                },
                "mass": 61.4,
                "size": {
                    "width": 870.0,
                    "height": 510.0,
                    "length": 1410.0
                },
                "sort": 2,
                "type": "box",
                "count": 1.0,
                "margin": {
                    "width": 0.0,
                    "height": 0.0,
                    "length": 0.0
                },
                "cargo_id": "fisjhs6rfzhctdz0saei3n29xzxdk8wx",
                "stacking": true,
                "turnover": true,
                "stacking_limit": 0.0,
                "prepare_last_result": "errorIntersectionContainer"
            },
            {
                "info": {
                    "color": "#ae7254",
                    "title": "D300",
                    "article": "16",
                    "group_id": "3p6xefwfpnnoh6t446luc2bototrt5by",
                    "group_title": "Группа 1"
                },
                "mass": 20.0,
                "size": {
                    "width": 400.0,
                    "height": 450.0,
                    "length": 630.0
                },
                "sort": 3,
                "type": "box",
                "count": 3.0,
                "margin": {
                    "width": 0.0,
                    "height": 0.0,
                    "length": 0.0
                },
                "cargo_id": "waomc4cl11y2soi4jlyzfbulzzz8cjfq",
                "stacking": true,
                "turnover": true,
                "stacking_limit": 0.0,
                "prepare_last_result": "errorIntersectionContainer"
            },
            {
                "info": {
                    "color": "#680009",
                    "title": "JamLab 6R",
                    "article": "4",
                    "group_id": "3p6xefwfpnnoh6t446luc2bototrt5by",
                    "group_title": "Группа 1"
                },
                "mass": 9.5,
                "size": {
                    "width": 280.0,
                    "height": 380.0,
                    "length": 490.0
                },
                "sort": 3,
                "type": "box",
                "count": 7.0,
                "margin": {
                    "width": 0.0,
                    "height": 0.0,
                    "length": 0.0
                },
                "cargo_id": "ufdvqe6bn8smbotvvn5qy2u4ozgs0zp8",
                "stacking": true,
                "turnover": true,
                "stacking_limit": 0.0,
                "prepare_last_result": "errorIntersectionContainer"
            },
            {
                "info": {
                    "color": "#6a5d24",
                    "title": "JamLab 6C",
                    "article": "3",
                    "group_id": "3p6xefwfpnnoh6t446luc2bototrt5by",
                    "group_title": "Группа 1"
                },
                "mass": 7.5,
                "size": {
                    "width": 290.0,
                    "height": 290.0,
                    "length": 520.0
                },
                "sort": 3,
                "type": "box",
                "count": 20.0,
                "margin": {
                    "width": 0.0,
                    "height": 0.0,
                    "length": 0.0
                },
                "cargo_id": "wxeouxvq1ft3sbywejyi1npnjivkm325",
                "stacking": true,
                "turnover": true,
                "stacking_limit": 0.0,
                "prepare_last_result": "errorIntersectionContainer"
            }
        ],
        "packing_type": "PackingLayers",
        "calculation_id": 15537,
        "invalid_errors": [],
        "unpacked_errors": [
            {
                "key": 0,
                "name": "success",
                "boxes": [
                    {
                        "id": "e204cwrkibljonpd6e5q1bn5gg1aiakc",
                        "info": {
                            "color": "#0b8cac",
                            "title": "DIVA 6.3F",
                            "article": "14",
                            "group_id": "3p6xefwfpnnoh6t446luc2bototrt5by",
                            "group_title": "Группа 1"
                        }
                    },
                    {
                        "id": "owg6e2yqmnlkdk3uceanf4zthpaaw8tg",
                        "info": {
                            "color": "#fcf3fa",
                            "title": "RM600AMKII-R",
                            "article": "11",
                            "group_id": "3p6xefwfpnnoh6t446luc2bototrt5by",
                            "group_title": "Группа 1"
                        }
                    },
                    {
                        "id": "jtbndiamiklcqxpimbckabqt1ha6oqbi",
                        "info": {
                            "color": "#29a7bc",
                            "title": "D3.2R",
                            "article": "6",
                            "group_id": "3p6xefwfpnnoh6t446luc2bototrt5by",
                            "group_title": "Группа 1"
                        }
                    },
                    {
                        "id": "wfkjisp7nu72gks2nmcmrpv26l8froof",
                        "info": {
                            "color": "#5ec381",
                            "title": "M300MKII",
                            "article": "17",
                            "group_id": "3p6xefwfpnnoh6t446luc2bototrt5by",
                            "group_title": "Группа 1"
                        }
                    },
                    {
                        "id": "ekttfiin7biwqw6xl1ronmlpkyhygvgw",
                        "info": {
                            "color": "#e4d454",
                            "title": "SUB10G",
                            "article": "20",
                            "group_id": "3p6xefwfpnnoh6t446luc2bototrt5by",
                            "group_title": "Группа 1"
                        }
                    },
                    {
                        "id": "sdewcdj2yajkuwvl3tre0uxckj2czp1p",
                        "info": {
                            "color": "#87a18b",
                            "title": "RM800F",
                            "article": "12",
                            "group_id": "1rebg5idvj27zrnpma4bmf01tjit7kll",
                            "group_title": "Группа 3"
                        }
                    },
                    {
                        "id": "waomc4cl11y2soi4jlyzfbulzzz8cjfq",
                        "info": {
                            "color": "#ae7254",
                            "title": "D300",
                            "article": "16",
                            "group_id": "3p6xefwfpnnoh6t446luc2bototrt5by",
                            "group_title": "Группа 1"
                        }
                    },
                    {
                        "id": "ufdvqe6bn8smbotvvn5qy2u4ozgs0zp8",
                        "info": {
                            "color": "#680009",
                            "title": "JamLab 6R",
                            "article": "4",
                            "group_id": "3p6xefwfpnnoh6t446luc2bototrt5by",
                            "group_title": "Группа 1"
                        }
                    },
                    {
                        "id": "wxeouxvq1ft3sbywejyi1npnjivkm325",
                        "info": {
                            "color": "#6a5d24",
                            "title": "JamLab 6C",
                            "article": "3",
                            "group_id": "3p6xefwfpnnoh6t446luc2bototrt5by",
                            "group_title": "Группа 1"
                        }
                    }
                ]
            },
            {
                "key": 11,
                "name": "errorIntersectionContainer",
                "boxes": [
                    {
                        "id": "yawrbraixmau9prdncsveri2h0km9evc",
                        "info": {
                            "color": "#c50b67",
                            "title": "RM600AMKII",
                            "article": "9",
                            "group_id": "2ssmrapltmg29jjjk24tckh7mznmphzy",
                            "group_title": "Группа 2"
                        }
                    },
                    {
                        "id": "e204cwrkibljonpd6e5q1bn5gg1aiakc",
                        "info": {
                            "color": "#0b8cac",
                            "title": "DIVA 6.3F",
                            "article": "14",
                            "group_id": "3p6xefwfpnnoh6t446luc2bototrt5by",
                            "group_title": "Группа 1"
                        }
                    },
                    {
                        "id": "owg6e2yqmnlkdk3uceanf4zthpaaw8tg",
                        "info": {
                            "color": "#fcf3fa",
                            "title": "RM600AMKII-R",
                            "article": "11",
                            "group_id": "3p6xefwfpnnoh6t446luc2bototrt5by",
                            "group_title": "Группа 1"
                        }
                    },
                    {
                        "id": "mt73pmnnc4sak9nhnsoaa3aa7ghhkzge",
                        "info": {
                            "color": "#2edd66",
                            "title": "D3.2C",
                            "article": "7",
                            "group_id": "3p6xefwfpnnoh6t446luc2bototrt5by",
                            "group_title": "Группа 1"
                        }
                    },
                    {
                        "id": "jtbndiamiklcqxpimbckabqt1ha6oqbi",
                        "info": {
                            "color": "#29a7bc",
                            "title": "D3.2R",
                            "article": "6",
                            "group_id": "3p6xefwfpnnoh6t446luc2bototrt5by",
                            "group_title": "Группа 1"
                        }
                    },
                    {
                        "id": "wfkjisp7nu72gks2nmcmrpv26l8froof",
                        "info": {
                            "color": "#5ec381",
                            "title": "M300MKII",
                            "article": "17",
                            "group_id": "3p6xefwfpnnoh6t446luc2bototrt5by",
                            "group_title": "Группа 1"
                        }
                    },
                    {
                        "id": "uxfudlsfsb9gpds4iddajkspnzk2ztbh",
                        "info": {
                            "color": "#cedad4",
                            "title": "M808A",
                            "article": "19",
                            "group_id": "2ssmrapltmg29jjjk24tckh7mznmphzy",
                            "group_title": "Группа 2"
                        }
                    },
                    {
                        "id": "ekttfiin7biwqw6xl1ronmlpkyhygvgw",
                        "info": {
                            "color": "#e4d454",
                            "title": "SUB10G",
                            "article": "20",
                            "group_id": "3p6xefwfpnnoh6t446luc2bototrt5by",
                            "group_title": "Группа 1"
                        }
                    },
                    {
                        "id": "sdewcdj2yajkuwvl3tre0uxckj2czp1p",
                        "info": {
                            "color": "#87a18b",
                            "title": "RM800F",
                            "article": "12",
                            "group_id": "1rebg5idvj27zrnpma4bmf01tjit7kll",
                            "group_title": "Группа 3"
                        }
                    },
                    {
                        "id": "fisjhs6rfzhctdz0saei3n29xzxdk8wx",
                        "info": {
                            "color": "#ef088d",
                            "title": "M806A",
                            "article": "18",
                            "group_id": "2ssmrapltmg29jjjk24tckh7mznmphzy",
                            "group_title": "Группа 2"
                        }
                    },
                    {
                        "id": "waomc4cl11y2soi4jlyzfbulzzz8cjfq",
                        "info": {
                            "color": "#ae7254",
                            "title": "D300",
                            "article": "16",
                            "group_id": "3p6xefwfpnnoh6t446luc2bototrt5by",
                            "group_title": "Группа 1"
                        }
                    },
                    {
                        "id": "ufdvqe6bn8smbotvvn5qy2u4ozgs0zp8",
                        "info": {
                            "color": "#680009",
                            "title": "JamLab 6R",
                            "article": "4",
                            "group_id": "3p6xefwfpnnoh6t446luc2bototrt5by",
                            "group_title": "Группа 1"
                        }
                    },
                    {
                        "id": "wxeouxvq1ft3sbywejyi1npnjivkm325",
                        "info": {
                            "color": "#6a5d24",
                            "title": "JamLab 6C",
                            "article": "3",
                            "group_id": "3p6xefwfpnnoh6t446luc2bototrt5by",
                            "group_title": "Группа 1"
                        }
                    }
                ]
            }
        ],
        "validate_errors": [
            "ERROR_INDENTATION"
        ],
        "is_packed_same_boxes": false
    }
}