{
    "data": {
        "cargoes": [
            {
                "info": {
                    "color": "#1075a0",
                    "title": "1.9",
                    "article": "",
                    "group_id": "1b9uus98lh6rjrlwlav0bq2vpia0dflt",
                    "group_title": "Группа 2"
                },
                "mass": 290.0,
                "size": {
                    "width": 1000,
                    "height": 1800,
                    "length": 1500
                },
                "sort": 1,
                "type": "box",
                "count": 1,
                "margin": {
                    "width": 0,
                    "height": 0,
                    "length": 0
                },
                "cargo_id": "fuw32nf2rrdwvlmzy7p2s22evx5vqte9",
                "stacking": true,
                "turnover": true,
                "margin_width": 0,
                "margin_length": 0,
                "stacking_limit": 0
            },
            {
                "info": {
                    "color": "#641987",
                    "title": "1.8",
                    "article": "",
                    "group_id": "1b9uus98lh6rjrlwlav0bq2vpia0dflt",
                    "group_title": "Группа 2"
                },
                "mass": 260.0,
                "size": {
                    "width": 1000,
                    "height": 1800,
                    "length": 1500
                },
                "sort": 1,
                "type": "box",
                "count": 1,
                "margin": {
                    "width": 0,
                    "height": 0,
                    "length": 0
                },
                "cargo_id": "1atolommfsuhr5zqkltlvwwwrtizotqa",
                "stacking": true,
                "turnover": true,
                "margin_width": 0,
                "margin_length": 0,
                "stacking_limit": 0
            },
            {
                "info": {
                    "color": "#c13e26",
                    "title": "1.7",
                    "article": "",
                    "group_id": "1b9uus98lh6rjrlwlav0bq2vpia0dflt",
                    "group_title": "Группа 2"
                },
                "mass": 250.0,
                "size": {
                    "width": 1000,
                    "height": 1800,
                    "length": 1500
                },
                "sort": 1,
                "type": "box",
                "count": 1,
                "margin": {
                    "width": 0,
                    "height": 0,
                    "length": 0
                },
                "cargo_id": "lr5jmls8iwfebaolsmqavuke0exd3ni2",
                "stacking": true,
                "turnover": true,
                "margin_width": 0,
                "margin_length": 0,
                "stacking_limit": 0
            },
            {
                "info": {
                    "color": "#472c8c",
                    "title": "1.6",
                    "article": "",
                    "group_id": "1b9uus98lh6rjrlwlav0bq2vpia0dflt",
                    "group_title": "Группа 2"
                },
                "mass": 150.0,
                "size": {
                    "width": 1000,
                    "height": 350,
                    "length": 1400
                },
                "sort": 1,
                "type": "box",
                "count": 1,
                "margin": {
                    "width": 0,
                    "height": 0,
                    "length": 0
                },
                "cargo_id": "an23wgm42xi2vryy1rnc1dtnxnxhcfdu",
                "stacking": true,
                "turnover": true,
                "margin_width": 0,
                "margin_length": 0,
                "stacking_limit": 0
            },
            {
                "info": {
                    "color": "#1eea6c",
                    "title": "1.5",
                    "article": "",
                    "group_id": "1b9uus98lh6rjrlwlav0bq2vpia0dflt",
                    "group_title": "Группа 2"
                },
                "mass": 300.0,
                "size": {
                    "width": 600,
                    "height": 2300,
                    "length": 1100
                },
                "sort": 1,
                "type": "box",
                "count": 1,
                "margin": {
                    "width": 0,
                    "height": 0,
                    "length": 0
                },
                "cargo_id": "tjoglehrxomm5rc9nzzew1ndin9hgjzk",
                "stacking": true,
                "turnover": true,
                "margin_width": 0,
                "margin_length": 0,
                "stacking_limit": 0
            },
            {
                "info": {
                    "color": "#0f1468",
                    "title": "1.4",
                    "article": "",
                    "group_id": "1b9uus98lh6rjrlwlav0bq2vpia0dflt",
                    "group_title": "Группа 2"
                },
                "mass": 600.0,
                "size": {
                    "width": 1100,
                    "height": 1000,
                    "length": 2900
                },
                "sort": 1,
                "type": "box",
                "count": 1,
                "margin": {
                    "width": 0,
                    "height": 0,
                    "length": 0
                },
                "cargo_id": "iz9ycpumvbcjin5ninil9g3zwejw9pg2",
                "stacking": true,
                "turnover": true,
                "margin_width": 0,
                "margin_length": 0,
                "stacking_limit": 0
            },
            {
                "info": {
                    "color": "#2198af",
                    "title": "1.3",
                    "article": "",
                    "group_id": "1b9uus98lh6rjrlwlav0bq2vpia0dflt",
                    "group_title": "Группа 2"
                },
                "mass": 900.0,
                "size": {
                    "width": 1100,
                    "height": 1200,
                    "length": 4300
                },
                "sort": 1,
                "type": "box",
                "count": 1,
                "margin": {
                    "width": 0,
                    "height": 0,
                    "length": 0
                },
                "cargo_id": "dzdimipihtutyewid9cyl4haqixrbghe",
                "stacking": true,
                "turnover": true,
                "margin_width": 0,
                "margin_length": 0,
                "stacking_limit": 0
            },
            {
                "info": {
                    "color": "#8cd356",
                    "title": "1.2",
                    "article": "",
                    "group_id": "1b9uus98lh6rjrlwlav0bq2vpia0dflt",
                    "group_title": "Группа 2"
                },
                "mass": 1500.0,
                "size": {
                    "width": 1200,
                    "height": 1100,
                    "length": 4300
                },
                "sort": 1,
                "type": "box",
                "count": 1,
                "margin": {
                    "width": 0,
                    "height": 0,
                    "length": 0
                },
                "cargo_id": "zbdxc62ucek4caucvvxugwys0db8tk5z",
                "stacking": true,
                "turnover": true,
                "margin_width": 0,
                "margin_length": 0,
                "stacking_limit": 0
            },
            {
                "info": {
                    "color": "#7ad157",
                    "title": "1.1",
                    "article": "",
                    "group_id": "1b9uus98lh6rjrlwlav0bq2vpia0dflt",
                    "group_title": "Группа 2"
                },
                "mass": 1500.0,
                "size": {
                    "width": 1700,
                    "height": 2200,
                    "length": 4500
                },
                "sort": 1,
                "type": "box",
                "count": 1,
                "margin": {
                    "width": 0,
                    "height": 0,
                    "length": 0
                },
                "cargo_id": "4t1t5e8z8uorq41btjvuvl7jxdv7ugqd",
                "stacking": true,
                "turnover": true,
                "margin_width": 0,
                "margin_length": 0,
                "stacking_limit": 0
            },
            {
                "info": {
                    "color": "#19eab9",
                    "title": "5",
                    "article": "",
                    "group_id": "2tsz2ie9d1nyjpoeyy9onfohuabikdyx",
                    "group_title": "Группа 1"
                },
                "mass": 500.0,
                "size": {
                    "width": 700,
                    "height": 2200,
                    "length": 2800
                },
                "sort": 2,
                "type": "box",
                "count": 1,
                "margin": {
                    "width": 0,
                    "height": 0,
                    "length": 0
                },
                "cargo_id": "twz2lbtkjjciwwkufj2xndfjmrxitzwk",
                "stacking": true,
                "turnover": true,
                "margin_width": 0,
                "margin_length": 0,
                "stacking_limit": 0
            },
            {
                "info": {
                    "color": "#6aedca",
                    "title": "4",
                    "article": "",
                    "group_id": "2tsz2ie9d1nyjpoeyy9onfohuabikdyx",
                    "group_title": "Группа 1"
                },
                "mass": 250.0,
                "size": {
                    "width": 700,
                    "height": 800,
                    "length": 2800
                },
                "sort": 2,
                "type": "box",
                "count": 1,
                "margin": {
                    "width": 0,
                    "height": 0,
                    "length": 0
                },
                "cargo_id": "xk2lzoprk2vml2y2b3csuhl1yrok3iku",
                "stacking": true,
                "turnover": true,
                "margin_width": 0,
                "margin_length": 0,
                "stacking_limit": 0
            },
            {
                "info": {
                    "color": "#d80fcb",
                    "title": "3",
                    "article": "",
                    "group_id": "2tsz2ie9d1nyjpoeyy9onfohuabikdyx",
                    "group_title": "Группа 1"
                },
                "mass": 1370.0,
                "size": {
                    "width": 2100,
                    "height": 2700,
                    "length": 2600
                },
                "sort": 2,
                "type": "box",
                "count": 1,
                "margin": {
                    "width": 0,
                    "height": 0,
                    "length": 0
                },
                "cargo_id": "m8qecowhiefqc1fbkscnub7jks66ul8x",
                "stacking": true,
                "turnover": true,
                "margin_width": 0,
                "margin_length": 0,
                "stacking_limit": 0
            },
            {
                "info": {
                    "color": "#0c1172",
                    "title": "2",
                    "article": "",
                    "group_id": "2tsz2ie9d1nyjpoeyy9onfohuabikdyx",
                    "group_title": "Группа 1"
                },
                "mass": 1200.0,
                "size": {
                    "width": 1500,
                    "height": 2600,
                    "length": 4700
                },
                "sort": 2,
                "type": "box",
                "count": 1,
                "margin": {
                    "width": 0,
                    "height": 0,
                    "length": 0
                },
                "cargo_id": "s2evjl6uiu8pxhlwgcirzdiy2dinggbi",
                "stacking": true,
                "turnover": true,
                "margin_width": 0,
                "margin_length": 0,
                "stacking_limit": 0
            },
            {
                "info": {
                    "color": "#4eb731",
                    "title": "1",
                    "article": "",
                    "group_id": "2tsz2ie9d1nyjpoeyy9onfohuabikdyx",
                    "group_title": "Группа 1"
                },
                "mass": 2000.0,
                "size": {
                    "width": 1500,
                    "height": 2600,
                    "length": 6300
                },
                "sort": 2,
                "type": "box",
                "count": 1,
                "margin": {
                    "width": 0,
                    "height": 0,
                    "length": 0
                },
                "cargo_id": "q8uh9xqjg9x3izkambbjylzwxpqhjbwy",
                "stacking": true,
                "turnover": true,
                "margin_width": 0,
                "margin_length": 0,
                "stacking_limit": 0
            }
        ],
        "settings": {
            "rank": false,
            "max_step": 100,
            "min_step": 50,
            "usersort": false,
            "hardlimit": 1801,
            "timelimit": 1800,
            "step_scaling": 10
        },
        "put_boxes": [],
        "initial_id": 0,
        "cargo_space": {
            "id": 266,
            "info": {
                "uid": "266_0",
                "sort": 0,
                "title": "40' HC (valid)"
            },
            "mass": 4200,
            "size": {
                "width": 2438,
                "height": 2896,
                "length": 12192
            },
            "type": "container",
            "axles": [],
            "title": "40' HC (valid)",
            "indentation": {
                "width": 43,
                "height": 0,
                "length": 80,
                "height_top": 198,
                "length_end": 80,
                "width_right": 43
            },
            "loading_size": {
                "width": 2352,
                "height": 2698,
                "length": 12032
            },
            "carrying_capacity": 28650
        },
        "calculation_id": "15327"
    },
    "data_result": {
        "boxes": [
            {
                "id": 11,
                "info": {
                    "color": "#d80fcb",
                    "title": "3",
                    "article": "",
                    "group_id": "2tsz2ie9d1nyjpoeyy9onfohuabikdyx",
                    "group_title": "Группа 1"
                },
                "mass": 1370.0,
                "size": {
                    "width": 2100.0,
                    "height": 2700.0,
                    "length": 2600.0
                },
                "sort": 2,
                "step": 1,
                "type": "box",
                "margin": {
                    "width": 0.0,
                    "height": 0.0,
                    "length": 0.0
                },
                "cargo_id": "m8qecowhiefqc1fbkscnub7jks66ul8x",
                "position": {
                    "x": 268.294921875,
                    "y": 0.0,
                    "z": 0.0
                },
                "stacking": true,
                "turnover": true,
                "rotation_state": 2,
                "stacking_limit": 0.0,
                "calculated_size": {
                    "width": 2100.0,
                    "height": 2600.0,
                    "length": 2700.0
                },
                "virtual_positions": null
            },
            {
                "id": 9,
                "info": {
                    "color": "#19eab9",
                    "title": "5",
                    "article": "",
                    "group_id": "2tsz2ie9d1nyjpoeyy9onfohuabikdyx",
                    "group_title": "Группа 1"
                },
                "mass": 500.0,
                "size": {
                    "width": 700.0,
                    "height": 2200.0,
                    "length": 2800.0
                },
                "sort": 2,
                "step": 2,
                "type": "box",
                "margin": {
                    "width": 0.0,
                    "height": 0.0,
                    "length": 0.0
                },
                "cargo_id": "twz2lbtkjjciwwkufj2xndfjmrxitzwk",
                "position": {
                    "x": 4968.294921875,
                    "y": 0.0,
                    "z": 1652.0
                },
                "stacking": true,
                "turnover": true,
                "rotation_state": 0,
                "stacking_limit": 0.0,
                "calculated_size": {
                    "width": 700.0,
                    "height": 2200.0,
                    "length": 2800.0
                },
                "virtual_positions": null
            },
            {
                "id": 10,
                "info": {
                    "color": "#6aedca",
                    "title": "4",
                    "article": "",
                    "group_id": "2tsz2ie9d1nyjpoeyy9onfohuabikdyx",
                    "group_title": "Группа 1"
                },
                "mass": 250.0,
                "size": {
                    "width": 700.0,
                    "height": 800.0,
                    "length": 2800.0
                },
                "sort": 2,
                "step": 3,
                "type": "box",
                "margin": {
                    "width": 0.0,
                    "height": 0.0,
                    "length": 0.0
                },
                "cargo_id": "xk2lzoprk2vml2y2b3csuhl1yrok3iku",
                "position": {
                    "x": 7768.294921875,
                    "y": 0.0,
                    "z": 1652.0
                },
                "stacking": true,
                "turnover": true,
                "rotation_state": 0,
                "stacking_limit": 0.0,
                "calculated_size": {
                    "width": 700.0,
                    "height": 800.0,
                    "length": 2800.0
                },
                "virtual_positions": null
            },
            {
                "id": 13,
                "info": {
                    "color": "#4eb731",
                    "title": "1",
                    "article": "",
                    "group_id": "2tsz2ie9d1nyjpoeyy9onfohuabikdyx",
                    "group_title": "Группа 1"
                },
                "mass": 2000.0,
                "size": {
                    "width": 1500.0,
                    "height": 2600.0,
                    "length": 6300.0
                },
                "sort": 2,
                "step": 4,
                "type": "box",
                "margin": {
                    "width": 0.0,
                    "height": 0.0,
                    "length": 0.0
                },
                "cargo_id": "q8uh9xqjg9x3izkambbjylzwxpqhjbwy",
                "position": {
                    "x": 2968.294921875,
                    "y": 0.0,
                    "z": 0.0
                },
                "stacking": true,
                "turnover": true,
                "rotation_state": 0,
                "stacking_limit": 0.0,
                "calculated_size": {
                    "width": 1500.0,
                    "height": 2600.0,
                    "length": 6300.0
                },
                "virtual_positions": null
            },
            {
                "id": 0,
                "info": {
                    "color": "#1075a0",
                    "title": "1.9",
                    "article": "",
                    "group_id": "1b9uus98lh6rjrlwlav0bq2vpia0dflt",
                    "group_title": "Группа 2"
                },
                "mass": 290.0,
                "size": {
                    "width": 1000.0,
                    "height": 1800.0,
                    "length": 1500.0
                },
                "sort": 1,
                "step": 5,
                "type": "box",
                "margin": {
                    "width": 0.0,
                    "height": 0.0,
                    "length": 0.0
                },
                "cargo_id": "fuw32nf2rrdwvlmzy7p2s22evx5vqte9",
                "position": {
                    "x": 9268.294921875,
                    "y": 0.0,
                    "z": 0.0
                },
                "stacking": true,
                "turnover": true,
                "rotation_state": 1,
                "stacking_limit": 0.0,
                "calculated_size": {
                    "width": 1500.0,
                    "height": 1800.0,
                    "length": 1000.0
                },
                "virtual_positions": null
            },
            {
                "id": 1,
                "info": {
                    "color": "#641987",
                    "title": "1.8",
                    "article": "",
                    "group_id": "1b9uus98lh6rjrlwlav0bq2vpia0dflt",
                    "group_title": "Группа 2"
                },
                "mass": 260.0,
                "size": {
                    "width": 1000.0,
                    "height": 1800.0,
                    "length": 1500.0
                },
                "sort": 1,
                "step": 6,
                "type": "box",
                "margin": {
                    "width": 0.0,
                    "height": 0.0,
                    "length": 0.0
                },
                "cargo_id": "1atolommfsuhr5zqkltlvwwwrtizotqa",
                "position": {
                    "x": 10268.294921875,
                    "y": 0.0,
                    "z": 0.0
                },
                "stacking": true,
                "turnover": true,
                "rotation_state": 1,
                "stacking_limit": 0.0,
                "calculated_size": {
                    "width": 1500.0,
                    "height": 1800.0,
                    "length": 1000.0
                },
                "virtual_positions": null
            },
            {
                "id": 3,
                "info": {
                    "color": "#472c8c",
                    "title": "1.6",
                    "article": "",
                    "group_id": "1b9uus98lh6rjrlwlav0bq2vpia0dflt",
                    "group_title": "Группа 2"
                },
                "mass": 150.0,
                "size": {
                    "width": 1000.0,
                    "height": 350.0,
                    "length": 1400.0
                },
                "sort": 1,
                "step": 7,
                "type": "box",
                "margin": {
                    "width": 0.0,
                    "height": 0.0,
                    "length": 0.0
                },
                "cargo_id": "an23wgm42xi2vryy1rnc1dtnxnxhcfdu",
                "position": {
                    "x": 11618.294921875,
                    "y": 0.0,
                    "z": 1352.0
                },
                "stacking": true,
                "turnover": true,
                "rotation_state": 2,
                "stacking_limit": 0.0,
                "calculated_size": {
                    "width": 1000.0,
                    "height": 1400.0,
                    "length": 350.0
                },
                "virtual_positions": null
            },
            {
                "id": 4,
                "info": {
                    "color": "#1eea6c",
                    "title": "1.5",
                    "article": "",
                    "group_id": "1b9uus98lh6rjrlwlav0bq2vpia0dflt",
                    "group_title": "Группа 2"
                },
                "mass": 300.0,
                "size": {
                    "width": 600.0,
                    "height": 2300.0,
                    "length": 1100.0
                },
                "sort": 1,
                "step": 8,
                "type": "box",
                "margin": {
                    "width": 0.0,
                    "height": 0.0,
                    "length": 0.0
                },
                "cargo_id": "tjoglehrxomm5rc9nzzew1ndin9hgjzk",
                "position": {
                    "x": 11268.294921875,
                    "y": 0.0,
                    "z": 0.0
                },
                "stacking": true,
                "turnover": true,
                "rotation_state": 1,
                "stacking_limit": 0.0,
                "calculated_size": {
                    "width": 1100.0,
                    "height": 2300.0,
                    "length": 600.0
                },
                "virtual_positions": null
            }
        ],
        "version": 5,
        "cargo_space": {
            "id": 266,
            "info": {
                "uid": "266_0",
                "sort": 0,
                "title": "40' HC (valid)"
            },
            "mass": 4200.0,
            "size": {
                "width": 2438.0,
                "height": 2896.0,
                "length": 12192.0
            },
            "type": "container",
            "indentation": {
                "width": 43.0,
                "height": 0.0,
                "length": 80.0,
                "height_top": 198.0,
                "length_end": 80.0,
                "width_right": 43.0
            },
            "loading_size": {
                "width": 2352.0,
                "height": 2698.0,
                "length": 12032.0
            },
            "calculation_info": {
                "step_count": 8,
                "cargos_mass": 5.12,
                "load_volume": 76.351414272,
                "cargos_volume": 52.6,
                "count_cargoes": 8,
                "load_capacity": 28.65,
                "loading_height": 2.6,
                "density_percent": 71.67931,
                "remaining_volume": 23.75141,
                "void_space_percent": 31.10802,
                "filling_space_percent": 68.89198
            },
            "carrying_capacity": 28650.0,
            "real_center_of_gravity": [
                6016.0,
                1167.1875000000002,
                1034.23828125
            ],
            "ideal_center_of_gravity": [
                6016.0,
                0.0,
                1176.0
            ]
        },
        "cargo_groups": [
            {
                "info": {
                    "color": "#0c1172",
                    "title": "2",
                    "article": "",
                    "group_id": "2tsz2ie9d1nyjpoeyy9onfohuabikdyx",
                    "group_title": "Группа 1"
                },
                "mass": 1200.0,
                "size": {
                    "width": 1500.0,
                    "height": 2600.0,
                    "length": 4700.0
                },
                "sort": 2,
                "type": "box",
                "count": 1.0,
                "margin": {
                    "width": 0.0,
                    "height": 0.0,
                    "length": 0.0
                },
                "cargo_id": "s2evjl6uiu8pxhlwgcirzdiy2dinggbi",
                "stacking": true,
                "turnover": true,
                "stacking_limit": 0.0,
                "prepare_last_result": "success"
            },
            {
                "info": {
                    "color": "#c13e26",
                    "title": "1.7",
                    "article": "",
                    "group_id": "1b9uus98lh6rjrlwlav0bq2vpia0dflt",
                    "group_title": "Группа 2"
                },
                "mass": 250.0,
                "size": {
                    "width": 1000.0,
                    "height": 1800.0,
                    "length": 1500.0
                },
                "sort": 1,
                "type": "box",
                "count": 1.0,
                "margin": {
                    "width": 0.0,
                    "height": 0.0,
                    "length": 0.0
                },
                "cargo_id": "lr5jmls8iwfebaolsmqavuke0exd3ni2",
                "stacking": true,
                "turnover": true,
                "stacking_limit": 0.0,
                "prepare_last_result": "success"
            },
            {
                "info": {
                    "color": "#0f1468",
                    "title": "1.4",
                    "article": "",
                    "group_id": "1b9uus98lh6rjrlwlav0bq2vpia0dflt",
                    "group_title": "Группа 2"
                },
                "mass": 600.0,
                "size": {
                    "width": 1100.0,
                    "height": 1000.0,
                    "length": 2900.0
                },
                "sort": 1,
                "type": "box",
                "count": 1.0,
                "margin": {
                    "width": 0.0,
                    "height": 0.0,
                    "length": 0.0
                },
                "cargo_id": "iz9ycpumvbcjin5ninil9g3zwejw9pg2",
                "stacking": true,
                "turnover": true,
                "stacking_limit": 0.0,
                "prepare_last_result": "success"
            },
            {
                "info": {
                    "color": "#7ad157",
                    "title": "1.1",
                    "article": "",
                    "group_id": "1b9uus98lh6rjrlwlav0bq2vpia0dflt",
                    "group_title": "Группа 2"
                },
                "mass": 1500.0,
                "size": {
                    "width": 1700.0,
                    "height": 2200.0,
                    "length": 4500.0
                },
                "sort": 1,
                "type": "box",
                "count": 1.0,
                "margin": {
                    "width": 0.0,
                    "height": 0.0,
                    "length": 0.0
                },
                "cargo_id": "4t1t5e8z8uorq41btjvuvl7jxdv7ugqd",
                "stacking": true,
                "turnover": true,
                "stacking_limit": 0.0,
                "prepare_last_result": "success"
            },
            {
                "info": {
                    "color": "#2198af",
                    "title": "1.3",
                    "article": "",
                    "group_id": "1b9uus98lh6rjrlwlav0bq2vpia0dflt",
                    "group_title": "Группа 2"
                },
                "mass": 900.0,
                "size": {
                    "width": 1100.0,
                    "height": 1200.0,
                    "length": 4300.0
                },
                "sort": 1,
                "type": "box",
                "count": 1.0,
                "margin": {
                    "width": 0.0,
                    "height": 0.0,
                    "length": 0.0
                },
                "cargo_id": "dzdimipihtutyewid9cyl4haqixrbghe",
                "stacking": true,
                "turnover": true,
                "stacking_limit": 0.0,
                "prepare_last_result": "success"
            },
            {
                "info": {
                    "color": "#8cd356",
                    "title": "1.2",
                    "article": "",
                    "group_id": "1b9uus98lh6rjrlwlav0bq2vpia0dflt",
                    "group_title": "Группа 2"
                },
                "mass": 1500.0,
                "size": {
                    "width": 1200.0,
                    "height": 1100.0,
                    "length": 4300.0
                },
                "sort": 1,
                "type": "box",
                "count": 1.0,
                "margin": {
                    "width": 0.0,
                    "height": 0.0,
                    "length": 0.0
                },
                "cargo_id": "zbdxc62ucek4caucvvxugwys0db8tk5z",
                "stacking": true,
                "turnover": true,
                "stacking_limit": 0.0,
                "prepare_last_result": "success"
            }
        ],
        "packing_type": "PackingContainerPoint",
        "calculation_id": 15327,
        "invalid_errors": [],
        "unpacked_errors": [
            {
                "key": 0,
                "name": "success",
                "boxes": [
                    {
                        "id": "s2evjl6uiu8pxhlwgcirzdiy2dinggbi",
                        "info": {
                            "color": "#0c1172",
                            "title": "2",
                            "article": "",
                            "group_id": "2tsz2ie9d1nyjpoeyy9onfohuabikdyx",
                            "group_title": "Группа 1"
                        }
                    },
                    {
                        "id": "lr5jmls8iwfebaolsmqavuke0exd3ni2",
                        "info": {
                            "color": "#c13e26",
                            "title": "1.7",
                            "article": "",
                            "group_id": "1b9uus98lh6rjrlwlav0bq2vpia0dflt",
                            "group_title": "Группа 2"
                        }
                    },
                    {
                        "id": "iz9ycpumvbcjin5ninil9g3zwejw9pg2",
                        "info": {
                            "color": "#0f1468",
                            "title": "1.4",
                            "article": "",
                            "group_id": "1b9uus98lh6rjrlwlav0bq2vpia0dflt",
                            "group_title": "Группа 2"
                        }
                    },
                    {
                        "id": "4t1t5e8z8uorq41btjvuvl7jxdv7ugqd",
                        "info": {
                            "color": "#7ad157",
                            "title": "1.1",
                            "article": "",
                            "group_id": "1b9uus98lh6rjrlwlav0bq2vpia0dflt",
                            "group_title": "Группа 2"
                        }
                    },
                    {
                        "id": "dzdimipihtutyewid9cyl4haqixrbghe",
                        "info": {
                            "color": "#2198af",
                            "title": "1.3",
                            "article": "",
                            "group_id": "1b9uus98lh6rjrlwlav0bq2vpia0dflt",
                            "group_title": "Группа 2"
                        }
                    },
                    {
                        "id": "zbdxc62ucek4caucvvxugwys0db8tk5z",
                        "info": {
                            "color": "#8cd356",
                            "title": "1.2",
                            "article": "",
                            "group_id": "1b9uus98lh6rjrlwlav0bq2vpia0dflt",
                            "group_title": "Группа 2"
                        }
                    }
                ]
            }
        ],
        "validate_errors": [],
        "is_packed_same_boxes": false
    }
}