{
    "data": {
        "cargoes": [
            {
                "info": {
                    "color": "#ffe470",
                    "title": "груз 2",
                    "article": "",
                    "group_id": "1txbnnpflclgix15tqpkrprgs4lruf8r",
                    "group_title": "Группа 1"
                },
                "mass": 18.0,
                "size": {
                    "width": 300,
                    "height": 1200,
                    "length": 700
                },
                "sort": 1,
                "type": "box",
                "count": 14,
                "margin": {
                    "width": 0,
                    "height": 0,
                    "length": 0
                },
                "cargo_id": "m19dr8pyuriwjkep1ieqc3na1g0cfwxr",
                "stacking": true,
                "turnover": false,
                "margin_width": 0,
                "margin_length": 0,
                "stacking_limit": 0
            },
            {
                "info": {
                    "color": "#ef4c70",
                    "title": "Груз 1",
                    "article": "",
                    "group_id": "1txbnnpflclgix15tqpkrprgs4lruf8r",
                    "group_title": "Группа 1"
                },
                "mass": 12.0,
                "size": {
                    "width": 280,
                    "height": 650,
                    "length": 400
                },
                "sort": 1,
                "type": "box",
                "count": 45,
                "margin": {
                    "width": 0,
                    "height": 0,
                    "length": 0
                },
                "cargo_id": "uav1flptj4npldcumqzjlxij4qdlnpud",
                "stacking": true,
                "turnover": false,
                "margin_width": 0,
                "margin_length": 0,
                "stacking_limit": 0
            }
        ],
        "settings": {
            "rank": false,
            "max_step": 100,
            "min_step": 50,
            "usersort": false,
            "hardlimit": 1801,
            "timelimit": 1800,
            "step_scaling": 10
        },
        "put_boxes": [],
        "initial_id": 0,
        "cargo_space": {
            "id": 435,
            "info": {
                "uid": "435_0",
                "sort": 0,
                "title": "Газель NEXT A21R22"
            },
            "mass": 2060,
            "size": {
                "width": 2068,
                "height": 2110,
                "length": 3120
            },
            "type": "van",
            "axles": [
                {
                    "title": "Ось 1",
                    "distance": 875,
                    "max_load": 1310,
                    "default_load": 1160
                },
                {
                    "title": "Ось 2",
                    "distance": 3175,
                    "max_load": 2190,
                    "default_load": 900
                }
            ],
            "title": "Газель NEXT A21R22",
            "full_length": 5630,
            "indentation": {
                "width": 45,
                "height": 0,
                "length": 15,
                "height_top": 10,
                "length_end": 16,
                "width_right": 45
            },
            "loading_size": {
                "width": 1978,
                "height": 2100,
                "length": 3089
            },
            "carrying_capacity": 1500
        },
        "calculation_id": "14803"
    },
    "data_result": {
        "boxes": [
            {
                "id": 4,
                "info": {
                    "color": "#ffe470",
                    "title": "груз 2",
                    "article": "",
                    "group_id": "1txbnnpflclgix15tqpkrprgs4lruf8r",
                    "group_title": "Группа 1"
                },
                "mass": 18.0,
                "size": {
                    "width": 300.0,
                    "height": 1200.0,
                    "length": 700.0
                },
                "sort": 1,
                "step": 1,
                "type": "box",
                "margin": {
                    "width": 0.0,
                    "height": 0.0,
                    "length": 0.0
                },
                "cargo_id": "m19dr8pyuriwjkep1ieqc3na1g0cfwxr",
                "position": {
                    "x": 0.0,
                    "y": 0.0,
                    "z": 1400.0
                },
                "stacking": true,
                "turnover": false,
                "rotation_state": 0,
                "stacking_limit": 0.0,
                "calculated_size": {
                    "width": 300.0,
                    "height": 1200.0,
                    "length": 700.0
                },
                "virtual_positions": null
            },
            {
                "id": 1,
                "info": {
                    "color": "#ffe470",
                    "title": "груз 2",
                    "article": "",
                    "group_id": "1txbnnpflclgix15tqpkrprgs4lruf8r",
                    "group_title": "Группа 1"
                },
                "mass": 18.0,
                "size": {
                    "width": 300.0,
                    "height": 1200.0,
                    "length": 700.0
                },
                "sort": 1,
                "step": 1,
                "type": "box",
                "margin": {
                    "width": 0.0,
                    "height": 0.0,
                    "length": 0.0
                },
                "cargo_id": "m19dr8pyuriwjkep1ieqc3na1g0cfwxr",
                "position": {
                    "x": 0.0,
                    "y": 0.0,
                    "z": 700.0
                },
                "stacking": true,
                "turnover": false,
                "rotation_state": 1,
                "stacking_limit": 0.0,
                "calculated_size": {
                    "width": 700.0,
                    "height": 1200.0,
                    "length": 300.0
                },
                "virtual_positions": null
            },
            {
                "id": 0,
                "info": {
                    "color": "#ffe470",
                    "title": "груз 2",
                    "article": "",
                    "group_id": "1txbnnpflclgix15tqpkrprgs4lruf8r",
                    "group_title": "Группа 1"
                },
                "mass": 18.0,
                "size": {
                    "width": 300.0,
                    "height": 1200.0,
                    "length": 700.0
                },
                "sort": 1,
                "step": 2,
                "type": "box",
                "margin": {
                    "width": 0.0,
                    "height": 0.0,
                    "length": 0.0
                },
                "cargo_id": "m19dr8pyuriwjkep1ieqc3na1g0cfwxr",
                "position": {
                    "x": 0.0,
                    "y": 0.0,
                    "z": 0.0
                },
                "stacking": true,
                "turnover": false,
                "rotation_state": 1,
                "stacking_limit": 0.0,
                "calculated_size": {
                    "width": 700.0,
                    "height": 1200.0,
                    "length": 300.0
                },
                "virtual_positions": null
            },
            {
                "id": 56,
                "info": {
                    "color": "#ef4c70",
                    "title": "Груз 1",
                    "article": "",
                    "group_id": "1txbnnpflclgix15tqpkrprgs4lruf8r",
                    "group_title": "Группа 1"
                },
                "mass": 12.0,
                "size": {
                    "width": 280.0,
                    "height": 650.0,
                    "length": 400.0
                },
                "sort": 1,
                "step": 2,
                "type": "box",
                "margin": {
                    "width": 0.0,
                    "height": 0.0,
                    "length": 0.0
                },
                "cargo_id": "uav1flptj4npldcumqzjlxij4qdlnpud",
                "position": {
                    "x": 0.0,
                    "y": 1200.0,
                    "z": 1600.0
                },
                "stacking": true,
                "turnover": false,
                "rotation_state": 0,
                "stacking_limit": 0.0,
                "calculated_size": {
                    "width": 280.0,
                    "height": 650.0,
                    "length": 400.0
                },
                "virtual_positions": null
            },
            {
                "id": 38,
                "info": {
                    "color": "#ef4c70",
                    "title": "Груз 1",
                    "article": "",
                    "group_id": "1txbnnpflclgix15tqpkrprgs4lruf8r",
                    "group_title": "Группа 1"
                },
                "mass": 12.0,
                "size": {
                    "width": 280.0,
                    "height": 650.0,
                    "length": 400.0
                },
                "sort": 1,
                "step": 3,
                "type": "box",
                "margin": {
                    "width": 0.0,
                    "height": 0.0,
                    "length": 0.0
                },
                "cargo_id": "uav1flptj4npldcumqzjlxij4qdlnpud",
                "position": {
                    "x": 0.0,
                    "y": 1200.0,
                    "z": 1200.0
                },
                "stacking": true,
                "turnover": false,
                "rotation_state": 1,
                "stacking_limit": 0.0,
                "calculated_size": {
                    "width": 400.0,
                    "height": 650.0,
                    "length": 280.0
                },
                "virtual_positions": null
            },
            {
                "id": 37,
                "info": {
                    "color": "#ef4c70",
                    "title": "Груз 1",
                    "article": "",
                    "group_id": "1txbnnpflclgix15tqpkrprgs4lruf8r",
                    "group_title": "Группа 1"
                },
                "mass": 12.0,
                "size": {
                    "width": 280.0,
                    "height": 650.0,
                    "length": 400.0
                },
                "sort": 1,
                "step": 3,
                "type": "box",
                "margin": {
                    "width": 0.0,
                    "height": 0.0,
                    "length": 0.0
                },
                "cargo_id": "uav1flptj4npldcumqzjlxij4qdlnpud",
                "position": {
                    "x": 0.0,
                    "y": 1200.0,
                    "z": 800.0
                },
                "stacking": true,
                "turnover": false,
                "rotation_state": 1,
                "stacking_limit": 0.0,
                "calculated_size": {
                    "width": 400.0,
                    "height": 650.0,
                    "length": 280.0
                },
                "virtual_positions": null
            },
            {
                "id": 36,
                "info": {
                    "color": "#ef4c70",
                    "title": "Груз 1",
                    "article": "",
                    "group_id": "1txbnnpflclgix15tqpkrprgs4lruf8r",
                    "group_title": "Группа 1"
                },
                "mass": 12.0,
                "size": {
                    "width": 280.0,
                    "height": 650.0,
                    "length": 400.0
                },
                "sort": 1,
                "step": 4,
                "type": "box",
                "margin": {
                    "width": 0.0,
                    "height": 0.0,
                    "length": 0.0
                },
                "cargo_id": "uav1flptj4npldcumqzjlxij4qdlnpud",
                "position": {
                    "x": 0.0,
                    "y": 1200.0,
                    "z": 400.0
                },
                "stacking": true,
                "turnover": false,
                "rotation_state": 1,
                "stacking_limit": 0.0,
                "calculated_size": {
                    "width": 400.0,
                    "height": 650.0,
                    "length": 280.0
                },
                "virtual_positions": null
            },
            {
                "id": 35,
                "info": {
                    "color": "#ef4c70",
                    "title": "Груз 1",
                    "article": "",
                    "group_id": "1txbnnpflclgix15tqpkrprgs4lruf8r",
                    "group_title": "Группа 1"
                },
                "mass": 12.0,
                "size": {
                    "width": 280.0,
                    "height": 650.0,
                    "length": 400.0
                },
                "sort": 1,
                "step": 4,
                "type": "box",
                "margin": {
                    "width": 0.0,
                    "height": 0.0,
                    "length": 0.0
                },
                "cargo_id": "uav1flptj4npldcumqzjlxij4qdlnpud",
                "position": {
                    "x": 0.0,
                    "y": 1200.0,
                    "z": 0.0
                },
                "stacking": true,
                "turnover": false,
                "rotation_state": 1,
                "stacking_limit": 0.0,
                "calculated_size": {
                    "width": 400.0,
                    "height": 650.0,
                    "length": 280.0
                },
                "virtual_positions": null
            },
            {
                "id": 2,
                "info": {
                    "color": "#ffe470",
                    "title": "груз 2",
                    "article": "",
                    "group_id": "1txbnnpflclgix15tqpkrprgs4lruf8r",
                    "group_title": "Группа 1"
                },
                "mass": 18.0,
                "size": {
                    "width": 300.0,
                    "height": 1200.0,
                    "length": 700.0
                },
                "sort": 1,
                "step": 5,
                "type": "box",
                "margin": {
                    "width": 0.0,
                    "height": 0.0,
                    "length": 0.0
                },
                "cargo_id": "m19dr8pyuriwjkep1ieqc3na1g0cfwxr",
                "position": {
                    "x": 300.0,
                    "y": 0.0,
                    "z": 700.0
                },
                "stacking": true,
                "turnover": false,
                "rotation_state": 1,
                "stacking_limit": 0.0,
                "calculated_size": {
                    "width": 700.0,
                    "height": 1200.0,
                    "length": 300.0
                },
                "virtual_positions": null
            },
            {
                "id": 42,
                "info": {
                    "color": "#ef4c70",
                    "title": "Груз 1",
                    "article": "",
                    "group_id": "1txbnnpflclgix15tqpkrprgs4lruf8r",
                    "group_title": "Группа 1"
                },
                "mass": 12.0,
                "size": {
                    "width": 280.0,
                    "height": 650.0,
                    "length": 400.0
                },
                "sort": 1,
                "step": 5,
                "type": "box",
                "margin": {
                    "width": 0.0,
                    "height": 0.0,
                    "length": 0.0
                },
                "cargo_id": "uav1flptj4npldcumqzjlxij4qdlnpud",
                "position": {
                    "x": 280.0,
                    "y": 1200.0,
                    "z": 1200.0
                },
                "stacking": true,
                "turnover": false,
                "rotation_state": 1,
                "stacking_limit": 0.0,
                "calculated_size": {
                    "width": 400.0,
                    "height": 650.0,
                    "length": 280.0
                },
                "virtual_positions": null
            },
            {
                "id": 41,
                "info": {
                    "color": "#ef4c70",
                    "title": "Груз 1",
                    "article": "",
                    "group_id": "1txbnnpflclgix15tqpkrprgs4lruf8r",
                    "group_title": "Группа 1"
                },
                "mass": 12.0,
                "size": {
                    "width": 280.0,
                    "height": 650.0,
                    "length": 400.0
                },
                "sort": 1,
                "step": 6,
                "type": "box",
                "margin": {
                    "width": 0.0,
                    "height": 0.0,
                    "length": 0.0
                },
                "cargo_id": "uav1flptj4npldcumqzjlxij4qdlnpud",
                "position": {
                    "x": 280.0,
                    "y": 1200.0,
                    "z": 800.0
                },
                "stacking": true,
                "turnover": false,
                "rotation_state": 1,
                "stacking_limit": 0.0,
                "calculated_size": {
                    "width": 400.0,
                    "height": 650.0,
                    "length": 280.0
                },
                "virtual_positions": null
            },
            {
                "id": 3,
                "info": {
                    "color": "#ffe470",
                    "title": "груз 2",
                    "article": "",
                    "group_id": "1txbnnpflclgix15tqpkrprgs4lruf8r",
                    "group_title": "Группа 1"
                },
                "mass": 18.0,
                "size": {
                    "width": 300.0,
                    "height": 1200.0,
                    "length": 700.0
                },
                "sort": 1,
                "step": 6,
                "type": "box",
                "margin": {
                    "width": 0.0,
                    "height": 0.0,
                    "length": 0.0
                },
                "cargo_id": "m19dr8pyuriwjkep1ieqc3na1g0cfwxr",
                "position": {
                    "x": 300.0,
                    "y": 0.0,
                    "z": 0.0
                },
                "stacking": true,
                "turnover": false,
                "rotation_state": 1,
                "stacking_limit": 0.0,
                "calculated_size": {
                    "width": 700.0,
                    "height": 1200.0,
                    "length": 300.0
                },
                "virtual_positions": null
            },
            {
                "id": 40,
                "info": {
                    "color": "#ef4c70",
                    "title": "Груз 1",
                    "article": "",
                    "group_id": "1txbnnpflclgix15tqpkrprgs4lruf8r",
                    "group_title": "Группа 1"
                },
                "mass": 12.0,
                "size": {
                    "width": 280.0,
                    "height": 650.0,
                    "length": 400.0
                },
                "sort": 1,
                "step": 7,
                "type": "box",
                "margin": {
                    "width": 0.0,
                    "height": 0.0,
                    "length": 0.0
                },
                "cargo_id": "uav1flptj4npldcumqzjlxij4qdlnpud",
                "position": {
                    "x": 280.0,
                    "y": 1200.0,
                    "z": 400.0
                },
                "stacking": true,
                "turnover": false,
                "rotation_state": 1,
                "stacking_limit": 0.0,
                "calculated_size": {
                    "width": 400.0,
                    "height": 650.0,
                    "length": 280.0
                },
                "virtual_positions": null
            },
            {
                "id": 39,
                "info": {
                    "color": "#ef4c70",
                    "title": "Груз 1",
                    "article": "",
                    "group_id": "1txbnnpflclgix15tqpkrprgs4lruf8r",
                    "group_title": "Группа 1"
                },
                "mass": 12.0,
                "size": {
                    "width": 280.0,
                    "height": 650.0,
                    "length": 400.0
                },
                "sort": 1,
                "step": 7,
                "type": "box",
                "margin": {
                    "width": 0.0,
                    "height": 0.0,
                    "length": 0.0
                },
                "cargo_id": "uav1flptj4npldcumqzjlxij4qdlnpud",
                "position": {
                    "x": 280.0,
                    "y": 1200.0,
                    "z": 0.0
                },
                "stacking": true,
                "turnover": false,
                "rotation_state": 1,
                "stacking_limit": 0.0,
                "calculated_size": {
                    "width": 400.0,
                    "height": 650.0,
                    "length": 280.0
                },
                "virtual_positions": null
            },
            {
                "id": 11,
                "info": {
                    "color": "#ffe470",
                    "title": "груз 2",
                    "article": "",
                    "group_id": "1txbnnpflclgix15tqpkrprgs4lruf8r",
                    "group_title": "Группа 1"
                },
                "mass": 18.0,
                "size": {
                    "width": 300.0,
                    "height": 1200.0,
                    "length": 700.0
                },
                "sort": 1,
                "step": 8,
                "type": "box",
                "margin": {
                    "width": 0.0,
                    "height": 0.0,
                    "length": 0.0
                },
                "cargo_id": "m19dr8pyuriwjkep1ieqc3na1g0cfwxr",
                "position": {
                    "x": 700.0,
                    "y": 0.0,
                    "z": 1400.0
                },
                "stacking": true,
                "turnover": false,
                "rotation_state": 0,
                "stacking_limit": 0.0,
                "calculated_size": {
                    "width": 300.0,
                    "height": 1200.0,
                    "length": 700.0
                },
                "virtual_positions": null
            },
            {
                "id": 6,
                "info": {
                    "color": "#ffe470",
                    "title": "груз 2",
                    "article": "",
                    "group_id": "1txbnnpflclgix15tqpkrprgs4lruf8r",
                    "group_title": "Группа 1"
                },
                "mass": 18.0,
                "size": {
                    "width": 300.0,
                    "height": 1200.0,
                    "length": 700.0
                },
                "sort": 1,
                "step": 8,
                "type": "box",
                "margin": {
                    "width": 0.0,
                    "height": 0.0,
                    "length": 0.0
                },
                "cargo_id": "m19dr8pyuriwjkep1ieqc3na1g0cfwxr",
                "position": {
                    "x": 600.0,
                    "y": 0.0,
                    "z": 700.0
                },
                "stacking": true,
                "turnover": false,
                "rotation_state": 1,
                "stacking_limit": 0.0,
                "calculated_size": {
                    "width": 700.0,
                    "height": 1200.0,
                    "length": 300.0
                },
                "virtual_positions": null
            },
            {
                "id": 5,
                "info": {
                    "color": "#ffe470",
                    "title": "груз 2",
                    "article": "",
                    "group_id": "1txbnnpflclgix15tqpkrprgs4lruf8r",
                    "group_title": "Группа 1"
                },
                "mass": 18.0,
                "size": {
                    "width": 300.0,
                    "height": 1200.0,
                    "length": 700.0
                },
                "sort": 1,
                "step": 9,
                "type": "box",
                "margin": {
                    "width": 0.0,
                    "height": 0.0,
                    "length": 0.0
                },
                "cargo_id": "m19dr8pyuriwjkep1ieqc3na1g0cfwxr",
                "position": {
                    "x": 600.0,
                    "y": 0.0,
                    "z": 0.0
                },
                "stacking": true,
                "turnover": false,
                "rotation_state": 1,
                "stacking_limit": 0.0,
                "calculated_size": {
                    "width": 700.0,
                    "height": 1200.0,
                    "length": 300.0
                },
                "virtual_positions": null
            },
            {
                "id": 46,
                "info": {
                    "color": "#ef4c70",
                    "title": "Груз 1",
                    "article": "",
                    "group_id": "1txbnnpflclgix15tqpkrprgs4lruf8r",
                    "group_title": "Группа 1"
                },
                "mass": 12.0,
                "size": {
                    "width": 280.0,
                    "height": 650.0,
                    "length": 400.0
                },
                "sort": 1,
                "step": 10,
                "type": "box",
                "margin": {
                    "width": 0.0,
                    "height": 0.0,
                    "length": 0.0
                },
                "cargo_id": "uav1flptj4npldcumqzjlxij4qdlnpud",
                "position": {
                    "x": 560.0,
                    "y": 1200.0,
                    "z": 1200.0
                },
                "stacking": true,
                "turnover": false,
                "rotation_state": 1,
                "stacking_limit": 0.0,
                "calculated_size": {
                    "width": 400.0,
                    "height": 650.0,
                    "length": 280.0
                },
                "virtual_positions": null
            },
            {
                "id": 45,
                "info": {
                    "color": "#ef4c70",
                    "title": "Груз 1",
                    "article": "",
                    "group_id": "1txbnnpflclgix15tqpkrprgs4lruf8r",
                    "group_title": "Группа 1"
                },
                "mass": 12.0,
                "size": {
                    "width": 280.0,
                    "height": 650.0,
                    "length": 400.0
                },
                "sort": 1,
                "step": 11,
                "type": "box",
                "margin": {
                    "width": 0.0,
                    "height": 0.0,
                    "length": 0.0
                },
                "cargo_id": "uav1flptj4npldcumqzjlxij4qdlnpud",
                "position": {
                    "x": 560.0,
                    "y": 1200.0,
                    "z": 800.0
                },
                "stacking": true,
                "turnover": false,
                "rotation_state": 1,
                "stacking_limit": 0.0,
                "calculated_size": {
                    "width": 400.0,
                    "height": 650.0,
                    "length": 280.0
                },
                "virtual_positions": null
            },
            {
                "id": 44,
                "info": {
                    "color": "#ef4c70",
                    "title": "Груз 1",
                    "article": "",
                    "group_id": "1txbnnpflclgix15tqpkrprgs4lruf8r",
                    "group_title": "Группа 1"
                },
                "mass": 12.0,
                "size": {
                    "width": 280.0,
                    "height": 650.0,
                    "length": 400.0
                },
                "sort": 1,
                "step": 12,
                "type": "box",
                "margin": {
                    "width": 0.0,
                    "height": 0.0,
                    "length": 0.0
                },
                "cargo_id": "uav1flptj4npldcumqzjlxij4qdlnpud",
                "position": {
                    "x": 560.0,
                    "y": 1200.0,
                    "z": 400.0
                },
                "stacking": true,
                "turnover": false,
                "rotation_state": 1,
                "stacking_limit": 0.0,
                "calculated_size": {
                    "width": 400.0,
                    "height": 650.0,
                    "length": 280.0
                },
                "virtual_positions": null
            },
            {
                "id": 43,
                "info": {
                    "color": "#ef4c70",
                    "title": "Груз 1",
                    "article": "",
                    "group_id": "1txbnnpflclgix15tqpkrprgs4lruf8r",
                    "group_title": "Группа 1"
                },
                "mass": 12.0,
                "size": {
                    "width": 280.0,
                    "height": 650.0,
                    "length": 400.0
                },
                "sort": 1,
                "step": 13,
                "type": "box",
                "margin": {
                    "width": 0.0,
                    "height": 0.0,
                    "length": 0.0
                },
                "cargo_id": "uav1flptj4npldcumqzjlxij4qdlnpud",
                "position": {
                    "x": 560.0,
                    "y": 1200.0,
                    "z": 0.0
                },
                "stacking": true,
                "turnover": false,
                "rotation_state": 1,
                "stacking_limit": 0.0,
                "calculated_size": {
                    "width": 400.0,
                    "height": 650.0,
                    "length": 280.0
                },
                "virtual_positions": null
            },
            {
                "id": 8,
                "info": {
                    "color": "#ffe470",
                    "title": "груз 2",
                    "article": "",
                    "group_id": "1txbnnpflclgix15tqpkrprgs4lruf8r",
                    "group_title": "Группа 1"
                },
                "mass": 18.0,
                "size": {
                    "width": 300.0,
                    "height": 1200.0,
                    "length": 700.0
                },
                "sort": 1,
                "step": 14,
                "type": "box",
                "margin": {
                    "width": 0.0,
                    "height": 0.0,
                    "length": 0.0
                },
                "cargo_id": "m19dr8pyuriwjkep1ieqc3na1g0cfwxr",
                "position": {
                    "x": 900.0,
                    "y": 0.0,
                    "z": 700.0
                },
                "stacking": true,
                "turnover": false,
                "rotation_state": 1,
                "stacking_limit": 0.0,
                "calculated_size": {
                    "width": 700.0,
                    "height": 1200.0,
                    "length": 300.0
                },
                "virtual_positions": null
            },
            {
                "id": 50,
                "info": {
                    "color": "#ef4c70",
                    "title": "Груз 1",
                    "article": "",
                    "group_id": "1txbnnpflclgix15tqpkrprgs4lruf8r",
                    "group_title": "Группа 1"
                },
                "mass": 12.0,
                "size": {
                    "width": 280.0,
                    "height": 650.0,
                    "length": 400.0
                },
                "sort": 1,
                "step": 15,
                "type": "box",
                "margin": {
                    "width": 0.0,
                    "height": 0.0,
                    "length": 0.0
                },
                "cargo_id": "uav1flptj4npldcumqzjlxij4qdlnpud",
                "position": {
                    "x": 840.0,
                    "y": 1200.0,
                    "z": 1200.0
                },
                "stacking": true,
                "turnover": false,
                "rotation_state": 1,
                "stacking_limit": 0.0,
                "calculated_size": {
                    "width": 400.0,
                    "height": 650.0,
                    "length": 280.0
                },
                "virtual_positions": null
            },
            {
                "id": 49,
                "info": {
                    "color": "#ef4c70",
                    "title": "Груз 1",
                    "article": "",
                    "group_id": "1txbnnpflclgix15tqpkrprgs4lruf8r",
                    "group_title": "Группа 1"
                },
                "mass": 12.0,
                "size": {
                    "width": 280.0,
                    "height": 650.0,
                    "length": 400.0
                },
                "sort": 1,
                "step": 16,
                "type": "box",
                "margin": {
                    "width": 0.0,
                    "height": 0.0,
                    "length": 0.0
                },
                "cargo_id": "uav1flptj4npldcumqzjlxij4qdlnpud",
                "position": {
                    "x": 840.0,
                    "y": 1200.0,
                    "z": 800.0
                },
                "stacking": true,
                "turnover": false,
                "rotation_state": 1,
                "stacking_limit": 0.0,
                "calculated_size": {
                    "width": 400.0,
                    "height": 650.0,
                    "length": 280.0
                },
                "virtual_positions": null
            },
            {
                "id": 7,
                "info": {
                    "color": "#ffe470",
                    "title": "груз 2",
                    "article": "",
                    "group_id": "1txbnnpflclgix15tqpkrprgs4lruf8r",
                    "group_title": "Группа 1"
                },
                "mass": 18.0,
                "size": {
                    "width": 300.0,
                    "height": 1200.0,
                    "length": 700.0
                },
                "sort": 1,
                "step": 17,
                "type": "box",
                "margin": {
                    "width": 0.0,
                    "height": 0.0,
                    "length": 0.0
                },
                "cargo_id": "m19dr8pyuriwjkep1ieqc3na1g0cfwxr",
                "position": {
                    "x": 900.0,
                    "y": 0.0,
                    "z": 0.0
                },
                "stacking": true,
                "turnover": false,
                "rotation_state": 1,
                "stacking_limit": 0.0,
                "calculated_size": {
                    "width": 700.0,
                    "height": 1200.0,
                    "length": 300.0
                },
                "virtual_positions": null
            },
            {
                "id": 48,
                "info": {
                    "color": "#ef4c70",
                    "title": "Груз 1",
                    "article": "",
                    "group_id": "1txbnnpflclgix15tqpkrprgs4lruf8r",
                    "group_title": "Группа 1"
                },
                "mass": 12.0,
                "size": {
                    "width": 280.0,
                    "height": 650.0,
                    "length": 400.0
                },
                "sort": 1,
                "step": 18,
                "type": "box",
                "margin": {
                    "width": 0.0,
                    "height": 0.0,
                    "length": 0.0
                },
                "cargo_id": "uav1flptj4npldcumqzjlxij4qdlnpud",
                "position": {
                    "x": 840.0,
                    "y": 1200.0,
                    "z": 400.0
                },
                "stacking": true,
                "turnover": false,
                "rotation_state": 1,
                "stacking_limit": 0.0,
                "calculated_size": {
                    "width": 400.0,
                    "height": 650.0,
                    "length": 280.0
                },
                "virtual_positions": null
            },
            {
                "id": 47,
                "info": {
                    "color": "#ef4c70",
                    "title": "Груз 1",
                    "article": "",
                    "group_id": "1txbnnpflclgix15tqpkrprgs4lruf8r",
                    "group_title": "Группа 1"
                },
                "mass": 12.0,
                "size": {
                    "width": 280.0,
                    "height": 650.0,
                    "length": 400.0
                },
                "sort": 1,
                "step": 19,
                "type": "box",
                "margin": {
                    "width": 0.0,
                    "height": 0.0,
                    "length": 0.0
                },
                "cargo_id": "uav1flptj4npldcumqzjlxij4qdlnpud",
                "position": {
                    "x": 840.0,
                    "y": 1200.0,
                    "z": 0.0
                },
                "stacking": true,
                "turnover": false,
                "rotation_state": 1,
                "stacking_limit": 0.0,
                "calculated_size": {
                    "width": 400.0,
                    "height": 650.0,
                    "length": 280.0
                },
                "virtual_positions": null
            },
            {
                "id": 23,
                "info": {
                    "color": "#ef4c70",
                    "title": "Груз 1",
                    "article": "",
                    "group_id": "1txbnnpflclgix15tqpkrprgs4lruf8r",
                    "group_title": "Группа 1"
                },
                "mass": 12.0,
                "size": {
                    "width": 280.0,
                    "height": 650.0,
                    "length": 400.0
                },
                "sort": 1,
                "step": 20,
                "type": "box",
                "margin": {
                    "width": 0.0,
                    "height": 0.0,
                    "length": 0.0
                },
                "cargo_id": "uav1flptj4npldcumqzjlxij4qdlnpud",
                "position": {
                    "x": 1400.0,
                    "y": 0.0,
                    "z": 1680.0
                },
                "stacking": true,
                "turnover": false,
                "rotation_state": 0,
                "stacking_limit": 0.0,
                "calculated_size": {
                    "width": 280.0,
                    "height": 650.0,
                    "length": 400.0
                },
                "virtual_positions": null
            },
            {
                "id": 14,
                "info": {
                    "color": "#ef4c70",
                    "title": "Груз 1",
                    "article": "",
                    "group_id": "1txbnnpflclgix15tqpkrprgs4lruf8r",
                    "group_title": "Группа 1"
                },
                "mass": 12.0,
                "size": {
                    "width": 280.0,
                    "height": 650.0,
                    "length": 400.0
                },
                "sort": 1,
                "step": 21,
                "type": "box",
                "margin": {
                    "width": 0.0,
                    "height": 0.0,
                    "length": 0.0
                },
                "cargo_id": "uav1flptj4npldcumqzjlxij4qdlnpud",
                "position": {
                    "x": 1400.0,
                    "y": 0.0,
                    "z": 1400.0
                },
                "stacking": true,
                "turnover": false,
                "rotation_state": 0,
                "stacking_limit": 0.0,
                "calculated_size": {
                    "width": 280.0,
                    "height": 650.0,
                    "length": 400.0
                },
                "virtual_positions": null
            },
            {
                "id": 57,
                "info": {
                    "color": "#ef4c70",
                    "title": "Груз 1",
                    "article": "",
                    "group_id": "1txbnnpflclgix15tqpkrprgs4lruf8r",
                    "group_title": "Группа 1"
                },
                "mass": 12.0,
                "size": {
                    "width": 280.0,
                    "height": 650.0,
                    "length": 400.0
                },
                "sort": 1,
                "step": 22,
                "type": "box",
                "margin": {
                    "width": 0.0,
                    "height": 0.0,
                    "length": 0.0
                },
                "cargo_id": "uav1flptj4npldcumqzjlxij4qdlnpud",
                "position": {
                    "x": 1400.0,
                    "y": 650.0,
                    "z": 1680.0
                },
                "stacking": true,
                "turnover": false,
                "rotation_state": 0,
                "stacking_limit": 0.0,
                "calculated_size": {
                    "width": 280.0,
                    "height": 650.0,
                    "length": 400.0
                },
                "virtual_positions": null
            },
            {
                "id": 51,
                "info": {
                    "color": "#ef4c70",
                    "title": "Груз 1",
                    "article": "",
                    "group_id": "1txbnnpflclgix15tqpkrprgs4lruf8r",
                    "group_title": "Группа 1"
                },
                "mass": 12.0,
                "size": {
                    "width": 280.0,
                    "height": 650.0,
                    "length": 400.0
                },
                "sort": 1,
                "step": 23,
                "type": "box",
                "margin": {
                    "width": 0.0,
                    "height": 0.0,
                    "length": 0.0
                },
                "cargo_id": "uav1flptj4npldcumqzjlxij4qdlnpud",
                "position": {
                    "x": 1400.0,
                    "y": 650.0,
                    "z": 1400.0
                },
                "stacking": true,
                "turnover": false,
                "rotation_state": 0,
                "stacking_limit": 0.0,
                "calculated_size": {
                    "width": 280.0,
                    "height": 650.0,
                    "length": 400.0
                },
                "virtual_positions": null
            },
            {
                "id": 10,
                "info": {
                    "color": "#ffe470",
                    "title": "груз 2",
                    "article": "",
                    "group_id": "1txbnnpflclgix15tqpkrprgs4lruf8r",
                    "group_title": "Группа 1"
                },
                "mass": 18.0,
                "size": {
                    "width": 300.0,
                    "height": 1200.0,
                    "length": 700.0
                },
                "sort": 1,
                "step": 24,
                "type": "box",
                "margin": {
                    "width": 0.0,
                    "height": 0.0,
                    "length": 0.0
                },
                "cargo_id": "m19dr8pyuriwjkep1ieqc3na1g0cfwxr",
                "position": {
                    "x": 1200.0,
                    "y": 0.0,
                    "z": 700.0
                },
                "stacking": true,
                "turnover": false,
                "rotation_state": 1,
                "stacking_limit": 0.0,
                "calculated_size": {
                    "width": 700.0,
                    "height": 1200.0,
                    "length": 300.0
                },
                "virtual_positions": null
            },
            {
                "id": 9,
                "info": {
                    "color": "#ffe470",
                    "title": "груз 2",
                    "article": "",
                    "group_id": "1txbnnpflclgix15tqpkrprgs4lruf8r",
                    "group_title": "Группа 1"
                },
                "mass": 18.0,
                "size": {
                    "width": 300.0,
                    "height": 1200.0,
                    "length": 700.0
                },
                "sort": 1,
                "step": 25,
                "type": "box",
                "margin": {
                    "width": 0.0,
                    "height": 0.0,
                    "length": 0.0
                },
                "cargo_id": "m19dr8pyuriwjkep1ieqc3na1g0cfwxr",
                "position": {
                    "x": 1200.0,
                    "y": 0.0,
                    "z": 0.0
                },
                "stacking": true,
                "turnover": false,
                "rotation_state": 1,
                "stacking_limit": 0.0,
                "calculated_size": {
                    "width": 700.0,
                    "height": 1200.0,
                    "length": 300.0
                },
                "virtual_positions": null
            },
            {
                "id": 55,
                "info": {
                    "color": "#ef4c70",
                    "title": "Груз 1",
                    "article": "",
                    "group_id": "1txbnnpflclgix15tqpkrprgs4lruf8r",
                    "group_title": "Группа 1"
                },
                "mass": 12.0,
                "size": {
                    "width": 280.0,
                    "height": 650.0,
                    "length": 400.0
                },
                "sort": 1,
                "step": 26,
                "type": "box",
                "margin": {
                    "width": 0.0,
                    "height": 0.0,
                    "length": 0.0
                },
                "cargo_id": "uav1flptj4npldcumqzjlxij4qdlnpud",
                "position": {
                    "x": 1120.0,
                    "y": 1200.0,
                    "z": 1200.0
                },
                "stacking": true,
                "turnover": false,
                "rotation_state": 1,
                "stacking_limit": 0.0,
                "calculated_size": {
                    "width": 400.0,
                    "height": 650.0,
                    "length": 280.0
                },
                "virtual_positions": null
            },
            {
                "id": 54,
                "info": {
                    "color": "#ef4c70",
                    "title": "Груз 1",
                    "article": "",
                    "group_id": "1txbnnpflclgix15tqpkrprgs4lruf8r",
                    "group_title": "Группа 1"
                },
                "mass": 12.0,
                "size": {
                    "width": 280.0,
                    "height": 650.0,
                    "length": 400.0
                },
                "sort": 1,
                "step": 27,
                "type": "box",
                "margin": {
                    "width": 0.0,
                    "height": 0.0,
                    "length": 0.0
                },
                "cargo_id": "uav1flptj4npldcumqzjlxij4qdlnpud",
                "position": {
                    "x": 1120.0,
                    "y": 1200.0,
                    "z": 800.0
                },
                "stacking": true,
                "turnover": false,
                "rotation_state": 1,
                "stacking_limit": 0.0,
                "calculated_size": {
                    "width": 400.0,
                    "height": 650.0,
                    "length": 280.0
                },
                "virtual_positions": null
            },
            {
                "id": 53,
                "info": {
                    "color": "#ef4c70",
                    "title": "Груз 1",
                    "article": "",
                    "group_id": "1txbnnpflclgix15tqpkrprgs4lruf8r",
                    "group_title": "Группа 1"
                },
                "mass": 12.0,
                "size": {
                    "width": 280.0,
                    "height": 650.0,
                    "length": 400.0
                },
                "sort": 1,
                "step": 28,
                "type": "box",
                "margin": {
                    "width": 0.0,
                    "height": 0.0,
                    "length": 0.0
                },
                "cargo_id": "uav1flptj4npldcumqzjlxij4qdlnpud",
                "position": {
                    "x": 1120.0,
                    "y": 1200.0,
                    "z": 400.0
                },
                "stacking": true,
                "turnover": false,
                "rotation_state": 1,
                "stacking_limit": 0.0,
                "calculated_size": {
                    "width": 400.0,
                    "height": 650.0,
                    "length": 280.0
                },
                "virtual_positions": null
            },
            {
                "id": 52,
                "info": {
                    "color": "#ef4c70",
                    "title": "Груз 1",
                    "article": "",
                    "group_id": "1txbnnpflclgix15tqpkrprgs4lruf8r",
                    "group_title": "Группа 1"
                },
                "mass": 12.0,
                "size": {
                    "width": 280.0,
                    "height": 650.0,
                    "length": 400.0
                },
                "sort": 1,
                "step": 29,
                "type": "box",
                "margin": {
                    "width": 0.0,
                    "height": 0.0,
                    "length": 0.0
                },
                "cargo_id": "uav1flptj4npldcumqzjlxij4qdlnpud",
                "position": {
                    "x": 1120.0,
                    "y": 1200.0,
                    "z": 0.0
                },
                "stacking": true,
                "turnover": false,
                "rotation_state": 1,
                "stacking_limit": 0.0,
                "calculated_size": {
                    "width": 400.0,
                    "height": 650.0,
                    "length": 280.0
                },
                "virtual_positions": null
            },
            {
                "id": 13,
                "info": {
                    "color": "#ffe470",
                    "title": "груз 2",
                    "article": "",
                    "group_id": "1txbnnpflclgix15tqpkrprgs4lruf8r",
                    "group_title": "Группа 1"
                },
                "mass": 18.0,
                "size": {
                    "width": 300.0,
                    "height": 1200.0,
                    "length": 700.0
                },
                "sort": 1,
                "step": 30,
                "type": "box",
                "margin": {
                    "width": 0.0,
                    "height": 0.0,
                    "length": 0.0
                },
                "cargo_id": "m19dr8pyuriwjkep1ieqc3na1g0cfwxr",
                "position": {
                    "x": 1500.0,
                    "y": 0.0,
                    "z": 700.0
                },
                "stacking": true,
                "turnover": false,
                "rotation_state": 1,
                "stacking_limit": 0.0,
                "calculated_size": {
                    "width": 700.0,
                    "height": 1200.0,
                    "length": 300.0
                },
                "virtual_positions": null
            },
            {
                "id": 12,
                "info": {
                    "color": "#ffe470",
                    "title": "груз 2",
                    "article": "",
                    "group_id": "1txbnnpflclgix15tqpkrprgs4lruf8r",
                    "group_title": "Группа 1"
                },
                "mass": 18.0,
                "size": {
                    "width": 300.0,
                    "height": 1200.0,
                    "length": 700.0
                },
                "sort": 1,
                "step": 31,
                "type": "box",
                "margin": {
                    "width": 0.0,
                    "height": 0.0,
                    "length": 0.0
                },
                "cargo_id": "m19dr8pyuriwjkep1ieqc3na1g0cfwxr",
                "position": {
                    "x": 1500.0,
                    "y": 0.0,
                    "z": 0.0
                },
                "stacking": true,
                "turnover": false,
                "rotation_state": 1,
                "stacking_limit": 0.0,
                "calculated_size": {
                    "width": 700.0,
                    "height": 1200.0,
                    "length": 300.0
                },
                "virtual_positions": null
            },
            {
                "id": 24,
                "info": {
                    "color": "#ef4c70",
                    "title": "Груз 1",
                    "article": "",
                    "group_id": "1txbnnpflclgix15tqpkrprgs4lruf8r",
                    "group_title": "Группа 1"
                },
                "mass": 12.0,
                "size": {
                    "width": 280.0,
                    "height": 650.0,
                    "length": 400.0
                },
                "sort": 1,
                "step": 32,
                "type": "box",
                "margin": {
                    "width": 0.0,
                    "height": 0.0,
                    "length": 0.0
                },
                "cargo_id": "uav1flptj4npldcumqzjlxij4qdlnpud",
                "position": {
                    "x": 1800.0,
                    "y": 0.0,
                    "z": 1600.0
                },
                "stacking": true,
                "turnover": false,
                "rotation_state": 0,
                "stacking_limit": 0.0,
                "calculated_size": {
                    "width": 280.0,
                    "height": 650.0,
                    "length": 400.0
                },
                "virtual_positions": null
            },
            {
                "id": 18,
                "info": {
                    "color": "#ef4c70",
                    "title": "Груз 1",
                    "article": "",
                    "group_id": "1txbnnpflclgix15tqpkrprgs4lruf8r",
                    "group_title": "Группа 1"
                },
                "mass": 12.0,
                "size": {
                    "width": 280.0,
                    "height": 650.0,
                    "length": 400.0
                },
                "sort": 1,
                "step": 33,
                "type": "box",
                "margin": {
                    "width": 0.0,
                    "height": 0.0,
                    "length": 0.0
                },
                "cargo_id": "uav1flptj4npldcumqzjlxij4qdlnpud",
                "position": {
                    "x": 1800.0,
                    "y": 0.0,
                    "z": 1200.0
                },
                "stacking": true,
                "turnover": false,
                "rotation_state": 1,
                "stacking_limit": 0.0,
                "calculated_size": {
                    "width": 400.0,
                    "height": 650.0,
                    "length": 280.0
                },
                "virtual_positions": null
            },
            {
                "id": 17,
                "info": {
                    "color": "#ef4c70",
                    "title": "Груз 1",
                    "article": "",
                    "group_id": "1txbnnpflclgix15tqpkrprgs4lruf8r",
                    "group_title": "Группа 1"
                },
                "mass": 12.0,
                "size": {
                    "width": 280.0,
                    "height": 650.0,
                    "length": 400.0
                },
                "sort": 1,
                "step": 34,
                "type": "box",
                "margin": {
                    "width": 0.0,
                    "height": 0.0,
                    "length": 0.0
                },
                "cargo_id": "uav1flptj4npldcumqzjlxij4qdlnpud",
                "position": {
                    "x": 1800.0,
                    "y": 0.0,
                    "z": 800.0
                },
                "stacking": true,
                "turnover": false,
                "rotation_state": 1,
                "stacking_limit": 0.0,
                "calculated_size": {
                    "width": 400.0,
                    "height": 650.0,
                    "length": 280.0
                },
                "virtual_positions": null
            },
            {
                "id": 16,
                "info": {
                    "color": "#ef4c70",
                    "title": "Груз 1",
                    "article": "",
                    "group_id": "1txbnnpflclgix15tqpkrprgs4lruf8r",
                    "group_title": "Группа 1"
                },
                "mass": 12.0,
                "size": {
                    "width": 280.0,
                    "height": 650.0,
                    "length": 400.0
                },
                "sort": 1,
                "step": 35,
                "type": "box",
                "margin": {
                    "width": 0.0,
                    "height": 0.0,
                    "length": 0.0
                },
                "cargo_id": "uav1flptj4npldcumqzjlxij4qdlnpud",
                "position": {
                    "x": 1800.0,
                    "y": 0.0,
                    "z": 400.0
                },
                "stacking": true,
                "turnover": false,
                "rotation_state": 1,
                "stacking_limit": 0.0,
                "calculated_size": {
                    "width": 400.0,
                    "height": 650.0,
                    "length": 280.0
                },
                "virtual_positions": null
            },
            {
                "id": 15,
                "info": {
                    "color": "#ef4c70",
                    "title": "Груз 1",
                    "article": "",
                    "group_id": "1txbnnpflclgix15tqpkrprgs4lruf8r",
                    "group_title": "Группа 1"
                },
                "mass": 12.0,
                "size": {
                    "width": 280.0,
                    "height": 650.0,
                    "length": 400.0
                },
                "sort": 1,
                "step": 36,
                "type": "box",
                "margin": {
                    "width": 0.0,
                    "height": 0.0,
                    "length": 0.0
                },
                "cargo_id": "uav1flptj4npldcumqzjlxij4qdlnpud",
                "position": {
                    "x": 1800.0,
                    "y": 0.0,
                    "z": 0.0
                },
                "stacking": true,
                "turnover": false,
                "rotation_state": 1,
                "stacking_limit": 0.0,
                "calculated_size": {
                    "width": 400.0,
                    "height": 650.0,
                    "length": 280.0
                },
                "virtual_positions": null
            },
            {
                "id": 58,
                "info": {
                    "color": "#ef4c70",
                    "title": "Груз 1",
                    "article": "",
                    "group_id": "1txbnnpflclgix15tqpkrprgs4lruf8r",
                    "group_title": "Группа 1"
                },
                "mass": 12.0,
                "size": {
                    "width": 280.0,
                    "height": 650.0,
                    "length": 400.0
                },
                "sort": 1,
                "step": 37,
                "type": "box",
                "margin": {
                    "width": 0.0,
                    "height": 0.0,
                    "length": 0.0
                },
                "cargo_id": "uav1flptj4npldcumqzjlxij4qdlnpud",
                "position": {
                    "x": 1800.0,
                    "y": 650.0,
                    "z": 0.0
                },
                "stacking": true,
                "turnover": false,
                "rotation_state": 1,
                "stacking_limit": 0.0,
                "calculated_size": {
                    "width": 400.0,
                    "height": 650.0,
                    "length": 280.0
                },
                "virtual_positions": null
            },
            {
                "id": 29,
                "info": {
                    "color": "#ef4c70",
                    "title": "Груз 1",
                    "article": "",
                    "group_id": "1txbnnpflclgix15tqpkrprgs4lruf8r",
                    "group_title": "Группа 1"
                },
                "mass": 12.0,
                "size": {
                    "width": 280.0,
                    "height": 650.0,
                    "length": 400.0
                },
                "sort": 1,
                "step": 38,
                "type": "box",
                "margin": {
                    "width": 0.0,
                    "height": 0.0,
                    "length": 0.0
                },
                "cargo_id": "uav1flptj4npldcumqzjlxij4qdlnpud",
                "position": {
                    "x": 2200.0,
                    "y": 0.0,
                    "z": 1600.0
                },
                "stacking": true,
                "turnover": false,
                "rotation_state": 0,
                "stacking_limit": 0.0,
                "calculated_size": {
                    "width": 280.0,
                    "height": 650.0,
                    "length": 400.0
                },
                "virtual_positions": null
            },
            {
                "id": 22,
                "info": {
                    "color": "#ef4c70",
                    "title": "Груз 1",
                    "article": "",
                    "group_id": "1txbnnpflclgix15tqpkrprgs4lruf8r",
                    "group_title": "Группа 1"
                },
                "mass": 12.0,
                "size": {
                    "width": 280.0,
                    "height": 650.0,
                    "length": 400.0
                },
                "sort": 1,
                "step": 39,
                "type": "box",
                "margin": {
                    "width": 0.0,
                    "height": 0.0,
                    "length": 0.0
                },
                "cargo_id": "uav1flptj4npldcumqzjlxij4qdlnpud",
                "position": {
                    "x": 2080.0,
                    "y": 0.0,
                    "z": 1200.0
                },
                "stacking": true,
                "turnover": false,
                "rotation_state": 1,
                "stacking_limit": 0.0,
                "calculated_size": {
                    "width": 400.0,
                    "height": 650.0,
                    "length": 280.0
                },
                "virtual_positions": null
            },
            {
                "id": 21,
                "info": {
                    "color": "#ef4c70",
                    "title": "Груз 1",
                    "article": "",
                    "group_id": "1txbnnpflclgix15tqpkrprgs4lruf8r",
                    "group_title": "Группа 1"
                },
                "mass": 12.0,
                "size": {
                    "width": 280.0,
                    "height": 650.0,
                    "length": 400.0
                },
                "sort": 1,
                "step": 40,
                "type": "box",
                "margin": {
                    "width": 0.0,
                    "height": 0.0,
                    "length": 0.0
                },
                "cargo_id": "uav1flptj4npldcumqzjlxij4qdlnpud",
                "position": {
                    "x": 2080.0,
                    "y": 0.0,
                    "z": 800.0
                },
                "stacking": true,
                "turnover": false,
                "rotation_state": 1,
                "stacking_limit": 0.0,
                "calculated_size": {
                    "width": 400.0,
                    "height": 650.0,
                    "length": 280.0
                },
                "virtual_positions": null
            },
            {
                "id": 20,
                "info": {
                    "color": "#ef4c70",
                    "title": "Груз 1",
                    "article": "",
                    "group_id": "1txbnnpflclgix15tqpkrprgs4lruf8r",
                    "group_title": "Группа 1"
                },
                "mass": 12.0,
                "size": {
                    "width": 280.0,
                    "height": 650.0,
                    "length": 400.0
                },
                "sort": 1,
                "step": 41,
                "type": "box",
                "margin": {
                    "width": 0.0,
                    "height": 0.0,
                    "length": 0.0
                },
                "cargo_id": "uav1flptj4npldcumqzjlxij4qdlnpud",
                "position": {
                    "x": 2080.0,
                    "y": 0.0,
                    "z": 400.0
                },
                "stacking": true,
                "turnover": false,
                "rotation_state": 1,
                "stacking_limit": 0.0,
                "calculated_size": {
                    "width": 400.0,
                    "height": 650.0,
                    "length": 280.0
                },
                "virtual_positions": null
            },
            {
                "id": 19,
                "info": {
                    "color": "#ef4c70",
                    "title": "Груз 1",
                    "article": "",
                    "group_id": "1txbnnpflclgix15tqpkrprgs4lruf8r",
                    "group_title": "Группа 1"
                },
                "mass": 12.0,
                "size": {
                    "width": 280.0,
                    "height": 650.0,
                    "length": 400.0
                },
                "sort": 1,
                "step": 42,
                "type": "box",
                "margin": {
                    "width": 0.0,
                    "height": 0.0,
                    "length": 0.0
                },
                "cargo_id": "uav1flptj4npldcumqzjlxij4qdlnpud",
                "position": {
                    "x": 2080.0,
                    "y": 0.0,
                    "z": 0.0
                },
                "stacking": true,
                "turnover": false,
                "rotation_state": 1,
                "stacking_limit": 0.0,
                "calculated_size": {
                    "width": 400.0,
                    "height": 650.0,
                    "length": 280.0
                },
                "virtual_positions": null
            },
            {
                "id": 28,
                "info": {
                    "color": "#ef4c70",
                    "title": "Груз 1",
                    "article": "",
                    "group_id": "1txbnnpflclgix15tqpkrprgs4lruf8r",
                    "group_title": "Группа 1"
                },
                "mass": 12.0,
                "size": {
                    "width": 280.0,
                    "height": 650.0,
                    "length": 400.0
                },
                "sort": 1,
                "step": 43,
                "type": "box",
                "margin": {
                    "width": 0.0,
                    "height": 0.0,
                    "length": 0.0
                },
                "cargo_id": "uav1flptj4npldcumqzjlxij4qdlnpud",
                "position": {
                    "x": 2360.0,
                    "y": 0.0,
                    "z": 1200.0
                },
                "stacking": true,
                "turnover": false,
                "rotation_state": 1,
                "stacking_limit": 0.0,
                "calculated_size": {
                    "width": 400.0,
                    "height": 650.0,
                    "length": 280.0
                },
                "virtual_positions": null
            },
            {
                "id": 27,
                "info": {
                    "color": "#ef4c70",
                    "title": "Груз 1",
                    "article": "",
                    "group_id": "1txbnnpflclgix15tqpkrprgs4lruf8r",
                    "group_title": "Группа 1"
                },
                "mass": 12.0,
                "size": {
                    "width": 280.0,
                    "height": 650.0,
                    "length": 400.0
                },
                "sort": 1,
                "step": 44,
                "type": "box",
                "margin": {
                    "width": 0.0,
                    "height": 0.0,
                    "length": 0.0
                },
                "cargo_id": "uav1flptj4npldcumqzjlxij4qdlnpud",
                "position": {
                    "x": 2360.0,
                    "y": 0.0,
                    "z": 800.0
                },
                "stacking": true,
                "turnover": false,
                "rotation_state": 1,
                "stacking_limit": 0.0,
                "calculated_size": {
                    "width": 400.0,
                    "height": 650.0,
                    "length": 280.0
                },
                "virtual_positions": null
            },
            {
                "id": 26,
                "info": {
                    "color": "#ef4c70",
                    "title": "Груз 1",
                    "article": "",
                    "group_id": "1txbnnpflclgix15tqpkrprgs4lruf8r",
                    "group_title": "Группа 1"
                },
                "mass": 12.0,
                "size": {
                    "width": 280.0,
                    "height": 650.0,
                    "length": 400.0
                },
                "sort": 1,
                "step": 45,
                "type": "box",
                "margin": {
                    "width": 0.0,
                    "height": 0.0,
                    "length": 0.0
                },
                "cargo_id": "uav1flptj4npldcumqzjlxij4qdlnpud",
                "position": {
                    "x": 2360.0,
                    "y": 0.0,
                    "z": 400.0
                },
                "stacking": true,
                "turnover": false,
                "rotation_state": 1,
                "stacking_limit": 0.0,
                "calculated_size": {
                    "width": 400.0,
                    "height": 650.0,
                    "length": 280.0
                },
                "virtual_positions": null
            },
            {
                "id": 25,
                "info": {
                    "color": "#ef4c70",
                    "title": "Груз 1",
                    "article": "",
                    "group_id": "1txbnnpflclgix15tqpkrprgs4lruf8r",
                    "group_title": "Группа 1"
                },
                "mass": 12.0,
                "size": {
                    "width": 280.0,
                    "height": 650.0,
                    "length": 400.0
                },
                "sort": 1,
                "step": 46,
                "type": "box",
                "margin": {
                    "width": 0.0,
                    "height": 0.0,
                    "length": 0.0
                },
                "cargo_id": "uav1flptj4npldcumqzjlxij4qdlnpud",
                "position": {
                    "x": 2360.0,
                    "y": 0.0,
                    "z": 0.0
                },
                "stacking": true,
                "turnover": false,
                "rotation_state": 1,
                "stacking_limit": 0.0,
                "calculated_size": {
                    "width": 400.0,
                    "height": 650.0,
                    "length": 280.0
                },
                "virtual_positions": null
            },
            {
                "id": 34,
                "info": {
                    "color": "#ef4c70",
                    "title": "Груз 1",
                    "article": "",
                    "group_id": "1txbnnpflclgix15tqpkrprgs4lruf8r",
                    "group_title": "Группа 1"
                },
                "mass": 12.0,
                "size": {
                    "width": 280.0,
                    "height": 650.0,
                    "length": 400.0
                },
                "sort": 1,
                "step": 47,
                "type": "box",
                "margin": {
                    "width": 0.0,
                    "height": 0.0,
                    "length": 0.0
                },
                "cargo_id": "uav1flptj4npldcumqzjlxij4qdlnpud",
                "position": {
                    "x": 2600.0,
                    "y": 0.0,
                    "z": 1600.0
                },
                "stacking": true,
                "turnover": false,
                "rotation_state": 0,
                "stacking_limit": 0.0,
                "calculated_size": {
                    "width": 280.0,
                    "height": 650.0,
                    "length": 400.0
                },
                "virtual_positions": null
            },
            {
                "id": 33,
                "info": {
                    "color": "#ef4c70",
                    "title": "Груз 1",
                    "article": "",
                    "group_id": "1txbnnpflclgix15tqpkrprgs4lruf8r",
                    "group_title": "Группа 1"
                },
                "mass": 12.0,
                "size": {
                    "width": 280.0,
                    "height": 650.0,
                    "length": 400.0
                },
                "sort": 1,
                "step": 48,
                "type": "box",
                "margin": {
                    "width": 0.0,
                    "height": 0.0,
                    "length": 0.0
                },
                "cargo_id": "uav1flptj4npldcumqzjlxij4qdlnpud",
                "position": {
                    "x": 2640.0,
                    "y": 0.0,
                    "z": 1200.0
                },
                "stacking": true,
                "turnover": false,
                "rotation_state": 1,
                "stacking_limit": 0.0,
                "calculated_size": {
                    "width": 400.0,
                    "height": 650.0,
                    "length": 280.0
                },
                "virtual_positions": null
            },
            {
                "id": 32,
                "info": {
                    "color": "#ef4c70",
                    "title": "Груз 1",
                    "article": "",
                    "group_id": "1txbnnpflclgix15tqpkrprgs4lruf8r",
                    "group_title": "Группа 1"
                },
                "mass": 12.0,
                "size": {
                    "width": 280.0,
                    "height": 650.0,
                    "length": 400.0
                },
                "sort": 1,
                "step": 49,
                "type": "box",
                "margin": {
                    "width": 0.0,
                    "height": 0.0,
                    "length": 0.0
                },
                "cargo_id": "uav1flptj4npldcumqzjlxij4qdlnpud",
                "position": {
                    "x": 2640.0,
                    "y": 0.0,
                    "z": 800.0
                },
                "stacking": true,
                "turnover": false,
                "rotation_state": 1,
                "stacking_limit": 0.0,
                "calculated_size": {
                    "width": 400.0,
                    "height": 650.0,
                    "length": 280.0
                },
                "virtual_positions": null
            },
            {
                "id": 31,
                "info": {
                    "color": "#ef4c70",
                    "title": "Груз 1",
                    "article": "",
                    "group_id": "1txbnnpflclgix15tqpkrprgs4lruf8r",
                    "group_title": "Группа 1"
                },
                "mass": 12.0,
                "size": {
                    "width": 280.0,
                    "height": 650.0,
                    "length": 400.0
                },
                "sort": 1,
                "step": 50,
                "type": "box",
                "margin": {
                    "width": 0.0,
                    "height": 0.0,
                    "length": 0.0
                },
                "cargo_id": "uav1flptj4npldcumqzjlxij4qdlnpud",
                "position": {
                    "x": 2640.0,
                    "y": 0.0,
                    "z": 400.0
                },
                "stacking": true,
                "turnover": false,
                "rotation_state": 1,
                "stacking_limit": 0.0,
                "calculated_size": {
                    "width": 400.0,
                    "height": 650.0,
                    "length": 280.0
                },
                "virtual_positions": null
            },
            {
                "id": 30,
                "info": {
                    "color": "#ef4c70",
                    "title": "Груз 1",
                    "article": "",
                    "group_id": "1txbnnpflclgix15tqpkrprgs4lruf8r",
                    "group_title": "Группа 1"
                },
                "mass": 12.0,
                "size": {
                    "width": 280.0,
                    "height": 650.0,
                    "length": 400.0
                },
                "sort": 1,
                "step": 51,
                "type": "box",
                "margin": {
                    "width": 0.0,
                    "height": 0.0,
                    "length": 0.0
                },
                "cargo_id": "uav1flptj4npldcumqzjlxij4qdlnpud",
                "position": {
                    "x": 2640.0,
                    "y": 0.0,
                    "z": 0.0
                },
                "stacking": true,
                "turnover": false,
                "rotation_state": 1,
                "stacking_limit": 0.0,
                "calculated_size": {
                    "width": 400.0,
                    "height": 650.0,
                    "length": 280.0
                },
                "virtual_positions": null
            }
        ],
        "version": 5,
        "cargo_space": {
            "id": 435,
            "info": {
                "uid": "435_0",
                "sort": 0,
                "title": "Газель NEXT A21R22"
            },
            "mass": 2060.0,
            "size": {
                "width": 2068.0,
                "height": 2110.0,
                "length": 3120.0
            },
            "type": "van",
            "axles": [
                {
                    "title": "Ось 1",
                    "distance": 875.0,
                    "max_load": 1310.0,
                    "default_load": 1160.0,
                    "calculated_load": 1223.60945
                },
                {
                    "title": "Ось 2",
                    "distance": 3175.0,
                    "max_load": 2190.0,
                    "default_load": 900.0,
                    "calculated_load": 1628.39055
                }
            ],
            "full_length": 3120.0,
            "indentation": {
                "width": 45.0,
                "height": 0.0,
                "length": 15.0,
                "height_top": 10.0,
                "length_end": 16.0,
                "width_right": 45.0
            },
            "loading_size": {
                "width": 1978.0,
                "height": 2100.0,
                "length": 3089.0
            },
            "calculation_info": {
                "step_count": 51,
                "cargos_mass": 0.792,
                "load_volume": 12.8310882,
                "cargos_volume": 6.804,
                "count_cargoes": 59,
                "load_capacity": 1.5,
                "loading_height": 1.85,
                "density_percent": 62.54826,
                "remaining_volume": 6.02709,
                "void_space_percent": 46.97254,
                "filling_space_percent": 53.02746
            },
            "carrying_capacity": 1500.0,
            "real_center_of_gravity": [
                1299.9999999999998,
                823.8636363636364,
                908.030303030303
            ],
            "ideal_center_of_gravity": [
                1544.5,
                0.0,
                989.0
            ]
        },
        "cargo_groups": [],
        "packing_type": "PackingLayers",
        "calculation_id": 14803,
        "invalid_errors": [],
        "unpacked_errors": [],
        "validate_errors": [
            "ERROR_AXLES_DISTANCE_CAR"
        ],
        "is_packed_same_boxes": false
    }
}